loan_id,total_due,total_paid,avg_days_late,missed_payments,repayment_ratio
LN00000,266124.59,264241.47,6.32,4,0.99
LN00001,62633.28,48704.35,12.6,2,0.78
LN00002,94571.65,62122.020000000004,10.0,2,0.66
LN00003,38033.52,17374.97,1.0,0,0.46
LN00004,75997.73,59020.66,2.375,0,0.78
LN00005,49253.89,55275.86,4.6,0,1.12
LN00006,62907.79,90504.93,6.142857142857143,1,1.44
LN00007,24443.98,29092.48,14.333333333333334,1,1.19
LN00008,38068.11,46328.270000000004,0.75,0,1.22
LN00009,110952.79000000001,128745.44,5.090909090909091,1,1.16
LN00010,30568.59,46382.89,10.75,1,1.52
LN00011,72705.33,46757.53,3.2857142857142856,0,0.64
LN00012,68864.73999999999,53856.89,7.2,1,0.78
LN00013,57431.19,60004.67,15.5,3,1.04
LN00014,35327.95,41630.46,0.0,0,1.18
LN00015,11798.0,12564.58,1.5,0,1.06
LN00016,148790.63,162473.76,8.384615384615385,3,1.09
LN00017,85913.89,74029.26000000001,11.857142857142858,2,0.86
LN00018,36527.72,40712.54,11.0,1,1.11
LN00019,58243.34,65132.15,2.0,0,1.12
LN00020,74754.33,105664.25,4.0,0,1.41
LN00021,71486.78,67801.45,6.571428571428571,1,0.95
LN00022,129829.17,163846.93,10.416666666666666,3,1.26
LN00023,77169.31,71264.16,9.125,2,0.92
LN00024,87798.57,94951.98,12.555555555555555,3,1.08
LN00025,122084.91,99438.44,13.0,4,0.81
LN00026,129489.13,97408.3,4.6,1,0.75
LN00027,52781.149999999994,89857.23,4.125,0,1.7
LN00028,72414.59,76187.59,7.0,1,1.05
LN00029,99305.01000000001,113540.43000000001,7.2727272727272725,2,1.14
LN00030,30825.699999999997,37836.51,5.333333333333333,0,1.23
LN00031,143867.37,111445.95,4.416666666666667,1,0.77
LN00032,78660.63,52433.82,1.0,0,0.67
LN00033,75284.06,52685.98,5.714285714285714,1,0.7
LN00034,153250.74,120633.52,0.9,0,0.79
LN00035,54387.72,71627.33,14.0,2,1.32
LN00036,72004.79,70700.51,6.142857142857143,1,0.98
LN00037,20157.839999999997,14666.85,3.3333333333333335,0,0.73
LN00038,103689.01999999999,124004.3,4.3,1,1.2
LN00039,39947.2,47132.61,2.1666666666666665,0,1.18
LN00040,50517.270000000004,83999.62,6.0,1,1.66
LN00041,59072.41,91306.83,4.285714285714286,1,1.55
LN00042,100714.22,83233.03,4.444444444444445,1,0.83
LN00043,86773.34,67500.79,6.625,1,0.78
LN00044,28809.55,36024.54,3.25,0,1.25
LN00045,112773.85,112131.24,6.3,2,0.99
LN00046,77867.16,40998.64,0.5,0,0.53
LN00047,62671.740000000005,47714.92,6.666666666666667,1,0.76
LN00048,83022.0,71620.55,14.285714285714286,3,0.86
LN00049,66949.5,74215.31999999999,2.0,0,1.11
LN00050,88097.85,73085.5,18.571428571428573,4,0.83
LN00051,115618.49,102520.1,5.7272727272727275,2,0.89
LN00052,84541.01,82517.0,8.375,1,0.98
LN00053,29319.5,46187.66,13.25,1,1.58
LN00054,78597.95,100355.09,-3.375,1,1.28
LN00055,149644.81,146601.0,11.461538461538462,4,0.98
LN00056,92315.17,76435.40000000001,5.714285714285714,0,0.83
LN00057,47543.399999999994,50125.0,2.5,0,1.05
LN00058,94795.14,104322.34,12.88888888888889,3,1.1
LN00059,59117.84,85836.16,10.375,2,1.45
LN00060,42428.270000000004,53470.56,6.6,1,1.26
LN00061,75617.71,79798.99,4.444444444444445,1,1.06
LN00062,110033.69,118917.84,7.6,2,1.08
LN00063,71661.56999999999,73947.76,8.333333333333334,1,1.03
LN00064,83872.20999999999,81651.01,3.6666666666666665,1,0.97
LN00065,98116.58,90505.07,5.777777777777778,1,0.92
LN00066,66757.94,70220.68,8.0,1,1.05
LN00067,66678.86,51853.69,10.0,1,0.78
LN00068,45507.630000000005,61078.48,7.5,1,1.34
LN00069,101362.67,101704.43000000001,8.333333333333334,3,1.0
LN00070,56586.36,77349.15,14.714285714285714,3,1.37
LN00071,77503.91,89415.78,9.875,2,1.15
LN00072,145351.43,114438.07,4.3,1,0.79
LN00073,137728.18,78721.09,10.3,3,0.57
LN00074,128763.09,93934.42,3.6,1,0.73
LN00075,171448.47,215251.22999999998,10.352941176470589,5,1.26
LN00076,82657.45999999999,72238.74,5.0,1,0.87
LN00077,132629.98,95039.67,4.416666666666667,1,0.72
LN00078,34565.08,51977.74,5.75,0,1.5
LN00079,83769.44,74813.87,3.3333333333333335,0,0.89
LN00080,28451.04,78116.2,2.6,0,2.75
LN00081,67551.28,53422.259999999995,8.0,1,0.79
LN00082,110423.98,101893.78,12.3,3,0.92
LN00083,129956.41,121362.08,6.333333333333333,1,0.93
LN00084,84026.45000000001,80239.74,10.333333333333334,3,0.95
LN00085,103603.41,68104.33,9.125,2,0.66
LN00086,101457.34999999999,95128.16,6.222222222222222,1,0.94
LN00087,85163.09999999999,74888.58,6.0,1,0.88
LN00088,52906.4,64263.83,8.833333333333334,1,1.21
LN00089,68456.61,91480.32,4.777777777777778,3,1.34
LN00090,141090.72,143167.41999999998,8.692307692307692,3,1.01
LN00091,69263.15,76637.56,11.666666666666666,2,1.11
LN00092,68028.16,73133.43,7.166666666666667,1,1.08
LN00093,102770.61,98282.19,9.88888888888889,2,0.96
LN00094,54083.3,73175.13,3.8333333333333335,0,1.35
LN00095,75290.34,58415.52,13.285714285714286,2,0.78
LN00096,107604.94,106016.09999999999,5.555555555555555,1,0.99
LN00097,79556.40000000001,91107.27,5.888888888888889,1,1.15
LN00098,27827.23,10839.17,5.0,0,0.39
LN00099,79535.9,55655.89,3.7142857142857144,0,0.7
LN00100,131877.34,121283.38,7.75,2,0.92
LN00101,79503.55,62010.15,10.0,2,0.78
LN00102,54155.01,88326.43000000001,7.571428571428571,1,1.63
LN00103,126943.45,98261.23000000001,6.083333333333333,2,0.77
LN00104,68767.14,112244.36,0.75,0,1.63
LN00105,46293.53,45280.06,10.75,1,0.98
LN00106,64500.8,64346.79,8.6,1,1.0
LN00107,129090.19,146847.51,0.8333333333333334,0,1.14
LN00108,48411.2,56934.28,9.333333333333334,1,1.18
LN00109,46901.41,51209.85,22.5,3,1.09
LN00110,58055.35,91657.02,11.666666666666666,2,1.58
LN00111,73664.11,53453.67999999999,6.0,1,0.73
LN00112,87399.41,74303.36,3.8333333333333335,0,0.85
LN00113,55931.490000000005,65781.33,6.625,1,1.18
LN00114,64521.34,57424.170000000006,5.0,0,0.89
LN00115,76894.17,83781.21,1.125,0,1.09
LN00116,54141.72,51130.119999999995,18.25,2,0.94
LN00117,75474.34,65895.77,10.0,2,0.87
LN00118,86731.15,79465.87000000001,6.555555555555555,1,0.92
LN00119,38499.6,45101.43,12.6,2,1.17
LN00120,70269.61,74662.54,9.428571428571429,2,1.06
LN00121,44343.38,47494.58,5.0,0,1.07
LN00122,42117.729999999996,67586.39,2.1666666666666665,0,1.6
LN00123,84995.35,66439.21,5.0,1,0.78
LN00124,12196.84,26171.0,6.5,0,2.15
LN00125,56592.77,77153.16,9.0,1,1.36
LN00126,164885.31,152233.79,7.142857142857143,3,0.92
LN00127,79768.59,42327.770000000004,12.166666666666666,2,0.53
LN00128,75459.19,82769.96,9.125,2,1.1
LN00129,60008.97,48454.4,3.3333333333333335,0,0.81
LN00130,43520.35,55790.11,2.6,0,1.28
LN00131,80994.17,76628.69,7.571428571428571,1,0.95
LN00132,44921.7,55219.51,10.0,1,1.23
LN00133,85084.54000000001,47897.13,17.571428571428573,4,0.56
LN00134,66371.74,63919.84,6.666666666666667,1,0.96
LN00135,48043.64,66570.58,12.0,2,1.39
LN00136,42749.520000000004,49417.67,10.0,1,1.16
LN00137,98898.34,105571.41,6.666666666666667,1,1.07
LN00138,132364.78,63836.060000000005,6.0,2,0.48
LN00139,35678.48,76771.25,9.333333333333334,1,2.15
LN00140,86269.94,120797.1,9.555555555555555,2,1.4
LN00141,91297.6,83565.48999999999,13.75,3,0.92
LN00142,92794.28,57474.97,5.375,1,0.62
LN00143,81668.99,98779.33,9.0,2,1.21
LN00144,88074.07,102993.95,11.916666666666666,4,1.17
LN00145,27474.11,53945.08,9.2,1,1.96
LN00146,43175.29,45899.600000000006,14.0,2,1.06
LN00147,62119.47,60804.5,8.6,1,0.98
LN00148,38563.869999999995,20911.99,0.75,0,0.54
LN00149,90345.56,66381.14,5.142857142857143,0,0.73
LN00150,51076.07,27167.85,10.0,1,0.53
LN00151,68021.26,60076.76,10.5,2,0.88
LN00152,85163.95999999999,73835.94,6.571428571428571,1,0.87
LN00153,51623.69,47196.51,4.6,0,0.91
LN00154,81880.47,57898.08,6.222222222222222,1,0.71
LN00155,67201.28,55029.44,6.666666666666667,1,0.82
LN00156,82872.15,77202.7,5.5,1,0.93
LN00157,122313.23000000001,141375.06,4.545454545454546,1,1.16
LN00158,90574.23,111338.66,10.0,3,1.23
LN00159,48885.44,34906.34,12.0,1,0.71
LN00160,106702.21,83912.3,0.0,0,0.79
LN00161,32606.199999999997,44669.11,8.25,1,1.37
LN00162,48819.08,45585.01,6.6,1,0.93
LN00163,67429.01,76182.55,9.5,2,1.13
LN00164,51276.83,72411.22,13.333333333333334,2,1.41
LN00165,60196.85,38238.93,3.25,0,0.64
LN00166,38875.69,26615.56,7.2,1,0.68
LN00167,65908.07,80408.08,7.142857142857143,1,1.22
LN00168,166080.86,122438.27,8.615384615384615,3,0.74
LN00169,58277.61,70141.41,10.428571428571429,2,1.2
LN00170,24327.969999999998,21943.39,16.5,1,0.9
LN00171,88274.59,73661.35,10.428571428571429,2,0.83
LN00172,47518.15,71284.41,1.5,0,1.5
LN00173,146220.04,184727.83,3.533333333333333,1,1.26
LN00174,121584.16,123079.99,7.75,2,1.01
LN00175,87231.79,103200.3,6.0,1,1.18
LN00176,144816.58000000002,138813.08,7.166666666666667,2,0.96
LN00177,109041.58,61963.369999999995,8.571428571428571,1,0.57
LN00178,35442.03,58550.15,0.75,0,1.65
LN00179,91496.92,65119.79000000001,2.875,0,0.71
LN00180,25559.28,36772.42,2.5,0,1.44
LN00181,96686.47,76295.13,6.555555555555555,1,0.79
LN00182,53171.0,24927.32,3.3333333333333335,0,0.47
LN00183,16369.97,26830.12,10.0,1,1.64
LN00184,81385.76000000001,70001.73,14.0,3,0.86
LN00185,49744.19,64568.83,8.6,1,1.3
LN00186,28685.65,25940.9,13.333333333333334,1,0.9
LN00187,36800.68,73600.15,3.2,0,2.0
LN00188,25539.34,32332.94,4.333333333333333,0,1.27
LN00189,42222.86,92493.33,10.428571428571429,2,2.19
LN00190,78670.26000000001,61049.909999999996,8.833333333333334,1,0.78
LN00191,29839.82,62117.54,6.6,1,2.08
LN00192,93535.12,136257.02,1.4545454545454546,0,1.46
LN00193,134680.51,77942.4,5.0,1,0.58
LN00194,126407.08,140017.22,6.333333333333333,1,1.11
LN00195,92967.43000000001,49807.18,10.875,3,0.54
LN00196,72158.76,62275.95,10.6,1,0.86
LN00197,71678.82,54157.08,5.5,1,0.76
LN00198,59547.57,60755.44,9.2,1,1.02
LN00199,85659.92,84580.83,6.142857142857143,1,0.99
LN00200,109119.39,75130.09,9.0,1,0.69
LN00201,71637.12,73572.87999999999,10.428571428571429,2,1.03
LN00202,107898.0,83805.20999999999,5.888888888888889,1,0.78
LN00203,73429.67,81244.29,6.142857142857143,1,1.11
LN00204,133872.27,105123.31,3.9,1,0.79
LN00205,133739.9,112464.93000000001,13.2,4,0.84
LN00206,111255.45,117099.15000000001,5.444444444444445,1,1.05
LN00207,20050.57,52915.14,5.0,0,2.64
LN00208,88051.38,107219.23,7.0,1,1.22
LN00209,86352.78,73879.35,3.2,0,0.86
LN00210,80187.8,62649.08,6.555555555555555,0,0.78
LN00211,85070.09999999999,66597.38,3.7142857142857144,0,0.78
LN00212,119027.36,86106.5,3.9,1,0.72
LN00213,104821.59,90584.28,8.75,2,0.86
LN00214,11553.130000000001,18703.28,16.5,1,1.62
LN00215,50739.600000000006,45365.509999999995,7.5,1,0.89
LN00216,87535.32,61893.82,15.0,3,0.71
LN00217,27606.77,37517.5,9.2,1,1.36
LN00218,125640.95,123414.64,6.153846153846154,4,0.98
LN00219,98566.91,97734.44,4.125,0,0.99
LN00220,19978.24,5595.89,30.0,1,0.28
LN00221,114031.0,102998.02,7.333333333333333,1,0.9
LN00222,45547.16,62268.020000000004,8.0,1,1.37
LN00223,93707.54,80913.91,3.6666666666666665,1,0.86
LN00224,57017.53,64440.0,2.1666666666666665,0,1.13
LN00225,90510.35,68831.47,7.142857142857143,1,0.76
LN00226,32259.83,56369.850000000006,15.0,2,1.75
LN00227,118032.56,143631.78,3.25,1,1.22
LN00228,131592.65,129613.15000000001,4.857142857142857,1,0.98
LN00229,38822.18,53866.6,1.5,0,1.39
LN00230,151189.83000000002,142038.28,5.75,2,0.94
LN00231,72787.09,93344.47,2.6666666666666665,0,1.28
LN00232,45886.04,29194.54,0.75,0,0.64
LN00233,84597.93,84296.36,7.166666666666667,1,1.0
LN00234,109063.83,89895.65,4.0,0,0.82
LN00235,53449.31999999999,23617.690000000002,11.2,1,0.44
LN00236,66043.39,87218.68,4.0,0,1.32
LN00237,52290.079999999994,79056.1,6.666666666666667,1,1.51
LN00238,63045.86,52210.94,6.0,1,0.83
LN00239,86040.84,83964.55,3.6,1,0.98
LN00240,70267.08,86182.6,8.444444444444445,2,1.23
LN00241,122344.29,66556.95,5.111111111111111,1,0.54
LN00242,108475.41,78773.51000000001,5.0,1,0.73
LN00243,48121.94,41986.01,10.0,1,0.87
LN00244,74734.93,82512.13,10.75,2,1.1
LN00245,59280.81,57954.88,3.8333333333333335,0,0.98
LN00246,56550.42,51024.47,2.1666666666666665,0,0.9
LN00247,72239.73,141607.35,3.6363636363636362,1,1.96
LN00248,119195.31000000001,113015.93,6.3,2,0.95
LN00249,66221.56,42886.82,10.6,1,0.65
LN00250,61780.869999999995,71340.77,10.0,3,1.15
LN00251,43660.729999999996,54583.44,1.2,0,1.25
LN00252,54830.5,78381.32,3.7142857142857144,0,1.43
LN00253,80348.17,112070.23000000001,8.88888888888889,2,1.39
LN00254,52099.91,53107.25,0.0,0,1.02
LN00255,69480.41,74293.1,4.285714285714286,1,1.07
LN00256,125217.09999999999,87600.12,7.333333333333333,2,0.7
LN00257,27057.46,30271.63,0.0,0,1.12
LN00258,49455.729999999996,82704.21,1.4285714285714286,0,1.67
LN00259,65606.13,36973.79,9.2,1,0.56
LN00260,62835.810000000005,54656.64,15.714285714285714,3,0.87
LN00261,77215.02,80528.05,9.5,2,1.04
LN00262,72435.25,139081.28,1.3,0,1.92
LN00263,87583.76999999999,65326.490000000005,3.3333333333333335,0,0.75
LN00264,83641.04,84457.16,0.75,0,1.01
LN00265,113950.7,104174.47,10.0,2,0.91
LN00266,124769.48000000001,123085.77,4.416666666666667,1,0.99
LN00267,22236.309999999998,24533.89,20.0,1,1.1
LN00268,75526.42,98215.02,10.0,3,1.3
LN00269,74690.35,54453.240000000005,10.0,2,0.73
LN00270,36804.630000000005,40164.31,5.0,0,1.09
LN00271,30509.059999999998,15752.78,4.333333333333333,0,0.52
LN00272,78765.13,76979.07,5.888888888888889,1,0.98
LN00273,75603.63,85034.07,4.285714285714286,0,1.12
LN00274,121605.19,115599.79000000001,12.5,4,0.95
LN00275,133078.31,125822.08,2.0,2,0.95
LN00276,79498.94,101303.13,5.6,1,1.27
LN00277,104386.37,106788.72,6.3,1,1.02
LN00278,94338.83,114905.08,7.333333333333333,2,1.22
LN00279,89395.37,80177.16,6.625,1,0.9
LN00280,69561.25,104369.88,7.875,1,1.5
LN00281,69134.64,90896.28,10.666666666666666,2,1.31
LN00282,25404.87,20530.58,1.5,0,0.81
LN00283,33375.98,32372.16,13.333333333333334,1,0.97
LN00284,14533.34,20899.66,13.333333333333334,1,1.44
LN00285,153423.78,101801.34,1.3,0,0.66
LN00286,87273.04,88772.22,2.9,0,1.02
LN00287,97264.42,98131.65,0.9,0,1.01
LN00288,83247.7,111821.6,7.0,1,1.34
LN00289,63466.86,44398.83,12.6,2,0.7
LN00290,118789.13,85078.88,2.2222222222222223,0,0.72
LN00291,82731.61,104241.93,2.5,0,1.26
LN00292,96712.63,116734.7,4.3,0,1.21
LN00293,61001.479999999996,27441.120000000003,9.2,1,0.45
LN00294,106639.45,89870.43,4.444444444444445,1,0.84
LN00295,97576.67,102269.22,6.6,1,1.05
LN00296,108899.40999999999,72443.91,7.875,2,0.67
LN00297,103932.23999999999,74208.9,6.25,1,0.71
LN00298,68594.27,35129.13,6.6,1,0.51
LN00299,138301.26,165498.97999999998,3.1666666666666665,0,1.2
LN00300,47919.54,36285.81,12.0,2,0.76
LN00301,56796.7,53447.63,6.6,1,0.94
LN00302,37338.28999999999,62444.159999999996,20.0,3,1.67
LN00303,103234.81,88181.35,0.3333333333333333,0,0.85
LN00304,93026.66,54963.979999999996,10.857142857142858,2,0.59
LN00305,129686.7,91144.4,5.363636363636363,1,0.7
LN00306,20793.35,17985.739999999998,5.0,0,0.86
LN00307,72861.76000000001,101615.71,14.285714285714286,3,1.39
LN00308,69637.08,88631.47,11.857142857142858,2,1.27
LN00309,14230.35,18291.88,0.0,0,1.29
LN00310,172366.41999999998,141553.55,6.133333333333334,1,0.82
LN00311,70152.31,101780.51000000001,5.25,1,1.45
LN00312,67578.16,112312.74,11.777777777777779,3,1.66
LN00313,44654.5,45404.22,10.75,1,1.02
LN00314,36635.7,16085.810000000001,1.0,0,0.44
LN00315,36534.3,23968.72,1.0,0,0.66
LN00316,83817.87,99654.63,3.625,0,1.19
LN00317,58026.96000000001,74544.54,5.375,1,1.28
LN00318,70696.91,64388.05,9.0,1,0.91
LN00319,79653.04,74238.67,6.625,1,0.93
LN00320,99718.5,96700.96,1.6,0,0.97
LN00321,86569.28,73970.88,4.444444444444445,1,0.85
LN00322,67182.89,61429.55,13.333333333333334,2,0.91
LN00323,68675.4,72144.11,6.5,1,1.05
LN00324,48298.81,51953.19,2.5,0,1.08
LN00325,55374.22,74877.89,3.8333333333333335,0,1.35
LN00326,149632.3,98457.48,3.25,1,0.66
LN00327,78681.51,90895.37,10.25,2,1.16
LN00328,73332.58,71300.66,6.571428571428571,1,0.97
LN00329,41142.270000000004,50343.76,8.25,1,1.22
LN00330,70493.75,78358.86,12.875,2,1.11
LN00331,60098.86,37691.729999999996,0.5,0,0.63
LN00332,102093.47,81430.47,12.88888888888889,3,0.8
LN00333,37047.42,29638.61,7.5,1,0.8
LN00334,108763.76,92158.8,11.454545454545455,4,0.85
LN00335,93188.47,75889.25,3.2857142857142856,0,0.81
LN00336,101021.25,99210.02,1.7777777777777777,0,0.98
LN00337,137031.04,161170.2,3.5384615384615383,1,1.18
LN00338,65126.44,34236.9,8.0,1,0.53
LN00339,81462.8,82688.04000000001,1.4285714285714286,0,1.02
LN00340,8124.44,22580.09,15.0,1,2.78
LN00341,42569.74,33836.54,3.25,0,0.79
LN00342,44597.54,45707.3,0.75,0,1.02
LN00343,85414.07,118319.70999999999,4.875,1,1.39
LN00344,61262.14,81136.12,4.0,0,1.32
LN00345,61890.29,56271.369999999995,8.25,1,0.91
LN00346,72295.97,74986.41,10.0,1,1.04
LN00347,91788.08,102515.9,4.3,1,1.12
LN00348,40428.6,61084.96,12.0,2,1.51
LN00349,56806.61,52891.47,6.0,0,0.93
LN00350,92686.58,87848.83,3.6,1,0.95
LN00351,32619.27,58262.79,10.75,1,1.79
LN00352,46443.119999999995,50899.130000000005,8.25,1,1.1
LN00353,31344.59,49192.57,5.5,1,1.57
LN00354,134996.75,117726.77,10.3,3,0.87
LN00355,89042.84999999999,75460.45,3.3333333333333335,0,0.85
LN00356,117262.25,118363.98,9.6,2,1.01
LN00357,58388.85,81491.97,6.0,1,1.4
LN00358,51375.84,55541.39,4.0,0,1.08
LN00359,48360.54,83685.68,5.0,1,1.73
LN00360,40823.87,27984.089999999997,0.0,0,0.69
LN00361,124947.03,115890.07,7.6,2,0.93
LN00362,61367.97,60561.770000000004,6.5,1,0.99
LN00363,104872.49,91623.08,7.777777777777778,2,0.87
LN00364,62381.21,69684.94,9.428571428571429,2,1.12
LN00365,144984.28,128591.72,7.357142857142857,2,0.89
LN00366,102830.44,77188.28,14.125,3,0.75
LN00367,105339.38,67761.28,9.125,2,0.64
LN00368,60308.049999999996,118148.1,4.875,1,1.96
LN00369,67674.84,71876.72,10.5,2,1.06
LN00370,80770.82,67175.76999999999,12.5,2,0.83
LN00371,84452.37,63519.94,7.0,1,0.75
LN00372,56927.32,72543.47,6.142857142857143,1,1.27
LN00373,68573.71,51622.14,10.5,1,0.75
LN00374,59272.54,70397.78,8.0,1,1.19
LN00375,45629.68,52523.72,8.25,1,1.15
LN00376,123556.27,108394.72,9.88888888888889,2,0.88
LN00377,121064.22,102907.78,9.3,3,0.85
LN00378,97453.7,66591.73,7.0,0,0.68
LN00379,23284.28,17599.78,0.0,0,0.76
LN00380,68659.79000000001,24057.7,6.6,1,0.35
LN00381,110419.97,99540.35,11.777777777777779,3,0.9
LN00382,92645.95,93409.01000000001,8.25,2,1.01
LN00383,92133.75,103434.13,9.555555555555555,2,1.12
LN00384,59542.92,52451.59,12.166666666666666,2,0.88
LN00385,117241.70999999999,109482.09,7.2727272727272725,2,0.93
LN00386,66872.45,120689.12,11.11111111111111,3,1.8
LN00387,90151.59,94724.49,4.125,1,1.05
LN00388,63767.79,54083.67,7.166666666666667,1,0.85
LN00389,75516.61,48781.61,8.833333333333334,1,0.65
LN00390,45981.3,51549.399999999994,21.0,4,1.12
LN00391,122386.36,77230.98,4.3,1,0.63
LN00392,123259.42,77187.71,15.375,4,0.63
LN00393,47531.82,21421.81,2.5,0,0.45
LN00394,92693.84,89610.37,6.142857142857143,1,0.97
LN00395,82832.58,59162.62,9.0,2,0.71
LN00396,74086.58,90795.53,5.142857142857143,1,1.23
LN00397,103816.57,106843.62,5.454545454545454,1,1.03
LN00398,58800.32000000001,75781.56,8.0,1,1.29
LN00399,126031.76000000001,117391.23,2.0,0,0.93
LN00400,84362.66,68330.03,4.125,0,0.81
LN00401,60765.42,60223.36,8.833333333333334,1,0.99
LN00402,106069.0,90488.96,5.0,1,0.85
LN00403,64776.99,43259.66,2.0,0,0.67
LN00404,65527.39,73025.7,5.5,1,1.11
LN00405,60372.729999999996,96566.29000000001,3.2857142857142856,2,1.6
LN00406,53561.28,56978.66,2.6,0,1.06
LN00407,85824.78,88181.75,15.375,4,1.03
LN00408,67100.72,89442.55,11.666666666666666,1,1.33
LN00409,44865.76,52961.96,2.0,0,1.18
LN00410,42948.21,52577.65,9.0,1,1.22
LN00411,65706.06,59928.40000000001,3.2857142857142856,0,0.91
LN00412,120728.43000000001,102913.19,9.3,3,0.85
LN00413,98729.94,74226.46,10.0,2,0.75
LN00414,129086.6,94577.85,3.0,0,0.73
LN00415,86281.84,61980.54,5.75,1,0.72
LN00416,96504.20000000001,123772.47,4.125,1,1.28
LN00417,78993.04000000001,79508.39,3.5555555555555554,0,1.01
LN00418,21961.36,30981.98,23.333333333333332,2,1.41
LN00419,106640.97,124687.9,0.6,0,1.17
LN00420,66894.54,67293.18,16.666666666666668,3,1.01
LN00421,45865.31,57530.5,1.0,0,1.25
LN00422,84133.19,70052.11,6.142857142857143,1,0.83
LN00423,104303.86,133968.51,2.5,0,1.28
LN00424,101939.97,83345.07,8.3,2,0.82
LN00425,55587.86,81682.41,6.571428571428571,1,1.47
LN00426,66476.92,59690.979999999996,3.3333333333333335,0,0.9
LN00427,87375.53,80568.81,6.571428571428571,1,0.92
LN00428,83236.14,54640.03,7.875,1,0.66
LN00429,166822.43,139410.63999999998,6.4,2,0.84
LN00430,92851.9,75486.39,4.333333333333333,1,0.81
LN00431,89073.64,109413.98999999999,3.625,0,1.23
LN00432,74194.45999999999,86048.19,2.857142857142857,0,1.16
LN00433,127220.52,78586.66,11.11111111111111,2,0.62
LN00434,71384.48,60756.99,8.0,1,0.85
LN00435,92704.03,86842.45,1.3333333333333333,0,0.94
LN00436,86448.81,96769.8,6.9,1,1.12
LN00437,85945.58,67521.4,7.166666666666667,1,0.79
LN00438,70665.78,65754.13,6.142857142857143,1,0.93
LN00439,138943.62,130381.93000000001,6.909090909090909,1,0.94
LN00440,72919.26,71767.33,15.0,2,0.98
LN00441,104123.16,92931.31999999999,9.909090909090908,3,0.89
LN00442,77824.46,92583.04000000001,1.125,0,1.19
LN00443,37070.37,60770.840000000004,7.666666666666667,1,1.64
LN00444,40196.15,18138.78,0.0,0,0.45
LN00445,24944.97,35473.03,11.0,1,1.42
LN00446,30586.03,33383.58,13.333333333333334,1,1.09
LN00447,49799.46,49044.520000000004,0.75,0,0.98
LN00448,99974.81,67445.39,8.333333333333334,2,0.67
LN00449,114965.59999999999,98946.35,9.5,2,0.86
LN00450,125592.06,133106.73,9.11111111111111,2,1.06
LN00451,67029.18,98468.65,18.571428571428573,4,1.47
LN00452,69942.32,85191.34,6.571428571428571,1,1.22
LN00453,97442.91,124684.76,7.545454545454546,2,1.28
LN00454,83818.28,43772.68,6.666666666666667,1,0.52
LN00455,112428.11,118626.95,12.090909090909092,4,1.06
LN00456,51288.42,41988.5,14.6,2,0.82
LN00457,74904.18,78936.64,17.875,4,1.05
LN00458,36044.770000000004,48627.0,5.5,1,1.35
LN00459,89793.91,76263.20000000001,10.333333333333334,3,0.85
LN00460,119012.28,170203.97,5.0,2,1.43
LN00461,80574.1,91307.89,1.8571428571428572,0,1.13
LN00462,74000.26,71501.37,8.833333333333334,1,0.97
LN00463,79316.66,70055.32,1.4285714285714286,0,0.88
LN00464,78201.86,101518.79000000001,0.9,0,1.3
LN00465,83154.91,51135.12,4.714285714285714,1,0.61
LN00466,42657.14,34164.5,2.5,0,0.8
LN00467,88989.56,98522.21,5.111111111111111,1,1.11
LN00468,41042.65,39344.08,10.75,1,0.96
LN00469,82521.06,92734.76000000001,6.625,1,1.12
LN00470,109329.54000000001,149872.9,6.916666666666667,2,1.37
LN00471,87691.9,83968.28,6.125,1,0.96
LN00472,91310.38,80256.11,15.714285714285714,3,0.88
LN00473,56495.549999999996,57555.979999999996,15.0,3,1.02
LN00474,66693.81999999999,86892.79,9.222222222222221,2,1.3
LN00475,102289.97,108011.28,2.9,0,1.06
LN00476,88699.62,83996.48000000001,1.2857142857142858,0,0.95
LN00477,58589.97,32946.61,1.0,0,0.56
LN00478,74147.6,70514.75,1.4285714285714286,0,0.95
LN00479,99652.22,97133.39,4.083333333333333,1,0.97
LN00480,58802.58,65316.8,2.875,0,1.11
LN00481,18358.39,12207.600000000002,1.5,0,0.66
LN00482,56584.490000000005,21144.82,8.25,1,0.37
LN00483,75636.95,61063.51,5.5,1,0.81
LN00484,13210.45,46517.6,11.0,1,3.52
LN00485,55850.840000000004,53659.99,8.6,1,0.96
LN00486,87841.28,104125.85,7.333333333333333,1,1.19
LN00487,84346.47,77040.4,11.25,3,0.91
LN00488,22077.94,24026.920000000002,2.0,0,1.09
LN00489,66666.68,52535.41,12.0,3,0.79
LN00490,66076.98,32236.35,0.0,0,0.49
LN00491,58794.46,61205.0,6.666666666666667,1,1.04
LN00492,60353.78,78792.04000000001,10.428571428571429,2,1.31
LN00493,111549.25,98806.1,6.6,1,0.89
LN00494,49329.520000000004,52646.86,12.666666666666666,2,1.07
LN00495,103137.48999999999,92560.86,10.75,2,0.9
LN00496,67207.03,92136.48,7.666666666666667,2,1.37
LN00497,46168.0,51055.56,8.6,1,1.11
LN00498,55028.79,54355.7,7.166666666666667,1,0.99
LN00499,50607.14,72103.08,1.0,0,1.42
LN00500,29241.879999999997,27291.089999999997,3.25,0,0.93
LN00501,82457.41,105617.39,4.444444444444445,1,1.28
LN00502,71603.81,63971.48,8.333333333333334,1,0.89
LN00503,61174.049999999996,48775.28,15.0,2,0.8
LN00504,121401.56,92828.26,2.6,0,0.76
LN00505,43217.54,30270.52,10.0,1,0.7
LN00506,56782.770000000004,93221.13,2.6666666666666665,0,1.64
LN00507,60160.14,42444.590000000004,10.0,1,0.71
LN00508,62084.57,61372.619999999995,7.0,1,0.99
LN00509,79406.48000000001,66076.62,7.166666666666667,1,0.83
LN00510,117403.93,114201.23000000001,14.181818181818182,5,0.97
LN00511,139748.55,133137.03,2.9,0,0.95
LN00512,118142.51,153649.41999999998,12.090909090909092,4,1.3
LN00513,87484.92,68002.98999999999,6.142857142857143,1,0.78
LN00514,36280.39,49625.17,10.6,1,1.37
LN00515,76664.55,97003.58000000002,8.571428571428571,2,1.27
LN00516,60307.43,56470.270000000004,5.5,0,0.94
LN00517,30193.68,69050.38,7.2,1,2.29
LN00518,33372.09,45847.549999999996,2.5,0,1.37
LN00519,50196.78,20443.95,7.5,1,0.41
LN00520,90725.95000000001,90117.59,7.666666666666667,2,0.99
LN00521,129379.52,129684.01999999999,5.833333333333333,2,1.0
LN00522,89160.28,82175.94,0.8571428571428571,0,0.92
LN00523,47568.82,44610.22,2.0,0,0.94
LN00524,130176.23,99923.07,3.909090909090909,2,0.77
LN00525,114063.86,113141.05,1.6,0,0.99
LN00526,95192.24,95227.01,6.222222222222222,1,1.0
LN00527,42655.68,44451.350000000006,6.5,0,1.04
LN00528,166950.82,144554.83,5.5,1,0.87
LN00529,28790.64,32506.050000000003,6.0,1,1.13
LN00530,63859.69,81833.45,5.0,1,1.28
LN00531,140783.02,114108.3,7.416666666666667,2,0.81
LN00532,24595.83,43886.32,12.5,1,1.78
LN00533,93004.06999999999,116105.09,10.666666666666666,2,1.25
LN00534,61445.93,62535.82,3.2,0,1.02
LN00535,98800.84,86824.78,8.428571428571429,1,0.88
LN00536,48775.619999999995,45265.07,9.333333333333334,1,0.93
LN00537,37756.05,24165.0,15.0,1,0.64
LN00538,61105.33,37249.03,8.833333333333334,1,0.61
LN00539,75526.83,89050.97,1.625,0,1.18
LN00540,82369.93000000001,113942.82,4.818181818181818,1,1.38
LN00541,68818.19,67961.02,7.166666666666667,1,0.99
LN00542,113900.6,126131.73,6.3,2,1.11
LN00543,110082.03,96636.97,11.777777777777779,2,0.88
LN00544,36540.07,39707.270000000004,12.0,2,1.09
LN00545,103186.98,90173.7,4.444444444444445,1,0.87
LN00546,65322.560000000005,89867.6,13.285714285714286,2,1.38
LN00547,126802.78,120905.37,8.090909090909092,2,0.95
LN00548,110627.8,105720.29000000001,8.3,2,0.96
LN00549,89285.71,54007.93,8.75,2,0.6
LN00550,89200.16,84007.53,5.714285714285714,0,0.94
LN00551,60903.48,71456.15,5.0,1,1.17
LN00552,163369.46,133775.12,8.833333333333334,2,0.82
LN00553,110978.56,132817.89,6.666666666666667,4,1.2
LN00554,127739.41,95724.9,7.3,2,0.75
LN00555,91842.75,89207.19,12.875,3,0.97
LN00556,98449.85,96288.4,6.222222222222222,1,0.98
LN00557,54497.43,64626.350000000006,7.8,1,1.19
LN00558,153481.98,105226.96,4.666666666666667,1,0.69
LN00559,65975.76,51578.450000000004,10.0,1,0.78
LN00560,70171.08,48682.21000000001,0.0,0,0.69
LN00561,129455.84,140728.21,7.545454545454546,2,1.09
LN00562,65349.67,47990.08,7.0,1,0.73
LN00563,66378.59,96651.64,5.75,1,1.46
LN00564,86949.65,59963.02,3.8333333333333335,0,0.69
LN00565,85612.13,84234.32,20.5,4,0.98
LN00566,80123.33,83443.18,5.375,1,1.04
LN00567,114077.98999999999,96798.44,4.444444444444445,1,0.85
LN00568,123354.63,116825.82,7.0,2,0.95
LN00569,52976.65,80516.69,7.166666666666667,1,1.52
LN00570,57889.29,38483.61,3.3333333333333335,0,0.66
LN00571,68166.6,69044.83,4.714285714285714,1,1.01
LN00572,100271.57,81448.0,0.75,0,0.81
LN00573,72685.91,68307.8,10.5,2,0.94
LN00574,75653.55,53738.880000000005,2.0,0,0.71
LN00575,18610.170000000002,40184.73,3.25,0,2.16
LN00576,98444.17000000001,96937.65000000001,9.555555555555555,2,0.98
LN00577,51883.24,55889.55,20.0,3,1.08
LN00578,57219.15,76971.8,12.0,1,1.35
LN00579,90132.49,107813.08,15.555555555555555,4,1.2
LN00580,51894.33,46620.97,4.714285714285714,1,0.9
LN00581,32778.3,21730.13,11.0,1,0.66
LN00582,88433.09,69777.4,14.714285714285714,3,0.79
LN00583,74309.58,60818.51,6.666666666666667,1,0.82
LN00584,49492.299999999996,38389.95,1.6666666666666667,0,0.78
LN00585,113824.03,91635.19,3.6,0,0.81
LN00586,73208.87,44728.14,12.6,2,0.61
LN00587,74017.61,49795.03,7.666666666666667,1,0.67
LN00588,71152.26,55685.72,6.142857142857143,1,0.78
LN00589,128746.54,138399.25,3.0,0,1.07
LN00590,21422.25,31314.57,16.666666666666668,1,1.46
LN00591,22442.1,27389.86,5.0,0,1.22
LN00592,88608.94,118490.89,13.333333333333334,4,1.34
LN00593,130852.82,146035.58,2.0714285714285716,0,1.12
LN00594,26843.829999999998,38220.1,7.5,1,1.42
LN00595,80484.45,74783.85,5.714285714285714,1,0.93
LN00596,28288.43,53518.49,0.75,0,1.89
LN00597,121056.73,87158.61,7.6,2,0.72
LN00598,44445.4,32855.66,1.8,0,0.74
LN00599,134957.41,125002.41,4.083333333333333,1,0.93
LN00600,71632.42,64438.59,9.428571428571429,2,0.9
LN00601,66789.34,64664.65,2.6,0,0.97
LN00602,120979.8,108136.0,11.11111111111111,3,0.89
LN00603,69090.74,97122.08,9.125,1,1.41
LN00604,63219.09,42024.24,15.0,3,0.66
LN00605,32292.260000000002,39043.8,10.0,1,1.21
LN00606,36854.240000000005,49785.57,4.75,0,1.35
LN00607,78496.14,103104.58,2.5555555555555554,0,1.31
LN00608,57198.12,42744.27,6.142857142857143,1,0.75
LN00609,46220.8,53817.22,7.2,1,1.16
LN00610,48028.979999999996,35822.06,2.6,0,0.75
LN00611,69855.33,70476.11,14.125,3,1.01
LN00612,36734.05,60495.91,10.0,1,1.65
LN00613,37663.68,67567.52,2.1666666666666665,0,1.79
LN00614,64266.240000000005,70531.47,18.0,3,1.1
LN00615,92731.84,110577.72,11.3,3,1.19
LN00616,54354.990000000005,64751.74,7.166666666666667,1,1.19
LN00617,56675.17,73390.57,8.571428571428571,2,1.29
LN00618,72541.26000000001,64021.75,17.142857142857142,4,0.88
LN00619,57741.8,64520.74,2.0,0,1.12
LN00620,46290.38,58148.71,1.0,0,1.26
LN00621,84874.39,110840.68000000001,17.5,4,1.31
LN00622,60303.87,43868.52,2.1666666666666665,0,0.73
LN00623,82760.33,114834.4,1.4444444444444444,0,1.39
LN00624,96266.9,58854.84,14.714285714285714,3,0.61
LN00625,123181.8,59588.009999999995,9.5,2,0.48
LN00626,83737.73,97113.84,9.3,2,1.16
LN00627,67819.36,72749.69,8.333333333333334,1,1.07
LN00628,77646.38,76814.94,7.875,2,0.99
LN00629,92240.1,65109.79,16.625,4,0.71
LN00630,52818.81,60511.74,7.666666666666667,1,1.15
LN00631,76617.27,92936.7,10.0,2,1.21
LN00632,123321.81,117122.5,5.454545454545454,1,0.95
LN00633,58197.78,58901.11,18.0,3,1.01
LN00634,33846.34,26420.23,8.25,1,0.78
LN00635,63020.47,57148.060000000005,6.571428571428571,1,0.91
LN00636,75723.42,74061.11,1.25,0,0.98
LN00637,11365.98,25307.2,20.0,1,2.23
LN00638,53961.84,71872.11,15.0,3,1.33
LN00639,87920.65,91068.4,6.222222222222222,1,1.04
LN00640,91748.25,95899.53,7.3,2,1.05
LN00641,193044.99,158165.73,2.769230769230769,0,0.82
LN00642,79012.86,53953.85,2.375,0,0.68
LN00643,82008.67,90947.1,7.6,2,1.11
LN00644,92698.57,82368.59,10.3,3,0.89
LN00645,65991.3,74868.18,5.0,1,1.13
LN00646,91095.74,56918.72,0.0,2,0.62
LN00647,29373.21,60070.86,16.0,2,2.05
LN00648,78362.13,59933.479999999996,1.4285714285714286,0,0.76
LN00649,65277.560000000005,56787.18,8.0,1,0.87
LN00650,39549.25,50823.74999999999,11.2,1,1.29
LN00651,99964.01000000001,136456.07,7.3,2,1.37
LN00652,132678.49,103402.59,9.166666666666666,3,0.78
LN00653,40352.409999999996,56361.0,12.166666666666666,2,1.4
LN00654,47776.95,66510.83,3.8333333333333335,0,1.39
LN00655,58591.85,83097.68,10.375,2,1.42
LN00656,72108.54000000001,46345.53,10.0,1,0.64
LN00657,139998.36,115673.04000000001,10.9,3,0.83
LN00658,102207.28,132555.52,11.3,3,1.3
LN00659,37135.12,21083.55,5.0,0,0.57
LN00660,66636.8,56075.17,7.2,1,0.84
LN00661,57855.380000000005,37964.68,10.0,2,0.66
LN00662,75907.39,63927.979999999996,4.875,1,0.84
LN00663,46353.7,61481.72,5.0,0,1.33
LN00664,74728.03,124811.45,10.0,2,1.67
LN00665,85306.16,90079.78,4.0,0,1.06
LN00666,63286.35,73414.47,6.0,1,1.16
LN00667,66461.4,46446.54,6.0,1,0.7
LN00668,89353.43000000001,80192.42,1.6666666666666667,2,0.9
LN00669,35541.770000000004,26571.32,3.3333333333333335,0,0.75
LN00670,30305.42,45713.07,1.5,0,1.51
LN00671,65939.56999999999,87319.34,1.8571428571428572,0,1.32
LN00672,74464.2,68540.83,0.375,0,0.92
LN00673,50770.229999999996,60861.08,6.142857142857143,1,1.2
LN00674,63097.49,57362.020000000004,8.0,1,0.91
LN00675,79467.49,131631.48,4.3,1,1.66
LN00676,47955.229999999996,42194.6,10.0,1,0.88
LN00677,83471.55,86051.8,3.888888888888889,0,1.03
LN00678,57507.729999999996,42081.850000000006,10.75,1,0.73
LN00679,100841.7,60936.38,9.0,2,0.6
LN00680,74496.64,64711.53,10.5,1,0.87
LN00681,38049.97,63895.08,12.6,2,1.68
LN00682,118745.05,97157.12999999999,4.6,1,0.82
LN00683,105727.68,98747.23000000001,7.545454545454546,2,0.93
LN00684,97410.47,80145.73,7.0,2,0.82
LN00685,47936.78,58706.77,10.0,2,1.22
LN00686,35956.21,47611.32,18.25,2,1.32
LN00687,59614.69,38168.009999999995,2.5,0,0.64
LN00688,132201.66,108053.51,4.416666666666667,1,0.82
LN00689,73133.02,105537.15,5.111111111111111,1,1.44
LN00690,25716.760000000002,49391.83,8.25,1,1.92
LN00691,94744.93,96074.71,5.5,1,1.01
LN00692,123485.42,65369.96000000001,5.3,1,0.53
LN00693,72221.91,72628.31,6.571428571428571,1,1.01
LN00694,11820.36,19721.010000000002,15.0,1,1.67
LN00695,61279.68,59645.39,7.5,1,0.97
LN00696,87095.56,75980.57,5.75,1,0.87
LN00697,76759.19,39721.0,15.0,3,0.52
LN00698,45590.09,97086.48,12.5,3,2.13
LN00699,38294.35,20781.01,4.333333333333333,0,0.54
LN00700,39520.97,56507.62,12.0,2,1.43
LN00701,107964.62,83768.05,8.727272727272727,3,0.78
LN00702,47318.35,36136.06,7.5,1,0.76
LN00703,41124.58,66614.15,7.2,1,1.62
LN00704,61128.219999999994,81733.55,11.625,2,1.34
LN00705,67085.08,82190.9,4.714285714285714,1,1.23
LN00706,55282.42,54303.92,2.2857142857142856,0,0.98
LN00707,74125.63,68949.01,-1.0,1,0.93
LN00708,52830.83,40957.880000000005,12.5,1,0.78
LN00709,108009.95,106008.58,6.2,1,0.98
LN00710,66740.83,98792.32,11.6,3,1.48
LN00711,54156.45,76960.1,7.166666666666667,1,1.42
LN00712,79737.36,70979.49,5.714285714285714,1,0.89
LN00713,103705.47,78490.62,13.0,4,0.76
LN00714,10173.380000000001,15334.19,0.0,0,1.51
LN00715,110745.38,105848.01000000001,8.6,2,0.96
LN00716,72979.2,56832.99,7.875,1,0.78
LN00717,165441.63,124115.84,12.0,4,0.75
LN00718,27173.4,41346.53,11.0,1,1.52
LN00719,56869.1,57600.159999999996,7.166666666666667,1,1.01
LN00720,114503.9,132908.92,4.9,1,1.16
LN00721,72548.19,68783.89,11.857142857142858,2,0.95
LN00722,117549.23,79125.48,7.333333333333333,2,0.67
LN00723,139719.1,128454.21,5.75,1,0.92
LN00724,83591.12,97766.73000000001,0.0,1,1.17
LN00725,113131.07,108507.86,6.0,1,0.96
LN00726,130527.88,75744.59,10.0,3,0.58
LN00727,87880.23999999999,124041.51,3.0,0,1.41
LN00728,90452.47,89998.93,11.625,3,0.99
LN00729,24283.15,35338.64,11.5,1,1.46
LN00730,42698.86,60156.28999999999,4.6,0,1.41
LN00731,52870.79,66439.5,2.6666666666666665,0,1.26
LN00732,80427.76000000001,66641.79000000001,2.857142857142857,0,0.83
LN00733,43340.42,61316.68,16.6,2,1.41
LN00734,61025.130000000005,76726.23000000001,0.5,0,1.26
LN00735,74252.85,94313.98999999999,12.222222222222221,3,1.27
LN00736,49405.96000000001,62675.98,10.6,1,1.27
LN00737,95260.71,158788.43,13.0,4,1.67
LN00738,82421.54000000001,84839.08,4.142857142857143,0,1.03
LN00739,118977.12,124069.34,3.6,1,1.04
LN00740,91278.51,88290.78,11.857142857142858,2,0.97
LN00741,90807.86,101850.0,2.888888888888889,0,1.12
LN00742,45043.82,50350.23,18.25,2,1.12
LN00743,52349.07,90579.42,4.5,0,1.73
LN00744,77442.96,72423.73,9.0,2,0.94
LN00745,45762.06,80009.91,3.6666666666666665,0,1.75
LN00746,133891.23,121341.09,6.583333333333333,2,0.91
LN00747,34207.3,32696.96,6.0,1,0.96
LN00748,64165.659999999996,58147.68,9.2,1,0.91
LN00749,74391.41,29424.5,7.2,1,0.4
LN00750,134877.35,98125.8,7.2727272727272725,2,0.73
LN00751,65175.7,67052.13,1.8571428571428572,0,1.03
LN00752,63632.92,65047.45,2.1666666666666665,0,1.02
LN00753,111457.63,104443.92,14.444444444444445,4,0.94
LN00754,33046.91,48967.49,10.6,1,1.48
LN00755,95062.09,90780.07,11.777777777777779,3,0.95
LN00756,89849.41,79162.89,0.42857142857142855,0,0.88
LN00757,105634.79000000001,88225.14,19.22222222222222,5,0.84
LN00758,18138.420000000002,55046.5,2.5,0,3.03
LN00759,45473.59,54425.020000000004,7.5,1,1.2
LN00760,164087.93,171520.27,12.25,6,1.05
LN00761,92710.78,95483.68000000001,8.0,1,1.03
LN00762,89966.93,59858.7,0.8571428571428571,0,0.67
LN00763,129702.2,117332.65,7.181818181818182,2,0.9
LN00764,77887.57,87812.18000000001,6.571428571428571,1,1.13
LN00765,68905.31999999999,71347.17,9.0,2,1.04
LN00766,40439.78,59588.850000000006,13.833333333333334,2,1.47
LN00767,129306.86,103245.82,14.5,3,0.8
LN00768,50921.590000000004,113079.39,6.625,1,2.22
LN00769,29942.54,27725.06,20.0,1,0.93
LN00770,76132.53,71603.01,4.777777777777778,1,0.94
LN00771,88377.29999999999,84571.5,13.75,3,0.96
LN00772,80585.79000000001,115266.91,3.909090909090909,0,1.43
LN00773,41013.28,44134.5,17.5,2,1.08
LN00774,75447.73,99901.29000000001,11.25,3,1.32
LN00775,142182.68,139535.22,7.666666666666667,2,0.98
LN00776,84654.77,111391.84,7.571428571428571,1,1.32
LN00777,78119.14,65317.64,1.8571428571428572,0,0.84
LN00778,41168.19,52663.3,8.6,1,1.28
LN00779,49808.14,53718.64,6.666666666666667,1,1.08
LN00780,78743.49,97428.28,5.375,1,1.24
LN00781,116960.16,132568.65,8.6,2,1.13
LN00782,39202.61,64120.45,2.6,0,1.64
LN00783,43928.52,53129.21,8.0,1,1.21
LN00784,40486.42,38827.21,22.5,3,0.96
LN00785,22310.34,19011.55,0.75,0,0.85
LN00786,150560.3,118555.72,13.333333333333334,5,0.79
LN00787,31120.65,54486.64,1.2,0,1.75
LN00788,139199.73,133909.43,8.384615384615385,3,0.96
LN00789,86289.56,75340.86,16.666666666666668,3,0.87
LN00790,113457.6,73500.85,6.222222222222222,2,0.65
LN00791,80864.26000000001,106247.78,5.111111111111111,1,1.31
LN00792,40279.29,47827.07,10.0,1,1.19
LN00793,166603.75,136298.77000000002,11.466666666666667,5,0.82
LN00794,101813.92000000001,134405.7,5.0,1,1.32
LN00795,96753.9,122660.9,9.090909090909092,2,1.27
LN00796,23731.72,29537.53,16.666666666666668,1,1.24
LN00797,24814.44,48682.619999999995,9.0,1,1.96
LN00798,50991.85,29256.94,10.75,1,0.57
LN00799,149337.67,129100.31,2.4166666666666665,0,0.86
LN00800,93469.52,64047.229999999996,4.125,1,0.69
LN00801,34629.55,72427.12,14.6,2,2.09
LN00802,102843.37,100632.11,12.875,3,0.98
LN00803,99161.84,83899.23,6.0,1,0.85
LN00804,106601.73,105683.03000000001,4.333333333333333,0,0.99
LN00805,53854.36,85943.34,13.333333333333334,2,1.6
LN00806,33891.84,41074.19,8.25,1,1.21
LN00807,83302.72,110678.9,8.777777777777779,2,1.33
LN00808,111692.57,123657.01,11.181818181818182,3,1.11
LN00809,55589.5,35241.14,13.333333333333334,2,0.63
LN00810,74374.53,34096.23,5.5,1,0.46
LN00811,63993.9,47143.21,8.0,1,0.74
LN00812,44111.64,57073.24,0.6,0,1.29
LN00813,41786.119999999995,31626.649999999998,6.666666666666667,0,0.76
LN00814,51900.28999999999,70601.79000000001,3.8333333333333335,0,1.36
LN00815,101564.28,87726.18,4.0,1,0.86
LN00816,116222.13,124394.86,10.75,3,1.07
LN00817,167893.95,139260.64,9.666666666666666,3,0.83
LN00818,21697.510000000002,47236.880000000005,5.0,1,2.18
LN00819,100912.65000000001,102898.25,12.875,3,1.02
LN00820,22180.670000000002,45692.87,8.25,1,2.06
LN00821,99428.31,72137.09,10.666666666666666,3,0.73
LN00822,37977.03,43828.18,10.75,1,1.15
LN00823,43734.119999999995,38641.54,5.0,0,0.88
LN00824,83914.88,76208.01,5.9,1,0.91
LN00825,91688.76000000001,87560.72,7.875,2,0.95
LN00826,51585.02,60084.729999999996,6.571428571428571,1,1.16
LN00827,77438.07,78499.98,9.125,2,1.01
LN00828,38550.65,57411.89,4.0,0,1.49
LN00829,40936.12,33865.81,2.5,0,0.83
LN00830,132908.87,133042.68,3.769230769230769,1,1.0
LN00831,41365.58,39472.56,4.6,0,0.95
LN00832,60323.009999999995,57355.119999999995,2.6,0,0.95
LN00833,74601.96,86468.43,0.5,0,1.16
LN00834,83663.14,49569.659999999996,7.875,2,0.59
LN00835,66921.69,73866.85,12.166666666666666,2,1.1
LN00836,91354.76,99550.15,5.75,1,1.09
LN00837,100747.85,65754.8,2.3,0,0.65
LN00838,79781.15,74898.89,13.285714285714286,2,0.94
LN00839,98892.8,87775.48,12.0,3,0.89
LN00840,13859.77,34876.619999999995,4.333333333333333,0,2.52
LN00841,90014.20000000001,91335.72,11.625,3,1.01
LN00842,74056.95000000001,51656.26,1.7142857142857142,0,0.7
LN00843,136806.62,117263.0,8.583333333333334,3,0.86
LN00844,79567.73,96881.44,9.5,2,1.22
LN00845,60116.6,75611.97,5.142857142857143,1,1.26
LN00846,42972.51,37814.72,3.3333333333333335,0,0.88
LN00847,90806.56000000001,105911.02,4.777777777777778,1,1.17
LN00848,90451.95999999999,77306.3,18.0,4,0.85
LN00849,20473.5,27178.96,10.0,1,1.33
LN00850,88208.56,81578.98,2.5,0,0.92
LN00851,105530.78,86207.32,5.777777777777778,1,0.82
LN00852,103263.54,92757.74,18.75,5,0.9
LN00853,34164.89,69391.56,11.0,2,2.03
LN00854,104530.23,97708.25,9.5,2,0.93
LN00855,39176.03,35862.25,5.2,0,0.92
LN00856,72515.11,46784.36,5.5,1,0.65
LN00857,109485.69,81938.4,12.555555555555555,3,0.75
LN00858,103364.32,122956.0,3.076923076923077,0,1.19
LN00859,83953.15000000001,84340.17,6.625,1,1.0
LN00860,150299.34,154630.23,6.3076923076923075,2,1.03
LN00861,142991.87,178701.51,8.785714285714286,3,1.25
LN00862,92389.89,103407.27,3.0,1,1.12
LN00863,78232.02,73408.73,7.5,1,0.94
LN00864,72694.79000000001,77777.77,4.125,0,1.07
LN00865,115424.04000000001,101508.65000000001,6.625,1,0.88
LN00866,114254.15,58084.51,2.857142857142857,0,0.51
LN00867,121552.72,121131.73999999999,10.0,3,1.0
LN00868,75831.11,87994.05,11.625,3,1.16
LN00869,45799.020000000004,62848.96,1.6666666666666667,0,1.37
LN00870,60486.130000000005,87587.53,6.5,1,1.45
LN00871,23913.48,22072.620000000003,0.0,0,0.92
LN00872,67483.96,70824.87,6.571428571428571,1,1.05
LN00873,52913.2,71277.36,-2.0,1,1.35
LN00874,140000.85,123457.29,3.8333333333333335,1,0.88
LN00875,113485.62,96756.73,4.3,1,0.85
LN00876,131921.68,132817.28,5.090909090909091,1,1.01
LN00877,46700.56,60354.36,12.6,2,1.29
LN00878,70943.51000000001,98930.07,6.625,1,1.39
LN00879,78401.22,64184.14,2.875,0,0.82
LN00880,69097.18,68220.47,6.571428571428571,1,0.99
LN00881,139043.5,125378.53,3.769230769230769,1,0.9
LN00882,123981.98000000001,94214.01,9.090909090909092,3,0.76
LN00883,59425.01,84324.74,11.666666666666666,2,1.42
LN00884,146833.41999999998,128115.97,6.538461538461538,2,0.87
LN00885,45241.07000000001,60335.89,7.5,1,1.33
LN00886,76728.62,45137.56,8.333333333333334,1,0.59
LN00887,96205.45,94823.67,1.4444444444444444,0,0.99
LN00888,69284.03,78632.28,9.857142857142858,2,1.13
LN00889,102639.8,109418.24,7.181818181818182,2,1.07
LN00890,86901.40000000001,79235.98,9.0,1,0.91
LN00891,66316.23,94965.63,1.8571428571428572,0,1.43
LN00892,74751.31999999999,45894.4,6.625,1,0.61
LN00893,95521.45,90654.76,7.0,2,0.95
LN00894,89214.83,63227.48,7.142857142857143,1,0.71
LN00895,89534.72,83904.34,7.0,1,0.94
LN00896,31677.079999999998,41712.259999999995,15.75,2,1.32
LN00897,67048.63,69285.45,3.2857142857142856,0,1.03
LN00898,198052.9,159039.33,10.117647058823529,5,0.8
LN00899,43435.4,55195.09,3.3333333333333335,0,1.27
LN00900,46218.909999999996,54148.13,8.25,1,1.17
LN00901,63152.69,44402.92,0.6,0,0.7
LN00902,108938.46,119661.55,13.3,4,1.1
LN00903,42276.34,32719.02,8.6,1,0.77
LN00904,49681.090000000004,45247.42,8.0,1,0.91
LN00905,132660.43,125710.43000000001,6.333333333333333,2,0.95
LN00906,78799.31999999999,61932.28,9.428571428571429,2,0.79
LN00907,86888.31,130191.11000000002,12.555555555555555,3,1.5
LN00908,68109.73999999999,57178.11,9.125,1,0.84
LN00909,48736.52,73224.03,6.6,1,1.5
LN00910,71659.06,90864.58,4.285714285714286,1,1.27
LN00911,122103.84,132045.05,4.333333333333333,1,1.08
LN00912,88958.89,29151.579999999998,0.0,0,0.33
LN00913,68594.54000000001,66824.12,11.666666666666666,2,0.97
LN00914,57914.65,59631.37,8.0,1,1.03
LN00915,89741.02,69373.14,10.857142857142858,2,0.77
LN00916,47881.26,91593.84,10.428571428571429,2,1.91
LN00917,55676.11,92882.05,14.285714285714286,3,1.67
LN00918,87138.92,85203.89,5.111111111111111,1,0.98
LN00919,75485.44,90440.65000000001,9.428571428571429,2,1.2
LN00920,59872.67,43238.39,3.25,0,0.72
LN00921,94523.83,102681.66,8.444444444444445,2,1.09
LN00922,105188.45,83459.42,10.0,2,0.79
LN00923,66373.52,99633.0,5.375,1,1.5
LN00924,113655.67,117701.68,1.6,0,1.04
LN00925,61581.96,49067.44,4.285714285714286,0,0.8
LN00926,67152.85,74113.95,5.375,1,1.1
LN00927,53444.93,27270.18,0.0,0,0.51
LN00928,84938.31,78224.79,8.833333333333334,1,0.92
LN00929,115505.94,87590.85,2.2222222222222223,0,0.76
LN00930,98414.8,90897.0,4.0,1,0.92
LN00931,118599.54999999999,115652.3,6.0,2,0.98
LN00932,38836.67,78084.17,11.666666666666666,2,2.01
LN00933,116205.73000000001,101832.85,17.5,4,0.88
LN00934,54586.09,55915.43,2.6,0,1.02
LN00935,110026.13,124383.03,10.9,3,1.13
LN00936,109369.95,74823.75,13.333333333333334,3,0.68
LN00937,158839.24,97069.08,5.166666666666667,1,0.61
LN00938,58539.18,46005.07,6.666666666666667,1,0.79
LN00939,27312.510000000002,52330.670000000006,8.25,1,1.92
LN00940,53620.79,32262.96,6.0,1,0.6
LN00941,50961.31,60324.259999999995,1.2,0,1.18
LN00942,85526.86,88902.55,4.875,1,1.04
LN00943,89589.67,67574.06,6.142857142857143,1,0.75
LN00944,78543.55,97600.15,14.285714285714286,3,1.24
LN00945,15071.92,10632.73,10.0,1,0.71
LN00946,132350.16,101256.59,9.666666666666666,2,0.77
LN00947,61267.94,79557.78,5.0,1,1.3
LN00948,126120.37,113200.99,2.888888888888889,0,0.9
LN00949,83332.71,59963.0,8.833333333333334,1,0.72
LN00950,76887.25,115381.83,11.25,3,1.5
LN00951,105570.55,89215.35,11.777777777777779,3,0.85
LN00952,53913.17,73017.51,5.142857142857143,1,1.35
LN00953,132677.9,93928.94,16.3,5,0.71
LN00954,137002.69,113825.61,11.0,3,0.83
LN00955,73394.27,47972.46,1.6666666666666667,0,0.65
LN00956,55231.200000000004,80568.18000000001,2.857142857142857,0,1.46
LN00957,23957.75,31495.19,10.0,1,1.31
LN00958,52530.83,49753.7,3.3333333333333335,0,0.95
LN00959,65204.2,89480.13,12.857142857142858,3,1.37
LN00960,69752.85,59497.549999999996,10.0,2,0.85
LN00961,92488.99,47845.41,7.875,2,0.52
LN00962,103136.2,121742.31999999999,5.0,1,1.18
LN00963,76542.12,44348.0,1.0,0,0.58
LN00964,64588.2,86042.61,2.5,0,1.33
LN00965,67941.65,100923.56,2.7142857142857144,0,1.49
LN00966,67799.45,63757.48,4.285714285714286,1,0.94
LN00967,60894.38,81288.62,11.666666666666666,2,1.33
LN00968,115838.96,105389.6,5.3,1,0.91
LN00969,87245.17,48084.37,6.25,1,0.55
LN00970,69141.28,30177.96,0.0,0,0.44
LN00971,60376.51,42870.1,10.0,1,0.71
LN00972,88926.01,84965.77,13.666666666666666,4,0.96
LN00973,110330.83,125508.25,6.909090909090909,2,1.14
LN00974,39037.61,55501.26,0.0,0,1.42
LN00975,37562.41,59057.15,14.6,2,1.57
LN00976,60209.270000000004,67961.84,3.8333333333333335,0,1.13
LN00977,92568.32,116119.14,2.0,0,1.25
LN00978,83428.37,58573.630000000005,0.75,0,0.7
LN00979,36622.770000000004,45740.520000000004,20.0,2,1.25
LN00980,68822.52,65131.27,2.1666666666666665,0,0.95
LN00981,53943.32,47322.44,15.75,2,0.88
LN00982,110442.27,153021.7,3.0,1,1.39
LN00983,62956.87,89281.65,14.125,3,1.42
LN00984,137972.61000000002,151390.59,5.428571428571429,2,1.1
LN00985,93836.09,120734.73000000001,1.1111111111111112,0,1.29
LN00986,39859.61,40271.64,4.0,0,1.01
LN00987,92402.05,109617.89,7.0,2,1.19
LN00988,112558.90000000001,99973.8,6.545454545454546,2,0.89
LN00989,30775.36,56750.09,3.25,0,1.84
LN00990,109184.52,69471.67,8.444444444444445,2,0.64
LN00991,120656.20999999999,91344.43,4.6,1,0.76
LN00992,5578.219999999999,26360.68,-9.0,1,4.73
LN00993,113450.92,115681.38,6.0,2,1.02
LN00994,74466.13,44199.520000000004,6.666666666666667,1,0.59
LN00995,109242.78,72973.55,5.111111111111111,1,0.67
LN00996,79056.51,67819.43000000001,3.25,0,0.86
LN00997,113249.82,80108.76000000001,7.333333333333333,1,0.71
LN00998,87689.53,70515.76,7.666666666666667,1,0.8
LN00999,102222.16,109824.11,8.444444444444445,2,1.07
LN01000,124334.53,77021.13,4.9,1,0.62
LN01001,74701.25,59444.75,2.875,1,0.8
LN01002,65903.2,64496.14,3.8333333333333335,0,0.98
LN01003,67325.22,83789.11,11.625,2,1.24
LN01004,148595.31,123488.79,2.909090909090909,0,0.83
LN01005,120262.07999999999,95184.12,1.4444444444444444,0,0.79
LN01006,29325.589999999997,17922.53,0.0,0,0.61
LN01007,77675.71,90488.83,0.42857142857142855,0,1.16
LN01008,125217.02,102499.37,8.583333333333334,3,0.82
LN01009,82736.38,77829.11,1.8571428571428572,0,0.94
LN01010,74794.68,89307.54,11.428571428571429,2,1.19
LN01011,46353.63,45754.12,0.0,0,0.99
LN01012,127626.46,89539.49,5.3,0,0.7
LN01013,96369.11,90105.08,5.75,1,0.93
LN01014,81601.65,125604.7,12.9,4,1.54
LN01015,56270.82,36516.08,4.0,0,0.65
LN01016,70880.84,101092.6,14.285714285714286,3,1.43
LN01017,95431.1,109343.47,4.444444444444445,1,1.15
LN01018,151967.49,107516.19,9.416666666666666,2,0.71
LN01019,89439.36,93766.1,8.833333333333334,1,1.05
LN01020,87208.45000000001,55136.6,2.5,0,0.63
LN01021,121453.68000000001,86420.7,2.5,0,0.71
LN01022,76815.91,89191.45999999999,0.0,0,1.16
LN01023,121315.0,69505.43000000001,4.777777777777778,1,0.57
LN01024,133020.82,142457.83,9.363636363636363,3,1.07
LN01025,63109.54,58146.09,0.42857142857142855,2,0.92
LN01026,135014.21,106345.78,1.4545454545454546,0,0.79
LN01027,17950.88,20352.41,6.5,0,1.13
LN01028,85024.21,87232.73999999999,6.142857142857143,1,1.03
LN01029,115971.2,129697.73999999999,8.727272727272727,3,1.12
LN01030,41839.659999999996,45386.15,7.5,1,1.08
LN01031,26208.15,59456.08,0.0,0,2.27
LN01032,94591.32,85208.25,5.142857142857143,0,0.9
LN01033,84307.0,107334.23,7.875,1,1.27
LN01034,32678.239999999998,25474.710000000003,12.0,1,0.78
LN01035,72145.89,109291.47,1.1111111111111112,0,1.51
LN01036,66023.37,81210.4,12.875,3,1.23
LN01037,78137.38,102819.19,4.125,0,1.32
LN01038,75681.21,61686.15,6.25,1,0.82
LN01039,73157.48,87094.08,4.125,1,1.19
LN01040,48330.46,59435.020000000004,5.714285714285714,0,1.23
LN01041,44465.18,58334.03,21.666666666666668,4,1.31
LN01042,191513.73,177855.14,5.588235294117647,2,0.93
LN01043,61639.560000000005,96114.09999999999,4.125,1,1.56
LN01044,66991.73999999999,82383.61,6.6,0,1.23
LN01045,91414.71,70690.85,9.0,2,0.77
LN01046,69380.92,58357.14,10.0,2,0.84
LN01047,118069.43,101052.88,7.181818181818182,2,0.86
LN01048,38532.11,60370.520000000004,0.0,0,1.57
LN01049,59119.12,59938.899999999994,6.666666666666667,1,1.01
LN01050,124720.23999999999,67594.93000000001,9.3,3,0.54
LN01051,89923.41,51803.119999999995,10.428571428571429,2,0.58
LN01052,38432.41,45111.020000000004,16.0,2,1.17
LN01053,85208.65,85000.78,9.0,1,1.0
LN01054,70379.45,65731.5,6.666666666666667,1,0.93
LN01055,84815.74,56854.33,1.7142857142857142,0,0.67
LN01056,130952.02,145629.7,3.9285714285714284,0,1.11
LN01057,81120.5,79172.42,6.25,0,0.98
LN01058,94028.20999999999,103082.94,3.6,0,1.1
LN01059,167710.07,141214.86000000002,2.357142857142857,0,0.84
LN01060,118425.19,134556.84,10.818181818181818,3,1.14
LN01061,32097.08,64678.46,8.6,1,2.02
LN01062,26066.09,53559.5,3.25,0,2.05
LN01063,50919.72,66958.38,12.0,2,1.31
LN01064,119761.84,115539.03,4.6,1,0.96
LN01065,58861.659999999996,87591.7,8.333333333333334,1,1.49
LN01066,90487.03,76946.56,1.0,0,0.85
LN01067,57937.4,53656.9,7.166666666666667,1,0.93
LN01068,31101.22,33399.66,0.75,0,1.07
LN01069,41475.56,39637.13,9.2,1,0.96
LN01070,94546.22,86909.69,0.8571428571428571,0,0.92
LN01071,94591.48000000001,49404.16,12.166666666666666,2,0.52
LN01072,131857.5,131354.34,6.25,1,1.0
LN01073,59390.08,93597.86,2.857142857142857,0,1.58
LN01074,74414.43,57257.08,6.125,1,0.77
LN01075,48928.89,52280.380000000005,3.2,0,1.07
LN01076,106980.3,132624.61000000002,8.9,2,1.24
LN01077,41605.79,64888.119999999995,7.2,1,1.56
LN01078,105308.91,125231.85,19.6,6,1.19
LN01079,32909.03,57860.73,10.0,1,1.76
LN01080,112045.0,96707.77,5.888888888888889,1,0.86
LN01081,104416.84000000001,148652.28,6.615384615384615,2,1.42
LN01082,89707.45999999999,107675.62,6.571428571428571,1,1.2
LN01083,45350.72,58013.76,12.0,2,1.28
LN01084,82677.32,75284.37,0.0,0,0.91
LN01085,73810.47,96512.97,6.625,1,1.31
LN01086,91141.78,125629.2,7.6,2,1.38
LN01087,59933.95,96260.98,12.857142857142858,3,1.61
LN01088,110861.86,125220.8,5.6,1,1.13
LN01089,54877.2,90029.84,5.142857142857143,0,1.64
LN01090,101480.34,105049.58,2.888888888888889,0,1.04
LN01091,207010.7,127347.99,8.866666666666667,4,0.62
LN01092,100831.9,118416.47,9.909090909090908,2,1.17
LN01093,118474.02,102672.18000000001,6.6,1,0.87
LN01094,70543.88,72174.83,5.714285714285714,1,1.02
LN01095,81220.73,73936.62999999999,3.7142857142857144,0,0.91
LN01096,163517.09,123766.74,2.5,2,0.76
LN01097,105288.51,111043.94,11.0,3,1.05
LN01098,9235.25,30459.58,1.5,0,3.3
LN01099,143979.9,87868.37,10.5,3,0.61
LN01100,119215.54,109541.45,12.0,3,0.92
LN01101,72069.31999999999,85799.86,8.0,1,1.19
LN01102,93074.37,74618.5,2.5555555555555554,0,0.8
LN01103,136533.36,125966.94,5.7272727272727275,2,0.92
LN01104,22735.440000000002,29105.75,0.0,0,1.28
LN01105,81033.0,60825.68,14.714285714285714,3,0.75
LN01106,101769.25,76660.06,9.428571428571429,1,0.75
LN01107,37937.92,32687.53,1.5,0,0.86
LN01108,75874.16,82760.9,14.714285714285714,3,1.09
LN01109,83957.49,47738.92,2.7142857142857144,0,0.57
LN01110,121250.71,136055.82,4.5,1,1.12
LN01111,74221.71,106243.56,13.0,4,1.43
LN01112,86173.06,66620.16,1.5,0,0.77
LN01113,99716.73999999999,94244.92,5.6,1,0.95
LN01114,62604.86,91023.09,16.666666666666668,4,1.45
LN01115,63765.61,96036.1,3.3,0,1.51
LN01116,73441.99,70913.84000000001,14.285714285714286,3,0.97
LN01117,63936.42,99905.74,7.0,1,1.56
LN01118,77481.51000000001,93720.6,5.888888888888889,1,1.21
LN01119,57000.13,76068.08,1.8571428571428572,0,1.33
LN01120,56811.68,34763.07,2.0,0,0.61
LN01121,34846.6,49642.840000000004,6.5,0,1.42
LN01122,90226.44,64163.7,12.166666666666666,2,0.71
LN01123,90683.62999999999,120674.54999999999,4.2,0,1.33
LN01124,122327.95,131551.94,6.636363636363637,1,1.08
LN01125,47071.39,56875.5,6.5,0,1.21
LN01126,110320.27,139438.6,12.75,4,1.26
LN01127,87595.54,82829.14,1.4285714285714286,0,0.95
LN01128,50449.05,52333.54,6.6,1,1.04
LN01129,64030.94,54098.03,6.6,1,0.84
LN01130,79794.83,42272.97,9.333333333333334,1,0.53
LN01131,27367.68,25633.260000000002,13.333333333333334,1,0.94
LN01132,116529.28,106165.7,2.909090909090909,0,0.91
LN01133,51435.39,41446.41,5.0,0,0.81
LN01134,54308.06,15559.16,7.5,1,0.29
LN01135,61335.21,80916.5,5.142857142857143,1,1.32
LN01136,46990.47,49073.9,6.6,1,1.04
LN01137,47134.08,76943.33,5.571428571428571,1,1.63
LN01138,8199.86,4185.4,3.0,0,0.51
LN01139,54016.21,67779.19,16.666666666666668,3,1.25
LN01140,97526.1,89883.29000000001,4.666666666666667,1,0.92
LN01141,61976.97,87819.69,5.5,0,1.42
LN01142,61351.020000000004,27731.59,3.25,0,0.45
LN01143,100169.81999999999,103461.97,7.181818181818182,2,1.03
LN01144,89916.37,88854.78,7.0,1,0.99
LN01145,46330.56,68545.97,1.5,0,1.48
LN01146,88184.98000000001,42477.89,5.5,1,0.48
LN01147,48194.65,45101.76,2.1666666666666665,0,0.94
LN01148,72279.55,53506.84,6.142857142857143,1,0.74
LN01149,37003.92999999999,39394.67,-2.5,0,1.06
LN01150,122683.16,131910.69,10.0,3,1.08
LN01151,79335.91,62825.8,2.1666666666666665,0,0.79
LN01152,98331.88,85447.03,3.625,0,0.87
LN01153,69762.64,79211.62,15.5,3,1.14
LN01154,103974.62,80797.51,0.6,0,0.78
LN01155,57728.68,67334.61,2.1666666666666665,0,1.17
LN01156,73990.55,63005.24,3.2857142857142856,0,0.85
LN01157,64073.69,111402.59,4.5,0,1.74
LN01158,59542.74,64505.81,8.0,1,1.08
LN01159,104150.58,79627.28,9.222222222222221,2,0.76
LN01160,66251.71,55981.25,1.4285714285714286,0,0.84
LN01161,76860.97,54449.630000000005,-2.8333333333333335,1,0.71
LN01162,64539.92,53459.44,4.714285714285714,1,0.83
LN01163,83655.14,81569.77,10.0,2,0.98
LN01164,53413.67,87591.01000000001,4.714285714285714,1,1.64
LN01165,43948.3,26042.45,10.0,1,0.59
LN01166,79447.8,78583.89,9.0,2,0.99
LN01167,74019.23,53639.39,7.666666666666667,1,0.72
LN01168,102309.72,82740.53,5.444444444444445,1,0.81
LN01169,58751.28,67899.45,1.6666666666666667,0,1.16
LN01170,82305.0,62918.6,14.714285714285714,3,0.76
LN01171,113033.93,120865.45999999999,14.444444444444445,4,1.07
LN01172,76236.49,98266.9,6.625,1,1.29
LN01173,99768.41,81802.26000000001,11.625,2,0.82
LN01174,76946.39,44447.32,6.125,1,0.58
LN01175,60689.93,52871.42,15.0,2,0.87
LN01176,45005.45,56459.68,3.2,0,1.25
LN01177,113297.47,107191.61,9.6,3,0.95
LN01178,70486.1,62874.850000000006,0.6666666666666666,0,0.89
LN01179,70738.84,59296.91,10.5,2,0.84
LN01180,80562.36,67820.71,3.625,0,0.84
LN01181,90888.34,65480.46,5.375,1,0.72
LN01182,45872.729999999996,44079.06,15.0,3,0.96
LN01183,75978.12,58520.47,12.5,3,0.77
LN01184,66844.22,103644.9,3.5555555555555554,0,1.55
LN01185,110104.02,104906.4,7.0,1,0.95
LN01186,65794.29,42202.17,8.6,1,0.64
LN01187,47783.75,64757.35,14.6,2,1.36
LN01188,92609.42,52764.91,16.666666666666668,3,0.57
LN01189,158382.65,185665.55,6.133333333333334,2,1.17
LN01190,69931.9,78051.54000000001,14.777777777777779,4,1.12
LN01191,45489.81,75233.45999999999,12.6,2,1.65
LN01192,125404.29999999999,150948.19,6.666666666666667,2,1.2
LN01193,62545.34,80509.17,14.714285714285714,3,1.29
LN01194,85123.11,78059.69,2.6666666666666665,0,0.92
LN01195,101193.93,145763.36,5.3,1,1.44
LN01196,96368.78,123158.4,5.7272727272727275,2,1.28
LN01197,31512.09,46464.15,0.75,0,1.47
LN01198,96820.79,99011.49,7.3,2,1.02
LN01199,58246.340000000004,49246.24,2.0,0,0.85
LN01200,131038.62,63071.9,2.6,0,0.48
LN01201,50704.729999999996,64404.229999999996,4.714285714285714,1,1.27
LN01202,47714.34,62926.79,12.6,2,1.32
LN01203,74445.51999999999,69663.24,9.833333333333334,1,0.94
LN01204,40446.41,43994.34,0.0,0,1.09
LN01205,129946.62,116736.64,6.583333333333333,2,0.9
LN01206,164766.02,153210.49,12.071428571428571,5,0.93
LN01207,76119.55,63363.979999999996,8.0,1,0.83
LN01208,43365.270000000004,48472.369999999995,7.5,1,1.12
LN01209,56697.72,74540.23999999999,6.142857142857143,1,1.31
LN01210,66893.91,99416.14,9.428571428571429,2,1.49
LN01211,78690.06,127351.42000000001,8.6,2,1.62
LN01212,84320.79000000001,72297.52,6.625,1,0.86
LN01213,113245.5,101586.25,10.333333333333334,3,0.9
LN01214,83788.72,115214.29,7.666666666666667,2,1.38
LN01215,79293.7,79086.70999999999,5.75,1,1.0
LN01216,45670.61,40179.69,17.5,2,0.88
LN01217,83114.75,76856.96,4.333333333333333,0,0.92
LN01218,45637.33,61294.590000000004,0.6,0,1.34
LN01219,112421.41,99514.72,4.6,0,0.89
LN01220,104786.79000000001,106135.28,7.333333333333333,2,1.01
LN01221,103157.7,121139.91,7.181818181818182,2,1.17
LN01222,71562.9,55994.65,16.0,3,0.78
LN01223,46244.19,147264.75,4.0,1,3.18
LN01224,71119.53,77675.9,4.125,1,1.09
LN01225,82405.31,103754.03,16.25,4,1.26
LN01226,122162.16,124244.56999999999,11.666666666666666,3,1.02
LN01227,86809.11,100218.34,17.5,4,1.15
LN01228,75976.21,74462.54000000001,12.88888888888889,3,0.98
LN01229,32991.37,68926.72,8.6,1,2.09
LN01230,45994.83,68556.54000000001,0.6,0,1.49
LN01231,99106.55,85477.89,5.875,1,0.86
LN01232,130056.83,132731.27,9.692307692307692,4,1.02
LN01233,88996.81,63744.350000000006,2.2857142857142856,0,0.72
LN01234,53579.869999999995,63917.16,2.0,0,1.19
LN01235,43306.86,35462.35,14.333333333333334,1,0.82
LN01236,64520.46,92328.9,7.777777777777778,2,1.43
LN01237,109149.45,92485.9,7.416666666666667,2,0.85
LN01238,81152.81,67583.74,9.125,1,0.83
LN01239,102000.83,60606.76,3.142857142857143,0,0.59
LN01240,68048.28,76976.17,0.42857142857142855,0,1.13
LN01241,37742.979999999996,31334.63,0.0,0,0.83
LN01242,118823.01000000001,98795.64,9.272727272727273,3,0.83
LN01243,86673.86,85416.5,6.142857142857143,1,0.99
LN01244,78173.94,50690.78,7.571428571428571,1,0.65
LN01245,76250.67,93973.47,13.285714285714286,3,1.23
LN01246,95457.31,79413.03,11.625,2,0.83
LN01247,87213.29000000001,100833.25,7.6,2,1.16
LN01248,107465.26000000001,84672.22,7.9,2,0.79
LN01249,44211.41,27966.96,0.0,0,0.63
LN01250,52753.99,80768.14,6.142857142857143,1,1.53
LN01251,53252.14,63594.84,5.5,0,1.19
LN01252,115705.73,102658.71,6.9,1,0.89
LN01253,93011.06999999999,60614.11,11.0,3,0.65
LN01254,36576.08,40932.14,10.75,1,1.12
LN01255,76576.20999999999,39784.020000000004,13.333333333333334,2,0.52
LN01256,98291.89,88388.18,5.75,1,0.9
LN01257,43009.04,36330.08,17.5,2,0.84
LN01258,36157.63,24507.24,2.5,0,0.68
LN01259,121969.92,85937.66,1.6,0,0.7
LN01260,79404.98,104420.12,1.4444444444444444,0,1.32
LN01261,69260.36,81737.22,14.444444444444445,4,1.18
LN01262,132053.01,119589.03,3.2,0,0.91
LN01263,109455.68000000001,86752.09,15.0,4,0.79
LN01264,58236.28,63487.42,7.166666666666667,1,1.09
LN01265,129538.39,126558.95999999999,7.615384615384615,2,0.98
LN01266,55896.58,51666.89,10.0,2,0.92
LN01267,158982.29,157934.7,12.571428571428571,5,0.99
LN01268,64877.23,54714.45,2.5,0,0.84
LN01269,85162.92,98331.36,11.444444444444445,3,1.15
LN01270,119734.3,84776.53,4.444444444444445,1,0.71
LN01271,58395.53,52034.56,12.166666666666666,2,0.89
LN01272,121208.47,104937.76,9.3,2,0.87
LN01273,108683.76000000001,82713.48,11.444444444444445,3,0.76
LN01274,101562.75,131947.6,10.0,2,1.3
LN01275,51137.81,63851.72,3.2,0,1.25
LN01276,36688.46,17886.92,0.0,0,0.49
LN01277,62221.64,47962.57,7.571428571428571,1,0.77
LN01278,58797.86,83090.20999999999,4.5,1,1.41
LN01279,88783.73999999999,67120.54,-2.8333333333333335,1,0.76
LN01280,83525.59,96945.25,6.571428571428571,1,1.16
LN01281,32299.05,40612.04,3.8,0,1.26
LN01282,63316.31,64255.02,6.428571428571429,1,1.01
LN01283,67511.33,65324.44,2.1666666666666665,0,0.97
LN01284,63503.16,118471.04000000001,7.9,2,1.87
LN01285,136645.86,117132.20000000001,10.181818181818182,3,0.86
LN01286,67655.2,43870.89,10.5,2,0.65
LN01287,75881.05,65566.52,16.666666666666668,3,0.86
LN01288,93229.20999999999,75470.61,0.75,0,0.81
LN01289,81758.6,120541.63,3.2,0,1.47
LN01290,64372.59,50848.020000000004,6.0,1,0.79
LN01291,57949.45,68498.53,8.571428571428571,1,1.18
LN01292,69231.62,65836.62,20.0,4,0.95
LN01293,19639.07,31974.809999999998,10.0,1,1.63
LN01294,105921.42,79324.09,1.625,0,0.75
LN01295,86666.35,104757.26,1.3333333333333333,0,1.21
LN01296,39731.47,36246.38,10.0,1,0.91
LN01297,79959.37,74144.56,5.111111111111111,0,0.93
LN01298,97665.56,84313.81,5.111111111111111,0,0.86
LN01299,58557.25,45848.240000000005,8.833333333333334,1,0.78
LN01300,82477.75,53509.82,7.666666666666667,1,0.65
LN01301,154785.52,185667.81,8.176470588235293,3,1.2
LN01302,79215.54000000001,62257.71,3.2857142857142856,0,0.79
LN01303,48583.04,51840.39,7.166666666666667,1,1.07
LN01304,57076.090000000004,73728.18,6.125,1,1.29
LN01305,43970.77,59993.67,10.5,2,1.36
LN01306,89950.5,56944.19,2.2857142857142856,0,0.63
LN01307,47706.35,29379.23,6.6,1,0.62
LN01308,30546.43,37668.24,10.0,1,1.23
LN01309,78246.06,64541.3,5.714285714285714,1,0.82
LN01310,109366.11,88036.99,7.0,2,0.8
LN01311,103687.82,102339.36,8.181818181818182,3,0.99
LN01312,87666.76,101800.65,9.0,3,1.16
LN01313,66069.59,47676.18,7.166666666666667,1,0.72
LN01314,153999.94,175870.24,6.4,2,1.14
LN01315,150982.64,95102.22,9.692307692307692,3,0.63
LN01316,100847.78,86513.89,3.6666666666666665,0,0.86
LN01317,59462.560000000005,83329.17,5.75,1,1.4
LN01318,75456.13,65680.75,6.666666666666667,1,0.87
LN01319,48386.98,84003.31999999999,8.0,1,1.74
LN01320,121641.98,93282.77,9.222222222222221,2,0.77
LN01321,65112.52,52174.869999999995,7.166666666666667,1,0.8
LN01322,117810.70999999999,115898.66,12.166666666666666,4,0.98
LN01323,68003.62,61713.61,5.714285714285714,1,0.91
LN01324,114892.4,128971.26,6.583333333333333,2,1.12
LN01325,45330.85,83664.20999999999,4.142857142857143,0,1.85
LN01326,88785.56,73603.07,8.571428571428571,2,0.83
LN01327,69248.73000000001,34815.45,6.0,1,0.5
LN01328,58472.26,92981.44,7.777777777777778,2,1.59
LN01329,77385.11,56511.7,2.5,0,0.73
LN01330,73792.69,56854.50000000001,11.428571428571429,2,0.77
LN01331,49954.95,53773.04,0.0,0,1.08
LN01332,77375.61,86208.59,3.2857142857142856,0,1.11
LN01333,80755.05,70473.89,4.125,0,0.87
LN01334,93218.81,82512.31,2.0,0,0.89
LN01335,91489.19,49938.37,2.6666666666666665,0,0.55
LN01336,52229.58,24262.17,1.5,0,0.46
LN01337,49813.87,40673.8,2.5,0,0.82
LN01338,93665.31999999999,97291.91,11.25,3,1.04
LN01339,99267.1,81970.96,4.5,1,0.83
LN01340,159220.58,94999.91,2.090909090909091,0,0.6
LN01341,59613.520000000004,77282.92,2.6,0,1.3
LN01342,106963.76999999999,96045.43,7.333333333333333,2,0.9
LN01343,110568.33,93785.99,7.0,2,0.85
LN01344,150406.48,162921.9,9.0,3,1.08
LN01345,79594.95999999999,92775.39,2.5555555555555554,0,1.17
LN01346,56682.759999999995,55025.34,3.25,0,0.97
LN01347,91615.37,53775.99,4.714285714285714,1,0.59
LN01348,95997.22,63696.97,5.375,1,0.66
LN01349,131379.19,139795.73,4.769230769230769,1,1.06
LN01350,91404.76999999999,67695.56999999999,8.75,2,0.74
LN01351,69718.46,86814.22,12.222222222222221,3,1.25
LN01352,37541.56,35521.68,7.5,1,0.95
LN01353,118652.16,112828.97,5.7272727272727275,1,0.95
LN01354,48937.45,46688.1,6.0,1,0.95
LN01355,51351.85,30760.870000000003,2.25,0,0.6
LN01356,92452.75,123210.24,4.0,1,1.33
LN01357,141626.95,119254.97,6.384615384615385,2,0.84
LN01358,86996.04,103072.68000000001,7.777777777777778,2,1.18
LN01359,74496.87,93737.88,7.0,1,1.26
LN01360,32213.0,70648.8,5.5,1,2.19
LN01361,87676.82,113281.4,1.0,0,1.29
LN01362,60532.75,60942.66,7.2,1,1.01
LN01363,20968.88,36447.56,0.0,0,1.74
LN01364,75283.59,51123.38,5.0,1,0.68
LN01365,70550.13,61989.69,2.75,0,0.88
LN01366,107684.53,117808.89,4.666666666666667,1,1.09
LN01367,71944.38,73521.06,4.714285714285714,1,1.02
LN01368,111031.09,84849.94,8.090909090909092,2,0.76
LN01369,56118.86,47098.88,8.0,1,0.84
LN01370,54631.95,30142.9,0.0,0,0.55
LN01371,157299.13,127722.26999999999,4.769230769230769,1,0.81
LN01372,63364.61,78053.53,5.0,1,1.23
LN01373,107097.69,85313.55,7.0,1,0.8
LN01374,52208.35,61575.83,6.666666666666667,1,1.18
LN01375,59265.19,69079.27,11.444444444444445,3,1.17
LN01376,57940.72,56816.36,-2.0,0,0.98
LN01377,69439.56,56559.9,5.5,1,0.81
LN01378,98567.48,74099.71,11.11111111111111,2,0.75
LN01379,43658.020000000004,53997.39,18.0,3,1.24
LN01380,127011.63,155898.47,10.0,3,1.23
LN01381,66998.95,89434.42,1.625,0,1.33
LN01382,43125.93,39638.63,0.0,0,0.92
LN01383,116009.74,136692.01,10.5,4,1.18
LN01384,103421.22,89615.89,3.25,0,0.87
LN01385,89713.33,78114.25,5.0,1,0.87
LN01386,102044.70999999999,84856.79000000001,11.625,2,0.83
LN01387,73618.09,67585.09,0.75,0,0.92
LN01388,76133.88,67217.94,5.0,1,0.88
LN01389,93582.20999999999,60646.93,15.142857142857142,3,0.65
LN01390,72914.66,80972.38,3.2857142857142856,0,1.11
LN01391,20519.78,50543.35,11.0,1,2.46
LN01392,91447.74,83082.97,8.571428571428571,1,0.91
LN01393,24079.09,20596.85,3.3333333333333335,0,0.86
LN01394,143342.38,173804.69,7.933333333333334,3,1.21
LN01395,96906.19,66692.17000000001,7.0,2,0.69
LN01396,103176.98,109406.06,5.0,1,1.06
LN01397,65812.4,76760.09,7.142857142857143,1,1.17
LN01398,95576.81999999999,89494.23,13.666666666666666,3,0.94
LN01399,114190.53,84063.06,10.3,3,0.74
LN01400,29770.82,46030.84,8.0,1,1.55
LN01401,88679.37999999999,89945.32,9.125,2,1.01
LN01402,130587.47,91643.39,11.454545454545455,4,0.7
LN01403,130614.76,96019.4,10.9,3,0.74
LN01404,132803.9,102917.6,8.6,1,0.77
LN01405,90092.95,67729.7,7.666666666666667,1,0.75
LN01406,65933.31,45805.74,8.25,0,0.69
LN01407,50536.22,66619.57,4.285714285714286,1,1.32
LN01408,82598.61,71725.87,4.142857142857143,0,0.87
LN01409,92006.65,72416.31,5.375,1,0.79
LN01410,43337.52,49911.61,2.6,0,1.15
LN01411,149788.34,108401.51,19.166666666666668,7,0.72
LN01412,51350.32,67571.52,15.5,3,1.32
LN01413,102420.73999999999,94506.53,9.222222222222221,2,0.92
LN01414,78036.47,78467.42,6.142857142857143,1,1.01
LN01415,50851.0,57606.89,1.6666666666666667,0,1.13
LN01416,126449.72,129831.17,12.0,3,1.03
LN01417,94313.09,135475.59,3.0,0,1.44
LN01418,47348.07,22244.17,1.0,0,0.47
LN01419,23978.530000000002,36278.89,0.0,0,1.51
LN01420,62612.990000000005,45530.26,0.75,0,0.73
LN01421,109191.70000000001,121222.3,10.222222222222221,2,1.11
LN01422,48724.68,57149.18,12.0,2,1.17
LN01423,21589.68,20920.77,6.5,0,0.97
LN01424,83651.73000000001,72520.6,6.0,1,0.87
LN01425,46616.66,59234.29,6.142857142857143,1,1.27
LN01426,118143.12,123284.83,9.3,2,1.04
LN01427,83822.39,70582.78,7.0,1,0.84
LN01428,77928.38,96770.19,12.857142857142858,2,1.24
LN01429,42236.02,77291.72,8.571428571428571,1,1.83
LN01430,41810.89,75184.42,1.0,0,1.8
LN01431,47243.17,53989.45,2.25,0,1.14
LN01432,29616.42,63085.25,8.0,1,2.13
LN01433,69793.06999999999,64729.990000000005,4.142857142857143,0,0.93
LN01434,54662.76,75147.99,4.0,0,1.37
LN01435,106192.31,128586.84,7.777777777777778,1,1.21
LN01436,58707.72,33226.71,0.6,0,0.57
LN01437,121364.45,114486.17,6.0,1,0.94
LN01438,57307.6,34101.97,5.2,0,0.6
LN01439,117545.58,72606.73,6.9,1,0.62
LN01440,89306.57,51789.61,8.571428571428571,1,0.58
LN01441,56230.520000000004,55491.81,4.285714285714286,1,0.99
LN01442,58644.69,28147.08,16.0,2,0.48
LN01443,77407.45,43313.55,2.6,0,0.56
LN01444,69755.08,69264.84,5.5,1,0.99
LN01445,33141.81,35221.12,10.75,1,1.06
LN01446,54836.11,38748.15,11.2,1,0.71
LN01447,111983.84,111110.45,4.3,1,0.99
LN01448,76886.95,73691.07,0.8571428571428571,0,0.96
LN01449,76562.37999999999,66873.08,9.0,2,0.87
LN01450,73469.88,79284.66,0.75,0,1.08
LN01451,39080.57,40178.91,3.0,0,1.03
LN01452,95155.68,119888.13,7.666666666666667,2,1.26
LN01453,51091.840000000004,63085.02,8.0,1,1.23
LN01454,38612.2,60901.32000000001,8.6,1,1.58
LN01455,28418.260000000002,28627.62,13.333333333333334,1,1.01
LN01456,81018.24,71097.27,1.5,0,0.88
LN01457,21802.93,8561.949999999999,16.5,1,0.39
LN01458,73639.51,74340.03,7.875,2,1.01
LN01459,53023.78,63839.520000000004,2.1666666666666665,0,1.2
LN01460,39643.87,58698.22,0.0,0,1.48
LN01461,150795.26,129878.0,3.3076923076923075,1,0.86
LN01462,90265.73,71434.35,10.0,2,0.79
LN01463,23518.29,47777.79,1.5,0,2.03
LN01464,42846.24,37156.1,9.0,1,0.87
LN01465,79648.87,97755.44,6.222222222222222,1,1.23
LN01466,51677.16,63160.18,6.0,1,1.22
LN01467,68325.35,50516.29,14.0,2,0.74
LN01468,104586.66,127347.05,6.25,1,1.22
LN01469,73157.48,62311.84,4.833333333333333,0,0.85
LN01470,67133.04000000001,57414.07,7.166666666666667,1,0.86
LN01471,58448.55,60250.73,1.8571428571428572,0,1.03
LN01472,75488.06,53090.92,4.714285714285714,1,0.7
LN01473,58394.45,40151.509999999995,14.6,2,0.69
LN01474,99273.45999999999,112511.7,5.3,0,1.13
LN01475,92613.42,84021.66,13.25,3,0.91
LN01476,52080.490000000005,47911.06,2.6,0,0.92
LN01477,46406.33,51136.9,3.25,0,1.1
LN01478,66299.51,72568.32,1.0,0,1.09
LN01479,51251.020000000004,63059.17,15.714285714285714,3,1.23
LN01480,70189.16,71476.06999999999,9.857142857142858,2,1.02
LN01481,39235.130000000005,29261.69,10.0,1,0.75
LN01482,76556.09,74361.72,2.6666666666666665,0,0.97
LN01483,51304.76,70093.02,1.6666666666666667,0,1.37
LN01484,84164.26999999999,50645.85,5.5,1,0.6
LN01485,81856.01,106988.79,4.5,0,1.31
LN01486,36561.83,23162.12,2.0,0,0.63
LN01487,82101.16,94495.49,6.25,1,1.15
LN01488,81631.65,68796.95,10.0,2,0.84
LN01489,46222.81,71969.06,11.0,2,1.56
LN01490,157473.51,114793.66,6.833333333333333,1,0.73
LN01491,64882.14,54541.65,10.6,1,0.84
LN01492,98072.28,130348.95999999999,7.545454545454546,2,1.33
LN01493,109099.63,112308.32,8.727272727272727,2,1.03
LN01494,86434.51999999999,79683.67,6.25,1,0.92
LN01495,92843.85,94680.78,5.888888888888889,1,1.02
LN01496,82264.66,92521.67,3.25,0,1.12
LN01497,70062.04000000001,52493.11,15.5,3,0.75
LN01498,40447.62,47792.37,4.285714285714286,0,1.18
LN01499,114093.8,104299.45,10.666666666666666,3,0.91
LN01500,93895.36,111342.58,9.090909090909092,3,1.19
LN01501,75887.67,68651.89,7.166666666666667,1,0.9
LN01502,72489.58,94500.15,8.625,2,1.3
LN01503,114515.99,60355.39,7.875,1,0.53
LN01504,77460.17,65179.36,3.75,0,0.84
LN01505,136756.39,135531.89,7.75,2,0.99
LN01506,86951.84,84071.2,2.0,0,0.97
LN01507,126955.59,116363.45999999999,3.6363636363636362,0,0.92
LN01508,51938.37,61910.71000000001,6.0,1,1.19
LN01509,65032.13,58682.56,2.1666666666666665,0,0.9
LN01510,50427.34,48631.86,8.0,1,0.96
LN01511,87258.93,106906.13,6.25,1,1.23
LN01512,36572.24,44459.850000000006,14.6,2,1.22
LN01513,81320.37,94662.72,2.3,0,1.16
LN01514,83175.01,77220.22,10.0,2,0.93
LN01515,92868.9,98253.77,5.0,0,1.06
LN01516,87412.37,107929.5,9.0,2,1.23
LN01517,61534.54,111751.79000000001,8.88888888888889,2,1.82
LN01518,82498.32,84574.39,1.5,0,1.03
LN01519,60013.96,28798.07,2.0,0,0.48
LN01520,66945.64,47376.509999999995,7.2,1,0.71
LN01521,73013.34,57325.01,0.42857142857142855,0,0.79
LN01522,86112.09,145913.72,3.909090909090909,0,1.69
LN01523,89213.7,77054.13,13.285714285714286,3,0.86
LN01524,42010.94,76218.15,1.7142857142857142,0,1.81
LN01525,87454.91,109289.2,9.5,2,1.25
LN01526,104732.69,96518.15,1.625,0,0.92
LN01527,29081.260000000002,76795.86,6.5,1,2.64
LN01528,148394.62,148472.01,5.733333333333333,1,1.0
LN01529,72688.53,64359.22,12.857142857142858,3,0.89
LN01530,52181.85,50259.100000000006,10.428571428571429,2,0.96
LN01531,122881.21,113511.53,4.818181818181818,1,0.92
LN01532,80925.01,74137.72,16.142857142857142,3,0.92
LN01533,46612.27,57136.97,2.6,0,1.23
LN01534,124729.1,120974.63,5.076923076923077,1,0.97
LN01535,107332.27,131394.28,3.0,0,1.22
LN01536,72723.04000000001,52560.28,6.0,1,0.72
LN01537,117838.13,92477.64,7.0,2,0.78
LN01538,64850.92,112079.06,10.75,2,1.73
LN01539,36496.5,49953.36,2.5,0,1.37
LN01540,118692.42,83385.3,6.125,1,0.7
LN01541,65379.979999999996,90679.63,12.857142857142858,3,1.39
LN01542,78870.48999999999,99952.25,11.125,2,1.27
LN01543,70025.8,73716.16,5.714285714285714,1,1.05
LN01544,85199.68,127376.6,2.0,0,1.5
LN01545,68228.24,93520.61,9.5,2,1.37
LN01546,135004.65,136729.17,7.818181818181818,2,1.01
LN01547,89987.76000000001,61699.13,6.571428571428571,1,0.69
LN01548,56638.23,44924.38,10.75,1,0.79
LN01549,119692.6,73086.93,5.555555555555555,1,0.61
LN01550,49684.45,54743.31,15.0,2,1.1
LN01551,26589.190000000002,35265.75,4.0,0,1.33
LN01552,66005.73,84455.65,3.6666666666666665,1,1.28
LN01553,129571.26,91570.74,7.545454545454546,2,0.71
LN01554,74414.18,90023.01000000001,12.166666666666666,2,1.21
LN01555,75298.44,75934.31,2.375,0,1.01
LN01556,53070.34,30470.530000000002,7.5,1,0.57
LN01557,41253.33,38130.840000000004,0.75,0,0.92
LN01558,53722.3,72890.55,4.285714285714286,0,1.36
LN01559,107722.37,130718.65,8.0,1,1.21
LN01560,93686.91,75180.16,8.25,2,0.8
LN01561,66718.6,71796.23,5.142857142857143,1,1.08
LN01562,92045.52,86163.27,4.5,1,0.94
LN01563,91070.86,93486.56999999999,9.555555555555555,2,1.03
LN01564,74009.32,76858.3,7.571428571428571,1,1.04
LN01565,54166.799999999996,88749.25,10.5,2,1.64
LN01566,114630.44,126727.48,9.363636363636363,3,1.11
LN01567,42957.3,44642.69,8.0,1,1.04
LN01568,122746.58,108869.12999999999,4.7272727272727275,1,0.89
LN01569,84695.01000000001,84364.59,8.11111111111111,2,1.0
LN01570,49047.83,78245.45,5.142857142857143,1,1.6
LN01571,74295.23,92030.09,2.888888888888889,0,1.24
LN01572,109346.41,129556.33,6.3,1,1.18
LN01573,97031.35,91392.19,5.375,1,0.94
LN01574,77900.6,74862.96,8.571428571428571,2,0.96
LN01575,76163.63,84134.61,2.2857142857142856,0,1.1
LN01576,64926.39,69479.63,9.333333333333334,1,1.07
LN01577,32232.3,27534.309999999998,9.0,1,0.85
LN01578,99042.95999999999,88578.64,9.083333333333334,3,0.89
LN01579,86734.37,88128.33,6.142857142857143,1,1.02
LN01580,62107.490000000005,52160.66,3.25,0,0.84
LN01581,113082.47,113834.54000000001,14.545454545454545,4,1.01
LN01582,74894.46,107682.62,1.8571428571428572,0,1.44
LN01583,102143.28,76418.89,13.25,3,0.75
LN01584,118528.29000000001,100312.69,12.555555555555555,3,0.85
LN01585,62774.75,82180.58,6.25,1,1.31
LN01586,41962.729999999996,20010.16,13.333333333333334,1,0.48
LN01587,31576.36,64867.79,6.6,1,2.05
LN01588,89800.33,86453.65,10.6,3,0.96
LN01589,81862.88,86016.51,6.625,1,1.05
LN01590,122901.43000000001,146182.03,9.166666666666666,3,1.19
LN01591,44796.02,39879.95,4.0,0,0.89
LN01592,146415.74,104223.79000000001,7.545454545454546,2,0.71
LN01593,106408.42,100814.68,9.416666666666666,3,0.95
LN01594,13880.07,38575.61,0.0,0,2.78
LN01595,90292.83,90283.81,4.777777777777778,0,1.0
LN01596,64207.17,104487.29,5.375,1,1.63
LN01597,50222.94,65847.62,8.333333333333334,1,1.31
LN01598,125195.53,94246.59,4.818181818181818,3,0.75
LN01599,34716.17,28158.41,3.25,0,0.81
LN01600,45753.01,15680.35,4.0,0,0.34
LN01601,43209.63,83044.94,3.6666666666666665,0,1.92
LN01602,92091.18,101460.54000000001,10.333333333333334,3,1.1
LN01603,91992.47,128125.89,10.25,3,1.39
LN01604,89420.8,92156.86,10.6,5,1.03
LN01605,109910.17,97963.03,5.0,1,0.89
LN01606,74206.04,82208.69,6.571428571428571,1,1.11
LN01607,83417.68000000001,63832.81,1.7142857142857142,0,0.77
LN01608,2566.03,19496.92,10.0,0,7.6
LN01609,56768.51,52504.28,6.666666666666667,1,0.92
LN01610,64772.07,55873.03,10.0,1,0.86
LN01611,26293.370000000003,52876.78999999999,7.5,1,2.01
LN01612,99177.25,115127.1,4.181818181818182,1,1.16
LN01613,34488.93,59529.630000000005,11.5,2,1.73
LN01614,108308.66,115825.38,5.111111111111111,1,1.07
LN01615,108686.88,73840.04,0.3,0,0.68
LN01616,25527.61,17180.829999999998,15.0,1,0.67
LN01617,76499.57,83481.64,2.0,0,1.09
LN01618,125470.3,126005.69,10.272727272727273,3,1.0
LN01619,70562.85,82569.81,7.571428571428571,1,1.17
LN01620,108199.8,81927.05,3.2222222222222223,0,0.76
LN01621,76847.34,93307.0,16.625,4,1.21
LN01622,102521.94,68407.76000000001,6.666666666666667,2,0.67
LN01623,119542.85,107700.85,5.3,1,0.9
LN01624,97042.64,58571.61,14.125,3,0.6
LN01625,83443.79000000001,74221.0,8.833333333333334,1,0.89
LN01626,25292.21,43787.45,8.25,1,1.73
LN01627,77663.27,70817.28,5.75,1,0.91
LN01628,130787.65,120905.43,6.909090909090909,2,0.92
LN01629,94446.34,86513.79,11.857142857142858,2,0.92
LN01630,126040.26,127630.45999999999,9.636363636363637,3,1.01
LN01631,89108.83,54197.23,6.25,1,0.61
LN01632,103384.87,108461.98000000001,5.555555555555555,3,1.05
LN01633,84437.84,64009.99,9.428571428571429,2,0.76
LN01634,38752.95,79099.62,14.714285714285714,3,2.04
LN01635,26362.37,10626.880000000001,3.3333333333333335,0,0.4
LN01636,1422.03,10899.26,0.0,0,7.66
LN01637,58350.14,33652.83,16.0,2,0.58
LN01638,64501.67,85210.56,8.11111111111111,2,1.32
LN01639,54168.939999999995,52117.38,10.0,1,0.96
LN01640,99893.95,103916.94,8.444444444444445,2,1.04
LN01641,49422.740000000005,58450.31,3.25,0,1.18
LN01642,76519.23,72468.21,11.25,3,0.95
LN01643,77437.98,77512.13,12.11111111111111,3,1.0
LN01644,90388.92,103843.55,8.444444444444445,2,1.15
LN01645,9452.7,15281.27,5.0,0,1.62
LN01646,88174.89,64384.59,9.222222222222221,2,0.73
LN01647,17180.5,29909.5,13.333333333333334,1,1.74
LN01648,49407.25,56554.51,12.166666666666666,2,1.14
LN01649,160872.8,170068.01,7.066666666666666,3,1.06
LN01650,108335.97,91349.96,10.6,3,0.84
LN01651,91439.86,109687.12,2.111111111111111,0,1.2
LN01652,72439.08,47530.74,11.666666666666666,2,0.66
LN01653,57363.03,94259.15000000001,9.0,2,1.64
LN01654,116731.62000000001,111659.93,7.6,2,0.96
LN01655,107340.07,105863.04,4.125,1,0.99
LN01656,41104.83,43676.92,9.0,1,1.06
LN01657,90983.94,73486.05,9.222222222222221,2,0.81
LN01658,79322.34,67401.01,5.375,1,0.85
LN01659,52967.950000000004,59748.94,12.0,2,1.13
LN01660,53302.88,37796.64,7.5,1,0.71
LN01661,93431.33,115251.43,8.0,2,1.23
LN01662,61755.9,56559.0,2.857142857142857,0,0.92
LN01663,63318.9,46861.4,9.333333333333334,1,0.74
LN01664,84879.78,63271.35,5.5,1,0.75
LN01665,89992.74,76271.43,8.25,2,0.85
LN01666,26269.3,52668.74,2.5,0,2.0
LN01667,154567.32,111852.89,11.76923076923077,5,0.72
LN01668,64809.06,64104.66,10.0,2,0.99
LN01669,42963.0,35923.74,3.25,0,0.84
LN01670,39672.42,52059.17,1.2,0,1.31
LN01671,60409.13,88316.29000000001,3.142857142857143,0,1.46
LN01672,50509.9,48173.020000000004,0.0,0,0.95
LN01673,89479.84,71485.5,9.5,2,0.8
LN01674,117574.44,124355.51,1.1818181818181819,0,1.06
LN01675,88872.46,96483.35,10.0,3,1.09
LN01676,102079.88,114253.06,9.0,2,1.12
LN01677,75228.36,70518.9,6.555555555555555,1,0.94
LN01678,118628.21,127767.61,1.8333333333333333,0,1.08
LN01679,70834.19,58293.619999999995,15.0,3,0.82
LN01680,51518.369999999995,68116.22,8.571428571428571,2,1.32
LN01681,107824.89,139873.48,5.833333333333333,2,1.3
LN01682,54606.18,25777.91,10.0,1,0.47
LN01683,99977.6,110617.43,1.3,0,1.11
LN01684,67055.17,26007.399999999998,16.0,2,0.39
LN01685,92968.37,99838.27,8.11111111111111,2,1.07
LN01686,111534.48,128458.03,4.166666666666667,0,1.15
LN01687,90201.65,123637.31,4.454545454545454,1,1.37
LN01688,85191.86,84607.76000000001,9.5,2,0.99
LN01689,37826.7,54496.5,3.2,0,1.44
LN01690,136462.62,122018.91,6.25,2,0.89
LN01691,121378.78,98905.39,6.909090909090909,1,0.81
LN01692,35602.25,24238.43,11.0,1,0.68
LN01693,96065.01000000001,83664.99,7.9,2,0.87
LN01694,70960.66,74278.2,1.4285714285714286,0,1.05
LN01695,70686.62,60286.42,9.0,2,0.85
LN01696,92754.04999999999,101652.18000000001,4.545454545454546,1,1.1
LN01697,27535.760000000002,55317.619999999995,7.5,0,2.01
LN01698,63760.229999999996,64203.130000000005,3.2857142857142856,0,1.01
LN01699,127808.73,101107.13,9.083333333333334,3,0.79
LN01700,127127.46,93464.42000000001,5.166666666666667,1,0.74
LN01701,50134.740000000005,54913.630000000005,15.0,2,1.1
LN01702,53603.86,53934.93,5.5,1,1.01
LN01703,75674.73,72271.45,3.7142857142857144,0,0.96
LN01704,69032.13,60039.65,15.0,2,0.87
LN01705,68615.82,61728.83,6.666666666666667,1,0.9
LN01706,4967.57,4218.53,3.0,0,0.85
LN01707,41460.01,61250.29,16.0,2,1.48
LN01708,82337.98999999999,95753.11,9.0,1,1.16
LN01709,76794.26,74512.21,9.0,2,0.97
LN01710,118326.91,77889.15,5.0,1,0.66
LN01711,61092.81,42017.33,15.0,1,0.69
LN01712,38077.54,57899.61,5.0,0,1.52
LN01713,92315.88,78985.26000000001,11.285714285714286,2,0.86
LN01714,35131.009999999995,61161.78,7.5,1,1.74
LN01715,107036.96,125098.03,15.090909090909092,5,1.17
LN01716,108079.77,101084.41,7.0,1,0.94
LN01717,54793.5,35845.74,10.0,1,0.65
LN01718,151494.65,159855.52,4.0,1,1.06
LN01719,43806.520000000004,43466.05,20.0,2,0.99
LN01720,67848.94,113949.5,17.875,4,1.68
LN01721,57278.78,47478.64,1.2,0,0.83
LN01722,72516.65,82310.23,9.875,2,1.14
LN01723,39619.46,44199.479999999996,17.5,2,1.12
LN01724,99228.89,101348.95,4.0,1,1.02
LN01725,123188.0,128267.85,9.666666666666666,3,1.04
LN01726,56732.03,32254.66,2.0,0,0.57
LN01727,129289.44,147105.14,5.5,1,1.14
LN01728,99107.1,86415.0,6.625,1,0.87
LN01729,44532.19,42082.96,10.75,1,0.95
LN01730,44633.55,88584.27,10.428571428571429,2,1.98
LN01731,54068.21,65584.7,6.625,1,1.21
LN01732,65717.43,71098.27,4.6,0,1.08
LN01733,79662.75,75280.63,12.375,3,0.94
LN01734,68655.64,76156.04,15.555555555555555,4,1.11
LN01735,96021.07,79548.74,8.625,1,0.83
LN01736,33051.49,27122.48,0.0,0,0.82
LN01737,121690.89,67985.45,4.125,0,0.56
LN01738,74936.86,67219.64,7.142857142857143,1,0.9
LN01739,97219.26000000001,79201.04000000001,9.125,2,0.81
LN01740,33689.11,36599.770000000004,2.5,0,1.09
LN01741,66097.24,90570.34,8.75,2,1.37
LN01742,55866.81,39222.44,20.0,2,0.7
LN01743,55638.67,75914.39,4.714285714285714,0,1.36
LN01744,27516.579999999998,42434.94,15.0,2,1.54
LN01745,16911.74,29149.07,10.0,0,1.72
LN01746,85774.43000000001,76280.0,0.8571428571428571,0,0.89
LN01747,63065.08,80629.18,9.555555555555555,2,1.28
LN01748,146420.78,106950.72,10.333333333333334,3,0.73
LN01749,27128.27,70934.02,1.2,0,2.61
LN01750,73319.95999999999,126384.67,0.6666666666666666,0,1.72
LN01751,42983.49,24316.36,2.5,0,0.57
LN01752,78897.51000000001,74169.67,5.0,1,0.94
LN01753,69428.82,67257.3,12.166666666666666,2,0.97
LN01754,66169.32999999999,68256.86,9.333333333333334,1,1.03
LN01755,62220.47,64393.350000000006,2.6666666666666665,0,1.03
LN01756,40678.44,39160.4,21.0,2,0.96
LN01757,24804.03,7294.85,0.0,0,0.29
LN01758,52159.2,61331.85,8.333333333333334,1,1.18
LN01759,31329.61,34015.25,2.0,0,1.09
LN01760,65326.22,70801.74,15.5,3,1.08
LN01761,180477.32,165766.26,8.461538461538462,3,0.92
LN01762,32368.96,27234.71,15.0,1,0.84
LN01763,86950.88,99778.62,4.9,1,1.15
LN01764,45102.93,84044.0,10.6,1,1.86
LN01765,84271.5,64168.87,5.5,1,0.76
LN01766,51214.64,18737.25,6.6,1,0.37
LN01767,16643.88,15607.939999999999,1.5,0,0.94
LN01768,57589.009999999995,45366.71000000001,10.857142857142858,2,0.79
LN01769,81471.79000000001,97382.17,2.2222222222222223,0,1.2
LN01770,107604.98000000001,94664.5,1.625,2,0.88
LN01771,82504.32,62662.46,14.0,2,0.76
LN01772,111948.97,112760.38,6.3,2,1.01
LN01773,54849.18,67522.54000000001,5.714285714285714,1,1.23
LN01774,62114.48,81603.92,12.428571428571429,3,1.31
LN01775,139741.63,122289.33,4.666666666666667,1,0.88
LN01776,82673.33,101060.51000000001,7.0,1,1.22
LN01777,61675.3,74690.25,8.0,1,1.21
LN01778,64944.22,70801.18000000001,5.142857142857143,1,1.09
LN01779,48834.01,73267.06999999999,10.0,1,1.5
LN01780,144162.22,96832.24,7.818181818181818,2,0.67
LN01781,94649.01,120402.61,13.0,4,1.27
LN01782,82662.26000000001,46033.58,8.0,1,0.56
LN01783,100439.91,120541.3,7.333333333333333,1,1.2
LN01784,100417.4,107640.96,3.9,1,1.07
LN01785,112857.52,90410.93,5.888888888888889,1,0.8
LN01786,101383.22,120973.67,1.0,0,1.19
LN01787,85942.92,63467.76,13.285714285714286,3,0.74
LN01788,50030.83,53743.8,7.5,1,1.07
LN01789,63247.119999999995,47334.73,10.0,1,0.75
LN01790,101746.16,142816.19,6.0,1,1.4
LN01791,128968.12000000001,136193.57,9.416666666666666,3,1.06
LN01792,91045.59,112792.16,6.222222222222222,1,1.24
LN01793,59262.729999999996,53199.1,12.6,2,0.9
LN01794,77760.56999999999,53972.83,12.875,3,0.69
LN01795,64496.2,54729.549999999996,14.285714285714286,3,0.85
LN01796,53126.119999999995,71580.63,6.6,0,1.35
LN01797,55596.11,82551.41,14.285714285714286,3,1.48
LN01798,148835.44,138095.15,2.4615384615384617,0,0.93
LN01799,74500.02,66622.27,8.571428571428571,2,0.89
LN01800,39434.29,30566.86,1.5,0,0.78
LN01801,44064.95,62006.49,4.6,0,1.41
LN01802,51989.49,41467.92,2.5,0,0.8
LN01803,101711.83,74804.58,6.222222222222222,1,0.74
LN01804,106596.16,105972.78,5.555555555555555,1,0.99
LN01805,34287.74,54299.35,23.25,3,1.58
LN01806,56866.090000000004,52036.729999999996,16.666666666666668,3,0.92
LN01807,106765.81999999999,84115.03,4.181818181818182,0,0.79
LN01808,133242.9,95027.99,6.0,2,0.71
LN01809,103331.16,136055.69,6.083333333333333,2,1.32
LN01810,95197.48,117876.81,18.75,5,1.24
LN01811,83073.28,144767.33,6.909090909090909,1,1.74
LN01812,126540.34000000001,126151.24,4.181818181818182,1,1.0
LN01813,22693.35,52165.18,15.75,2,2.3
LN01814,44789.11,36022.24,13.2,2,0.8
LN01815,35939.21,6557.07,2.0,0,0.18
LN01816,91540.94,84671.21,6.363636363636363,1,0.92
LN01817,52344.54,42094.520000000004,15.0,2,0.8
LN01818,105099.28,99333.43,8.11111111111111,2,0.95
LN01819,90056.37,68444.56,4.125,1,0.76
LN01820,55760.41,54424.310000000005,13.2,2,0.98
LN01821,93370.72,97356.85,4.0,1,1.04
LN01822,149478.09,88665.2,7.454545454545454,2,0.59
LN01823,86368.52,71610.52,5.571428571428571,1,0.83
LN01824,69685.15,73418.94,1.25,0,1.05
LN01825,56792.09,65313.850000000006,6.6,1,1.15
LN01826,68449.37,73773.18,11.625,3,1.08
LN01827,106727.35,110910.24,8.11111111111111,1,1.04
LN01828,71287.08,54355.479999999996,3.3333333333333335,0,0.76
LN01829,41283.89,45952.44,12.5,1,1.11
LN01830,71533.08,66340.41,12.0,3,0.93
LN01831,70300.51,69641.01,12.166666666666666,2,0.99
LN01832,37084.92,61273.43,0.6,0,1.65
LN01833,102776.46,85286.90000000001,8.0,2,0.83
LN01834,42469.72,20285.379999999997,6.666666666666667,0,0.48
LN01835,100150.31,143132.55,8.583333333333334,3,1.43
LN01836,107134.1,84088.95,8.777777777777779,2,0.78
LN01837,97513.7,88162.26999999999,3.25,0,0.9
LN01838,96258.04,106195.31999999999,4.333333333333333,0,1.1
LN01839,124687.43,130297.84,8.384615384615385,3,1.04
LN01840,103202.78,100505.31,8.454545454545455,2,0.97
LN01841,64177.01,88133.21,5.375,1,1.37
LN01842,84004.66,72366.83,10.0,2,0.86
LN01843,114678.81,64140.08,9.125,2,0.56
LN01844,71570.75,64420.89,10.5,2,0.9
LN01845,68573.0,74489.28,5.142857142857143,1,1.09
LN01846,83823.12,51907.630000000005,4.5,1,0.62
LN01847,130671.52,124721.01,5.25,1,0.95
LN01848,62277.0,78216.61,8.166666666666666,1,1.26
LN01849,83212.39,89094.76,7.571428571428571,1,1.07
LN01850,48533.47,57354.94,8.6,1,1.18
LN01851,87484.97,117757.77,7.3,2,1.35
LN01852,109489.85,104543.02,2.6,0,0.95
LN01853,62797.22,74032.21,2.1666666666666665,0,1.18
LN01854,109030.35,83512.32,9.125,2,0.77
LN01855,59002.94,55343.770000000004,10.0,2,0.94
LN01856,141423.81,142095.05,11.875,5,1.0
LN01857,67103.01,81949.84,16.25,4,1.22
LN01858,111575.89,140994.27,9.083333333333334,3,1.26
LN01859,63008.93,52411.93,3.2,0,0.83
LN01860,122333.65999999999,110424.98,5.454545454545454,2,0.9
LN01861,63545.28999999999,66341.31,12.166666666666666,2,1.04
LN01862,64885.020000000004,65012.09,12.0,1,1.0
LN01863,126731.33,158605.38999999998,6.4,2,1.25
LN01864,53999.32,28592.03,8.0,1,0.53
LN01865,115496.82,158869.95,8.833333333333334,2,1.38
LN01866,68713.82,76179.65,2.2857142857142856,0,1.11
LN01867,91456.26000000001,93099.6,7.0,1,1.02
LN01868,42149.83,65454.33,12.6,2,1.55
LN01869,86080.87,136584.66,12.6,3,1.59
LN01870,53082.86,59919.240000000005,8.25,0,1.13
LN01871,38097.7,58139.51,3.1666666666666665,0,1.53
LN01872,96913.2,91518.34,6.0,2,0.94
LN01873,67953.86,70760.71,0.0,0,1.04
LN01874,83700.53,70914.52,16.25,4,0.85
LN01875,116500.03,92195.39,10.6,3,0.79
LN01876,31847.83,52689.75,10.75,1,1.65
LN01877,114285.48,125734.59,4.666666666666667,1,1.1
LN01878,89078.89,73890.45,2.5,0,0.83
LN01879,89176.68,77595.57,5.5,1,0.87
LN01880,84243.57,66710.36,8.11111111111111,2,0.79
LN01881,79584.26,89387.79000000001,6.25,2,1.12
LN01882,74794.14,88293.03,6.3,1,1.18
LN01883,52654.69,65694.82,8.0,1,1.25
LN01884,96081.17000000001,91329.72,4.125,1,0.95
LN01885,45632.350000000006,60136.94,12.5,1,1.32
LN01886,86566.77,93072.22,10.666666666666666,3,1.08
LN01887,119519.18,144949.3,11.454545454545455,3,1.21
LN01888,149942.64,171366.7,3.5384615384615383,1,1.14
LN01889,148813.66,132884.98,4.083333333333333,1,0.89
LN01890,41393.899999999994,57660.92,4.6,0,1.39
LN01891,95745.88,57774.02,6.5,1,0.6
LN01892,108904.83,99889.43,6.909090909090909,2,0.92
LN01893,96646.94,88818.91,3.25,0,0.92
LN01894,43504.02,66527.84,0.5,0,1.53
LN01895,108689.57,171820.21,9.666666666666666,3,1.58
LN01896,158083.15,124538.28,4.538461538461538,1,0.79
LN01897,60561.06,104546.34,12.5,3,1.73
LN01898,48619.34,44407.840000000004,6.6,1,0.91
LN01899,103159.8,81385.8,10.333333333333334,3,0.79
LN01900,112677.28,133270.02000000002,7.6,2,1.18
LN01901,61097.64,56643.4,5.714285714285714,1,0.93
LN01902,122246.33,105999.93,5.090909090909091,1,0.87
LN01903,80924.05,65399.14,1.0,0,0.81
LN01904,82574.24,125811.0,11.3,3,1.52
LN01905,69362.24,61222.47,2.0,0,0.88
LN01906,76524.29000000001,72256.45999999999,14.285714285714286,3,0.94
LN01907,63933.7,68238.32,1.6666666666666667,0,1.07
LN01908,109659.95999999999,110041.34,4.2,1,1.0
LN01909,122159.9,123319.09,8.11111111111111,2,1.01
LN01910,66896.1,57573.08,5.75,1,0.86
LN01911,108143.43,85051.54000000001,8.9,2,0.79
LN01912,42672.03,61756.27,8.0,1,1.45
LN01913,89654.25,56239.61,6.142857142857143,1,0.63
LN01914,75174.12,83865.76,9.125,2,1.12
LN01915,76599.64,99377.95,1.4444444444444444,0,1.3
LN01916,69036.36,74019.65,10.0,1,1.07
LN01917,139402.97,130717.38,7.153846153846154,2,0.94
LN01918,75657.87,69041.48999999999,11.857142857142858,2,0.91
LN01919,76683.51999999999,77486.52,8.25,1,1.01
LN01920,33472.9,27054.09,10.5,2,0.81
LN01921,85351.33,89378.35,8.75,2,1.05
LN01922,83978.37,94851.44,7.0,1,1.13
LN01923,99244.79999999999,84963.35,5.25,1,0.86
LN01924,69302.33,73065.53,2.6666666666666665,0,1.05
LN01925,91184.11,116052.47,7.181818181818182,2,1.27
LN01926,82751.32,84989.33,9.428571428571429,2,1.03
LN01927,70897.04,98314.55,6.625,1,1.39
LN01928,41279.29,29985.61,5.0,0,0.73
LN01929,90365.4,111489.94,7.3,2,1.23
LN01930,80136.76000000001,110791.39,6.142857142857143,1,1.38
LN01931,74350.43000000001,72648.09,9.0,2,0.98
LN01932,82132.98000000001,73006.95999999999,3.625,0,0.89
LN01933,103066.26,104254.93,3.6666666666666665,1,1.01
LN01934,66081.25,68662.01,13.833333333333334,2,1.04
LN01935,39158.22,71417.41,10.0,2,1.82
LN01936,86988.85,80575.36,5.375,1,0.93
LN01937,71332.1,70940.86,15.714285714285714,3,0.99
LN01938,43514.56,51018.81,8.333333333333334,1,1.17
LN01939,48747.15,63495.159999999996,5.5,0,1.3
LN01940,113298.48000000001,90428.32,1.4545454545454546,0,0.8
LN01941,35384.1,49361.619999999995,5.0,0,1.4
LN01942,70592.33,80723.93,1.8571428571428572,0,1.14
LN01943,32676.420000000002,46478.16,8.25,1,1.42
LN01944,91678.77,97143.5,4.0,0,1.06
LN01945,145463.25,82486.98,4.916666666666667,1,0.57
LN01946,79933.58,53582.16,8.571428571428571,2,0.67
LN01947,79275.27,74810.2,0.8571428571428571,0,0.94
LN01948,75025.72,102929.84,4.5,1,1.37
LN01949,102948.65,100601.35,15.3,5,0.98
LN01950,33948.84,37220.869999999995,8.25,1,1.1
LN01951,97304.01000000001,128998.91,12.6,4,1.33
LN01952,138881.66,111958.55,5.363636363636363,1,0.81
LN01953,40189.270000000004,49839.58,7.666666666666667,1,1.24
LN01954,102024.84,83920.3,10.666666666666666,3,0.82
LN01955,62129.840000000004,68832.66,0.42857142857142855,0,1.11
LN01956,66784.02,73994.1,3.7142857142857144,0,1.11
LN01957,64471.64,53667.29,2.6,0,0.83
LN01958,129964.22,91808.16,8.454545454545455,2,0.71
LN01959,29171.24,16073.34,1.0,0,0.55
LN01960,64493.72,70158.45,10.0,2,1.09
LN01961,26803.260000000002,24117.809999999998,1.0,0,0.9
LN01962,72049.04,73754.56,5.5,1,1.02
LN01963,100843.26,85995.14,1.4444444444444444,0,0.85
LN01964,74388.17,97177.05,2.7142857142857144,0,1.31
LN01965,161623.11,147117.30000000002,6.076923076923077,2,0.91
LN01966,56105.700000000004,57069.97,7.5,1,1.02
LN01967,59252.45,81805.34,0.5,0,1.38
LN01968,61697.17999999999,59771.27,1.6666666666666667,0,0.97
LN01969,85434.20999999999,60393.19,11.857142857142858,2,0.71
LN01970,55235.77,67297.22,6.666666666666667,1,1.22
LN01971,35684.38,44594.48,5.0,0,1.25
LN01972,150106.85,136737.88,5.846153846153846,1,0.91
LN01973,63907.31,78301.82,-3.375,1,1.23
LN01974,58621.880000000005,71111.79000000001,0.42857142857142855,0,1.21
LN01975,72477.7,104195.38,7.333333333333333,2,1.44
LN01976,26654.42,44393.61,10.75,1,1.67
LN01977,66868.92,69169.37,12.714285714285714,2,1.03
LN01978,33514.56,50102.759999999995,20.0,3,1.49
LN01979,90616.65,106303.58,7.6,2,1.17
LN01980,20428.35,42126.81,10.0,1,2.06
LN01981,86059.03,155313.57,11.083333333333334,4,1.8
LN01982,45083.33,30106.47,13.333333333333334,1,0.67
LN01983,47920.270000000004,58652.149999999994,12.6,2,1.22
LN01984,40695.89,25092.39,20.0,2,0.62
LN01985,79796.31999999999,60987.62,8.571428571428571,1,0.76
LN01986,122572.92,98302.01000000001,6.666666666666667,0,0.8
LN01987,95909.29000000001,82782.95999999999,5.714285714285714,1,0.86
LN01988,15495.630000000001,51587.29,7.5,1,3.33
LN01989,82783.78,105577.45999999999,5.555555555555555,1,1.28
LN01990,71543.6,51268.2,3.3333333333333335,0,0.72
LN01991,35534.69,21575.04,20.0,2,0.61
LN01992,82097.52,96748.1,7.333333333333333,2,1.18
LN01993,97724.02,88356.31999999999,4.0,1,0.9
LN01994,110474.33,118567.89,6.25,2,1.07
LN01995,37203.33,57923.659999999996,1.2,0,1.56
LN01996,12928.45,13024.849999999999,20.0,1,1.01
LN01997,77898.16,84209.06,1.25,0,1.08
LN01998,66725.43,109059.46,10.0,2,1.63
LN01999,54381.07,49182.11,6.6,0,0.9
LN02000,108462.86,112929.63,7.6,2,1.04
LN02001,123082.08,183477.12,10.5,3,1.49
LN02002,85426.43,82569.08,7.5,1,0.97
LN02003,47940.520000000004,36647.72,10.5,2,0.76
LN02004,68703.52,56650.17999999999,14.142857142857142,3,0.82
LN02005,40755.32,49376.4,5.0,0,1.21
LN02006,89936.97,65332.08,10.0,2,0.73
LN02007,90580.5,86110.11,11.25,3,0.95
LN02008,120101.67,121391.63,6.3,1,1.01
LN02009,82372.64,66210.21,7.142857142857143,1,0.8
LN02010,112328.05,110593.65,7.0,1,0.98
LN02011,153716.06,132420.35,1.4615384615384615,0,0.86
LN02012,94693.08,47383.439999999995,7.875,2,0.5
LN02013,32086.489999999998,50722.42,12.0,2,1.58
LN02014,105770.03,61034.39,11.11111111111111,3,0.58
LN02015,164777.66,161840.03,8.133333333333333,3,0.98
LN02016,85995.61,118598.55,8.6,2,1.38
LN02017,64116.36,86842.13,1.4285714285714286,0,1.35
LN02018,113490.40000000001,95474.72,9.222222222222221,2,0.84
LN02019,89208.8,67930.83,12.857142857142858,3,0.76
LN02020,34817.35,54254.530000000006,7.2,1,1.56
LN02021,71941.59,104356.78,7.375,1,1.45
LN02022,58074.13,45484.869999999995,5.5,1,0.78
LN02023,86183.97,63021.12,7.666666666666667,1,0.73
LN02024,117107.72,88746.43,19.125,5,0.76
LN02025,31509.79,20437.08,1.5,0,0.65
LN02026,146936.88,161073.54,5.214285714285714,2,1.1
LN02027,140882.01,92772.19,8.5,2,0.66
LN02028,45490.33,52078.31,0.6,0,1.14
LN02029,112393.01999999999,104822.87,9.363636363636363,2,0.93
LN02030,68339.64,72071.43,4.777777777777778,1,1.05
LN02031,97378.19,111976.52,7.333333333333333,2,1.15
LN02032,64163.32,115235.31,5.888888888888889,1,1.8
LN02033,59441.46,31178.5,6.6,0,0.52
LN02034,104165.03,93154.70999999999,9.0,2,0.89
LN02035,133257.61,112228.38,9.153846153846153,3,0.84
LN02036,58536.78,33046.73,7.5,1,0.56
LN02037,112012.08,119275.35,10.0,2,1.06
LN02038,114902.58,117723.33,3.3,1,1.02
LN02039,38215.05,37927.68,3.25,0,0.99
LN02040,106589.85,132389.74,2.090909090909091,0,1.24
LN02041,129682.89,143943.45,8.833333333333334,3,1.11
LN02042,186126.78,142900.9,6.615384615384615,2,0.77
LN02043,55249.34,75519.48000000001,6.666666666666667,1,1.37
LN02044,95728.6,79619.09,6.571428571428571,1,0.83
LN02045,72011.06999999999,71194.45,10.428571428571429,2,0.99
LN02046,67979.22,74961.84,3.2857142857142856,0,1.1
LN02047,66078.88,70061.72,6.142857142857143,1,1.06
LN02048,84238.87,53082.09,8.333333333333334,1,0.63
LN02049,24808.38,24719.09,10.0,1,1.0
LN02050,46119.63,42477.939999999995,6.6,1,0.92
LN02051,71398.23,104249.31,9.222222222222221,2,1.46
LN02052,35599.99,44626.33,2.5,0,1.25
LN02053,56258.36,63610.42,6.0,0,1.13
LN02054,55262.96,24550.27,0.75,0,0.44
LN02055,91654.36,66069.56,5.571428571428571,0,0.72
LN02056,63091.83,97778.87000000001,3.75,1,1.55
LN02057,21810.489999999998,19017.3,1.5,0,0.87
LN02058,38190.16,67067.31,6.0,1,1.76
LN02059,73247.93,100078.3,2.1666666666666665,0,1.37
LN02060,93141.67,99351.6,6.9,2,1.07
LN02061,30790.86,29153.04,2.0,0,0.95
LN02062,74573.64,66752.31,7.166666666666667,1,0.9
LN02063,76986.7,92190.09000000001,5.375,1,1.2
LN02064,70816.4,55576.15,4.6,0,0.78
LN02065,95927.05,94168.56,3.6,0,0.98
LN02066,65362.67,82896.36,0.0,0,1.27
LN02067,81380.72,99796.65,9.3,2,1.23
LN02068,74575.20999999999,55305.61,7.571428571428571,1,0.74
LN02069,77381.91,79753.03,14.777777777777779,4,1.03
LN02070,63881.01,82930.33,9.6,2,1.3
LN02071,95826.43000000001,76318.69,2.5555555555555554,0,0.8
LN02072,79621.36,92382.31,7.0,1,1.16
LN02073,50705.92,47488.18000000001,9.2,1,0.94
LN02074,74103.8,87620.29,1.6666666666666667,0,1.18
LN02075,89490.76,76731.1,5.375,1,0.86
LN02076,105649.31,104490.01000000001,5.555555555555555,1,0.99
LN02077,78222.48,65656.38,0.0,0,0.84
LN02078,95695.69,74169.49,6.222222222222222,1,0.78
LN02079,78944.43,57619.85,9.125,2,0.73
LN02080,66872.6,53314.92,7.8,1,0.8
LN02081,152823.23,134427.93,13.0,5,0.88
LN02082,51265.59,24481.77,0.75,0,0.48
LN02083,27359.57,37778.92,4.0,0,1.38
LN02084,228875.36000000002,186125.77,4.0588235294117645,1,0.81
LN02085,92445.33,104583.95999999999,5.888888888888889,1,1.13
LN02086,46263.11,51995.99,2.0,0,1.12
LN02087,42383.4,35593.84,-3.3333333333333335,0,0.84
LN02088,73588.37,112399.35,12.0,3,1.53
LN02089,49510.9,60942.479999999996,14.0,2,1.23
LN02090,96959.57,63341.93,8.571428571428571,2,0.65
LN02091,88358.76999999999,86652.70999999999,3.25,0,0.98
LN02092,100563.4,89859.59,8.75,2,0.89
LN02093,110476.94,105224.82,11.777777777777779,3,0.95
LN02094,96418.4,61035.130000000005,7.777777777777778,2,0.63
LN02095,99471.04000000001,113204.5,4.777777777777778,1,1.14
LN02096,91421.37,106247.3,10.555555555555555,2,1.16
LN02097,50098.97,58940.59,6.0,1,1.18
LN02098,78399.95,72028.46,6.142857142857143,1,0.92
LN02099,75354.45,39833.75,7.166666666666667,0,0.53
LN02100,38128.54,47612.46,10.75,1,1.25
LN02101,77290.6,86183.11,10.428571428571429,2,1.12
LN02102,53790.25,62598.72,10.0,2,1.16
LN02103,61593.200000000004,54318.93,10.0,1,0.88
LN02104,68957.66,35555.32,0.6,0,0.52
LN02105,51929.68,74846.13,5.5,1,1.44
LN02106,96045.12,107942.17,12.555555555555555,3,1.12
LN02107,63205.57,75859.66,12.166666666666666,2,1.2
LN02108,56758.6,37280.83,2.0,0,0.66
LN02109,97078.56999999999,103700.93,9.428571428571429,2,1.07
LN02110,100524.03,50756.23,11.777777777777779,3,0.5
LN02111,75900.5,107590.83,5.111111111111111,1,1.42
LN02112,45164.509999999995,68641.78,0.0,0,1.52
LN02113,51459.36,46667.91,16.571428571428573,3,0.91
LN02114,107673.98,94061.94,12.11111111111111,3,0.87
LN02115,173896.33,142636.97,5.3076923076923075,2,0.82
LN02116,71530.09,85637.52,7.875,2,1.2
LN02117,126460.79,133461.12,9.3,3,1.06
LN02118,68035.85,117019.57,7.416666666666667,2,1.72
LN02119,107490.91,116925.31,10.9,3,1.09
LN02120,58046.41,60331.89,2.0,0,1.04
LN02121,119087.66,113395.55,5.363636363636363,1,0.95
LN02122,55797.44,70156.64,4.0,0,1.26
LN02123,90961.23999999999,116705.13,5.444444444444445,1,1.28
LN02124,45057.32,31865.340000000004,0.0,0,0.71
LN02125,133631.0,112991.34,3.5833333333333335,1,0.85
LN02126,30943.6,51539.0,-5.4,1,1.67
LN02127,77995.91,84490.54,0.8571428571428571,0,1.08
LN02128,40213.38,33754.020000000004,7.5,1,0.84
LN02129,81038.91,81799.57,4.125,0,1.01
LN02130,35526.22,33323.74,3.25,0,0.94
LN02131,25968.16,42828.58,11.0,1,1.65
LN02132,77071.54,68295.09,6.666666666666667,1,0.89
LN02133,65490.03,107974.34,1.8571428571428572,0,1.65
LN02134,115704.48,107419.76000000001,2.0,0,0.93
LN02135,81881.19,57877.95,9.428571428571429,2,0.71
LN02136,28410.79,20778.46,15.75,2,0.73
LN02137,97082.59,94754.71,8.571428571428571,2,0.98
LN02138,63242.07,50593.55,6.0,1,0.8
LN02139,93288.14,100880.62000000001,1.625,0,1.08
LN02140,100431.18,139623.87,11.181818181818182,3,1.39
LN02141,101653.87,110120.4,2.0,0,1.08
LN02142,67126.93,79492.63,13.333333333333334,2,1.18
LN02143,71111.88,66032.28,13.714285714285714,3,0.93
LN02144,54468.53,53270.09,6.0,1,0.98
LN02145,123693.54000000001,79711.32,7.0,2,0.64
LN02146,17095.52,36255.52,8.25,1,2.12
LN02147,44357.37,38474.72,22.5,3,0.87
LN02148,117283.06,133984.41,6.0,2,1.14
LN02149,137007.93,117039.06999999999,8.454545454545455,3,0.85
LN02150,47730.14,59071.93,20.6,3,1.24
LN02151,52909.31999999999,55034.55,6.0,1,1.04
LN02152,101794.15,42204.8,14.444444444444445,4,0.41
LN02153,86208.3,93031.45,7.571428571428571,1,1.08
LN02154,43672.88,55493.79,8.0,1,1.27
LN02155,97597.9,99001.8,4.666666666666667,1,1.01
LN02156,170655.44,144258.39,6.615384615384615,2,0.85
LN02157,79594.76,64892.25,2.857142857142857,0,0.82
LN02158,15782.61,28054.66,13.333333333333334,1,1.78
LN02159,125415.08,167639.38,5.857142857142857,2,1.34
LN02160,101869.15,82957.0,8.75,2,0.81
LN02161,73093.19,61518.65,2.857142857142857,0,0.84
LN02162,70643.46,45291.079999999994,3.8333333333333335,0,0.64
LN02163,47773.17,44940.189999999995,8.833333333333334,1,0.94
LN02164,97925.64,86928.17,2.888888888888889,0,0.89
LN02165,132865.45,188150.68,6.375,3,1.42
LN02166,56186.87,81653.36,3.8333333333333335,0,1.45
LN02167,104545.21,93241.81,0.9,0,0.89
LN02168,68486.71,89014.43000000001,3.625,0,1.3
LN02169,24919.27,21664.07,10.0,1,0.87
LN02170,30138.09,48655.590000000004,0.75,0,1.61
LN02171,146235.4,136360.37,6.076923076923077,1,0.93
LN02172,77391.24,94312.86,1.625,0,1.22
LN02173,57549.57,76370.89,8.142857142857142,2,1.33
LN02174,74760.23,113543.76999999999,4.5,1,1.52
LN02175,55555.82,55544.44,2.5,0,1.0
LN02176,82046.55,70072.51,6.142857142857143,1,0.85
LN02177,70014.81,59399.71,12.285714285714286,2,0.85
LN02178,81034.35,102123.79000000001,7.6,2,1.26
LN02179,86530.94,45989.75,9.0,2,0.53
LN02180,153089.24,180845.72,8.2,3,1.18
LN02181,46474.03,76287.24,1.4285714285714286,0,1.64
LN02182,84651.12,98413.09,5.9,1,1.16
LN02183,38546.67,34986.649999999994,16.666666666666668,1,0.91
LN02184,92770.59,80249.40000000001,9.222222222222221,2,0.87
LN02185,112379.55,101016.9,5.6,1,0.9
LN02186,74800.77,48919.29,3.2857142857142856,2,0.65
LN02187,60336.23999999999,58174.560000000005,9.2,1,0.96
LN02188,74047.47,105803.15000000001,3.75,0,1.43
LN02189,54691.84,70653.7,10.5,2,1.29
LN02190,68753.51,58617.060000000005,2.1666666666666665,0,0.85
LN02191,17736.19,10336.28,0.0,0,0.58
LN02192,122936.34,75657.28,8.777777777777779,2,0.62
LN02193,109760.5,160368.81,5.090909090909091,1,1.46
LN02194,123535.83,108400.84,8.2,2,0.88
LN02195,102670.65,79318.91,3.75,0,0.77
LN02196,85766.13,113670.65,8.0,2,1.33
LN02197,43486.82,63206.59,10.0,2,1.45
LN02198,82528.27,76440.14,2.7142857142857144,0,0.93
LN02199,127824.36,76255.54,4.083333333333333,0,0.6
LN02200,99675.27,42164.149999999994,10.5,2,0.42
LN02201,80713.56,66365.17,6.25,0,0.82
LN02202,84679.73000000001,71824.51,15.375,4,0.85
LN02203,53621.32,73489.76,6.571428571428571,1,1.37
LN02204,65578.8,103132.78,2.875,0,1.57
LN02205,54319.2,41505.85,4.6,0,0.76
LN02206,65007.88,52410.18,7.142857142857143,1,0.81
LN02207,91659.54,73078.86,5.555555555555555,0,0.8
LN02208,44555.53,100336.20999999999,1.0,0,2.25
LN02209,83568.19,62666.509999999995,7.0,1,0.75
LN02210,48794.04,72348.77,8.833333333333334,1,1.48
LN02211,139138.12,154633.9,4.428571428571429,1,1.11
LN02212,102203.96,86684.79,2.888888888888889,0,0.85
LN02213,56858.79,42867.020000000004,10.5,2,0.75
LN02214,89252.57,75179.66,11.428571428571429,2,0.84
LN02215,113565.59,94063.09,3.6,1,0.83
LN02216,44605.240000000005,47706.03,1.6666666666666667,0,1.07
LN02217,31575.710000000003,20924.17,17.5,2,0.66
LN02218,105382.98,102230.28,11.444444444444445,3,0.97
LN02219,65086.1,57159.31,4.6,0,0.88
LN02220,50689.02,50026.83,0.75,0,0.99
LN02221,122814.69,115561.22,2.6363636363636362,0,0.94
LN02222,46601.28,55766.89,6.6,1,1.2
LN02223,72497.17000000001,105960.64,4.125,1,1.46
LN02224,73348.78,80178.91,10.5,2,1.09
LN02225,63902.27,83570.77,17.666666666666668,3,1.31
LN02226,90754.87999999999,85182.47,7.333333333333333,2,0.94
LN02227,81841.53,80900.99,14.125,3,0.99
LN02228,84302.21,61024.45,8.75,2,0.72
LN02229,57826.46,70797.11,14.6,2,1.22
LN02230,132652.1,129760.18,7.9,2,0.98
LN02231,38442.03,59183.39,13.333333333333334,2,1.54
LN02232,120180.06,133414.08000000002,5.2,1,1.11
LN02233,102347.59999999999,93025.19,15.0,3,0.91
LN02234,52856.92,59352.71,2.6,0,1.12
LN02235,28067.550000000003,71893.11,1.6666666666666667,0,2.56
LN02236,158632.13999999998,163693.42,1.7692307692307692,0,1.03
LN02237,143846.16999999998,104366.42,13.5,5,0.73
LN02238,93437.31,85738.4,4.5,1,0.92
LN02239,75015.42,44741.83,9.0,1,0.6
LN02240,50161.69,68295.67,18.6,3,1.36
LN02241,85534.36,78541.6,2.857142857142857,0,0.92
LN02242,85434.97,75311.35,10.857142857142858,2,0.88
LN02243,76926.3,96378.51000000001,6.142857142857143,1,1.25
LN02244,155752.12,199577.01,8.588235294117647,4,1.28
LN02245,66034.41,83633.25,9.2,2,1.27
LN02246,53047.69,76278.9,2.7142857142857144,0,1.44
LN02247,64815.92,76215.91,16.666666666666668,2,1.18
LN02248,100716.46,89353.6,7.777777777777778,2,0.89
LN02249,139703.46,81504.95,1.3,0,0.58
LN02250,134781.07,131589.59,7.0,2,0.98
LN02251,66295.89,66870.48000000001,5.714285714285714,1,1.01
LN02252,75500.84,103789.6,0.3333333333333333,0,1.37
LN02253,58444.55,88852.53,3.75,1,1.52
LN02254,41564.81,46019.32,20.0,2,1.11
LN02255,82286.52,50908.97,5.375,1,0.62
LN02256,105946.09,103185.85,6.333333333333333,2,0.97
LN02257,57213.05,71806.49,3.2,0,1.26
LN02258,93923.52,65934.4,11.625,3,0.7
LN02259,75796.67,112570.05,2.857142857142857,0,1.49
LN02260,56487.04,81894.42,18.333333333333332,3,1.45
LN02261,31977.62,79035.18,7.666666666666667,1,2.47
LN02262,75343.29000000001,94236.0,5.111111111111111,1,1.25
LN02263,77408.32,84018.69,7.3,2,1.09
LN02264,29005.18,45217.020000000004,1.2,0,1.56
LN02265,86657.09,87364.63,5.0,1,1.01
LN02266,96998.65000000001,113268.9,6.2,1,1.17
LN02267,104945.94,114641.81,2.3636363636363638,0,1.09
LN02268,142347.05,183270.82,1.2307692307692308,0,1.29
LN02269,117646.91,92417.88,4.333333333333333,1,0.79
LN02270,91102.28,108378.87,7.545454545454546,2,1.19
LN02271,45862.92,47948.84,10.0,1,1.05
LN02272,94629.82,140012.73,3.6363636363636362,1,1.48
LN02273,105632.09,119217.74,1.625,0,1.13
LN02274,28955.17,63002.17,2.0,0,2.18
LN02275,115417.45999999999,127166.77,11.0,3,1.1
LN02276,73382.62,78299.08,11.857142857142858,2,1.07
LN02277,135243.4,119130.18000000001,10.3,2,0.88
LN02278,62690.53,56795.68,8.0,1,0.91
LN02279,96237.12,97757.22,4.0,0,1.02
LN02280,31628.5,46732.05,15.75,2,1.48
LN02281,75145.48999999999,51603.19,2.1666666666666665,0,0.69
LN02282,43125.33,20872.949999999997,5.333333333333333,0,0.48
LN02283,59450.0,64937.58,5.0,1,1.09
LN02284,125892.40000000001,136146.96,3.8333333333333335,1,1.08
LN02285,51423.51,71441.4,5.142857142857143,1,1.39
LN02286,69176.63,86427.91,9.0,1,1.25
LN02287,79257.48,108850.17,8.090909090909092,1,1.37
LN02288,41347.0,70366.32,6.666666666666667,1,1.7
LN02289,71639.33,64261.9,7.571428571428571,1,0.9
LN02290,39116.130000000005,79693.97,10.5,2,2.04
LN02291,84823.89,118001.94,8.444444444444445,2,1.39
LN02292,53849.7,82536.93,6.571428571428571,1,1.53
LN02293,67340.77,65383.630000000005,7.666666666666667,1,0.97
LN02294,49226.96,44424.44,10.0,1,0.9
LN02295,46710.869999999995,62088.55,6.0,1,1.33
LN02296,132173.09,161926.87,10.545454545454545,3,1.23
LN02297,73538.83,94086.84999999999,7.142857142857143,1,1.28
LN02298,75147.87,61506.6,6.25,1,0.82
LN02299,138701.5,133652.79,3.8333333333333335,1,0.96
LN02300,94128.03,85275.8,13.666666666666666,3,0.91
LN02301,72298.41,79025.5,9.857142857142858,2,1.09
LN02302,29710.510000000002,39627.69,0.75,0,1.33
LN02303,116922.23,103763.2,13.3,4,0.89
LN02304,76394.95,119835.96,8.6,2,1.57
LN02305,54432.7,67064.73,2.6,0,1.23
LN02306,94401.98,83193.17,1.125,0,0.88
LN02307,87376.41,70712.34,2.7142857142857144,0,0.81
LN02308,58632.33,65048.62,7.875,2,1.11
LN02309,135752.34,100193.82,3.0,1,0.74
LN02310,148286.38,140418.86000000002,5.928571428571429,2,0.95
LN02311,28340.59,41023.92,3.3333333333333335,0,1.45
LN02312,46059.34,94658.76,14.285714285714286,3,2.06
LN02313,64346.72,68562.43,5.5,1,1.07
LN02314,75409.15,53942.340000000004,2.1666666666666665,0,0.72
LN02315,42299.84,54048.490000000005,0.75,0,1.28
LN02316,165522.73,142797.47,13.071428571428571,6,0.86
LN02317,47863.229999999996,36326.829999999994,3.2,0,0.76
LN02318,74258.41,113939.76,5.375,1,1.53
LN02319,82463.6,100115.44,12.875,3,1.21
LN02320,109582.51,111950.33,6.222222222222222,1,1.02
LN02321,105700.07999999999,114371.2,4.0,1,1.08
LN02322,74165.0,53643.53,19.0,4,0.72
LN02323,82806.16,82852.0,10.0,2,1.0
LN02324,54626.119999999995,49156.94,0.75,0,0.9
LN02325,84861.85,75491.86,6.125,1,0.89
LN02326,142420.15,171047.66,5.857142857142857,1,1.2
LN02327,62167.56,71491.21,6.142857142857143,1,1.15
LN02328,83097.51000000001,44750.5,9.0,1,0.54
LN02329,115083.01,106443.64,11.11111111111111,3,0.92
LN02330,66253.32,86044.28,3.2857142857142856,0,1.3
LN02331,77287.49,92559.52,5.888888888888889,1,1.2
LN02332,60663.270000000004,40366.24,10.75,1,0.67
LN02333,108099.78,115831.9,1.6,0,1.07
LN02334,23762.22,18135.850000000002,10.0,1,0.76
LN02335,67529.24,77476.93,5.714285714285714,1,1.15
LN02336,99838.73000000001,72997.29,5.111111111111111,1,0.73
LN02337,37917.47,23639.2,14.333333333333334,1,0.62
LN02338,37408.68,43891.9,10.0,1,1.17
LN02339,121231.65,144775.78999999998,11.454545454545455,3,1.19
LN02340,53712.66,72396.97,7.666666666666667,1,1.35
LN02341,100310.56999999999,71392.22,0.0,0,0.71
LN02342,62051.31,52232.94,7.166666666666667,1,0.84
LN02343,59697.9,114250.35,5.0,1,1.91
LN02344,107197.89,76157.78,10.0,2,0.71
LN02345,130725.67,90829.42,1.8181818181818181,0,0.69
LN02346,136165.08000000002,84124.06,4.416666666666667,1,0.62
LN02347,149464.38,135056.98,3.0,0,0.9
LN02348,81026.17,68002.14,12.6,2,0.84
LN02349,126659.19,106686.91,6.666666666666667,1,0.84
LN02350,93452.32,92054.90000000001,1.1111111111111112,0,0.99
LN02351,53586.14,75740.69,10.0,2,1.41
LN02352,70266.07,91378.81,11.777777777777779,3,1.3
LN02353,95131.81,91170.59,8.25,2,0.96
LN02354,71526.61,76698.48,13.714285714285714,3,1.07
LN02355,92763.31,102324.02,4.3,1,1.1
LN02356,54090.72,59615.71,14.6,2,1.1
LN02357,172304.22999999998,182650.43,7.4375,2,1.06
LN02358,88748.38,71703.17,5.714285714285714,1,0.81
LN02359,74019.67,81784.51,6.25,1,1.1
LN02360,101627.06,68112.51999999999,10.0,2,0.67
LN02361,89150.12,96714.37,14.083333333333334,5,1.08
LN02362,46784.270000000004,46627.96,10.0,1,1.0
LN02363,90798.41,123682.73000000001,11.6,3,1.36
LN02364,57007.15,82493.23,7.666666666666667,1,1.45
LN02365,65626.25,71107.08,1.6666666666666667,0,1.08
LN02366,91815.18000000001,74406.07,3.6666666666666665,0,0.81
LN02367,74086.7,51733.36,7.166666666666667,1,0.7
LN02368,47300.33,33913.45,8.6,1,0.72
LN02369,45007.83,110032.54000000001,6.222222222222222,1,2.44
LN02370,52827.2,64460.55,11.0,2,1.22
LN02371,24139.46,21206.84,0.75,0,0.88
LN02372,98228.39,90737.68000000001,14.285714285714286,3,0.92
LN02373,81648.45,65521.45,6.5,1,0.8
LN02374,54520.33,94798.70999999999,8.0,1,1.74
LN02375,45337.05,59651.090000000004,0.0,0,1.32
LN02376,75057.01,41596.72,18.6,3,0.55
LN02377,55272.0,65349.11000000001,1.6666666666666667,0,1.18
LN02378,50720.85,63934.909999999996,11.666666666666666,2,1.26
LN02379,64734.92,72118.98999999999,3.2857142857142856,0,1.11
LN02380,40957.91,52195.74,8.0,1,1.27
LN02381,82302.88,102871.83,5.444444444444445,1,1.25
LN02382,78536.37000000001,66739.84,0.42857142857142855,0,0.85
LN02383,88467.26,103559.09,10.375,2,1.17
LN02384,16221.62,40584.78,3.3333333333333335,0,2.5
LN02385,65658.1,72450.6,8.333333333333334,1,1.1
LN02386,60848.04,61553.49,3.2857142857142856,0,1.01
LN02387,37700.67,45209.24,6.0,0,1.2
LN02388,118665.77,137532.66,5.833333333333333,2,1.16
LN02389,74533.01,94018.55,11.0,2,1.26
LN02390,118427.3,102988.01,6.833333333333333,2,0.87
LN02391,120692.36,103185.6,10.272727272727273,3,0.85
LN02392,89521.27,59876.33,12.0,2,0.67
LN02393,84503.66,73432.62,15.142857142857142,3,0.87
LN02394,84846.65,83116.34,10.0,2,0.98
LN02395,100902.96,88864.08,4.444444444444445,1,0.88
LN02396,48498.31,84054.31,12.875,3,1.73
LN02397,141069.06,109086.75,2.272727272727273,0,0.77
LN02398,79957.54,95916.31,20.0,4,1.2
LN02399,105495.38,71831.81999999999,13.666666666666666,4,0.68
LN02400,87658.70999999999,116242.21,15.11111111111111,4,1.33
LN02401,78588.76,63262.56,10.857142857142858,2,0.8
LN02402,153463.13,140605.27,8.071428571428571,3,0.92
LN02403,149889.54,105832.41,0.8181818181818182,1,0.71
LN02404,67378.11,58050.18,6.666666666666667,1,0.86
LN02405,100449.32,79807.52,6.222222222222222,1,0.79
LN02406,62598.54,57024.79,5.0,0,0.91
LN02407,66306.38,48220.15,10.6,1,0.73
LN02408,110897.7,86540.86,9.6,2,0.78
LN02409,16824.53,30450.989999999998,11.0,1,1.81
LN02410,48627.08,45795.729999999996,1.0,0,0.94
LN02411,102856.36,124412.38,1.3,0,1.21
LN02412,99086.86,100172.26000000001,3.8181818181818183,1,1.01
LN02413,134342.44,127094.59,10.25,2,0.95
LN02414,86823.26000000001,81513.78,4.0,1,0.94
LN02415,52719.520000000004,43109.33,2.5,0,0.82
LN02416,66662.86,91730.02,7.5,0,1.38
LN02417,78757.95999999999,104332.76000000001,7.666666666666667,1,1.32
LN02418,84440.92,107652.69,13.3,4,1.27
LN02419,64079.87,99803.93,5.6,1,1.56
LN02420,56363.99,87492.54,12.285714285714286,2,1.55
LN02421,135950.35,109152.57,8.454545454545455,2,0.8
LN02422,31874.550000000003,42266.45,8.25,1,1.33
LN02423,95106.63,115680.73999999999,15.375,4,1.22
LN02424,143933.64,138270.15,6.636363636363637,2,0.96
LN02425,101145.96,78249.8,12.88888888888889,3,0.77
LN02426,33725.28,20317.17,6.666666666666667,0,0.6
LN02427,36397.09,29989.07,15.75,2,0.82
LN02428,120164.69,143067.02,4.181818181818182,1,1.19
LN02429,74313.27,63751.770000000004,6.0,1,0.86
LN02430,54790.6,77553.7,7.5,1,1.42
LN02431,65590.8,66982.19,8.6,1,1.02
LN02432,153297.62,191619.68,5.733333333333333,2,1.25
LN02433,148799.68,99940.69,5.7272727272727275,1,0.67
LN02434,67844.7,82338.58,6.0,1,1.21
LN02435,102145.28,64872.43,5.75,1,0.64
LN02436,87728.28,97129.07,5.25,1,1.11
LN02437,124100.4,113204.26999999999,9.363636363636363,3,0.91
LN02438,89639.79,80160.77,7.375,1,0.89
LN02439,68958.29,57939.07,9.2,1,0.84
LN02440,84360.58,69689.41,1.6666666666666667,0,0.83
LN02441,124246.15,95092.46,5.444444444444445,1,0.77
LN02442,93504.8,57271.0,6.666666666666667,1,0.61
LN02443,134022.22,110394.01,11.083333333333334,4,0.82
LN02444,103737.7,108456.0,8.6,2,1.05
LN02445,39062.44,50278.59,1.5,0,1.29
LN02446,85174.48999999999,74843.76,7.166666666666667,1,0.88
LN02447,14996.130000000001,12071.62,5.0,0,0.8
LN02448,30382.280000000002,15126.39,5.0,0,0.5
LN02449,58036.09,79860.45000000001,3.8333333333333335,1,1.38
LN02450,54267.880000000005,69350.57,0.5,0,1.28
LN02451,33889.38,32083.629999999997,0.6,0,0.95
LN02452,79708.51000000001,104258.93000000001,6.625,1,1.31
LN02453,79795.59,95686.92,3.2857142857142856,0,1.2
LN02454,83390.72,90192.2,9.5,2,1.08
LN02455,108509.73,114574.48000000001,4.7272727272727275,1,1.06
LN02456,70859.22,34074.23,2.6,0,0.48
LN02457,67750.94,56907.93,0.5,0,0.84
LN02458,71958.79999999999,49016.240000000005,7.2,1,0.68
LN02459,77235.45,56549.74,10.0,2,0.73
LN02460,128126.34,175026.72,7.153846153846154,3,1.37
LN02461,73471.3,78279.2,11.857142857142858,2,1.07
LN02462,158997.89,108763.3,11.916666666666666,6,0.68
LN02463,75179.97,96920.04,1.0,0,1.29
LN02464,42164.32,28174.59,3.3333333333333335,0,0.67
LN02465,79977.0,121843.54000000001,8.444444444444445,2,1.52
LN02466,62728.54,82583.24,19.428571428571427,4,1.32
LN02467,113732.06,122204.94,10.9,3,1.07
LN02468,105445.03,81473.88,12.555555555555555,3,0.77
LN02469,89368.67,64394.36,7.375,1,0.72
LN02470,73919.36,78617.53,4.0,1,1.06
LN02471,63554.24,62915.04,2.6,0,0.99
LN02472,44200.03,37826.590000000004,17.5,2,0.86
LN02473,90803.73,58160.36,4.5,1,0.64
LN02474,101602.21,120670.03,6.3,2,1.19
LN02475,72375.66,51065.56,2.2857142857142856,0,0.71
LN02476,77832.53,77971.73,0.8571428571428571,0,1.0
LN02477,81897.47,68821.54000000001,3.2857142857142856,0,0.84
LN02478,56649.65,32234.100000000002,10.0,1,0.57
LN02479,73660.22,82110.75,11.444444444444445,3,1.11
LN02480,27305.11,47792.66,16.666666666666668,1,1.75
LN02481,61973.27,33794.44,9.2,1,0.55
LN02482,164849.8,101408.47,12.363636363636363,4,0.62
LN02483,64363.49,81758.63,0.5,0,1.27
LN02484,39960.67,60767.96,2.0,0,1.52
LN02485,55562.7,44818.36,11.2,1,0.81
LN02486,87222.6,89833.35,10.0,2,1.03
LN02487,42380.49,50236.770000000004,8.6,1,1.19
LN02488,87322.22,66362.55,6.555555555555555,1,0.76
LN02489,81904.31,94726.31,3.6666666666666665,0,1.16
LN02490,69024.83,67729.06,1.7142857142857142,0,0.98
LN02491,105108.91,77753.44,11.125,2,0.74
LN02492,76838.86,82669.31,8.0,2,1.08
LN02493,73439.37,67593.04999999999,6.5,1,0.92
LN02494,87269.2,85024.42,1.4285714285714286,0,0.97
LN02495,84285.39,88551.47,4.0,1,1.05
LN02496,68893.54000000001,87522.75,4.333333333333333,0,1.27
LN02497,140116.29,152213.08,4.916666666666667,1,1.09
LN02498,95143.46,101596.05,10.545454545454545,2,1.07
LN02499,62448.78,54224.63,6.666666666666667,1,0.87
LN02500,54204.7,67225.89,12.285714285714286,2,1.24
LN02501,32877.229999999996,44639.05,8.25,1,1.36
LN02502,88990.94,107739.58,9.857142857142858,2,1.21
LN02503,94355.94,67998.3,5.777777777777778,1,0.72
LN02504,69386.97,87298.88,10.375,2,1.26
LN02505,73431.07,87753.54000000001,7.571428571428571,1,1.2
LN02506,42320.94,25609.489999999998,10.0,1,0.61
LN02507,29034.98,49571.59,2.5,0,1.71
LN02508,92612.06,87723.04000000001,12.3,3,0.95
LN02509,83873.71,80609.36,0.8571428571428571,2,0.96
LN02510,82426.82,110907.23,5.25,1,1.35
LN02511,33337.6,64436.33,0.6,0,1.93
LN02512,49675.42,67797.45,5.5,1,1.36
LN02513,62848.75,78614.82,10.0,2,1.25
LN02514,71419.81,67316.41,8.0,1,0.94
LN02515,58720.07,67328.76,8.75,2,1.15
LN02516,94394.95999999999,138410.1,4.538461538461538,1,1.47
LN02517,74947.16,68940.79000000001,5.5,1,0.92
LN02518,110755.18000000001,83531.37,2.857142857142857,0,0.75
LN02519,70716.02,77685.74,3.0,1,1.1
LN02520,99585.62,111291.52,11.125,2,1.12
LN02521,79082.14,91667.75,11.857142857142858,2,1.16
LN02522,109996.12,129310.48,8.923076923076923,2,1.18
LN02523,114633.39,103490.72,8.3,2,0.9
LN02524,91538.27,126845.33,5.2,1,1.39
LN02525,102464.85,122173.26,3.5,0,1.19
LN02526,87222.51,99369.75,11.11111111111111,3,1.14
LN02527,31128.54,30815.88,3.3333333333333335,0,0.99
LN02528,31584.98,26492.87,4.333333333333333,0,0.84
LN02529,109654.91,115726.90000000001,5.6,1,1.06
LN02530,103904.5,104827.37,1.9,0,1.01
LN02531,33638.409999999996,18886.27,3.0,0,0.56
LN02532,70786.67,81697.81,2.6666666666666665,0,1.15
LN02533,27701.690000000002,21832.96,20.0,2,0.79
LN02534,126882.21,139168.68,8.25,3,1.1
LN02535,58466.659999999996,77396.98,2.875,0,1.32
LN02536,31741.2,39256.78,0.6,0,1.24
LN02537,44438.57,39871.15,15.0,2,0.9
LN02538,91784.67,85378.6,9.0,2,0.93
LN02539,50145.9,47302.33,18.6,3,0.94
LN02540,136121.3,121999.38,9.416666666666666,2,0.9
LN02541,71783.68,50579.62,7.571428571428571,1,0.7
LN02542,28728.54,45248.74,2.6,0,1.58
LN02543,62990.759999999995,24634.260000000002,7.5,1,0.39
LN02544,105404.38,98709.7,6.636363636363637,2,0.94
LN02545,45492.42,50048.72,0.0,0,1.1
LN02546,46815.18,29916.22,-5.0,1,0.64
LN02547,57698.47,69968.04,4.6,0,1.21
LN02548,74814.59,72669.87,5.75,1,0.97
LN02549,52486.51,62914.25,9.2,1,1.2
LN02550,98234.25,118682.2,4.818181818181818,1,1.21
LN02551,61963.66,53107.39,10.428571428571429,2,0.86
LN02552,83531.09,130002.22,4.454545454545454,1,1.56
LN02553,17884.920000000002,24075.73,1.5,0,1.35
LN02554,41996.979999999996,35823.86,5.0,0,0.85
LN02555,115791.03,71235.72,1.8571428571428572,0,0.62
LN02556,51770.28,74496.33,2.6666666666666665,0,1.44
LN02557,90704.41,60585.729999999996,2.2857142857142856,0,0.67
LN02558,105831.95999999999,103371.09,10.333333333333334,3,0.98
LN02559,110531.45999999999,84119.27,5.888888888888889,1,0.76
LN02560,73663.20999999999,74422.04000000001,10.5,2,1.01
LN02561,36038.369999999995,63890.119999999995,11.666666666666666,2,1.77
LN02562,130971.64,109241.02,7.846153846153846,3,0.83
LN02563,145491.18,168175.65,7.384615384615385,2,1.16
LN02564,132088.63,89636.64,3.3,1,0.68
LN02565,24344.29,44574.810000000005,0.0,0,1.83
LN02566,158323.86000000002,157211.35,8.071428571428571,3,0.99
LN02567,75427.93,58455.44,8.444444444444445,2,0.77
LN02568,76108.29000000001,110249.29,5.375,1,1.45
LN02569,19868.93,19748.89,11.0,1,0.99
LN02570,78430.01,60438.299999999996,12.857142857142858,3,0.77
LN02571,53336.9,46790.549999999996,10.75,1,0.88
LN02572,47269.16,50922.38,6.0,1,1.08
LN02573,69612.06,83778.6,9.5,2,1.2
LN02574,73927.1,55493.37,7.571428571428571,1,0.75
LN02575,64352.52,64419.85999999999,-1.1666666666666667,0,1.0
LN02576,59831.92,62649.66,0.6,0,1.05
LN02577,106785.8,107588.24,3.2,0,1.01
LN02578,38574.62,40945.97,2.6,0,1.06
LN02579,118824.39,129845.71,2.090909090909091,0,1.09
LN02580,122192.75,95842.57,4.818181818181818,1,0.78
LN02581,103691.06999999999,79211.45,11.0,3,0.76
LN02582,99631.58,93871.81,8.11111111111111,2,0.94
LN02583,88801.09,119880.82,8.88888888888889,2,1.35
LN02584,94187.78,98156.53,4.3,1,1.04
LN02585,48264.47,126787.94,10.3,3,2.63
LN02586,127761.64,90348.2,8.833333333333334,2,0.71
LN02587,110216.54000000001,99342.4,11.9,3,0.9
LN02588,79387.32,79059.98000000001,5.5,1,1.0
LN02589,90897.07,55410.68,2.1666666666666665,0,0.61
LN02590,74954.1,54725.18,6.666666666666667,1,0.73
LN02591,89140.69,52516.96,5.714285714285714,0,0.59
LN02592,46110.65,32765.020000000004,3.3333333333333335,0,0.71
LN02593,37051.67,54288.39,8.25,1,1.47
LN02594,93619.36,105216.12,3.6666666666666665,0,1.12
LN02595,86968.47,84092.69,0.8571428571428571,0,0.97
LN02596,58747.46,41798.600000000006,16.0,2,0.71
LN02597,60293.009999999995,53811.68,3.2,0,0.89
LN02598,78221.81,85576.43000000001,5.0,1,1.09
LN02599,112645.63,110221.42,8.3,2,0.98
LN02600,91129.68,99635.62999999999,11.3,3,1.09
LN02601,63697.799999999996,53066.53999999999,8.0,1,0.83
LN02602,130587.86,106948.7,11.76923076923077,4,0.82
LN02603,25326.98,23188.170000000002,30.0,3,0.92
LN02604,140179.9,98589.66,11.0,2,0.7
LN02605,64205.97,105742.19,3.3333333333333335,1,1.65
LN02606,136689.13,135383.7,4.0,1,0.99
LN02607,63427.490000000005,55957.28,18.333333333333332,3,0.88
LN02608,74329.14,46584.1,1.5,0,0.63
LN02609,67994.31,63765.85,10.0,1,0.94
LN02610,76402.3,93755.45999999999,7.6,2,1.23
LN02611,84335.45999999999,69268.61,2.2857142857142856,0,0.82
LN02612,124254.19,133327.15,6.333333333333333,2,1.07
LN02613,84746.38,75090.62,1.5,0,0.89
LN02614,112062.12,83392.79,9.5,2,0.74
LN02615,94636.86,73840.61,0.6666666666666666,1,0.78
LN02616,46706.65,83226.18,3.75,1,1.78
LN02617,23496.28,38488.86,3.25,0,1.64
LN02618,105693.54999999999,51681.85,1.6666666666666667,0,0.49
LN02619,43758.399999999994,38383.28,10.75,1,0.88
LN02620,59346.81,88750.39,6.25,1,1.5
LN02621,50021.92,53524.53,14.0,2,1.07
LN02622,82645.39,59994.64,8.833333333333334,1,0.73
LN02623,63743.16,73555.14,10.0,2,1.15
LN02624,42881.58,41249.15,13.333333333333334,1,0.96
LN02625,75006.72,55693.39,10.5,2,0.74
LN02626,64143.29,90853.69,9.125,2,1.42
LN02627,154504.06,135009.56,4.166666666666667,1,0.87
LN02628,70374.52,76509.75,9.222222222222221,2,1.09
LN02629,90174.05,110801.57,8.11111111111111,2,1.23
LN02630,60724.82,57037.07000000001,5.5,1,0.94
LN02631,158160.33,119869.91,13.076923076923077,5,0.76
LN02632,58232.5,34263.19,2.5,0,0.59
LN02633,171662.61000000002,195947.41,7.0625,3,1.14
LN02634,58541.27,78295.27,11.285714285714286,2,1.34
LN02635,103758.79000000001,140944.75,7.6923076923076925,3,1.36
LN02636,111962.07,100483.96,5.3,1,0.9
LN02637,98585.51,159031.83,2.5384615384615383,0,1.61
LN02638,57705.67,60720.56,6.6,0,1.05
LN02639,65523.06,56816.909999999996,14.285714285714286,3,0.87
LN02640,50338.55,43521.59,5.0,0,0.86
LN02641,104182.17,81821.45,8.625,1,0.79
LN02642,115238.12,92382.51,6.909090909090909,1,0.8
LN02643,106125.81,92091.86,6.625,1,0.87
LN02644,39536.96,62504.35999999999,3.7142857142857144,0,1.58
LN02645,80927.09,95993.65,1.7272727272727273,0,1.19
LN02646,84806.42,90822.73,7.5,1,1.07
LN02647,123241.43,81562.9,2.6,2,0.66
LN02648,115917.61,84743.6,4.666666666666667,1,0.73
LN02649,123455.55,114537.36,8.181818181818182,2,0.93
LN02650,87683.3,76571.41,12.5,3,0.87
LN02651,74345.66,62889.65,10.0,2,0.85
LN02652,82649.76000000001,68810.89,0.8571428571428571,0,0.83
LN02653,108941.01000000001,104978.11,2.2222222222222223,0,0.96
LN02654,98345.26000000001,129208.67,7.666666666666667,2,1.31
LN02655,158589.61,145730.26,3.5,1,0.92
LN02656,73799.91,46354.74,5.2,0,0.63
LN02657,130809.66,81383.1,4.333333333333333,1,0.62
LN02658,51843.53,89624.44,20.0,3,1.73
LN02659,65836.07,48466.49,11.5,2,0.74
LN02660,74372.88,88358.66,7.0,1,1.19
LN02661,29243.829999999998,72996.67,20.0,4,2.5
LN02662,109499.59,101570.73,10.2,3,0.93
LN02663,112117.83,64140.03,7.0,2,0.57
LN02664,59835.96,55521.57,0.0,0,0.93
LN02665,94204.18000000001,65927.8,11.428571428571429,2,0.7
LN02666,85139.86,80166.33,6.222222222222222,1,0.94
LN02667,131954.47,108808.88,7.818181818181818,2,0.82
LN02668,93037.6,60572.12,2.857142857142857,0,0.65
LN02669,104750.70999999999,95312.08,16.22222222222222,4,0.91
LN02670,76733.66,79418.88,2.7142857142857144,0,1.03
LN02671,82019.11,50671.12,13.333333333333334,2,0.62
LN02672,102248.26000000001,97932.56,10.3,2,0.96
LN02673,38983.0,60869.1,8.0,1,1.56
LN02674,170151.06,112475.39,5.928571428571429,2,0.66
LN02675,42050.66,49571.19,9.0,1,1.18
LN02676,48828.28,59198.05,7.666666666666667,1,1.21
LN02677,53839.090000000004,56650.81,6.5,1,1.05
LN02678,123814.24,143797.22,6.916666666666667,2,1.16
LN02679,91563.42,107190.3,5.75,1,1.17
LN02680,89077.95,118130.94,3.909090909090909,1,1.33
LN02681,81254.87,68199.64,14.142857142857142,3,0.84
LN02682,103506.92,102254.83,6.916666666666667,2,0.99
LN02683,68798.05,48355.78,10.428571428571429,2,0.7
LN02684,75974.70999999999,73675.52,0.0,0,0.97
LN02685,109982.61,125809.73999999999,8.833333333333334,2,1.14
LN02686,100350.22,69160.74,10.428571428571429,2,0.69
LN02687,58684.490000000005,56763.42,4.6,0,0.97
LN02688,66004.11,48972.759999999995,3.25,0,0.74
LN02689,152551.52,87286.91,13.636363636363637,5,0.57
LN02690,112475.45,135561.3,6.2727272727272725,2,1.21
LN02691,93229.98,77012.85,10.9,3,0.83
LN02692,82925.01,106317.46,10.375,2,1.28
LN02693,44609.95,40989.43,8.25,1,0.92
LN02694,115670.49,102531.95,8.11111111111111,1,0.89
LN02695,114333.26999999999,88403.55,3.6666666666666665,0,0.77
LN02696,54008.22,35372.19,3.3333333333333335,0,0.65
LN02697,78608.41,78495.59,3.7142857142857144,0,1.0
LN02698,129340.57,106648.04,2.909090909090909,2,0.82
LN02699,30470.75,47813.1,11.0,1,1.57
LN02700,128729.17000000001,155642.41999999998,5.076923076923077,1,1.21
LN02701,128850.42,120608.34,11.3,3,0.94
LN02702,70549.01,92097.41,9.125,2,1.31
LN02703,141010.89,116996.1,3.5833333333333335,1,0.83
LN02704,39518.26,42545.62,1.5,0,1.08
LN02705,111968.72,123297.38,7.454545454545454,2,1.1
LN02706,93412.28,59778.46,8.75,2,0.64
LN02707,94741.18,53268.05,1.2857142857142858,0,0.56
LN02708,71710.83,80329.72,6.571428571428571,1,1.12
LN02709,40502.76,46904.270000000004,10.0,1,1.16
LN02710,1680.34,16845.52,0.0,0,10.03
LN02711,89714.86,84791.65,8.777777777777779,2,0.95
LN02712,75769.39,72033.91,10.0,2,0.95
LN02713,108804.04000000001,72502.94,10.6,3,0.67
LN02714,62498.48,96805.16,7.142857142857143,1,1.55
LN02715,222633.91,206755.78,4.555555555555555,2,0.93
LN02716,156719.43,142039.3,8.461538461538462,3,0.91
LN02717,43594.06,38334.9,1.5,0,0.88
LN02718,142897.69,132800.28,5.0,1,0.93
LN02719,33606.24,20865.36,1.0,0,0.62
LN02720,94883.58,66228.5,15.0,3,0.7
LN02721,92455.53,121595.55,12.3,4,1.32
LN02722,122797.97,104430.03,7.384615384615385,2,0.85
LN02723,75247.12,86540.89,3.625,0,1.15
LN02724,34075.07,42748.25,10.0,1,1.25
LN02725,177705.72,191621.33,9.9375,4,1.08
LN02726,86114.5,113676.06,6.625,1,1.32
LN02727,100639.99,100149.94,10.333333333333334,2,1.0
LN02728,43783.659999999996,64704.5,2.1666666666666665,0,1.48
LN02729,130556.68,122719.47,4.916666666666667,1,0.94
LN02730,63463.24,67442.04000000001,4.714285714285714,1,1.06
LN02731,49908.07,65262.630000000005,14.0,2,1.31
LN02732,98185.89,101649.06,7.545454545454546,2,1.04
LN02733,126438.06,103456.06,8.6,2,0.82
LN02734,25203.86,28342.030000000002,0.75,0,1.12
LN02735,43402.03,59771.16,0.6,0,1.38
LN02736,51866.89,40660.04,3.25,0,0.78
LN02737,64481.149999999994,106487.48,6.625,1,1.65
LN02738,105596.8,78565.24,5.142857142857143,1,0.74
LN02739,71171.03,91722.83,2.2857142857142856,0,1.29
LN02740,59941.63,97519.09,12.857142857142858,3,1.63
LN02741,50588.409999999996,49061.89,5.0,0,0.97
LN02742,74230.73000000001,71757.06,8.833333333333334,1,0.97
LN02743,96098.76,157180.13,3.75,1,1.64
LN02744,91754.75,74659.64,9.0,2,0.81
LN02745,137131.42,108376.45,5.6,1,0.79
LN02746,67719.26000000001,46492.590000000004,2.1666666666666665,0,0.69
LN02747,103037.21,125459.0,13.6,4,1.22
LN02748,53536.62,36986.22,14.0,2,0.69
LN02749,120368.07,72933.62,8.777777777777779,2,0.61
LN02750,65094.89,50623.840000000004,20.0,3,0.78
LN02751,27360.58,47046.03,20.0,2,1.72
LN02752,118724.27,121174.12,5.3,1,1.02
LN02753,39260.759999999995,25758.379999999997,0.0,0,0.66
LN02754,61689.22,68614.73999999999,9.0,1,1.11
LN02755,87287.21,107563.0,3.6666666666666665,0,1.23
LN02756,59306.71000000001,48941.36,2.6,0,0.83
LN02757,98474.2,112711.99,4.444444444444445,1,1.14
LN02758,100432.69,89603.85,7.333333333333333,2,0.89
LN02759,74393.53,93302.11,-3.857142857142857,1,1.25
LN02760,141931.93,128989.03,7.181818181818182,2,0.91
LN02761,81097.9,117934.71,12.0,3,1.45
LN02762,88997.91,56692.81,10.0,2,0.64
LN02763,70384.67,41160.41,1.4285714285714286,0,0.58
LN02764,118159.95,144924.09,8.090909090909092,2,1.23
LN02765,76870.45,45604.43,14.5,3,0.59
LN02766,72093.9,82747.63,6.571428571428571,1,1.15
LN02767,52039.29,65467.43,8.833333333333334,1,1.26
LN02768,116722.5,99518.18000000001,5.9,1,0.85
LN02769,82531.35,87832.6,1.4285714285714286,0,1.06
LN02770,62426.29,80022.26000000001,0.8571428571428571,0,1.28
LN02771,146709.2,132892.2,4.3076923076923075,1,0.91
LN02772,58493.54,66890.58,9.0,2,1.14
LN02773,91294.69,78550.79000000001,7.0,1,0.86
LN02774,39897.68,22832.4,20.0,2,0.57
LN02775,56554.520000000004,73967.32,8.0,1,1.31
LN02776,31223.2,51497.69,1.5,0,1.65
LN02777,29460.940000000002,36010.1,7.5,1,1.22
LN02778,60239.25,89174.85,7.666666666666667,1,1.48
LN02779,115138.23,86352.73,3.6666666666666665,1,0.75
LN02780,59978.229999999996,71198.53,5.5,1,1.19
LN02781,113550.67000000001,105859.34,10.333333333333334,5,0.93
LN02782,111860.78,113227.98,10.0,2,1.01
LN02783,50398.0,54718.17,2.0,0,1.09
LN02784,122909.53,130165.9,10.0,3,1.06
LN02785,109802.54,99610.41,6.666666666666667,2,0.91
LN02786,61460.04,65320.24,6.571428571428571,1,1.06
LN02787,73339.31,68847.84999999999,5.0,1,0.94
LN02788,68472.03,61496.9,8.333333333333334,1,0.9
LN02789,110283.04,71905.04000000001,12.0,3,0.65
LN02790,36699.43,38567.37,0.0,0,1.05
LN02791,117173.88,129481.67,9.636363636363637,3,1.11
LN02792,84287.98000000001,103779.45000000001,3.3,1,1.23
LN02793,137033.86000000002,132895.47,8.727272727272727,2,0.97
LN02794,30109.420000000002,47390.01,4.0,0,1.57
LN02795,131643.07,108122.98,9.416666666666666,3,0.82
LN02796,49150.35,52902.62,6.142857142857143,1,1.08
LN02797,54245.9,55610.17,9.0,1,1.03
LN02798,84391.07999999999,95702.33,5.111111111111111,1,1.13
LN02799,81888.47,106096.69,4.3,1,1.3
LN02800,131769.11,110335.46,6.636363636363637,1,0.84
LN02801,75491.17,61331.979999999996,8.0,1,0.81
LN02802,84847.81,96044.0,2.0,0,1.13
LN02803,40574.0,76902.52,2.1666666666666665,0,1.9
LN02804,99098.51,87592.95999999999,4.125,1,0.88
LN02805,93814.12,78160.94,3.25,0,0.83
LN02806,187862.36000000002,165310.59,8.6,3,0.88
LN02807,136444.52,101669.39,4.6,0,0.75
LN02808,99749.42,96120.45,4.444444444444445,1,0.96
LN02809,90693.62,60637.649999999994,5.0,1,0.67
LN02810,94967.94,91456.29000000001,7.777777777777778,2,0.96
LN02811,47946.56,56565.0,14.6,2,1.18
LN02812,124804.70000000001,110476.19,12.3,3,0.89
LN02813,27106.190000000002,27334.97,13.333333333333334,1,1.01
LN02814,74219.69,58256.91,8.0,1,0.78
LN02815,88890.3,64093.5,2.857142857142857,0,0.72
LN02816,130066.35,107198.13,9.384615384615385,3,0.82
LN02817,36112.62,43036.49,7.2,1,1.19
LN02818,121439.36,105852.23,9.3,2,0.87
LN02819,38241.95,28670.69,20.6,3,0.75
LN02820,70897.71,97171.85,9.125,2,1.37
LN02821,111181.09,123688.49,13.666666666666666,3,1.11
LN02822,98915.74,116282.07,4.333333333333333,0,1.18
LN02823,86948.44,73018.41,3.2857142857142856,0,0.84
LN02824,98382.81,109303.81,11.11111111111111,3,1.11
LN02825,153610.16,140703.97,8.285714285714286,3,0.92
LN02826,37446.66,51577.93,6.0,1,1.38
LN02827,36132.59,69251.71,5.571428571428571,0,1.92
LN02828,77916.2,71726.20999999999,9.5,2,0.92
LN02829,120986.95999999999,130562.65,7.181818181818182,2,1.08
LN02830,190673.78,126719.59,10.692307692307692,3,0.66
LN02831,138978.99,112303.45000000001,6.916666666666667,2,0.81
LN02832,94009.87,74699.15,5.714285714285714,1,0.79
LN02833,96388.19,81545.44,7.875,2,0.85
LN02834,22331.41,41477.7,13.333333333333334,1,1.86
LN02835,46670.39,38461.84,14.0,2,0.82
LN02836,86781.15,98013.19,14.285714285714286,3,1.13
LN02837,51306.29,93693.19,7.166666666666667,1,1.83
LN02838,62756.46,71400.61,7.166666666666667,1,1.14
LN02839,35767.35,8830.42,13.333333333333334,1,0.25
LN02840,97253.56,118323.31,8.090909090909092,2,1.22
LN02841,46332.58,81659.77,1.4285714285714286,0,1.76
LN02842,58996.21,62402.43,6.666666666666667,1,1.06
LN02843,35441.130000000005,57110.630000000005,10.0,1,1.61
LN02844,58428.36,84442.85,8.571428571428571,1,1.45
LN02845,64076.47,80887.4,17.571428571428573,4,1.26
LN02846,34981.15,51851.020000000004,1.2,0,1.48
LN02847,87539.37,86494.03,9.428571428571429,2,0.99
LN02848,69088.18000000001,46681.1,4.6,0,0.68
LN02849,117653.48,173064.22,6.833333333333333,2,1.47
LN02850,95293.35,89712.54000000001,15.142857142857142,3,0.94
LN02851,34742.479999999996,33859.49,3.25,0,0.97
LN02852,69896.55,96795.12,10.857142857142858,2,1.38
LN02853,87427.03,100845.95,2.375,0,1.15
LN02854,35051.66,55489.380000000005,10.6,1,1.58
LN02855,118889.22,123850.84,5.090909090909091,1,1.04
LN02856,89647.28,127691.23999999999,8.3,2,1.42
LN02857,49831.51,50200.07,2.5,0,1.01
LN02858,75394.33,84082.68000000001,7.571428571428571,1,1.12
LN02859,50755.25,79273.65,6.625,1,1.56
LN02860,67286.91,51666.14,8.6,1,0.77
LN02861,153859.11,150111.01,11.25,5,0.98
LN02862,104616.94,63732.96,5.142857142857143,1,0.61
LN02863,10292.52,12610.43,5.0,0,1.23
LN02864,51525.630000000005,77503.55,2.6666666666666665,0,1.5
LN02865,86742.7,146865.57,4.545454545454546,1,1.69
LN02866,49951.17,52288.94,2.5,0,1.05
LN02867,83062.37,97104.81,3.625,0,1.17
LN02868,62312.69,117074.58,3.25,0,1.88
LN02869,80247.0,94794.38,12.875,3,1.18
LN02870,70551.56,64499.8,13.333333333333334,2,0.91
LN02871,23564.62,59127.770000000004,7.5,1,2.51
LN02872,60911.43,68175.64,2.6666666666666665,0,1.12
LN02873,81994.0,93658.65,9.428571428571429,2,1.14
LN02874,197052.9,150424.55,3.5,1,0.76
LN02875,91630.88,113707.03,7.777777777777778,2,1.24
LN02876,66539.13,70624.86,11.0,2,1.06
LN02877,40330.54,34711.659999999996,5.0,0,0.86
LN02878,171240.33000000002,135226.49,7.5,2,0.79
LN02879,41885.45,36369.52,2.5,0,0.87
LN02880,64856.99,64480.64,2.7142857142857144,0,0.99
LN02881,132190.04,91345.20999999999,5.3,1,0.69
LN02882,169672.86,174811.62,8.9375,3,1.03
LN02883,22281.1,33098.54,3.3333333333333335,0,1.49
LN02884,6711.27,13505.11,0.0,0,2.01
LN02885,58990.88,67107.01,13.285714285714286,3,1.14
LN02886,138746.29,129227.83,10.461538461538462,4,0.93
LN02887,48985.27,51389.130000000005,9.8,1,1.05
LN02888,54972.33,56340.5,14.0,2,1.02
LN02889,73206.74,56666.24,6.0,1,0.77
LN02890,97702.8,80363.01,1.625,0,0.82
LN02891,59300.87,103021.58,14.777777777777779,4,1.74
LN02892,146300.55,104445.85,3.25,0,0.71
LN02893,64228.9,99132.23999999999,5.375,1,1.54
LN02894,61337.84,63399.83,8.833333333333334,1,1.03
LN02895,55007.75,89072.02,3.1666666666666665,0,1.62
LN02896,118852.66,69833.14,3.7142857142857144,0,0.59
LN02897,42813.1,32653.98,1.5,0,0.76
LN02898,80882.95,51503.95,10.0,2,0.64
LN02899,113685.37,122491.47,9.636363636363637,3,1.08
LN02900,134175.38,124664.58,7.3,2,0.93
LN02901,49564.26,37265.17,0.6,0,0.75
LN02902,66480.22,99555.11,1.7777777777777777,0,1.5
LN02903,30782.67,37788.65,6.0,1,1.23
LN02904,122375.69,97704.18000000001,3.5454545454545454,0,0.8
LN02905,57507.42,58767.17,4.333333333333333,0,1.02
LN02906,88753.31,138667.45,8.777777777777779,2,1.56
LN02907,116448.52,144351.3,9.636363636363637,3,1.24
LN02908,41572.83,53880.99,10.0,1,1.3
LN02909,76951.48,133852.58000000002,9.272727272727273,3,1.74
LN02910,50975.630000000005,62020.28,8.6,1,1.22
LN02911,111236.54000000001,128471.38,4.083333333333333,0,1.15
LN02912,105449.67,134929.63,1.5833333333333333,0,1.28
LN02913,181138.21000000002,149097.22,7.5,2,0.82
LN02914,82575.79,94670.47,8.444444444444445,2,1.15
LN02915,46146.7,57295.68,3.8333333333333335,0,1.24
LN02916,92503.06999999999,84681.58,7.0,1,0.92
LN02917,61165.27,64277.85,9.0,2,1.05
LN02918,122509.68,145696.91999999998,6.3,1,1.19
LN02919,51498.59,72563.66,3.3333333333333335,0,1.41
LN02920,85673.3,102591.26,1.7777777777777777,0,1.2
LN02921,50269.96,93522.75,8.833333333333334,1,1.86
LN02922,140525.64,140208.77,3.769230769230769,1,1.0
LN02923,145780.47,131567.64,11.083333333333334,3,0.9
LN02924,93084.94,72350.23,1.4444444444444444,0,0.78
LN02925,91065.76,95591.76,7.875,2,1.05
LN02926,89980.17,76349.66,6.142857142857143,1,0.85
LN02927,69674.49,74243.98000000001,12.875,3,1.07
LN02928,49283.29,67707.29000000001,2.1666666666666665,0,1.37
LN02929,101694.49,92277.98,12.875,3,0.91
LN02930,82754.92,77130.68,2.0,0,0.93
LN02931,92373.37,98218.81,5.0,1,1.06
LN02932,62779.74,104201.23,12.555555555555555,3,1.66
LN02933,90803.45,84954.56,2.5,0,0.94
LN02934,59418.770000000004,74315.86,6.0,1,1.25
LN02935,67605.26,62615.67,2.6,0,0.93
LN02936,22264.26,15445.22,6.5,0,0.69
LN02937,169302.08,244241.19,7.3,4,1.44
LN02938,78648.25,75206.58,8.88888888888889,2,0.96
LN02939,62036.97,77887.03,4.285714285714286,1,1.26
LN02940,130244.13,116688.38,9.222222222222221,2,0.9
LN02941,100451.86,85753.16,11.3,3,0.85
LN02942,4142.83,16298.150000000001,0.0,0,3.93
LN02943,89188.89,83729.79,3.75,0,0.94
LN02944,75160.79000000001,91942.51999999999,8.0,1,1.22
LN02945,26567.370000000003,39547.990000000005,10.0,1,1.49
LN02946,113786.51,152824.76,9.083333333333334,2,1.34
LN02947,64745.73,84848.08,2.6666666666666665,0,1.31
LN02948,103471.56,123892.43,0.75,0,1.2
LN02949,64208.14,92771.20999999999,2.875,0,1.44
LN02950,38248.03,87333.95000000001,11.857142857142858,2,2.28
LN02951,95844.55,74077.73000000001,2.2857142857142856,0,0.77
LN02952,53181.25,54003.9,5.5,1,1.02
LN02953,136036.07,86634.62,5.363636363636363,1,0.64
LN02954,56967.3,45864.65,17.142857142857142,4,0.81
LN02955,22654.23,22938.86,15.0,1,1.01
LN02956,41590.630000000005,60233.4,0.42857142857142855,0,1.45
LN02957,131993.09,113675.3,11.916666666666666,4,0.86
LN02958,107411.13,92633.63,10.75,2,0.86
LN02959,65474.369999999995,57469.5,10.857142857142858,2,0.88
LN02960,78072.92,34234.72,8.333333333333334,1,0.44
LN02961,48616.61,64594.53,3.3333333333333335,0,1.33
LN02962,74644.43,49204.45,7.2,1,0.66
LN02963,23029.13,16695.23,6.5,0,0.72
LN02964,109452.25,135694.73,7.818181818181818,2,1.24
LN02965,75471.68000000001,74641.27,7.166666666666667,1,0.99
LN02966,51488.54,53217.479999999996,7.5,1,1.03
LN02967,82025.95,45784.520000000004,8.333333333333334,1,0.56
LN02968,47788.02,34307.33,8.0,1,0.72
LN02969,104135.75,117277.77,8.3,2,1.13
LN02970,71716.13,80160.1,4.5,1,1.12
LN02971,128681.18000000001,103429.01,12.6,3,0.8
LN02972,36941.770000000004,72213.2,0.6,0,1.95
LN02973,58563.24,60028.91,6.0,1,1.03
LN02974,107761.44,82919.79,4.9,1,0.77
LN02975,38909.09,36592.020000000004,10.0,1,0.94
LN02976,79203.01,75812.9,0.0,0,0.96
LN02977,95273.4,86866.3,5.375,1,0.91
LN02978,52478.97,53379.479999999996,8.0,1,1.02
LN02979,91979.97,95956.13,9.555555555555555,2,1.04
LN02980,131212.65,117741.89,9.363636363636363,3,0.9
LN02981,45249.83,35924.06,6.666666666666667,0,0.79
LN02982,192157.26,146284.39,5.928571428571429,2,0.76
LN02983,114589.63,117688.79000000001,9.23076923076923,3,1.03
LN02984,56398.35,82949.71,7.0,1,1.47
LN02985,58591.44,37654.42,1.8571428571428572,0,0.64
LN02986,53647.77,112901.04000000001,7.5,2,2.1
LN02987,69843.62,92461.47,3.2857142857142856,0,1.32
LN02988,61253.94,92288.38,14.125,3,1.51
LN02989,110167.8,86186.18,3.9,0,0.78
LN02990,75641.27,66289.89,5.0,1,0.88
LN02991,65356.6,105235.53,12.875,3,1.61
LN02992,59612.92999999999,62036.8,6.5,1,1.04
LN02993,220685.71000000002,241557.46,8.833333333333334,4,1.09
LN02994,31520.29,52821.33,7.2,1,1.68
LN02995,141170.93,126723.0,5.615384615384615,2,0.9
LN02996,16004.279999999999,23133.33,15.0,1,1.45
LN02997,87211.21,83350.82,11.777777777777779,3,0.96
LN02998,69113.47,89923.67,2.5555555555555554,0,1.3
LN02999,65577.8,81499.9,6.571428571428571,1,1.24
LN03000,74827.95,107070.75,8.3,2,1.43
LN03001,45574.59,69663.5,11.857142857142858,2,1.53
LN03002,91744.27,107455.97,12.3,3,1.17
LN03003,60460.46,59131.69,15.0,3,0.98
LN03004,82068.19,71545.89,6.625,1,0.87
LN03005,83525.4,72281.1,4.875,1,0.87
LN03006,72159.88,74193.43,8.333333333333334,1,1.03
LN03007,101923.31,140479.14,10.692307692307692,4,1.38
LN03008,67520.77,90932.04000000001,5.0,3,1.35
LN03009,45318.380000000005,61737.4,6.0,1,1.36
LN03010,62614.090000000004,79602.56,7.375,1,1.27
LN03011,78750.82,83378.98,6.0,1,1.06
LN03012,79319.2,88971.09,1.0,0,1.12
LN03013,44329.46,56114.67,12.857142857142858,3,1.27
LN03014,82781.8,87286.9,1.25,0,1.05
LN03015,64449.08,42226.46,6.0,0,0.66
LN03016,95228.56,90966.8,8.75,2,0.96
LN03017,183629.77,132545.63999999998,1.2857142857142858,0,0.72
LN03018,27151.43,5321.58,1.5,0,0.2
LN03019,96808.31999999999,77865.25,8.25,2,0.8
LN03020,117741.58,67379.97,7.333333333333333,1,0.57
LN03021,135888.19,142572.66,7.615384615384615,2,1.05
LN03022,90173.0,82257.09,15.714285714285714,3,0.91
LN03023,53841.78,40331.56,4.333333333333333,0,0.75
LN03024,39227.53,49930.46,2.0,0,1.27
LN03025,19362.05,25763.11,10.0,1,1.33
LN03026,35589.7,63353.91,7.666666666666667,1,1.78
LN03027,107568.18,87257.91,1.625,0,0.81
LN03028,54238.759999999995,66990.24,4.714285714285714,0,1.24
LN03029,41520.92,48982.31,10.0,1,1.18
LN03030,163841.91,141937.14,11.083333333333334,4,0.87
LN03031,38749.94,41426.82,3.25,0,1.07
LN03032,92916.55,80158.88,5.0,1,0.86
LN03033,80773.23000000001,51873.88,6.666666666666667,1,0.64
LN03034,56878.33,72904.44,11.0,3,1.28
LN03035,56380.590000000004,84006.12,2.2857142857142856,0,1.49
LN03036,23783.12,41219.72,2.0,0,1.73
LN03037,79156.06,118365.28,12.3,4,1.5
LN03038,118454.01000000001,105805.05,10.5,4,0.89
LN03039,64259.58,99949.44,1.7272727272727273,0,1.56
LN03040,58465.83,57683.11,2.5,2,0.99
LN03041,69536.17,52266.630000000005,7.166666666666667,1,0.75
LN03042,46806.53,47155.34,8.0,1,1.01
LN03043,111666.95,80857.09,9.5,2,0.72
LN03044,88690.61,78566.1,8.88888888888889,2,0.89
LN03045,59164.97,92123.94,4.714285714285714,0,1.56
LN03046,66535.03,84114.67,9.222222222222221,2,1.26
LN03047,39217.61,28974.69,20.0,2,0.74
LN03048,47946.979999999996,48648.649999999994,0.0,0,1.01
LN03049,95670.67,94904.49,3.75,1,0.99
LN03050,68387.31,114733.85,8.11111111111111,2,1.68
LN03051,61300.700000000004,64854.45,7.166666666666667,1,1.06
LN03052,39732.090000000004,52181.42,9.428571428571429,2,1.31
LN03053,57726.8,57503.86,2.1666666666666665,0,1.0
LN03054,64473.100000000006,76133.73000000001,4.5,1,1.18
LN03055,102355.23999999999,86719.55,7.666666666666667,1,0.85
LN03056,108995.68,105043.38,7.6,2,0.96
LN03057,44390.78,66002.31,8.6,1,1.49
LN03058,72547.76000000001,98525.40000000001,12.5,3,1.36
LN03059,66876.24,53386.31,7.571428571428571,1,0.8
LN03060,74459.68,51030.51,-0.6666666666666666,0,0.69
LN03061,69944.95999999999,75419.66,12.5,3,1.08
LN03062,83768.0,91804.5,8.25,2,1.1
LN03063,98398.55,108313.84,6.0,2,1.1
LN03064,113080.81,107124.29,2.888888888888889,0,0.95
LN03065,74657.54000000001,112917.82,10.6,3,1.51
LN03066,72569.73,61422.03,11.666666666666666,2,0.85
LN03067,108469.64,136582.32,8.833333333333334,3,1.26
LN03068,135880.88,100854.66,7.3,2,0.74
LN03069,92097.58,72262.34,3.75,0,0.78
LN03070,123005.33,132064.84,7.2727272727272725,2,1.07
LN03071,19358.66,26675.809999999998,1.0,0,1.38
LN03072,88801.62,136291.93,7.5,2,1.53
LN03073,78592.0,109228.22,8.3,2,1.39
LN03074,65436.08,68789.51000000001,7.2,1,1.05
LN03075,23143.88,21537.18,1.5,0,0.93
LN03076,44765.380000000005,54134.54,7.5,0,1.21
LN03077,40084.850000000006,32772.19,8.6,1,0.82
LN03078,9752.81,11987.89,1.0,0,1.23
LN03079,119497.06,102762.86,1.7777777777777777,2,0.86
LN03080,117883.82,129888.56,13.272727272727273,4,1.1
LN03081,72169.07,92634.72,10.0,2,1.28
LN03082,42680.64,84808.81,8.6,0,1.99
LN03083,45831.06,76654.36,6.666666666666667,0,1.67
LN03084,112853.48999999999,99882.68000000001,7.181818181818182,2,0.89
LN03085,72450.05,54770.31,9.428571428571429,2,0.76
LN03086,67331.9,77529.06,9.222222222222221,2,1.15
LN03087,55323.58,37207.35,5.0,1,0.67
LN03088,45816.64,61442.61,6.0,1,1.34
LN03089,111767.7,88769.76,1.6,0,0.79
LN03090,80420.63,71842.18000000001,2.2857142857142856,0,0.89
LN03091,117215.52,131379.97,8.6,2,1.12
LN03093,87141.6,77102.22,7.875,2,0.88
LN03094,60181.86,98784.88,2.2857142857142856,0,1.64
LN03095,89184.16,87284.56,3.75,1,0.98
LN03096,71440.14,84183.08,9.428571428571429,1,1.18
LN03097,55454.93,39610.020000000004,4.0,0,0.71
LN03098,78854.07,107119.45000000001,8.11111111111111,2,1.36
LN03099,64804.27,56800.39,15.5,3,0.88
LN03100,35881.229999999996,61301.05,10.5,2,1.71
LN03101,101185.94,118356.63,15.363636363636363,5,1.17
LN03102,114374.67,121648.06,4.6,1,1.06
LN03103,54467.82,32192.29,0.6,0,0.59
LN03104,65788.27,57945.91,15.5,3,0.88
LN03105,126041.93,83513.95,9.923076923076923,4,0.66
LN03106,30232.45,23993.55,1.5,0,0.79
LN03107,167976.6,135529.08,3.7142857142857144,1,0.81
LN03108,57431.59,49193.11,7.666666666666667,1,0.86
LN03109,40355.02,58265.17,4.6,0,1.44
LN03110,79768.98,76845.92,6.875,1,0.96
LN03111,108550.11,88747.76000000001,15.88888888888889,4,0.82
LN03112,112806.02,122594.83,11.818181818181818,4,1.09
LN03113,46891.64,66739.1,8.333333333333334,1,1.42
LN03114,133118.57,125894.55,3.0,0,0.95
LN03115,47695.76,74596.20999999999,21.666666666666668,4,1.56
LN03116,57773.06,56275.1,6.6,1,0.97
LN03117,39957.28,56349.25,18.0,3,1.41
LN03118,60974.56,50865.86,13.2,2,0.83
LN03119,68993.32,108546.34,5.888888888888889,1,1.57
LN03120,92209.63,55180.810000000005,12.857142857142858,2,0.6
LN03121,43179.52,29011.09,14.0,2,0.67
LN03122,84758.06,89252.21,5.0,0,1.05
LN03123,28125.28,34487.16,8.25,1,1.23
LN03124,105033.52,96283.42,4.0,1,0.92
LN03125,43299.59,24335.87,1.0,0,0.56
LN03126,59588.43,47790.42,1.2,0,0.8
LN03127,62946.5,76374.01000000001,5.571428571428571,1,1.21
LN03128,71571.12,94570.76000000001,10.75,2,1.32
LN03129,113021.69,128453.96,0.3,0,1.14
LN03130,61373.94,55147.19,4.125,0,0.9
LN03131,108998.03,75959.0,9.125,2,0.7
LN03132,120097.78,107429.37,12.3,3,0.89
LN03133,127185.65,111109.54000000001,0.6666666666666666,0,0.87
LN03134,28201.57,15761.710000000001,15.0,1,0.56
LN03135,76054.25,57778.5,7.875,1,0.76
LN03136,82988.59,60975.2,1.0,0,0.73
LN03137,114098.62,125838.26999999999,5.9,1,1.1
LN03138,80796.33,92071.91,9.5,2,1.14
LN03139,59663.13,113458.44,2.75,0,1.9
LN03140,22250.95,23969.32,13.333333333333334,1,1.08
LN03141,68157.95999999999,99431.48999999999,8.444444444444445,2,1.46
LN03142,121943.27,120054.99,3.8333333333333335,1,0.98
LN03143,126505.87,117638.22,5.7272727272727275,2,0.93
LN03144,77447.62,43011.1,8.833333333333334,1,0.56
LN03145,159352.66,159014.1,4.5,1,1.0
LN03146,131238.84,92515.24,7.0,2,0.7
LN03147,60718.020000000004,42945.950000000004,1.6666666666666667,0,0.71
LN03148,76368.13,70769.09,6.5,1,0.93
LN03149,36382.78,34540.68,20.0,2,0.95
LN03150,42691.15,40086.13,3.3333333333333335,0,0.94
LN03151,34601.9,47338.17,8.25,1,1.37
LN03152,132387.13,106001.99,7.0,1,0.8
LN03153,74594.25,101983.67000000001,9.5,2,1.37
LN03154,78643.22,86261.95,7.3,1,1.1
LN03155,116169.03,108075.26000000001,7.666666666666667,1,0.93
LN03156,126974.20999999999,89343.56,14.3,4,0.7
LN03157,51712.56,100681.61,10.0,2,1.95
LN03158,81554.01,57453.66,10.5,2,0.7
LN03159,108733.01999999999,108746.85,6.636363636363637,1,1.0
LN03160,35351.78,37551.6,0.0,0,1.06
LN03161,130766.5,95063.20999999999,10.6,3,0.73
LN03162,148459.81,85582.82,8.727272727272727,3,0.58
LN03163,80990.06999999999,66242.86,6.125,1,0.82
LN03164,100169.6,79684.14,7.333333333333333,1,0.8
LN03165,64528.64,84793.26,3.3333333333333335,0,1.31
LN03166,94518.18000000001,101803.89,9.555555555555555,2,1.08
LN03167,62647.35,53338.71000000001,6.6,1,0.85
LN03168,79083.84,74675.1,1.2857142857142858,0,0.94
LN03169,48462.76,42824.08,15.0,2,0.88
LN03170,65805.27,70548.69,7.875,2,1.07
LN03171,109240.9,100475.96,3.3,0,0.92
LN03172,59218.33,69275.17,2.1666666666666665,0,1.17
LN03173,67127.87,39629.630000000005,8.166666666666666,1,0.59
LN03174,102208.1,84570.91,9.6,3,0.83
LN03175,34424.09,27684.219999999998,3.25,0,0.8
LN03176,97820.06,71637.33,16.666666666666668,5,0.73
LN03177,27819.97,13040.69,1.5,0,0.47
LN03178,133240.44,97425.82,3.6666666666666665,0,0.73
LN03179,129939.8,122494.3,2.769230769230769,0,0.94
LN03180,12868.45,7119.87,0.0,0,0.55
LN03181,104012.8,99285.5,5.111111111111111,1,0.95
LN03182,77995.34,86804.22,5.142857142857143,0,1.11
LN03183,103813.28,65911.97,20.0,5,0.63
LN03184,99859.08,79782.24,5.375,1,0.8
LN03185,39686.15,39547.09,13.333333333333334,2,1.0
LN03186,73948.53,97703.06,12.875,3,1.32
LN03187,92113.02,88292.11,7.5,2,0.96
LN03188,100502.56,71322.96,6.25,1,0.71
LN03189,84672.63,43787.37,0.0,0,0.52
LN03190,45951.63,61877.73,1.5,0,1.35
LN03191,85034.20000000001,59907.26,11.666666666666666,2,0.7
LN03192,66945.26,71482.98,15.5,3,1.07
LN03193,30233.98,55028.100000000006,0.0,0,1.82
LN03194,136673.27,132588.56,8.285714285714286,2,0.97
LN03195,80100.15,93469.26000000001,4.125,1,1.17
LN03196,33776.75,38342.17,4.333333333333333,0,1.14
LN03197,82018.68,86391.48,2.2857142857142856,0,1.05
LN03198,176333.96000000002,153359.12,5.533333333333333,2,0.87
LN03199,107081.13,74012.96,5.222222222222222,1,0.69
LN03200,100475.72,73819.64,5.714285714285714,1,0.73
LN03201,61942.88,25078.16,10.0,1,0.4
LN03202,89634.86,114230.55,8.444444444444445,2,1.27
LN03203,34786.53,58586.66,5.0,0,1.68
LN03204,110603.77,92116.23,3.9,0,0.83
LN03205,87543.18000000001,66680.03,7.875,1,0.76
LN03206,85360.84,76480.75,8.571428571428571,1,0.9
LN03207,75205.26999999999,94576.85,8.571428571428571,2,1.26
LN03208,66642.17,64179.259999999995,7.571428571428571,1,0.96
LN03209,117992.25,108620.01000000001,6.666666666666667,1,0.92
LN03210,109689.90000000001,105020.39,7.0,2,0.96
LN03211,114877.95,117497.59,9.3,3,1.02
LN03212,72028.13,71603.6,8.0,1,0.99
LN03213,92426.76,125334.91,3.7857142857142856,1,1.36
LN03214,124462.33,130652.39,7.75,2,1.05
LN03215,55230.14,39946.72,14.0,2,0.72
LN03216,66429.86,68746.85,6.0,1,1.03
LN03217,120033.6,109515.23999999999,2.6363636363636362,0,0.91
LN03218,98688.41,91284.91,8.444444444444445,2,0.92
LN03219,110332.48,82409.65,10.0,2,0.75
LN03220,130652.31,64403.41,5.6,0,0.49
LN03221,44581.479999999996,57466.240000000005,0.0,0,1.29
LN03222,82466.07,91584.69,1.3,0,1.11
LN03223,139152.94,131329.24,16.916666666666668,6,0.94
LN03224,81551.36,77812.61,8.88888888888889,2,0.95
LN03225,102112.53,77108.35,6.636363636363637,2,0.76
LN03226,40829.119999999995,62857.729999999996,14.6,2,1.54
LN03227,116051.70999999999,103098.89,11.333333333333334,3,0.89
LN03228,109040.40999999999,76353.98,1.25,0,0.7
LN03229,115302.89,76863.96,7.0,1,0.67
LN03230,76428.56,67228.36,8.25,2,0.88
LN03231,68702.23999999999,39983.53,11.666666666666666,2,0.58
LN03232,139463.18,101459.65,8.0,2,0.73
LN03233,61478.7,52859.49,6.142857142857143,1,0.86
LN03234,63105.8,54433.85,6.0,1,0.86
LN03235,35642.56,36296.7,4.333333333333333,0,1.02
LN03236,119423.1,126229.47,4.7272727272727275,2,1.06
LN03237,118027.87,116452.59,5.0,1,0.99
LN03238,89261.68,105700.01000000001,4.0,0,1.18
LN03239,69003.9,50977.83,12.0,2,0.74
LN03240,65219.35,72190.63,6.142857142857143,1,1.11
LN03241,95978.3,142798.8,7.545454545454546,2,1.49
LN03242,109888.02,109845.36,8.11111111111111,2,1.0
LN03243,20260.42,56514.46,1.2,0,2.79
LN03244,43962.64,45391.18,2.5,0,1.03
LN03245,122900.42,127300.02,8.285714285714286,3,1.04
LN03246,106681.28,117522.42,4.9,1,1.1
LN03247,45604.42999999999,64475.12,11.0,2,1.41
LN03248,54012.62,111127.12,4.777777777777778,1,2.06
LN03249,59685.37,89314.2,3.2857142857142856,0,1.5
LN03250,77452.23,117848.48999999999,11.0,2,1.52
LN03251,46589.77,60460.46,11.25,2,1.3
LN03252,64392.8,62376.55,0.0,0,0.97
LN03253,95219.09999999999,86958.75,3.5555555555555554,0,0.91
LN03254,117060.57,84558.31999999999,6.9,2,0.72
LN03255,66939.34,58773.32,2.2857142857142856,0,0.88
LN03256,57917.3,62683.58,1.0,0,1.08
LN03257,100303.98,83079.01,9.875,2,0.83
LN03258,129230.09,98581.74,3.3,1,0.76
LN03259,59661.740000000005,82526.23,7.0,1,1.38
LN03260,64506.68,107988.48,3.2857142857142856,0,1.67
LN03261,70473.71,61159.61,0.5,0,0.87
LN03262,75848.9,67920.81,8.0,1,0.9
LN03263,53464.990000000005,51558.97,20.6,3,0.96
LN03264,68352.63,93599.12,7.777777777777778,2,1.37
LN03265,108610.94,106261.39,10.666666666666666,3,0.98
LN03266,157113.29,153217.44,7.923076923076923,3,0.98
LN03267,45275.86,62187.72,5.5,1,1.37
LN03268,109556.18,123352.99,7.454545454545454,2,1.13
LN03269,40030.91,50508.130000000005,6.666666666666667,1,1.26
LN03270,82619.77,83672.67,3.7142857142857144,0,1.01
LN03271,55382.45,67617.46,11.428571428571429,3,1.22
LN03272,61876.9,68833.35,2.6,0,1.11
LN03273,78223.98000000001,65303.58,8.166666666666666,1,0.83
LN03274,108052.98,104573.98000000001,2.375,0,0.97
LN03275,91434.06999999999,96503.88,5.75,1,1.06
LN03276,62772.96,54356.899999999994,6.142857142857143,1,0.87
LN03277,96962.16,96064.28,5.111111111111111,1,0.99
LN03278,103217.59,140248.93,6.615384615384615,1,1.36
LN03279,36243.92,40791.7,4.333333333333333,0,1.13
LN03280,66465.95,63303.490000000005,0.5,0,0.95
LN03281,79899.02,67662.25,5.375,1,0.85
LN03282,77082.59,87556.59999999999,8.75,2,1.14
LN03283,69705.63,55172.73,16.625,4,0.79
LN03284,86877.49,116091.51,1.7777777777777777,0,1.34
LN03285,119546.97,121266.3,10.6,3,1.01
LN03286,64083.55,63177.97,-4.5,1,0.99
LN03287,79102.5,107342.98000000001,2.2222222222222223,0,1.36
LN03288,24529.48,41511.009999999995,6.666666666666667,0,1.69
LN03289,72726.11,48534.33,7.142857142857143,1,0.67
LN03290,68362.76000000001,71895.22,13.625,3,1.05
LN03291,82459.48999999999,94211.9,10.666666666666666,3,1.14
LN03292,46178.78,78096.69,0.6,0,1.69
LN03293,84660.92,61254.28999999999,6.142857142857143,1,0.72
LN03294,121870.36,144716.62,10.76923076923077,4,1.19
LN03295,70506.28,66939.58,9.428571428571429,2,0.95
LN03296,130958.55,114503.45,3.6,0,0.87
LN03297,97789.47,85560.25,9.5,2,0.87
LN03298,80521.95999999999,87065.81,6.142857142857143,1,1.08
LN03299,32386.87,43993.54,9.2,1,1.36
LN03300,61295.34,40875.43,3.2,0,0.67
LN03301,65731.66,62898.83,7.166666666666667,1,0.96
LN03302,47906.71,96443.29000000001,7.142857142857143,1,2.01
LN03303,82100.07999999999,71600.74,6.571428571428571,1,0.87
LN03304,17340.71,18412.4,6.5,0,1.06
LN03305,28612.36,69509.55,8.0,1,2.43
LN03306,84945.23,64478.51,14.285714285714286,3,0.76
LN03307,54727.16,73117.72,5.714285714285714,1,1.34
LN03308,137029.5,99399.81,2.9,0,0.73
LN03309,46331.42,121058.65,11.444444444444445,3,2.61
LN03310,86590.59000000001,96035.67,6.875,1,1.11
LN03311,98205.01000000001,77834.65,7.875,2,0.79
LN03312,70131.93000000001,100802.56999999999,0.375,0,1.44
LN03313,90908.11,113318.67,6.2,1,1.25
LN03314,47495.18,53788.229999999996,10.75,1,1.13
LN03315,37897.07,64445.19,5.75,0,1.7
LN03316,77827.11,70659.47,8.25,2,0.91
LN03317,68977.27,58576.24,0.42857142857142855,0,0.85
LN03318,53144.49,36862.66,9.8,1,0.69
LN03319,7256.4400000000005,11875.25,15.0,1,1.64
LN03320,80434.7,105506.5,2.6,0,1.31
LN03321,33657.72,37227.96,3.3333333333333335,0,1.11
LN03322,70889.71,102535.06,2.875,0,1.45
LN03323,111882.81,109875.27,11.818181818181818,4,0.98
LN03324,52269.11,51638.37,4.0,0,0.99
LN03325,65642.49,56332.509999999995,5.142857142857143,1,0.86
LN03326,73683.91,54662.82,7.142857142857143,1,0.74
LN03327,100085.98,120363.93,6.3,1,1.2
LN03328,125785.12,92040.18000000001,14.0,4,0.73
LN03329,51164.68,77584.5,1.0,0,1.52
LN03330,104536.38,84129.22,21.25,5,0.8
LN03331,38113.17,24197.620000000003,14.333333333333334,1,0.63
LN03332,38427.82,73678.98,6.6,1,1.92
LN03333,132501.85,107227.44,4.0,1,0.81
LN03334,86177.58,74196.77,10.25,2,0.86
LN03335,151337.91,138994.36,9.153846153846153,3,0.92
LN03336,80423.67,78586.66,2.5555555555555554,0,0.98
LN03337,51851.06,60360.36,7.2,1,1.16
LN03338,109085.14,113724.61,2.111111111111111,0,1.04
LN03339,92202.33,59317.74,0.0,0,0.64
LN03340,77121.12,89237.78,3.857142857142857,1,1.16
LN03341,82119.91,74656.68,12.166666666666666,2,0.91
LN03342,43404.399999999994,42210.55,8.0,1,0.97
LN03343,90614.85,113410.95,9.9,3,1.25
LN03344,91369.1,76116.62,12.5,3,0.83
LN03345,43032.42,67415.56999999999,14.0,2,1.57
LN03346,84322.12,69451.13,5.75,1,0.82
LN03347,42258.81,69762.83,2.1666666666666665,0,1.65
LN03348,59992.939999999995,53674.88,6.0,1,0.89
LN03349,117592.54000000001,104286.68000000001,11.0,3,0.89
LN03350,76177.31,69956.38,1.2857142857142858,0,0.92
LN03351,18390.17,23695.78,3.3333333333333335,0,1.29
LN03352,47615.659999999996,70965.0,12.666666666666666,2,1.49
LN03353,37355.19,72145.33,6.666666666666667,1,1.93
LN03354,69299.95,40779.41,10.5,1,0.59
LN03355,92215.54000000001,88600.77,4.714285714285714,1,0.96
LN03356,111830.03,109264.51999999999,8.181818181818182,2,0.98
LN03357,40161.69,45992.92,10.75,1,1.15
LN03358,82003.3,68071.23,2.7142857142857144,0,0.83
LN03359,126634.79000000001,109104.75,8.25,3,0.86
LN03360,98245.12,69631.53,2.6666666666666665,0,0.71
LN03361,36472.79,37700.05,2.0,0,1.03
LN03362,66431.26,48962.57,10.0,1,0.74
LN03363,129490.17,112500.45,4.9,0,0.87
LN03364,102271.14,104676.96,10.666666666666666,3,1.02
LN03365,137080.35,156696.24,6.785714285714286,2,1.14
LN03366,79601.59,123893.5,4.777777777777778,1,1.56
LN03367,98384.43000000001,78158.0,10.857142857142858,2,0.79
LN03368,51366.490000000005,51827.26,16.666666666666668,3,1.01
LN03369,75069.47,66779.94,5.5,0,0.89
LN03370,71000.81,65588.22,4.714285714285714,0,0.92
LN03371,72674.4,68400.3,10.0,1,0.94
LN03372,140933.36,103061.84,4.416666666666667,1,0.73
LN03373,44875.93,54778.61,12.5,1,1.22
LN03374,48420.76,60429.799999999996,14.0,2,1.25
LN03375,99858.23,107132.23000000001,9.5,2,1.07
LN03376,66377.75,53171.78999999999,16.666666666666668,3,0.8
LN03377,30405.83,10391.439999999999,1.5,0,0.34
LN03378,76236.89,76338.84,6.0,1,1.0
LN03379,69425.22,78235.3,6.571428571428571,1,1.13
LN03380,59465.14,72404.68,1.875,0,1.22
LN03381,86829.22,86013.12000000001,8.625,2,0.99
LN03382,68844.13,60241.53999999999,0.6,0,0.88
LN03383,144819.41,119485.45,11.916666666666666,4,0.83
LN03384,83581.14,55269.93,1.8571428571428572,0,0.66
LN03385,87159.69,123071.05,9.125,2,1.41
LN03386,102079.73,78069.59999999999,4.3,1,0.76
LN03387,29677.8,51293.54,2.5,0,1.73
LN03388,26666.230000000003,48255.94,10.0,2,1.81
LN03389,83306.57,46395.92,11.428571428571429,2,0.56
LN03390,56155.119999999995,51761.79,11.666666666666666,2,0.92
LN03391,98186.45,112178.58,9.3,2,1.14
LN03392,80778.87,72844.02,2.7142857142857144,0,0.9
LN03393,94970.64,94778.82,1.5,0,1.0
LN03394,140008.12,104024.15,5.5,1,0.74
LN03395,55313.78,59545.79,0.5,0,1.08
LN03396,67932.14,72011.03,6.571428571428571,1,1.06
LN03397,78173.59,48242.94,2.1666666666666665,0,0.62
LN03398,84607.45,85955.25,1.4285714285714286,0,1.02
LN03399,48268.8,69643.54,18.333333333333332,3,1.44
LN03400,73668.67,85484.63,8.75,2,1.16
LN03401,59595.880000000005,69355.8,4.285714285714286,0,1.16
LN03402,81644.57,57597.73,2.0,0,0.71
LN03403,50728.97,64951.14,12.0,2,1.28
LN03404,99142.09,62256.01,3.2857142857142856,1,0.63
LN03405,96531.9,73434.2,5.75,1,0.76
LN03406,87636.85,80253.36,11.444444444444445,3,0.92
LN03407,24944.440000000002,39669.75,3.25,0,1.59
LN03408,34850.58,37655.63,4.333333333333333,0,1.08
LN03409,164569.56,92317.64,3.1818181818181817,0,0.56
LN03410,77849.25,74384.53,8.444444444444445,2,0.96
LN03411,17006.56,12721.47,0.0,0,0.75
LN03412,127520.16,137622.23,6.923076923076923,3,1.08
LN03413,8045.200000000001,17667.88,6.5,0,2.2
LN03414,78143.14,73019.07,12.875,3,0.93
LN03415,64661.69,44243.21,2.1666666666666665,0,0.68
LN03416,79518.78,75885.45,2.1666666666666665,0,0.95
LN03417,99076.31999999999,116075.70999999999,3.0,0,1.17
LN03418,57563.259999999995,86965.2,3.25,0,1.51
LN03419,111369.05,121701.51000000001,5.6,2,1.09
LN03420,140247.44,113037.79,7.545454545454546,2,0.81
LN03421,82667.56999999999,88322.73,5.888888888888889,1,1.07
LN03422,72611.63,75442.05,10.222222222222221,2,1.04
LN03423,83431.14,80189.88,4.714285714285714,0,0.96
LN03424,46403.27,61941.43,6.666666666666667,1,1.33
LN03425,46584.03,47152.97,15.0,2,1.01
LN03426,77161.56999999999,94129.41,7.875,2,1.22
LN03427,44397.090000000004,65396.74,3.8333333333333335,0,1.47
LN03428,41997.49,72887.94,3.8333333333333335,0,1.74
LN03429,119921.67,137936.33,3.0,1,1.15
LN03430,144864.64,155781.4,7.071428571428571,2,1.08
LN03431,53670.36,59298.96,8.6,1,1.1
LN03432,143707.99,134937.16,11.583333333333334,4,0.94
LN03433,65421.59,73519.12,5.5,0,1.12
LN03434,70514.51000000001,118225.06999999999,5.888888888888889,1,1.68
LN03435,122577.09,105198.68,4.3,1,0.86
LN03436,67218.05,50262.130000000005,10.0,1,0.75
LN03437,106689.86,110296.0,16.0,5,1.03
LN03438,94654.22,88793.33,7.9,2,0.94
LN03439,88264.86,66035.75,7.0,1,0.75
LN03440,130162.56,130050.51000000001,10.833333333333334,4,1.0
LN03441,94406.53,36074.36,7.142857142857143,1,0.38
LN03442,59819.990000000005,62862.6,12.6,2,1.05
LN03443,63413.37,55768.94,20.5,4,0.88
LN03444,131650.64,118100.2,4.545454545454546,1,0.9
LN03445,51457.590000000004,90321.7,5.5,0,1.76
LN03446,89681.11,94233.17,1.7777777777777777,0,1.05
LN03447,31782.92,19622.11,0.0,0,0.62
LN03448,139184.33,152741.63,3.8333333333333335,0,1.1
LN03449,46092.86,82816.78,1.0,0,1.8
LN03450,67914.81,67787.97,6.6,1,1.0
LN03451,79084.64,74874.62,0.5,0,0.95
LN03452,73279.66,85064.78,10.428571428571429,2,1.16
LN03453,115555.28,76793.45999999999,8.444444444444445,2,0.66
LN03454,30422.15,43496.79,20.0,2,1.43
LN03455,81269.12999999999,55852.05,5.0,0,0.69
LN03456,111818.08,117746.67,7.545454545454546,2,1.05
LN03457,103255.87,104180.09,1.4444444444444444,0,1.01
LN03458,19587.62,20009.27,10.0,1,1.02
LN03459,50768.87,61868.82,3.2,0,1.22
LN03460,50250.93,49274.740000000005,7.666666666666667,1,0.98
LN03461,72022.01,124134.91,4.444444444444445,1,1.72
LN03462,23984.47,24765.01,1.5,0,1.03
LN03463,53939.29,71557.26,7.5,1,1.33
LN03464,103930.11,102474.01000000001,5.111111111111111,1,0.99
LN03465,100360.19,83174.2,4.0,1,0.83
LN03466,37978.729999999996,41522.17,10.0,1,1.09
LN03467,108352.66,111824.56,7.777777777777778,2,1.03
LN03468,44777.049999999996,48455.520000000004,1.0,0,1.08
LN03469,97924.8,82734.48,12.375,3,0.84
LN03470,107228.23000000001,84948.59,4.444444444444445,1,0.79
LN03471,40926.21,54970.89,2.5,0,1.34
LN03472,87853.0,59912.43,9.428571428571429,2,0.68
LN03473,75436.95,33292.37,24.0,4,0.44
LN03474,44694.99,45582.32,6.0,1,1.02
LN03475,130426.14,112953.98000000001,6.222222222222222,1,0.87
LN03476,86935.03,63915.46,6.142857142857143,1,0.74
LN03477,77115.81,70009.03,9.5,2,0.91
LN03478,111760.55,108131.75,3.9,1,0.97
LN03479,113947.39,114571.8,10.272727272727273,3,1.01
LN03480,93380.04000000001,120060.12,16.0,5,1.29
LN03481,92881.26999999999,78546.35,3.625,0,0.85
LN03482,34321.39,30347.72,0.6,0,0.88
LN03483,46692.12,49719.17,17.5,2,1.06
LN03484,118805.83,130056.5,7.153846153846154,2,1.09
LN03485,46146.869999999995,50865.42,0.0,0,1.1
LN03486,28302.97,33381.35,10.75,1,1.18
LN03487,66194.35,77516.55,4.714285714285714,0,1.17
LN03488,71252.98,95640.93,7.875,2,1.34
LN03489,46654.39,21677.12,5.2,0,0.46
LN03490,72362.15,64638.130000000005,12.88888888888889,3,0.89
LN03491,81705.5,44156.93,0.42857142857142855,0,0.54
LN03492,105126.7,104665.51000000001,4.818181818181818,1,1.0
LN03493,90520.72,72246.58,6.625,1,0.8
LN03494,85807.44,64975.619999999995,10.5,2,0.76
LN03495,121808.27,120660.73999999999,14.0,6,0.99
LN03496,38434.8,55300.74,8.25,1,1.44
LN03497,64843.4,100175.57,6.125,1,1.54
LN03498,25416.24,35797.18,7.5,0,1.41
LN03499,65147.89,70143.47,13.285714285714286,3,1.08
LN03500,83587.47,74768.56,1.4285714285714286,0,0.89
LN03501,78474.36,46542.990000000005,5.5,1,0.59
LN03502,91479.3,89469.56,4.545454545454546,1,0.98
LN03503,41130.689999999995,29960.95,1.5,0,0.73
LN03504,118514.13,110910.86,8.75,2,0.94
LN03505,80831.11,108115.79000000001,8.88888888888889,2,1.34
LN03506,18651.29,30616.769999999997,15.0,1,1.64
LN03507,63845.49,78380.38,8.571428571428571,1,1.23
LN03508,101563.98000000001,115433.87,7.916666666666667,2,1.14
LN03509,74566.25,53702.04,2.1666666666666665,0,0.72
LN03510,86727.85,79303.24,6.222222222222222,1,0.91
LN03511,158322.53,127773.23,11.857142857142858,5,0.81
LN03512,57516.979999999996,47205.0,6.571428571428571,1,0.82
LN03513,137603.8,150109.83000000002,5.7272727272727275,1,1.09
LN03514,131904.61,150845.97,4.3076923076923075,1,1.14
LN03515,67940.12,69324.61,7.0,1,1.02
LN03516,93536.91,64564.77,6.25,1,0.69
LN03517,84190.81,93708.0,6.571428571428571,1,1.11
LN03518,51916.4,56904.89,10.75,1,1.1
LN03519,85396.77,70050.44,7.666666666666667,1,0.82
LN03520,145281.47,105255.32,8.25,2,0.72
LN03521,129817.35,104673.54,5.3,0,0.81
LN03522,118884.85,74471.11,6.6,1,0.63
LN03523,80915.58,52160.520000000004,11.666666666666666,2,0.64
LN03524,68094.24,63446.82,11.666666666666666,2,0.93
LN03525,118746.44,129422.23,5.25,2,1.09
LN03526,55248.03,64942.13,8.333333333333334,1,1.18
LN03527,40820.35,68460.86,7.666666666666667,1,1.68
LN03528,98920.5,63715.780000000006,8.571428571428571,2,0.64
LN03529,42041.15,67895.16,-2.8333333333333335,1,1.61
LN03530,46063.59,70709.66,0.5,0,1.54
LN03531,88491.39,84386.94,9.222222222222221,2,0.95
LN03532,109799.36,95184.3,11.11111111111111,3,0.87
LN03533,57865.55,81062.41,3.2857142857142856,0,1.4
LN03534,168364.52000000002,172273.57,9.214285714285714,3,1.02
LN03535,101946.0,160038.19,7.153846153846154,2,1.57
LN03536,115632.84,95879.77,4.777777777777778,1,0.83
LN03537,111568.13,93537.28,2.0,0,0.84
LN03538,90958.09999999999,72048.34,5.714285714285714,1,0.79
LN03539,51021.1,47533.52,8.6,1,0.93
LN03540,48463.1,106192.26999999999,4.125,0,2.19
LN03541,132496.63,125166.45,4.3,0,0.94
LN03542,31445.47,52970.38,23.25,3,1.68
LN03543,68641.08,95736.58,5.142857142857143,1,1.39
LN03544,119841.19,64409.19,3.5454545454545454,1,0.54
LN03545,73898.22,72385.12999999999,5.5,1,0.98
LN03546,113760.75,85048.68000000001,17.0,4,0.75
LN03547,46140.9,49579.14,8.0,1,1.07
LN03548,116573.57,102552.51000000001,8.0,2,0.88
LN03549,100848.62000000001,79047.52,2.3,0,0.78
LN03550,112285.33,100303.1,8.6,2,0.89
LN03551,91851.22,73656.03,5.142857142857143,1,0.8
LN03552,92106.64,87652.83,5.0,1,0.95
LN03553,73244.01,73250.73999999999,10.857142857142858,2,1.0
LN03554,59647.71,83265.99,6.142857142857143,1,1.4
LN03555,63902.22,72817.81,6.142857142857143,1,1.14
LN03556,83947.46,87912.13,8.571428571428571,2,1.05
LN03557,39130.15,77210.44,2.6,0,1.97
LN03558,72022.84,64283.92,12.166666666666666,2,0.89
LN03559,55845.72,67625.08,1.5,0,1.21
LN03560,84575.51,118263.45,2.888888888888889,0,1.4
LN03561,9018.79,23980.03,15.0,1,2.66
LN03562,54973.35,60730.280000000006,2.6,0,1.1
LN03563,22986.53,29030.02,6.5,0,1.26
LN03564,94081.51,99985.26,12.555555555555555,3,1.06
LN03565,54038.04,64145.72,3.8333333333333335,0,1.19
LN03566,166439.24,172500.73,5.8125,1,1.04
LN03567,31258.86,18979.72,15.0,1,0.61
LN03568,77337.02,82995.03,3.2857142857142856,0,1.07
LN03569,73913.81,104980.92,7.5,1,1.42
LN03570,68291.46,38822.47,0.6,0,0.57
LN03571,86519.27,123102.15000000001,6.0,2,1.42
LN03572,57319.100000000006,75011.79000000001,5.0,1,1.31
LN03573,73821.59,52599.0,15.0,3,0.71
LN03574,61201.22,40734.43,6.0,0,0.67
LN03575,41479.659999999996,81367.51999999999,10.857142857142858,2,1.96
LN03576,29608.469999999998,52295.36,10.0,1,1.77
LN03577,53166.35,62634.62,2.0,0,1.18
LN03578,20550.61,12237.15,3.3333333333333335,0,0.6
LN03579,17817.47,5997.19,10.0,0,0.34
LN03580,57982.68,59188.55,2.6,0,1.02
LN03581,141351.09,112246.71,8.0,2,0.79
LN03582,102237.95,117572.51999999999,5.9,1,1.15
LN03583,35380.85,29052.96,13.25,1,0.82
LN03584,61868.61,38104.4,12.6,2,0.62
LN03585,47783.76,66710.76000000001,4.0,0,1.4
LN03586,120443.77,76351.31,8.75,2,0.63
LN03587,69751.38,97971.27,7.5,1,1.4
LN03588,46049.99,60621.66,4.0,0,1.32
LN03589,53326.86,101878.8,5.375,1,1.91
LN03590,81167.29000000001,84780.67,5.714285714285714,1,1.04
LN03591,90865.51999999999,111690.62,3.3333333333333335,0,1.23
LN03592,76684.03,74023.90000000001,9.5,2,0.97
LN03593,69854.03,93276.91,7.0,1,1.34
LN03594,74363.91,92507.96,8.444444444444445,2,1.24
LN03595,19170.6,10514.990000000002,3.0,0,0.55
LN03596,92027.18,140114.29,10.181818181818182,3,1.52
LN03597,16873.87,32778.57,5.333333333333333,0,1.94
LN03598,59727.740000000005,62335.17,4.714285714285714,1,1.04
LN03599,84826.23999999999,104297.14,5.142857142857143,0,1.23
LN03600,64014.79,62112.08,12.166666666666666,2,0.97
LN03601,170800.69,170708.22,10.6,4,1.0
LN03602,34282.9,52701.47,5.0,0,1.54
LN03603,42991.76,44016.04,15.0,2,1.02
LN03604,95083.06,97236.94,1.625,0,1.02
LN03605,81771.88,119700.55,12.363636363636363,4,1.46
LN03606,36942.76,30058.69,3.25,0,0.81
LN03607,56992.49,39575.52,3.8333333333333335,0,0.69
LN03608,101475.68,87964.99,10.375,2,0.87
LN03609,152246.4,108750.39,5.615384615384615,2,0.71
LN03610,56772.79,65889.85,2.1666666666666665,0,1.16
LN03611,80007.0,44530.850000000006,7.0,1,0.56
LN03612,57096.71,84660.62,18.571428571428573,4,1.48
LN03613,88402.44,99558.25,1.9,0,1.13
LN03614,92631.22,62305.880000000005,4.0,1,0.67
LN03615,79025.4,89221.86,10.545454545454545,3,1.13
LN03616,89399.94,105916.86,16.625,4,1.18
LN03617,128329.31,111904.84,13.538461538461538,5,0.87
LN03618,18201.1,31424.24,16.666666666666668,1,1.73
LN03619,55723.17,81452.83,8.333333333333334,1,1.46
LN03620,81362.36,97938.56,5.6,1,1.2
LN03621,35366.81,38483.009999999995,10.0,1,1.09
LN03622,102074.65,103900.72,5.111111111111111,1,1.02
LN03623,39504.44,116228.64,5.6,1,2.94
LN03624,74376.67,41707.13,20.0,3,0.56
LN03625,135899.42,130824.95999999999,6.384615384615385,2,0.96
LN03626,107647.73,116694.77,7.0,1,1.08
LN03627,113604.36,80425.43000000001,4.125,0,0.71
LN03628,146527.86,97953.34,6.533333333333333,2,0.67
LN03629,70802.15,79858.65000000001,2.857142857142857,0,1.13
LN03630,118681.52,74320.98,2.9,0,0.63
LN03631,62724.079999999994,66163.76000000001,4.333333333333333,0,1.05
LN03632,96704.34,76432.11,5.555555555555555,1,0.79
LN03633,86399.6,68686.16,8.857142857142858,1,0.79
LN03634,101933.98,83852.72,7.3,2,0.82
LN03635,9511.65,29063.89,10.0,1,3.06
LN03636,118237.26,89903.86,8.3,2,0.76
LN03637,53267.2,83329.33,16.571428571428573,3,1.56
LN03638,77291.6,83725.59,3.2857142857142856,0,1.08
LN03639,92444.88,110558.76000000001,4.333333333333333,1,1.2
LN03640,73406.09,77717.31,7.5,1,1.06
LN03641,53966.18000000001,45527.12,10.0,1,0.84
LN03642,63073.31,95306.11,4.125,1,1.51
LN03643,120726.29000000001,71895.29000000001,2.5,0,0.6
LN03644,38055.83,57444.240000000005,3.2,0,1.51
LN03645,78965.54000000001,82362.55,7.875,2,1.04
LN03646,85713.31,87544.35,7.0,2,1.02
LN03647,61626.8,73047.23000000001,11.428571428571429,2,1.19
LN03648,97455.52,112345.98,10.166666666666666,3,1.15
LN03649,32232.07,49242.6,0.6,0,1.53
LN03650,180488.41,173029.29,7.25,2,0.96
LN03651,20545.32,40378.09,6.666666666666667,0,1.97
LN03652,47766.15,62249.11,7.571428571428571,1,1.3
LN03653,27776.93,30500.57,5.0,0,1.1
LN03654,40318.72,69699.82,6.666666666666667,1,1.73
LN03655,49717.92,91357.69,10.666666666666666,3,1.84
LN03656,87294.99,98373.92,1.8571428571428572,0,1.13
LN03657,93910.79000000001,47087.65,5.0,1,0.5
LN03658,39646.82,50761.08,12.5,1,1.28
LN03659,143545.15,124549.29000000001,12.0,5,0.87
LN03660,53750.9,70734.82,6.142857142857143,1,1.32
LN03661,92028.73,96939.19,5.0,1,1.05
LN03662,83670.24,117874.06,2.111111111111111,0,1.41
LN03663,118870.42,77541.04,3.6,0,0.65
LN03664,63902.94,55791.3,6.6,1,0.87
LN03665,102951.72,134166.83,10.272727272727273,3,1.3
LN03666,40483.659999999996,45334.31,1.5,0,1.12
LN03667,27759.16,21202.879999999997,13.333333333333334,1,0.76
LN03668,60047.21,51851.53,7.2,1,0.86
LN03669,100785.59000000001,82445.63,4.5,1,0.82
LN03670,79959.66,126678.27,3.2,0,1.58
LN03671,74632.56,72711.17,13.833333333333334,2,0.97
LN03672,89182.4,76392.69,5.0,0,0.86
LN03673,76277.7,55412.56,8.75,2,0.73
LN03674,86601.78,87580.86,12.875,3,1.01
LN03675,140535.27,148508.52,5.846153846153846,1,1.06
LN03676,71960.25,99238.45,10.428571428571429,2,1.38
LN03677,92925.99,90177.40000000001,5.375,0,0.97
LN03678,86601.12,108273.95,11.444444444444445,2,1.25
LN03679,32178.57,58666.07,2.6,0,1.82
LN03680,36471.79,56006.05,2.6,0,1.54
LN03681,91235.51,88601.96,5.3,1,0.97
LN03682,55258.729999999996,51762.99,6.0,1,0.94
LN03683,141034.32,124519.14,4.083333333333333,1,0.88
LN03684,96458.39,86052.03,7.571428571428571,1,0.89
LN03685,79639.07,58858.43,7.166666666666667,1,0.74
LN03686,90884.34,97706.68000000001,15.555555555555555,4,1.08
LN03687,126184.16,103117.0,2.3076923076923075,0,0.82
LN03688,69646.46,66269.72,10.428571428571429,2,0.95
LN03689,131793.96000000002,88296.37000000001,5.75,1,0.67
LN03690,70079.9,47693.630000000005,0.5,0,0.68
LN03691,34142.05,40154.45,13.333333333333334,1,1.18
LN03692,27739.56,32060.15,3.3333333333333335,0,1.16
LN03693,79959.42,88368.57,5.375,1,1.11
LN03694,84105.01,62509.86,9.0,2,0.74
LN03695,93127.01,83257.26000000001,15.555555555555555,4,0.89
LN03696,9207.73,22226.53,6.5,0,2.41
LN03697,52660.22,40068.58,10.6,1,0.76
LN03698,63678.43,105483.94,10.0,2,1.66
LN03699,117635.70999999999,147267.76,9.090909090909092,3,1.25
LN03700,137656.62,132302.54,8.727272727272727,3,0.96
LN03701,106719.86,140908.13,8.5,2,1.32
LN03702,48917.02,66798.73,6.0,1,1.37
LN03703,78064.64,66622.27,0.5,0,0.85
LN03704,131064.55,125214.84,13.0,4,0.96
LN03705,101573.64,76695.93000000001,5.888888888888889,1,0.76
LN03706,95412.84,85658.22,6.2727272727272725,1,0.9
LN03707,75474.36,56473.11,1.0,0,0.75
LN03708,21356.84,61679.65,12.5,1,2.89
LN03709,91650.62,113765.32,4.5,1,1.24
LN03710,97421.06,109586.47,5.555555555555555,1,1.12
LN03711,33223.1,41120.99,0.0,0,1.24
LN03712,61894.19,67271.13,5.2,0,1.09
LN03713,74555.41,59731.1,0.42857142857142855,0,0.8
LN03714,81331.26,111013.42,7.428571428571429,1,1.36
LN03715,86419.06,84604.57,5.571428571428571,1,0.98
LN03716,34055.71,61748.38,6.0,0,1.81
LN03717,59272.71,66461.53,12.0,4,1.12
LN03718,97780.54000000001,65107.55,6.142857142857143,1,0.67
LN03719,84416.19,64336.229999999996,11.428571428571429,2,0.76
LN03720,100917.31999999999,79903.18,11.777777777777779,3,0.79
LN03721,65437.5,34592.53,3.8,0,0.53
LN03722,31435.920000000002,40482.64,12.6,2,1.29
LN03723,62556.56,44825.11,5.5,1,0.72
LN03724,119129.70999999999,105478.12,6.3,2,0.89
LN03725,126998.83,109715.62,6.583333333333333,2,0.86
LN03726,91150.44,78434.05,2.0,0,0.86
LN03727,79434.81,104522.72,9.125,2,1.32
LN03728,47349.86,67301.29000000001,12.666666666666666,2,1.42
LN03729,70410.03,47334.97,8.0,1,0.67
LN03730,50509.799999999996,50663.34,2.5,0,1.0
LN03731,65133.8,99515.68,6.25,1,1.53
LN03732,79820.20999999999,60440.14,3.2857142857142856,0,0.76
LN03733,63278.380000000005,84598.42,7.8,1,1.34
LN03734,77607.53,109637.23999999999,7.0,1,1.41
LN03735,65611.98,90361.81999999999,7.875,1,1.38
LN03736,60997.05,68795.49,10.428571428571429,2,1.13
LN03737,81047.87,66317.81,15.375,4,0.82
LN03738,84543.98,76957.05,9.3,3,0.91
LN03739,138080.89,144693.35,9.666666666666666,3,1.05
LN03740,53990.630000000005,45055.47,18.833333333333332,3,0.83
LN03741,130849.76000000001,104980.76,11.090909090909092,3,0.8
LN03742,95899.94,86886.95,9.3,2,0.91
LN03743,74807.62,60026.05,10.857142857142858,2,0.8
LN03744,70238.32,73777.56,4.285714285714286,1,1.05
LN03745,117263.11,140027.93,11.0,3,1.19
LN03746,61087.14,44943.479999999996,3.8333333333333335,0,0.74
LN03747,123053.22,96087.34,8.11111111111111,2,0.78
LN03748,46097.26,69650.17,9.333333333333334,1,1.51
LN03749,57213.29,53854.100000000006,4.0,0,0.94
LN03750,79293.9,72518.74,0.42857142857142855,0,0.91
LN03751,76250.90999999999,59874.15,3.8333333333333335,0,0.79
LN03752,42145.439999999995,56061.76,22.5,3,1.33
LN03753,79845.71,59960.79,9.428571428571429,2,0.75
LN03754,68202.36,78091.33,5.75,1,1.14
LN03755,94293.72,89490.70999999999,6.125,1,0.95
LN03756,66467.32,69667.14,1.6666666666666667,0,1.05
LN03757,67351.98,47461.450000000004,14.6,2,0.7
LN03758,92461.01,118747.87,5.555555555555555,1,1.28
LN03759,48133.2,78234.18,12.222222222222221,3,1.63
LN03760,46445.71,29677.42,3.25,0,0.64
LN03761,111245.76000000001,96422.73,10.333333333333334,3,0.87
LN03762,102012.37,115947.43,1.25,0,1.14
LN03763,65191.84,76936.82,11.0,2,1.18
LN03764,65106.479999999996,50606.6,12.6,2,0.78
LN03765,25334.489999999998,33019.28,2.0,0,1.3
LN03766,60923.0,65858.35,0.0,0,1.08
LN03767,70288.48999999999,54897.63,2.2857142857142856,0,0.78
LN03768,91429.45999999999,57242.270000000004,10.428571428571429,2,0.63
LN03769,118956.09999999999,144696.58,7.3,2,1.22
LN03770,85293.76,119984.22,5.090909090909091,1,1.41
LN03771,61449.29,68839.01,12.6,2,1.12
LN03772,58329.78,51592.479999999996,6.0,1,0.88
LN03773,138508.63,68496.04,5.111111111111111,1,0.49
LN03774,54096.77,45195.18,0.75,0,0.84
LN03775,117748.62,112982.27,7.785714285714286,3,0.96
LN03776,41013.5,32775.69,3.25,0,0.8
LN03777,89002.47,99490.19,0.75,2,1.12
LN03778,25275.52,19003.53,0.0,0,0.75
LN03779,120152.03,63457.78,1.0,0,0.53
LN03780,82994.34,64512.020000000004,7.166666666666667,1,0.78
LN03781,85982.38,77999.15,6.571428571428571,1,0.91
LN03782,73206.76999999999,96126.77,3.8333333333333335,1,1.31
LN03783,96468.94,83916.45999999999,9.222222222222221,2,0.87
LN03784,84561.46,120814.47,9.222222222222221,1,1.43
LN03785,58079.55,59227.29,4.125,1,1.02
LN03786,90080.66,92361.2,8.571428571428571,1,1.03
LN03787,93202.48,82227.89,12.0,3,0.88
LN03788,87492.43,46285.94,14.285714285714286,2,0.53
LN03789,98065.85,110079.41,0.8181818181818182,0,1.12
LN03790,62067.39,59240.22,3.4,0,0.95
LN03791,87124.88,66050.04,5.0,1,0.76
LN03792,59845.520000000004,65512.92,4.714285714285714,1,1.09
LN03793,82918.69,86849.22,10.0,2,1.05
LN03794,74748.0,115141.08,4.444444444444445,0,1.54
LN03795,66460.81,33113.92,10.0,1,0.5
LN03796,75282.36,76398.32,4.125,0,1.01
LN03797,99471.16,99618.13,4.0,0,1.0
LN03798,66675.04,50967.54,12.857142857142858,3,0.76
LN03799,139536.96,99134.95,5.75,2,0.71
LN03800,42370.11,95395.49,9.5,2,2.25
LN03801,91832.59999999999,62696.77,15.0,3,0.68
LN03802,84044.2,60299.61,8.444444444444445,2,0.72
LN03803,57612.41,70214.6,18.571428571428573,4,1.22
LN03804,39993.4,44412.57,1.0,0,1.11
LN03806,74594.19,73778.51000000001,3.75,1,0.99
LN03807,59903.090000000004,83331.07,6.6,1,1.39
LN03808,68374.22,79579.82,6.125,1,1.16
LN03809,90779.37,101704.41,5.3,1,1.12
LN03810,56389.29,73389.42,12.857142857142858,3,1.3
LN03811,68460.84,57193.200000000004,7.142857142857143,1,0.84
LN03812,81620.91,85248.82,2.1666666666666665,0,1.04
LN03813,150534.65,111829.34,6.153846153846154,4,0.74
LN03814,47759.96,25665.789999999997,3.25,0,0.54
LN03815,64140.06999999999,49869.369999999995,6.0,1,0.78
LN03816,89153.6,57674.92,16.666666666666668,3,0.65
LN03817,40518.689999999995,45510.61,1.5,0,1.12
LN03818,60569.67,58760.33,6.0,1,0.97
LN03819,68583.11,77170.14,5.5,1,1.13
LN03820,128854.88,123718.06,1.0909090909090908,1,0.96
LN03821,80877.04000000001,75358.23999999999,9.0,2,0.93
LN03822,96897.22,65289.740000000005,9.222222222222221,2,0.67
LN03823,57467.44,72753.98,1.4285714285714286,0,1.27
LN03824,94749.20999999999,85076.73,8.75,2,0.9
LN03825,120317.81,129504.03,6.636363636363637,2,1.08
LN03826,68307.18,90016.94,5.142857142857143,1,1.32
LN03827,38780.42,31014.42,2.5,0,0.8
LN03828,36756.95,37324.23,1.0,0,1.02
LN03829,95803.62,83553.78,4.714285714285714,1,0.87
LN03830,105064.9,107615.48,9.6,3,1.02
LN03831,89352.43,105866.36,7.666666666666667,1,1.18
LN03832,37770.46,34737.96,0.0,0,0.92
LN03833,29946.52,48797.61,7.8,1,1.63
LN03834,34873.91,41029.44,3.25,0,1.18
LN03835,125898.73,118868.57999999999,2.0,0,0.94
LN03836,28322.84,26110.7,6.666666666666667,0,0.92
LN03837,87359.94,54152.3,5.0,1,0.62
LN03838,74582.56999999999,85631.13,4.125,0,1.15
LN03839,116785.58,112470.45,4.846153846153846,1,0.96
LN03840,51062.21,44712.229999999996,8.0,1,0.88
LN03841,51658.020000000004,45893.409999999996,6.0,1,0.89
LN03842,101992.01000000001,115734.14,7.3,2,1.13
LN03843,78954.04,85105.8,12.375,3,1.08
LN03844,50366.08,49480.75,2.1666666666666665,0,0.98
LN03845,13841.919999999998,33906.19,10.0,0,2.45
LN03846,88726.04000000001,103999.09,8.11111111111111,2,1.17
LN03847,109427.35,102096.38,9.3,3,0.93
LN03848,84937.17,118358.5,2.6,0,1.39
LN03849,90161.09,64437.9,15.6,4,0.71
LN03850,93993.02,123574.76999999999,0.9,0,1.31
LN03851,82611.01,68451.42,5.25,1,0.83
LN03852,95336.48000000001,103778.18,2.5555555555555554,0,1.09
LN03853,55833.13,45679.75,2.5,0,0.82
LN03854,41949.55,26685.25,7.5,1,0.64
LN03855,78907.7,79076.76999999999,4.125,1,1.0
LN03856,44585.18,33788.61,3.3333333333333335,0,0.76
LN03857,31502.34,74528.68000000001,9.5,2,2.37
LN03858,85587.75,96979.75,2.0,0,1.13
LN03859,59722.38,42581.31,0.0,0,0.71
LN03860,84824.58,58914.25,6.571428571428571,1,0.69
LN03861,64727.13,107299.26000000001,8.571428571428571,2,1.66
LN03862,131220.16999999998,130018.31,5.538461538461538,1,0.99
LN03863,104275.2,82297.7,3.909090909090909,1,0.79
LN03864,42862.06,62376.46,2.1666666666666665,0,1.46
LN03865,88036.6,68551.18000000001,0.5,0,0.78
LN03866,117390.53,109321.77,6.0,1,0.93
LN03867,104243.64,126263.74,5.3,1,1.21
LN03868,74039.22,87179.67,4.5,1,1.18
LN03869,61091.69,36038.100000000006,2.6,0,0.59
LN03870,61096.89,59265.03,8.833333333333334,1,0.97
LN03871,97056.35,94812.77,6.222222222222222,1,0.98
LN03872,27553.01,31567.38,10.0,1,1.15
LN03873,81130.09,69888.55,6.0,1,0.86
LN03874,141183.12,127835.51,8.727272727272727,2,0.91
LN03875,110626.89,90546.79,15.6,5,0.82
LN03876,88986.43,99282.79000000001,2.6666666666666665,0,1.12
LN03877,61288.509999999995,59713.93,11.666666666666666,2,0.97
LN03878,84523.02,87272.62,13.25,3,1.03
LN03879,82991.01,50956.740000000005,5.25,1,0.61
LN03880,130682.3,132305.16,0.5,0,1.01
LN03881,59337.369999999995,98075.73999999999,2.2857142857142856,0,1.65
LN03882,69330.99,83870.95000000001,5.5,1,1.21
LN03883,85498.06,103708.21,8.25,2,1.21
LN03884,82050.78,120936.1,6.2727272727272725,2,1.47
LN03885,77566.32,101760.53,5.222222222222222,1,1.31
LN03886,137294.4,159379.65,7.846153846153846,2,1.16
LN03887,58630.65,48568.270000000004,4.0,0,0.83
LN03888,98657.69,88850.68,7.333333333333333,2,0.9
LN03889,33013.62,26714.9,10.75,1,0.81
LN03890,170621.31,156204.02,6.6,3,0.92
LN03891,97152.56,89325.01,4.5,1,0.92
LN03892,110967.7,112973.75,7.818181818181818,2,1.02
LN03893,125801.6,139418.39,4.083333333333333,1,1.11
LN03894,149478.45,117018.78,2.230769230769231,0,0.78
LN03895,49195.21,86767.37,5.5,1,1.76
LN03896,102863.41,76537.35,6.9,2,0.74
LN03897,48474.15,85048.68,14.0,2,1.75
LN03898,54184.049999999996,70433.70000000001,8.333333333333334,1,1.3
LN03899,88782.3,102852.01,12.75,3,1.16
LN03900,131552.71,105736.89,13.636363636363637,4,0.8
LN03901,80381.52,54832.369999999995,0.5,0,0.68
LN03902,78596.53,96873.98000000001,6.25,1,1.23
LN03903,83111.04000000001,69995.11,5.0,0,0.84
LN03904,73205.65,46422.15,8.0,1,0.63
LN03905,126814.34999999999,89199.03,6.555555555555555,1,0.7
LN03906,72839.09,121644.66,9.222222222222221,2,1.67
LN03907,73557.83,49491.0,2.6666666666666665,0,0.67
LN03908,167989.49,129491.20000000001,4.181818181818182,1,0.77
LN03909,92145.66,71311.23,14.285714285714286,2,0.77
LN03910,25921.649999999998,23276.36,20.0,1,0.9
LN03911,60976.67,74524.6,2.1666666666666665,0,1.22
LN03912,96839.52,73767.93000000001,0.375,0,0.76
LN03913,78207.24,69631.56,14.285714285714286,3,0.89
LN03914,50234.57,79957.89,11.0,3,1.59
LN03915,128057.98999999999,121545.95,10.545454545454545,3,0.95
LN03916,56407.92,98291.18000000001,10.0,2,1.74
LN03917,32700.530000000002,58013.74,0.75,0,1.77
LN03918,75769.64,57477.73,7.166666666666667,1,0.76
LN03919,10751.85,43226.14,13.333333333333334,1,4.02
LN03920,71626.85,93942.42,9.0,1,1.31
LN03921,54419.58,45112.0,13.2,2,0.83
LN03922,160456.85,187289.67,13.266666666666667,6,1.17
LN03923,72588.75,81970.47,10.857142857142858,2,1.13
LN03924,44059.36,28746.41,4.0,0,0.65
LN03925,26446.980000000003,34389.28,15.0,1,1.3
LN03926,70135.74,56182.62,7.0,2,0.8
LN03927,148425.58000000002,152129.14,11.727272727272727,4,1.02
LN03928,51662.0,37193.34,3.8333333333333335,0,0.72
LN03929,81372.85,86256.24,9.428571428571429,1,1.06
LN03930,73382.23,65743.59,5.75,1,0.9
LN03931,85954.76,94979.35,1.8571428571428572,0,1.1
LN03932,100219.85,127990.66,3.25,0,1.28
LN03933,82607.19,100152.77,4.5,0,1.21
LN03934,52457.97,83002.91,2.857142857142857,0,1.58
LN03935,51403.12,74691.17,10.5,2,1.45
LN03936,107069.75,179572.39,6.5,2,1.68
LN03937,48106.19,45458.74,1.6666666666666667,0,0.94
LN03938,119750.84,112411.73000000001,8.9,2,0.94
LN03939,105918.0,95120.81,13.333333333333334,4,0.9
LN03940,86889.58,100152.33,3.7142857142857144,0,1.15
LN03941,66641.71,44814.880000000005,0.0,0,0.67
LN03942,96943.85,107285.96,4.181818181818182,1,1.11
LN03943,66526.51999999999,31925.75,7.166666666666667,1,0.48
LN03944,78310.81,48285.02,10.857142857142858,2,0.62
LN03945,75380.42,110578.66,4.777777777777778,1,1.47
LN03946,53749.869999999995,57963.399999999994,4.0,0,1.08
LN03947,74147.23999999999,60796.12,5.571428571428571,1,0.82
LN03948,128611.05,96738.40000000001,3.272727272727273,0,0.75
LN03949,47123.07,65964.69,5.714285714285714,1,1.4
LN03950,103391.62,151007.26,8.363636363636363,2,1.46
LN03951,59807.700000000004,50257.81,2.0,0,0.84
LN03952,163526.01,207090.12,9.352941176470589,4,1.27
LN03953,47474.65,18607.57,0.75,0,0.39
LN03954,75377.02,54493.17999999999,8.428571428571429,1,0.72
LN03955,28387.67,31465.36,3.3333333333333335,0,1.11
LN03956,94698.86,114611.85,4.9,1,1.21
LN03957,91825.66,97579.32,8.9,2,1.06
LN03958,83298.49,93687.11,6.625,1,1.12
LN03959,69730.29999999999,82584.76000000001,13.285714285714286,3,1.18
LN03960,56981.45,55789.25,17.571428571428573,4,0.98
LN03961,54839.1,69827.9,2.2857142857142856,0,1.27
LN03962,64560.31,88270.33,10.428571428571429,2,1.37
LN03963,70843.29999999999,67116.66,2.6,0,0.95
LN03964,53530.96,62454.26,15.0,3,1.17
LN03965,96651.33,103678.77,5.375,1,1.07
LN03966,81764.1,84690.14,15.0,3,1.04
LN03967,45732.22,37857.950000000004,1.0,0,0.83
LN03968,66405.33,62819.46,8.833333333333334,1,0.95
LN03969,100703.08,176537.46,8.285714285714286,3,1.75
LN03970,70251.87,45374.37,5.714285714285714,1,0.65
LN03971,117299.24,186199.3,10.625,4,1.59
LN03972,126740.14,103097.54,13.0,5,0.81
LN03973,81391.25,131255.29,8.9,2,1.61
LN03974,60441.380000000005,66478.23,10.0,2,1.1
LN03975,126798.53,112887.81,6.2727272727272725,2,0.89
LN03976,48357.38,46325.18,3.3333333333333335,0,0.96
LN03977,61705.869999999995,49371.740000000005,6.571428571428571,1,0.8
LN03978,85459.67,79884.37,7.0,1,0.93
LN03979,105938.41,131524.88,10.0,3,1.24
LN03980,124605.46,135890.52,9.363636363636363,3,1.09
LN03981,79657.54000000001,90400.62,14.714285714285714,3,1.13
LN03982,36989.03,38385.84,8.25,1,1.04
LN03983,97523.01999999999,78140.15,5.75,1,0.8
LN03984,75871.23,59637.5,8.6,1,0.79
LN03985,98098.92,77837.11,8.75,2,0.79
LN03986,64039.38,77711.69,11.25,3,1.21
LN03987,23197.29,22417.260000000002,11.0,1,0.97
LN03988,111983.67,95263.56,6.9,2,0.85
LN03989,124194.74,103702.98000000001,6.333333333333333,1,0.84
LN03990,29654.53,42112.63,0.75,0,1.42
LN03991,37901.96,21268.19,4.333333333333333,0,0.56
LN03992,36406.6,31820.1,0.0,0,0.87
LN03993,43937.88,64248.14,10.0,1,1.46
LN03994,74459.11,73663.13,11.625,2,0.99
LN03995,9234.19,3844.93,-10.0,0,0.42
LN03996,74181.81999999999,81413.67,13.666666666666666,3,1.1
LN03997,145585.07,99393.04000000001,3.5833333333333335,1,0.68
LN03998,61313.65,36426.520000000004,3.25,0,0.59
LN03999,148361.4,111116.36,8.846153846153847,3,0.75
LN04000,95120.07,50455.8,5.0,1,0.53
LN04001,136207.26,114169.15000000001,9.090909090909092,2,0.84
LN04002,71751.73,81263.19,9.0,2,1.13
LN04003,56195.7,49190.270000000004,10.0,2,0.88
LN04004,68187.81,118735.54,7.333333333333333,2,1.74
LN04005,94598.42,75039.98,3.75,0,0.79
LN04006,64397.08,70196.73999999999,6.571428571428571,1,1.09
LN04007,55214.340000000004,40542.44,11.5,1,0.73
LN04008,60341.46,67221.3,2.857142857142857,0,1.11
LN04009,114268.55,93013.09,6.222222222222222,1,0.81
LN04010,66480.53,50249.62,12.6,1,0.76
LN04011,39268.68,50286.990000000005,0.0,0,1.28
LN04012,75481.3,48564.75,11.0,2,0.64
LN04013,62776.229999999996,66674.2,6.0,0,1.06
LN04014,51872.22,55782.62,4.0,0,1.08
LN04015,44685.67,55563.12,0.0,0,1.24
LN04016,113124.40000000001,82451.26000000001,17.77777777777778,5,0.73
LN04017,96766.27,73299.95,10.666666666666666,2,0.76
LN04018,89128.51,50580.36,6.571428571428571,1,0.57
LN04019,80677.26999999999,59360.87,15.0,3,0.74
LN04020,136242.02,149726.76,8.923076923076923,3,1.1
LN04021,82335.3,53439.43,1.5,0,0.65
LN04022,45030.72,29676.18,6.5,1,0.66
LN04023,73912.31,79980.26,8.25,2,1.08
LN04024,74560.85,63321.340000000004,2.6666666666666665,0,0.85
LN04025,76263.0,55536.75,2.6666666666666665,0,0.73
LN04026,61206.41,38287.270000000004,12.0,2,0.63
LN04027,189704.13999999998,152030.17,5.0,1,0.8
LN04028,12826.46,11028.88,15.0,1,0.86
LN04029,117812.23,97454.25,6.9,1,0.83
LN04030,53237.94,65062.490000000005,7.166666666666667,1,1.22
LN04031,104936.96,89595.23,10.0,2,0.85
LN04032,31380.14,34979.63,11.0,1,1.11
LN04033,38995.06,59716.77,11.2,1,1.53
LN04034,68123.36,59271.72,6.142857142857143,1,0.87
LN04035,59785.340000000004,69600.91,10.428571428571429,2,1.16
LN04036,67410.3,68558.11,10.0,2,1.02
LN04037,127639.98,137585.92,6.083333333333333,2,1.08
LN04038,85118.61,70096.76000000001,7.428571428571429,1,0.82
LN04039,95193.19,95598.82,2.888888888888889,0,1.0
LN04040,82580.7,86014.56,7.875,1,1.04
LN04041,114429.55,72651.71,7.2,1,0.63
LN04042,62496.33,50076.87,1.2857142857142858,0,0.8
LN04043,64861.4,83623.12,10.0,2,1.29
LN04044,82417.02,92264.37,10.333333333333334,3,1.12
LN04045,60049.1,65102.95,3.7142857142857144,0,1.08
LN04046,64760.61,73467.59,12.285714285714286,2,1.13
LN04047,47864.32,59215.74,1.6666666666666667,0,1.24
LN04048,60788.69,61037.409999999996,8.6,1,1.0
LN04049,67267.86,57232.11,10.857142857142858,2,0.85
LN04050,86270.27,57409.93,0.0,2,0.67
LN04051,61639.479999999996,44064.17,5.5,1,0.71
LN04052,62633.98,57113.47,3.25,0,0.91
LN04053,102432.37000000001,131353.97,3.272727272727273,1,1.28
LN04054,66980.06,73980.38,1.8571428571428572,0,1.1
LN04055,62113.57,46170.62,6.6,1,0.74
LN04056,60810.82,69353.13,8.333333333333334,1,1.14
LN04057,102192.95999999999,132561.76,6.909090909090909,2,1.3
LN04058,87472.73,68822.17,10.0,2,0.79
LN04059,121129.68000000001,127837.3,6.666666666666667,2,1.06
LN04060,64394.64,72752.40000000001,6.571428571428571,1,1.13
LN04061,45312.11,26652.15,10.0,1,0.59
LN04062,94975.25,118728.0,5.75,1,1.25
LN04063,88142.11,87768.24,5.375,1,1.0
LN04064,126255.66,106163.55,24.0,7,0.84
LN04065,101970.91,73537.82,9.125,2,0.72
LN04066,107462.53,106937.28,7.6,2,1.0
LN04067,68385.27,67317.0,8.166666666666666,1,0.98
LN04068,68929.09999999999,63146.01,6.0,1,0.92
LN04069,136699.03,125295.48999999999,4.214285714285714,1,0.92
LN04070,85059.59,73775.42,4.5,0,0.87
LN04071,70998.43,74825.26,1.2857142857142858,0,1.05
LN04072,98091.65,65306.380000000005,4.0,1,0.67
LN04073,76358.76,84411.25,4.5,1,1.11
LN04074,195588.36000000002,174786.74,1.8125,0,0.89
LN04075,63144.77,58018.41,8.4,1,0.92
LN04076,48360.16,71117.53,6.571428571428571,1,1.47
LN04077,81558.5,98782.31999999999,7.333333333333333,2,1.21
LN04078,91789.72,57130.619999999995,6.571428571428571,1,0.62
LN04079,85739.19,94738.0,10.0,2,1.1
LN04080,89431.02,104896.15,12.555555555555555,3,1.17
LN04081,107719.38,70661.16,12.11111111111111,3,0.66
LN04082,74283.8,82477.54000000001,1.4285714285714286,0,1.11
LN04083,55784.11,63449.3,1.5,0,1.14
LN04084,89598.41,76281.79,0.6666666666666666,0,0.85
LN04085,137795.97999999998,116566.8,4.666666666666667,1,0.85
LN04086,45551.42,49222.66,3.25,0,1.08
LN04087,133395.72,160918.59,5.866666666666666,2,1.21
LN04088,82211.82,65973.86,5.714285714285714,1,0.8
LN04089,67909.51000000001,78325.76,5.714285714285714,1,1.15
LN04090,132328.65,105480.64,5.25,1,0.8
LN04091,137443.31,141139.22,7.181818181818182,1,1.03
LN04092,74826.61,63563.079999999994,11.428571428571429,2,0.85
LN04093,87784.03,120263.39,5.0,1,1.37
LN04094,88566.52,66090.22,12.875,3,0.75
LN04095,90031.46,106250.95,7.3,2,1.18
LN04096,74577.29000000001,55020.84,6.666666666666667,1,0.74
LN04097,151630.29,137910.6,3.7142857142857144,1,0.91
LN04098,88619.31,103539.48000000001,11.625,3,1.17
LN04099,43406.79,72334.77,5.142857142857143,0,1.67
LN04100,111083.64,93800.77,3.9,1,0.84
LN04101,1434.26,3971.77,0.0,0,2.77
LN04102,91894.54000000001,60563.92,5.142857142857143,1,0.66
LN04103,69462.15,95141.73,6.555555555555555,1,1.37
LN04104,65037.58,71083.09,2.0,0,1.09
LN04105,47138.62,58698.240000000005,7.5,1,1.25
LN04106,70693.19,104958.41,11.777777777777779,3,1.48
LN04107,41474.34,46586.67,9.0,1,1.12
LN04108,87635.70999999999,64586.85,12.857142857142858,2,0.74
LN04109,55853.89,59935.12,6.0,1,1.07
LN04110,57555.969999999994,22414.18,7.5,1,0.39
LN04111,125770.22,140659.54,1.5833333333333333,0,1.12
LN04112,101164.2,111608.34,1.6,0,1.1
LN04113,63955.97,78722.56,6.222222222222222,1,1.23
LN04114,79677.31,75314.82,5.142857142857143,0,0.95
LN04115,57262.83,68744.33,5.0,1,1.2
LN04116,76486.26,85516.56,8.11111111111111,1,1.12
LN04117,95758.1,101042.28,6.222222222222222,1,1.06
LN04118,48033.06,39534.59,2.1666666666666665,0,0.82
LN04119,49017.7,80721.31,1.0,0,1.65
LN04120,54897.28,74561.15,9.0,2,1.36
LN04121,49721.73,41266.21000000001,4.6,0,0.83
LN04122,160887.8,168056.28,5.75,2,1.04
LN04123,72905.36,72080.52,6.571428571428571,1,0.99
LN04124,105835.93000000001,115312.98999999999,7.3,2,1.09
LN04125,91463.06,124813.68,3.5454545454545454,1,1.36
LN04126,66725.12,71327.86,0.42857142857142855,0,1.07
LN04127,105321.95,113513.73,12.222222222222221,3,1.08
LN04128,88937.9,78297.38,3.8333333333333335,0,0.88
LN04129,99041.51,112818.47,7.166666666666667,2,1.14
LN04130,41856.43,53097.880000000005,5.75,0,1.27
LN04131,37078.1,55459.59,0.6,0,1.5
LN04132,74479.97,94662.92,7.875,1,1.27
LN04133,44190.1,51045.93,7.166666666666667,0,1.16
LN04134,52416.93,66274.6,5.0,0,1.26
LN04135,62138.8,102518.85,15.375,4,1.65
LN04136,58765.93,31467.98,7.5,1,0.54
LN04137,131425.8,97523.11,3.8181818181818183,0,0.74
LN04138,80561.58,63608.490000000005,2.2857142857142856,0,0.79
LN04139,51955.3,46796.46000000001,10.0,1,0.9
LN04140,23651.54,17343.65,10.0,1,0.73
LN04141,101999.73,90567.16,16.0,5,0.89
LN04142,108900.29,105267.11,7.6,2,0.97
LN04143,76052.34,62321.63999999999,3.2857142857142856,0,0.82
LN04144,45338.33,90556.58,9.0,2,2.0
LN04145,71175.73,82403.58,0.0,0,1.16
LN04146,77673.15999999999,119113.26,7.0,1,1.53
LN04147,50526.880000000005,68019.41,0.0,0,1.35
LN04148,87207.45,67870.40000000001,7.5,2,0.78
LN04149,52211.95,80099.76,5.0,0,1.53
LN04150,88268.22,87175.66,1.8571428571428572,0,0.99
LN04151,82881.82,33216.28,10.0,2,0.4
LN04152,65502.85,45143.19,9.0,2,0.69
LN04153,58513.85,66126.29000000001,10.5,2,1.13
LN04154,55993.740000000005,60555.520000000004,4.6,0,1.08
LN04155,136953.22,110575.05,5.363636363636363,1,0.81
LN04156,81998.38,41096.82,6.666666666666667,1,0.5
LN04157,42930.93,44466.69,12.6,2,1.04
LN04158,130497.43000000001,107694.51000000001,6.0,2,0.83
LN04159,70940.59,64668.67,6.0,0,0.91
LN04160,159260.58000000002,122589.69,7.181818181818182,2,0.77
LN04161,119649.83,149315.91999999998,7.384615384615385,2,1.25
LN04162,61027.03,44556.8,5.2,0,0.73
LN04163,97203.16,97204.72,6.3,1,1.0
LN04164,70280.96,62218.869999999995,6.6,1,0.89
LN04165,131248.3,80241.04999999999,4.5,1,0.61
LN04166,87438.78,76399.12,0.6666666666666666,0,0.87
LN04167,65755.64,109655.4,3.25,0,1.67
LN04168,26125.54,62689.7,1.0,0,2.4
LN04169,71503.57,66545.61,6.142857142857143,1,0.93
LN04170,49910.59,54086.11,6.125,1,1.08
LN04171,68315.48999999999,59065.7,9.0,2,0.86
LN04172,39004.57,51871.350000000006,9.2,1,1.33
LN04173,79821.13,74203.29,7.166666666666667,1,0.93
LN04174,134789.48,152051.57,7.615384615384615,2,1.13
LN04175,104323.89,116417.17,2.3,0,1.12
LN04176,59371.009999999995,70688.9,0.0,0,1.19
LN04177,114667.7,150689.06,2.7142857142857144,0,1.31
LN04178,92186.35,92113.31,2.2857142857142856,0,1.0
LN04179,53578.44,35146.45,4.0,0,0.66
LN04180,43913.2,42782.06,0.0,0,0.97
LN04181,68980.71,78933.46,1.25,0,1.14
LN04182,45723.369999999995,79489.83,18.333333333333332,3,1.74
LN04183,60307.13,107804.42,10.333333333333334,2,1.79
LN04184,123113.03,129944.37,0.5454545454545454,0,1.06
LN04185,100232.3,79796.31,5.6,1,0.8
LN04186,79835.09999999999,76422.77,3.75,1,0.96
LN04187,69141.46,52379.549999999996,0.6,0,0.76
LN04188,85066.55,86364.14,18.75,5,1.02
LN04189,70594.76,38750.78,7.166666666666667,1,0.55
LN04190,28542.72,35239.979999999996,0.75,0,1.23
LN04191,71576.11,91393.54,7.571428571428571,1,1.28
LN04192,103365.76000000001,109709.31,4.3,1,1.06
LN04193,67876.09,39236.06,5.375,0,0.58
LN04194,129988.89,122805.95000000001,3.909090909090909,1,0.94
LN04195,70421.53,78872.01000000001,5.714285714285714,1,1.12
LN04196,33754.61,47219.7,5.0,0,1.4
LN04197,62048.43,63783.490000000005,5.0,1,1.03
LN04198,130369.58,93124.5,7.3,2,0.71
LN04199,75210.74,81431.55,5.75,1,1.08
LN04200,76902.54000000001,63926.36,10.375,2,0.83
LN04201,83462.67,88694.99,4.125,1,1.06
LN04202,78904.06,57569.19,2.857142857142857,0,0.73
LN04203,84625.92,79440.48,2.2857142857142856,0,0.94
LN04204,60856.1,67481.75,1.6666666666666667,0,1.11
LN04205,73783.33,60226.659999999996,0.8571428571428571,0,0.82
LN04206,40978.3,40391.36,3.25,0,0.99
LN04207,55095.42,75402.5,6.666666666666667,1,1.37
LN04208,109113.9,89843.20999999999,10.333333333333334,2,0.82
LN04209,142432.53,106207.91,10.2,3,0.75
LN04210,66263.76,110530.35,4.875,1,1.67
LN04211,72393.72,96904.32,9.11111111111111,2,1.34
LN04212,84548.12,98063.48,0.0,0,1.16
LN04213,90986.75,83930.19,0.75,0,0.92
LN04214,37553.78,66084.38,11.666666666666666,2,1.76
LN04215,108254.3,94392.5,9.166666666666666,3,0.87
LN04216,52629.229999999996,61594.97,10.0,1,1.17
LN04217,68690.29,34185.54,2.1666666666666665,2,0.5
LN04218,90634.95,71977.2,8.25,2,0.79
LN04219,84742.2,68604.04000000001,2.5,0,0.81
LN04220,39519.8,25600.949999999997,4.333333333333333,0,0.65
LN04221,81782.31999999999,68258.76,5.0,1,0.83
LN04222,37356.17,25033.809999999998,15.0,2,0.67
LN04223,119022.79000000001,146786.08000000002,11.181818181818182,3,1.23
LN04224,133666.1,110374.53,7.454545454545454,2,0.83
LN04225,65621.31,49079.85,1.2857142857142858,0,0.75
LN04226,82898.83,35022.880000000005,15.5,3,0.42
LN04227,113958.45,97143.0,7.454545454545454,2,0.85
LN04228,60197.409999999996,46040.62,0.0,0,0.76
LN04229,73778.81,77960.18,7.3,2,1.06
LN04230,120930.84,90147.29000000001,6.6,1,0.75
LN04231,120917.51,102572.62,4.0,1,0.85
LN04232,72527.59,67189.9,4.454545454545454,0,0.93
LN04233,81433.26000000001,69098.18,1.4285714285714286,0,0.85
LN04234,90728.25,64044.19,9.5,2,0.71
LN04235,48391.82,63072.19,5.142857142857143,0,1.3
LN04236,36902.9,88378.37,3.75,0,2.39
LN04237,89794.69,66754.55,13.333333333333334,2,0.74
LN04238,70180.28,71035.34,9.222222222222221,2,1.01
LN04239,45684.75,67101.9,0.0,0,1.47
LN04240,78655.81,75887.08,13.285714285714286,3,0.96
LN04241,59536.34,63339.14,4.6,0,1.06
LN04242,48483.2,76783.59,5.0,0,1.58
LN04243,29824.79,24770.78,5.0,0,0.83
LN04244,43693.77,47233.29,2.0,0,1.08
LN04245,116692.74,102217.13,1.4444444444444444,0,0.88
LN04246,83724.88,73771.8,8.75,2,0.88
LN04247,23348.53,33677.81,2.0,0,1.44
LN04248,65115.97,93168.48000000001,4.285714285714286,1,1.43
LN04249,27772.84,57659.97,14.0,2,2.08
LN04250,105708.77,102676.76000000001,14.818181818181818,4,0.97
LN04251,94605.11,56064.770000000004,12.857142857142858,3,0.59
LN04252,96018.89,75184.6,5.75,1,0.78
LN04253,94966.62999999999,80243.74,3.25,0,0.84
LN04254,36230.520000000004,55414.509999999995,0.75,0,1.53
LN04255,69836.72,65600.95,3.3333333333333335,0,0.94
LN04256,80651.55,121934.99,13.75,3,1.51
LN04257,97680.41,77749.85,11.6,3,0.8
LN04258,62734.33,48916.4,2.25,0,0.78
LN04259,64212.799999999996,90119.15,15.714285714285714,3,1.4
LN04260,102691.51000000001,93764.52,4.285714285714286,1,0.91
LN04261,74739.66,70964.62,4.714285714285714,1,0.95
LN04262,102799.33,120648.68,1.6666666666666667,0,1.17
LN04263,82088.36,62472.89,8.833333333333334,1,0.76
LN04264,35169.51,66705.95,7.571428571428571,1,1.9
LN04265,84570.47,84791.38,7.875,2,1.0
LN04266,139253.09,92891.47,6.083333333333333,2,0.67
LN04267,68511.52,91560.8,4.125,1,1.34
LN04268,46819.89,45337.130000000005,4.6,0,0.97
LN04269,62250.08,59101.43,2.6,0,0.95
LN04270,120798.53,154748.57,6.0,2,1.28
LN04271,102291.38,104232.03,9.9,3,1.02
LN04272,164939.88,158434.91,3.5384615384615383,1,0.96
LN04273,90654.93,78303.82,2.857142857142857,0,0.86
LN04274,81033.56,44629.49,11.0,2,0.55
LN04275,41634.42,42275.420000000006,8.25,1,1.02
LN04276,152544.04,156094.65,6.0,3,1.02
LN04277,31886.760000000002,48203.0,8.6,1,1.51
LN04278,59415.67,111983.19,13.666666666666666,4,1.88
LN04279,106974.97,90916.57,10.9,3,0.85
LN04280,74004.82,59779.06,3.2857142857142856,0,0.81
LN04281,93355.44,100147.2,6.666666666666667,1,1.07
LN04282,92612.5,100627.41,11.777777777777779,3,1.09
LN04283,171185.88999999998,149711.04,2.4,0,0.87
LN04284,38411.19,56543.12,-1.75,0,1.47
LN04285,39769.899999999994,32661.5,1.0,0,0.82
LN04286,32263.219999999998,33507.54,1.0,0,1.04
LN04287,67053.64,64409.25,1.2857142857142858,0,0.96
LN04288,91730.14,68082.85,11.428571428571429,2,0.74
LN04289,131739.36,133603.6,5.615384615384615,2,1.01
LN04290,122078.44,119985.41,5.090909090909091,1,0.98
LN04291,112164.9,77159.58,4.6,0,0.69
LN04292,64958.78,40438.89,2.5,0,0.62
LN04293,75950.72,75111.28,1.7777777777777777,0,0.99
LN04294,12231.45,1867.71,0.0,0,0.15
LN04295,58580.05,72330.83,9.0,1,1.23
LN04296,54767.79,82962.45999999999,6.0,1,1.51
LN04297,84533.05,41776.41,11.0,2,0.49
LN04298,116028.8,148101.6,8.071428571428571,3,1.28
LN04299,119542.13,144665.83,6.0,2,1.21
LN04300,74163.09,75548.92,5.375,1,1.02
LN04301,68715.37,92558.63,4.125,1,1.35
LN04302,113473.72,93351.98,5.888888888888889,1,0.82
LN04303,32955.340000000004,41427.759999999995,11.0,1,1.26
LN04304,90905.89,49178.39,10.5,2,0.54
LN04305,25834.479999999996,28905.989999999998,0.0,0,1.12
LN04306,125185.48,124206.56999999999,8.153846153846153,2,0.99
LN04307,76543.39,68277.75,1.8571428571428572,0,0.89
LN04308,109308.52,101234.55,8.444444444444445,2,0.93
LN04309,64565.09,64095.4,6.0,1,0.99
LN04310,106919.57,133128.02000000002,9.272727272727273,3,1.25
LN04311,95600.51999999999,91308.08,7.3,1,0.96
LN04312,115090.75,103979.75,6.5,1,0.9
LN04313,78552.76,107561.26999999999,8.6,2,1.37
LN04314,80604.73000000001,82459.91,7.571428571428571,1,1.02
LN04315,37620.16,53114.71,3.25,0,1.41
LN04316,128007.6,120838.18000000001,2.769230769230769,0,0.94
LN04317,56216.16,84118.9,2.375,0,1.5
LN04318,95021.86,87813.5,11.857142857142858,2,0.92
LN04319,18260.98,13777.95,0.0,0,0.75
LN04320,44492.33,45719.62,10.0,1,1.03
LN04321,34677.39,28418.79,4.333333333333333,0,0.82
LN04322,72504.17,66671.98,1.0,0,0.92
LN04323,61991.36,49514.33,6.0,1,0.8
LN04324,66992.2,39908.41,6.6,1,0.6
LN04325,141248.63999999998,115300.89,9.6,2,0.82
LN04326,93728.05,98293.26000000001,8.444444444444445,1,1.05
LN04327,42024.36,72154.24,11.666666666666666,2,1.72
LN04328,83385.76000000001,60670.65,6.666666666666667,1,0.73
LN04329,45624.2,73585.39,9.2,1,1.61
LN04330,77852.49,72738.76000000001,1.625,0,0.93
LN04331,68637.5,92184.84,3.75,1,1.34
LN04332,94285.13,53912.68,6.25,1,0.57
LN04333,91647.23,90558.2,10.0,2,0.99
LN04334,59825.75,54248.2,11.666666666666666,2,0.91
LN04335,65815.61,66488.54,13.285714285714286,3,1.01
LN04336,140818.28999999998,101752.55,6.833333333333333,1,0.72
LN04337,87997.36,95780.8,3.25,0,1.09
LN04338,78915.62,85766.56,4.714285714285714,0,1.09
LN04339,89951.97,119083.89,4.2,1,1.32
LN04340,60681.409999999996,87611.63,14.142857142857142,3,1.44
LN04341,79174.20000000001,87412.06999999999,7.375,1,1.1
LN04342,55938.2,55554.35,3.8333333333333335,0,0.99
LN04343,129835.93000000001,132721.84,9.363636363636363,3,1.02
LN04344,66904.72,93274.78,13.75,3,1.39
LN04345,26655.44,31323.510000000002,10.0,1,1.18
LN04346,112869.17,98080.06,14.0,4,0.87
LN04347,68126.74,59238.46000000001,1.8,0,0.87
LN04348,100457.14,113756.09,10.0,2,1.13
LN04349,57222.05,73175.81999999999,7.142857142857143,1,1.28
LN04350,56803.71,73348.91,12.6,2,1.29
LN04351,22588.690000000002,9750.72,5.0,0,0.43
LN04352,157392.82,178491.06,9.5,4,1.13
LN04353,74494.33,67258.89,3.2857142857142856,0,0.9
LN04354,60789.299999999996,101031.76,3.25,0,1.66
LN04355,61642.99,88817.04,5.714285714285714,1,1.44
LN04356,81132.96,88212.41,7.333333333333333,1,1.09
LN04357,113559.22,87265.12,14.444444444444445,4,0.77
LN04358,51536.240000000005,77767.78,15.11111111111111,4,1.51
LN04359,96538.11,95716.1,5.75,1,0.99
LN04360,78378.61,72881.02,10.0,2,0.93
LN04361,59181.979999999996,52429.37,6.0,1,0.89
LN04362,96685.24,122439.23999999999,10.3,3,1.27
LN04363,30564.32,21014.989999999998,1.0,0,0.69
LN04364,81006.69,86474.92,6.571428571428571,1,1.07
LN04365,93765.54000000001,99135.86,6.666666666666667,1,1.06
LN04366,107556.45999999999,82211.81,11.444444444444445,3,0.76
LN04367,65012.31,63915.61,6.142857142857143,1,0.98
LN04368,84015.33,69407.98,4.777777777777778,1,0.83
LN04369,93497.37,71151.52,5.714285714285714,1,0.76
LN04370,81296.66,49696.740000000005,5.142857142857143,0,0.61
LN04371,74888.45,84902.05,3.2857142857142856,0,1.13
LN04372,55235.83,55081.84,6.6,0,1.0
LN04373,80310.6,63009.17,4.285714285714286,1,0.78
LN04374,66753.38,56325.600000000006,8.0,1,0.84
LN04375,88127.85,82401.83,2.2857142857142856,0,0.94
LN04376,22153.559999999998,23834.07,4.333333333333333,0,1.08
LN04377,33590.48,38602.270000000004,8.25,1,1.15
LN04378,118544.44,111215.57,8.727272727272727,2,0.94
LN04379,130353.59,111759.7,3.3,1,0.86
LN04380,114501.16,126496.56,15.5,6,1.1
LN04381,34522.82,25371.52,8.6,1,0.73
LN04382,108445.3,145638.2,14.307692307692308,6,1.34
LN04383,62877.26,40127.56,12.6,2,0.64
LN04384,26370.54,25195.120000000003,0.0,0,0.96
LN04385,85387.86,44958.16,10.0,2,0.53
LN04386,85335.73999999999,67530.67,2.2857142857142856,0,0.79
LN04387,68079.64,71132.86,7.666666666666667,1,1.04
LN04388,20745.5,16771.04,15.0,1,0.81
LN04389,21157.96,22240.199999999997,15.0,1,1.05
LN04390,151120.06,104002.88,2.3,0,0.69
LN04391,90629.45999999999,75685.3,6.625,1,0.84
LN04392,25564.36,28023.91,10.0,1,1.1
LN04393,91091.9,75547.85,2.5,0,0.83
LN04394,58601.89,68813.54,10.0,1,1.17
LN04395,84062.6,78898.56999999999,9.857142857142858,2,0.94
LN04396,83212.28,92776.36,9.0,2,1.11
LN04397,53035.71,49423.79,1.6666666666666667,0,0.93
LN04398,116619.02,124145.61,6.0,1,1.06
LN04399,44355.33,60464.619999999995,2.6,0,1.36
LN04400,71558.81,98541.14,4.0,0,1.38
LN04401,98819.95,67221.88,17.666666666666668,3,0.68
LN04402,55085.25,36383.43,15.0,2,0.66
LN04403,79437.17,78013.53,2.7142857142857144,0,0.98
LN04404,33046.399999999994,60123.36,5.0,0,1.82
LN04405,70853.38,71188.95999999999,10.5,2,1.0
LN04406,40263.8,56413.92,6.666666666666667,1,1.4
LN04407,101709.7,134177.85,7.0,2,1.32
LN04408,75662.7,79546.22,18.571428571428573,4,1.05
LN04409,55933.44,59051.46,2.1666666666666665,0,1.06
LN04410,103653.09,103989.26,12.3,4,1.0
LN04411,68864.83,48026.55,8.0,1,0.7
LN04412,97016.65,106129.69,8.0,2,1.09
LN04413,70139.78,55190.600000000006,16.666666666666668,3,0.79
LN04414,86495.42,116689.5,5.555555555555555,1,1.35
LN04415,74903.47,110256.05,10.0,2,1.47
LN04416,130752.65,103925.91,4.9,1,0.79
LN04417,47692.86,47431.82,0.0,0,0.99
LN04418,115901.51,99700.7,8.11111111111111,2,0.86
LN04419,94600.8,83898.03,7.875,2,0.89
LN04420,76711.82,72500.72,10.5,2,0.95
LN04421,87622.96,121997.47,7.9,2,1.39
LN04422,124036.47,153805.37,6.583333333333333,2,1.24
LN04423,134993.33,95658.81,5.5,2,0.71
LN04424,84318.07,92717.72,12.0,3,1.1
LN04425,52052.67,46232.36,2.0,0,0.89
LN04426,64298.31,82350.45,9.125,2,1.28
LN04427,65951.53,82697.05,4.5,1,1.25
LN04428,35054.7,60162.15,2.5,0,1.72
LN04429,66804.33,77311.22,5.5,0,1.16
LN04430,139561.35,92596.70999999999,9.0,2,0.66
LN04431,108961.99,118388.33,8.153846153846153,3,1.09
LN04432,61665.21,73694.38,5.5,1,1.2
LN04433,72566.69,64645.67,2.7142857142857144,0,0.89
LN04434,63934.79,95000.14,5.375,1,1.49
LN04435,86302.45,109960.22,9.6,2,1.27
LN04436,94717.66,109632.28,1.6,0,1.16
LN04437,86093.48000000001,107030.68,8.777777777777779,2,1.24
LN04438,92712.59,117269.58,10.6,3,1.26
LN04439,60997.35,96426.73,2.2222222222222223,0,1.58
LN04440,101332.93,92116.06,9.3,3,0.91
LN04441,20047.19,34327.840000000004,10.0,1,1.71
LN04442,18343.86,19695.88,1.0,0,1.07
LN04443,110429.86,85382.98000000001,7.5,2,0.77
LN04444,85796.34,85599.25,13.333333333333334,4,1.0
LN04445,135065.4,138537.58,6.916666666666667,1,1.03
LN04446,67476.86,38341.64,9.0,1,0.57
LN04447,92603.95999999999,94193.98,5.375,0,1.02
LN04448,57449.950000000004,58753.520000000004,-1.6666666666666667,1,1.02
LN04449,80812.26,72934.06,2.7142857142857144,0,0.9
LN04450,66914.34,40746.31,0.6,2,0.61
LN04451,119504.52,87765.4,4.3,1,0.73
LN04452,98842.45,80475.79000000001,5.375,1,0.81
LN04453,105183.59,110085.37,10.375,2,1.05
LN04454,78050.6,94590.35,4.777777777777778,1,1.21
LN04455,39187.49,69938.94,6.0,1,1.78
LN04456,75953.55,70116.31,8.571428571428571,2,0.92
LN04457,67532.22,70876.93000000001,7.333333333333333,1,1.05
LN04458,79868.04000000001,83845.95,5.75,1,1.05
LN04459,45708.8,35378.17,0.0,0,0.77
LN04460,138640.66999999998,175781.69,6.333333333333333,1,1.27
LN04461,83086.98,76913.55,8.75,2,0.93
LN04462,94009.87,82716.20999999999,2.4444444444444446,0,0.88
LN04463,74641.65,52995.32,2.2857142857142856,0,0.71
LN04464,42325.590000000004,61023.6,4.571428571428571,0,1.44
LN04465,44957.93,56832.36,10.0,1,1.26
LN04466,26611.32,52042.11,15.75,2,1.96
LN04467,136455.28,134073.6,4.181818181818182,0,0.98
LN04468,80268.47,130524.07999999999,6.636363636363637,2,1.63
LN04469,88975.56999999999,55855.6,2.75,0,0.63
LN04470,72008.15,100682.36,0.0,1,1.4
LN04471,60779.86,44808.66,13.25,1,0.74
LN04472,73658.12,89431.78,6.666666666666667,2,1.21
LN04473,146713.41,105118.76999999999,5.5,1,0.72
LN04474,22400.7,24300.620000000003,1.5,0,1.08
LN04475,61441.09,31111.510000000002,8.25,1,0.51
LN04476,77417.55,57584.45,5.285714285714286,1,0.74
LN04477,133310.09,115841.83,2.2,0,0.87
LN04478,48104.19,65301.15,13.333333333333334,2,1.36
LN04479,110070.76,101922.57,7.5,1,0.93
LN04480,65505.399999999994,60083.57,1.0,0,0.92
LN04481,145809.88,134991.8,8.583333333333334,2,0.93
LN04482,41900.76,24055.11,8.25,1,0.57
LN04483,157679.35,140502.38999999998,8.461538461538462,3,0.89
LN04484,76771.54,113558.84,1.0,0,1.48
LN04485,98750.81,98200.26999999999,3.25,0,0.99
LN04486,80350.33,63091.909999999996,6.0,1,0.79
LN04487,48627.46,58871.299999999996,1.8,0,1.21
LN04488,35946.729999999996,65593.53,8.333333333333334,1,1.82
LN04489,72031.18000000001,62736.229999999996,10.5,2,0.87
LN04490,54740.91,77015.44,10.0,2,1.41
LN04491,91565.55,124782.64,4.181818181818182,1,1.36
LN04492,12082.79,14799.73,30.0,1,1.22
LN04493,63915.950000000004,50792.36,15.75,2,0.79
LN04494,76558.07,62890.23,2.2857142857142856,0,0.82
LN04495,160811.25,122887.22,4.454545454545454,0,0.76
LN04496,86859.35,106668.38,5.75,1,1.23
LN04497,117227.03,104510.18000000001,10.9,2,0.89
LN04498,126477.42000000001,131285.02,8.833333333333334,3,1.04
LN04499,44392.869999999995,28420.31,1.0,0,0.64
LN04500,37705.09,49467.96000000001,9.2,1,1.31
LN04501,38032.03,79584.89,10.857142857142858,2,2.09
LN04502,52443.16,25262.0,10.0,1,0.48
LN04503,107357.11,115278.47,-0.09090909090909091,1,1.07
LN04504,84732.67,94899.55,2.857142857142857,0,1.12
LN04505,109456.9,103518.6,5.111111111111111,1,0.95
LN04506,77264.86,74487.08,4.0,1,0.96
LN04507,81207.22,80120.23000000001,7.142857142857143,1,0.99
LN04508,53249.659999999996,77432.22,6.571428571428571,1,1.45
LN04509,156731.97,143857.44,5.538461538461538,1,0.92
LN04510,54403.68,49755.049999999996,8.833333333333334,1,0.91
LN04511,53888.55,63029.03,8.0,1,1.17
LN04512,97817.19,68998.55,7.875,1,0.71
LN04513,69011.65,86773.14,6.142857142857143,1,1.26
LN04514,27906.5,27985.09,8.25,1,1.0
LN04515,64045.509999999995,37309.01,9.2,1,0.58
LN04516,58285.61,75062.6,7.166666666666667,1,1.29
LN04517,78805.99,77021.83,10.0,2,0.98
LN04518,78202.0,65607.14,8.25,2,0.84
LN04519,134807.92,149145.37,11.23076923076923,4,1.11
LN04520,71959.54000000001,65799.95,4.285714285714286,1,0.91
LN04521,85510.97,65913.58,4.285714285714286,0,0.77
LN04522,71302.43,96386.44,4.875,1,1.35
LN04523,105847.78,69033.78,3.25,0,0.65
LN04524,39146.93,39865.119999999995,0.75,0,1.02
LN04525,67965.75,66251.26000000001,5.0,0,0.97
LN04526,74210.19,33465.22,8.6,0,0.45
LN04527,45173.42,48323.020000000004,18.25,2,1.07
LN04528,64760.88,50081.08,2.6,0,0.77
LN04529,109269.26999999999,93019.76,3.6,0,0.85
LN04530,91823.28,86504.73,9.5,2,0.94
LN04531,76232.98,34948.66,11.666666666666666,2,0.46
LN04532,111610.29000000001,134404.92,10.272727272727273,3,1.2
LN04533,60991.350000000006,88987.98,8.571428571428571,2,1.46
LN04534,24720.67,24451.25,1.5,0,0.99
LN04535,148890.36,89213.28,7.333333333333333,1,0.6
LN04536,93524.95,99711.78,9.222222222222221,2,1.07
LN04537,84920.31999999999,89043.84,3.75,1,1.05
LN04538,46556.81,75274.81999999999,3.8333333333333335,0,1.62
LN04539,87039.23,68253.37,5.375,1,0.78
LN04540,52113.34,60474.25,8.0,1,1.16
LN04541,36592.829999999994,66002.58,14.6,2,1.8
LN04542,83612.45,107983.31,1.8571428571428572,0,1.29
LN04543,79378.08,124084.16,8.777777777777779,2,1.56
LN04544,48550.14,39739.8,8.25,1,0.82
LN04545,101425.57,89827.25,16.666666666666668,5,0.89
LN04546,85127.0,81466.41,5.75,1,0.96
LN04547,89775.59,72027.08,10.0,2,0.8
LN04548,99295.98999999999,99989.37,8.11111111111111,2,1.01
LN04549,118540.01000000001,108541.47,7.6,2,0.92
LN04550,120080.67,110679.26,7.545454545454546,2,0.92
LN04551,63051.37,81843.77,5.5,1,1.3
LN04552,72325.9,84279.27,10.428571428571429,2,1.17
LN04553,46679.68,72293.55,14.714285714285714,3,1.55
LN04554,19596.9,16325.46,30.0,1,0.83
LN04555,70292.25,65309.33,11.428571428571429,2,0.93
LN04556,77528.11,76136.12,6.25,1,0.98
LN04557,103560.13,93326.29,4.125,1,0.9
LN04558,87385.0,95487.53,8.0,1,1.09
LN04559,104935.51,101132.3,11.181818181818182,4,0.96
LN04560,75524.05,71200.7,5.0,1,0.94
LN04561,50929.27,44204.36,17.5,2,0.87
LN04562,77452.25,70361.12,8.571428571428571,1,0.91
LN04563,78227.01,100973.74,7.666666666666667,2,1.29
LN04564,46640.84,81677.67,0.6,0,1.75
LN04565,65491.25,68414.34,8.333333333333334,1,1.04
LN04566,83853.05,129145.04000000001,5.375,1,1.54
LN04567,13862.14,2584.03,3.0,0,0.19
LN04568,57420.14,67182.17,14.714285714285714,3,1.17
LN04569,67619.11,53054.19,-3.5,1,0.78
LN04570,57016.8,101820.17,8.75,2,1.79
LN04571,51579.23,86233.87,3.8333333333333335,0,1.67
LN04572,89501.53,87858.32,5.888888888888889,1,0.98
LN04573,99714.33,56450.770000000004,2.2222222222222223,0,0.57
LN04574,71913.67,38995.89,9.428571428571429,2,0.54
LN04575,107501.82,120395.23,5.363636363636363,1,1.12
LN04576,27374.760000000002,15379.06,21.0,2,0.56
LN04577,70653.7,94160.15,10.75,2,1.33
LN04578,91502.52,104215.22,8.11111111111111,2,1.14
LN04579,163756.88999999998,125015.1,6.916666666666667,2,0.76
LN04580,76495.19,64154.73,5.0,1,0.84
LN04581,88118.0,76964.64,2.5,0,0.87
LN04582,155492.34,128066.51,11.461538461538462,4,0.82
LN04583,77528.34,86809.52,11.428571428571429,2,1.12
LN04584,36327.06,43835.04,2.5,0,1.21
LN04585,62185.03,71953.45,1.8571428571428572,0,1.16
LN04586,110376.74,97907.45,5.0,1,0.89
LN04587,76132.97,54152.53,10.0,2,0.71
LN04588,86735.94,121060.5,10.375,2,1.4
LN04589,83211.55,91971.22,8.25,1,1.11
LN04590,104919.82,76093.88,8.0,2,0.73
LN04591,66828.0,103754.51,11.857142857142858,2,1.55
LN04592,94098.95,76373.12,5.111111111111111,0,0.81
LN04593,63710.81,48976.21,8.833333333333334,1,0.77
LN04594,35989.25,18947.14,0.0,0,0.53
LN04595,88991.91,79704.28,4.777777777777778,1,0.9
LN04596,86606.1,82794.23999999999,7.571428571428571,1,0.96
LN04597,177603.23,184501.43,10.764705882352942,5,1.04
LN04598,64684.94,65727.57,12.857142857142858,2,1.02
LN04599,42008.6,63476.3,0.0,0,1.51
LN04600,63821.490000000005,65315.01,5.571428571428571,1,1.02
LN04601,28742.79,47228.33,13.333333333333334,1,1.64
LN04602,53428.33,68308.01,9.2,1,1.28
LN04603,68476.33,102258.03,5.25,1,1.49
LN04604,75228.94,111158.78,5.555555555555555,1,1.48
LN04605,105031.9,74195.35,4.714285714285714,1,0.71
LN04606,83238.66,82717.06999999999,1.8571428571428572,0,0.99
LN04607,41023.34,44915.229999999996,6.0,1,1.09
LN04608,146068.48,127859.90000000001,3.5,1,0.88
LN04609,107230.56,81920.77,6.222222222222222,0,0.76
LN04610,66165.1,81139.41,5.5,0,1.23
LN04611,82001.08,99657.95,11.6,3,1.22
LN04612,22668.120000000003,31751.019999999997,2.0,0,1.4
LN04613,89158.73,61791.29,10.666666666666666,3,0.69
LN04614,15374.14,20016.91,10.0,1,1.3
LN04615,117416.65999999999,133150.11,12.727272727272727,4,1.13
LN04616,62878.770000000004,71104.88,18.6,3,1.13
LN04617,69418.35,86102.66,3.75,1,1.24
LN04618,90984.93000000001,112143.91,9.222222222222221,2,1.23
LN04619,79689.87,100179.07999999999,8.0,1,1.26
LN04620,41079.490000000005,37933.15,5.75,0,0.92
LN04621,20337.15,22041.09,4.333333333333333,0,1.08
LN04622,49382.33,79024.06999999999,15.0,3,1.6
LN04623,59994.47,58427.58,7.875,1,0.97
LN04624,93477.3,137070.59,4.181818181818182,1,1.47
LN04625,59596.25,41499.97,1.8571428571428572,0,0.7
LN04626,151604.3,98302.24,8.461538461538462,3,0.65
LN04627,103815.97,96413.33,9.222222222222221,2,0.93
LN04628,98957.96,100898.77,2.090909090909091,0,1.02
LN04629,42352.54,76060.45,0.0,0,1.8
LN04630,107134.2,98889.74,3.6,1,0.92
LN04631,59534.3,53986.0,8.833333333333334,1,0.91
LN04632,66287.0,73478.49,11.0,2,1.11
LN04633,61534.58,86948.78,3.2857142857142856,0,1.41
LN04634,28789.51,58855.03,1.5,0,2.04
LN04635,121653.25,103284.1,8.3,2,0.85
LN04636,58989.619999999995,83440.61,10.857142857142858,2,1.41
LN04637,49067.979999999996,53368.76,12.0,2,1.09
LN04638,73861.67,61526.47,10.5,2,0.83
LN04639,76103.55,85379.07,5.714285714285714,1,1.12
LN04640,111690.39,121349.59,4.454545454545454,1,1.09
LN04641,72216.84,41719.6,8.833333333333334,1,0.58
LN04642,15955.57,30179.7,16.5,1,1.89
LN04643,63175.56999999999,45618.34,6.6,1,0.72
LN04644,35806.61,59287.770000000004,15.75,2,1.66
LN04645,128396.40000000001,111301.65,2.727272727272727,0,0.87
LN04646,83858.48,80230.78,13.75,3,0.96
LN04647,44091.89,45913.47,1.0,0,1.04
LN04648,141693.63,154063.95,10.25,3,1.09
LN04649,93887.22,55580.81,9.125,2,0.59
LN04650,49920.09,71848.05,6.142857142857143,1,1.44
LN04651,101944.29,146969.93,4.714285714285714,1,1.44
LN04652,53402.33,60254.38,4.0,0,1.13
LN04653,104080.75,106706.38,3.909090909090909,1,1.03
LN04654,98140.72,110689.39,7.818181818181818,1,1.13
LN04655,141917.34,119217.43,5.7272727272727275,2,0.84
LN04656,100092.07,81299.2,3.6666666666666665,1,0.81
LN04657,112958.25,122016.32,2.3636363636363638,0,1.08
LN04658,116228.46,139524.96,7.066666666666666,3,1.2
LN04659,109288.03,98199.73,12.6,3,0.9
LN04660,37572.6,26300.19,7.5,1,0.7
LN04661,41792.42,47619.03,15.75,2,1.14
LN04662,107713.39,144532.5,16.0,5,1.34
LN04663,49185.31,39932.89,13.333333333333334,1,0.81
LN04664,94591.24,84999.74,9.125,2,0.9
LN04665,15599.32,26515.3,0.75,0,1.7
LN04666,109142.65,97731.33,4.777777777777778,1,0.9
LN04667,119750.01,123591.79000000001,1.3636363636363635,0,1.03
LN04668,94203.97,90665.45999999999,9.0,2,0.96
LN04669,80330.01,97739.12,7.6,1,1.22
LN04670,70908.7,64014.41,10.428571428571429,2,0.9
LN04671,77072.79000000001,93911.06,4.125,0,1.22
LN04672,90094.15000000001,92083.64,11.0,3,1.02
LN04673,54313.94,53281.119999999995,9.2,1,0.98
LN04674,60621.18,33813.850000000006,8.0,1,0.56
LN04675,73947.98,65065.89,6.142857142857143,1,0.88
LN04676,79279.16,76530.18,3.8333333333333335,0,0.97
LN04677,66493.18000000001,93002.93000000001,8.75,1,1.4
LN04678,106767.48,141254.54,10.0,3,1.32
LN04679,43013.149999999994,66022.25,0.6,0,1.53
LN04680,108416.45,84890.86,4.0,0,0.78
LN04681,30220.07,24675.19,13.333333333333334,1,0.82
LN04682,128426.95999999999,95749.57,7.3,1,0.75
LN04683,41990.08,52241.61,4.333333333333333,0,1.24
LN04684,79067.69,56394.93,5.5,1,0.71
LN04685,182946.64,147650.79,6.0,3,0.81
LN04686,49438.13,35205.33,6.6,1,0.71
LN04687,93338.64,63301.420000000006,6.571428571428571,1,0.68
LN04688,50964.66,31635.52,4.0,0,0.62
LN04689,77461.28,75767.48999999999,6.0,1,0.98
LN04690,74238.84,75793.34,10.0,2,1.02
LN04691,48017.07,52832.22,0.6,0,1.1
LN04692,59343.5,38843.56,0.6,0,0.65
LN04693,89011.88,89112.04000000001,9.88888888888889,2,1.0
LN04694,48771.69,70471.74,8.6,1,1.44
LN04695,106284.22,116709.3,5.444444444444445,1,1.1
LN04696,90162.25,91092.95999999999,12.875,3,1.01
LN04697,78119.46,75818.33,11.428571428571429,2,0.97
LN04698,99542.13,78010.65,7.333333333333333,2,0.78
LN04699,32337.4,36787.94,8.6,1,1.14
LN04700,156715.47,130594.2,3.272727272727273,0,0.83
LN04701,133506.38,103455.06,13.6,4,0.77
LN04702,123348.98,112794.48,8.6,2,0.91
LN04703,122036.78,134741.21,3.8181818181818183,0,1.1
LN04704,41243.97,37647.21,4.6,0,0.91
LN04705,94069.01,104501.95,5.9,2,1.11
LN04706,100798.68,109377.93000000001,0.0,0,1.09
LN04707,106606.71,112510.75,8.444444444444445,2,1.06
LN04708,54361.01,50872.74,6.0,1,0.94
LN04709,85719.99,67722.35,9.5,2,0.79
LN04710,92343.55,86488.22,10.375,2,0.94
LN04711,82919.36,86984.15,16.25,4,1.05
LN04712,88366.99,89040.89,5.75,1,1.01
LN04713,17136.239999999998,27472.06,0.0,0,1.6
LN04714,46878.58,46934.380000000005,12.0,1,1.0
LN04715,36895.39,57988.44,2.0,0,1.57
LN04716,113181.16,99295.08,11.0,3,0.88
LN04717,25168.69,23319.38,15.0,1,0.93
LN04718,80153.48,88927.22,10.75,2,1.11
LN04719,100052.92,74194.13,10.0,2,0.74
LN04720,81950.74,55040.45,16.142857142857142,3,0.67
LN04721,102991.32,84450.09,5.888888888888889,3,0.82
LN04722,45597.16,40222.66,8.6,1,0.88
LN04723,126533.28,110539.32,5.3,1,0.87
LN04724,35949.88,50849.00000000001,5.0,1,1.41
LN04725,36284.41,62408.229999999996,8.0,1,1.72
LN04726,34691.42,43918.25,2.0,0,1.27
LN04727,61138.93,52022.71,3.8333333333333335,0,0.85
LN04728,125470.69,130042.94,3.8333333333333335,0,1.04
LN04729,102335.9,99796.31,9.3,3,0.98
LN04730,95476.89,67954.16,7.5,1,0.71
LN04731,127207.67,88484.57,7.666666666666667,2,0.7
LN04732,66765.25,75572.58,5.0,1,1.13
LN04733,44860.22,67657.38,10.428571428571429,2,1.51
LN04734,100914.02,114148.73,9.222222222222221,2,1.13
LN04735,142002.87,127198.94,1.6923076923076923,0,0.9
LN04736,56667.0,75787.46,9.0,1,1.34
LN04737,119952.7,90071.06999999999,5.0,1,0.75
LN04738,53189.08,63521.16,2.6,0,1.19
LN04739,26005.32,10675.15,3.25,0,0.41
LN04740,46203.78,60181.82,6.6,1,1.3
LN04741,73140.84,82370.17,8.75,2,1.13
LN04742,37409.86,37485.35,12.5,1,1.0
LN04743,50993.64,58338.08,2.5,0,1.14
LN04744,25699.15,31794.84,12.5,1,1.24
LN04745,104708.7,111776.91,3.2222222222222223,0,1.07
LN04746,25515.480000000003,20562.5,30.0,3,0.81
LN04747,50150.75,64783.91,6.666666666666667,1,1.29
LN04748,110208.78,114302.63,3.9,1,1.04
LN04749,129168.01999999999,137976.9,8.923076923076923,3,1.07
LN04750,176772.62,161021.15,2.142857142857143,0,0.91
LN04751,72987.45999999999,49666.0,6.142857142857143,1,0.68
LN04752,97458.79,108965.2,8.454545454545455,3,1.12
LN04753,9620.65,10498.75,0.0,0,1.09
LN04754,71889.18000000001,102094.16,9.0,3,1.42
LN04755,134198.56,131216.91,12.363636363636363,4,0.98
LN04756,61305.13,89390.36,6.142857142857143,0,1.46
LN04757,108986.67000000001,97585.2,10.375,2,0.9
LN04758,111162.98999999999,53602.74,4.777777777777778,1,0.48
LN04759,57458.31,71810.69,9.0,2,1.25
LN04760,29896.83,25195.010000000002,0.0,0,0.84
LN04761,88028.84,104216.65,9.125,2,1.18
LN04762,46461.39,38638.55,7.5,1,0.83
LN04763,65074.020000000004,72527.71,12.166666666666666,2,1.11
LN04764,66949.33,57528.91,10.857142857142858,2,0.86
LN04765,96456.39,89604.33,13.25,3,0.93
LN04766,85469.65,86393.17,13.285714285714286,3,1.01
LN04767,80134.9,79566.33,7.6,2,0.99
LN04768,87404.25,62613.69,11.25,3,0.72
LN04769,114805.41,128745.39,2.9,0,1.12
LN04770,101084.92,101569.14,5.111111111111111,1,1.0
LN04771,110754.63,80144.38,1.125,0,0.72
LN04772,118016.18,118525.57,5.090909090909091,1,1.0
LN04773,57844.69,85038.83,4.285714285714286,1,1.47
LN04774,27156.199999999997,18997.81,2.0,0,0.7
LN04775,24981.9,52789.05,8.25,1,2.11
LN04776,67443.73,77418.51999999999,7.166666666666667,1,1.15
LN04777,75902.66,73871.55,5.5,1,0.97
LN04778,180217.31,172759.03,4.769230769230769,1,0.96
LN04779,72711.66,40641.07,2.0,0,0.56
LN04780,63473.96,58275.66,6.625,1,0.92
LN04781,67871.83,52089.06,6.0,1,0.77
LN04782,47020.29,56161.15,11.428571428571429,2,1.19
LN04783,34314.96,19574.48,16.666666666666668,1,0.57
LN04784,106078.03,95662.62,7.0,1,0.9
LN04785,104916.23000000001,77083.76,7.875,1,0.73
LN04786,101951.75,98845.38,5.090909090909091,1,0.97
LN04787,121106.6,101059.54000000001,2.3,0,0.83
LN04788,65006.95,54235.94,0.0,0,0.83
LN04789,66704.75,113649.79000000001,6.2727272727272725,1,1.7
LN04790,42969.89,78052.51,8.833333333333334,1,1.82
LN04791,32736.88,25297.769999999997,1.5,0,0.77
LN04792,100588.54000000001,120047.69,1.7777777777777777,0,1.19
LN04793,82393.61,91175.33,6.571428571428571,1,1.11
LN04794,56584.55,64706.06,6.0,1,1.14
LN04795,74902.57,81563.44,8.25,2,1.09
LN04796,106093.17,82420.14,1.625,0,0.78
LN04797,137077.9,114925.63,10.25,3,0.84
LN04798,70656.38,77047.33,10.0,2,1.09
LN04799,78340.62,87685.78,1.875,0,1.12
LN04800,32678.33,27413.69,3.25,0,0.84
LN04801,84629.12,95989.26,9.5,2,1.13
LN04802,51405.130000000005,48905.35,8.0,1,0.95
LN04803,106212.78,81382.77,9.222222222222221,2,0.77
LN04804,65970.85,62229.37,17.166666666666668,3,0.94
LN04805,44355.979999999996,36102.47,1.0,0,0.81
LN04806,69879.06,70138.09,9.125,2,1.0
LN04807,52572.57,47921.98,11.666666666666666,2,0.91
LN04808,48797.92,42233.25,13.333333333333334,1,0.87
LN04809,40187.29,61749.75,2.6666666666666665,0,1.54
LN04810,82235.41,74667.75,6.142857142857143,1,0.91
LN04811,111676.24,146741.33,6.615384615384615,3,1.31
LN04812,65114.69,63457.43,6.571428571428571,1,0.97
LN04813,92069.9,85180.09,6.571428571428571,1,0.93
LN04814,99113.41,101848.17,8.3,2,1.03
LN04815,125989.16,105557.08,2.6363636363636362,0,0.84
LN04816,125784.69,142468.29,10.214285714285714,4,1.13
LN04817,40079.22,42235.9,6.0,0,1.05
LN04818,87912.93000000001,91731.42,3.25,0,1.04
LN04819,58979.09,59581.77,11.666666666666666,2,1.01
LN04820,52518.53,74004.07,3.2857142857142856,0,1.41
LN04821,97724.11,85228.22,12.88888888888889,3,0.87
LN04822,40718.7,29620.38,6.666666666666667,0,0.73
LN04823,25839.28,15727.29,23.333333333333332,2,0.61
LN04824,81418.68,51536.280000000006,10.0,2,0.63
LN04825,58540.39,71160.56,5.571428571428571,1,1.22
LN04826,73899.39,111653.61,8.3,2,1.51
LN04827,101405.20000000001,80791.87,4.0,1,0.8
LN04828,160377.39,136138.2,8.384615384615385,3,0.85
LN04829,32536.71,39710.75,7.5,1,1.22
LN04830,116452.9,94964.11,11.181818181818182,4,0.82
LN04831,55084.19,59625.29,3.2,0,1.08
LN04832,125888.84,97121.07,5.25,1,0.77
LN04833,97758.20999999999,68306.96,3.25,0,0.7
LN04834,82855.86,95889.34,11.25,2,1.16
LN04835,80484.69,82828.75,10.428571428571429,2,1.03
LN04836,100975.02,83666.8,6.636363636363637,1,0.83
LN04837,90854.3,99346.3,3.6666666666666665,0,1.09
LN04838,57345.549999999996,70459.48000000001,3.2,0,1.23
LN04839,74570.41,83899.3,3.25,0,1.13
LN04840,127915.37,83453.06,5.2,0,0.65
LN04841,135907.6,81887.39,4.0,0,0.6
LN04842,84658.38,80050.22,5.444444444444445,0,0.95
LN04843,52315.17,47073.02,5.75,0,0.9
LN04844,122041.25,152729.35,1.9166666666666667,0,1.25
LN04845,100041.39,77525.22,4.444444444444445,1,0.77
LN04846,164350.29,149763.26,6.647058823529412,2,0.91
LN04847,37180.64,51514.56,8.0,1,1.39
LN04848,105769.38,83908.92,3.2222222222222223,0,0.79
LN04849,36616.94,41698.119999999995,14.6,2,1.14
LN04850,21782.449999999997,53454.590000000004,3.25,0,2.45
LN04851,75480.83,50872.3,7.571428571428571,1,0.67
LN04852,16512.56,23668.989999999998,11.0,1,1.43
LN04853,78401.89,86269.16,3.9,1,1.1
LN04854,50344.759999999995,82950.94,15.0,3,1.65
LN04855,84605.56,76789.55,6.0,1,0.91
LN04856,104522.43,77127.92,0.42857142857142855,0,0.74
LN04857,54934.65,45570.83,8.0,1,0.83
LN04858,13991.46,17042.4,0.0,0,1.22
LN04859,80047.27,20810.28,2.0,0,0.26
LN04860,92610.0,111880.55,7.0,1,1.21
LN04861,66166.14,59420.07,12.5,3,0.9
LN04862,75902.7,70235.55,5.75,1,0.93
LN04863,76521.78,66885.59,13.285714285714286,2,0.87
LN04864,43026.0,56019.81,6.6,1,1.3
LN04865,129158.09,138930.99,8.727272727272727,3,1.08
LN04866,91472.89,62665.11,5.714285714285714,1,0.69
LN04867,49917.9,71143.74,5.0,1,1.43
LN04868,103677.52,108651.52,10.3,3,1.05
LN04869,92342.39,101181.95,11.857142857142858,2,1.1
LN04870,32934.5,64673.35,8.25,1,1.96
LN04871,117838.15000000001,115485.96,7.0,2,0.98
LN04872,53536.62,26542.510000000002,15.0,2,0.5
LN04873,72681.1,48840.95,15.0,3,0.67
LN04874,146493.16,112528.39,7.615384615384615,2,0.77
LN04875,57284.1,67838.72,2.1666666666666665,0,1.18
LN04876,76283.76,80214.41,11.857142857142858,2,1.05
LN04877,95306.38,147392.37,8.454545454545455,2,1.55
LN04878,65479.12,55140.79,10.0,1,0.84
LN04879,29548.22,58867.89,12.0,2,1.99
LN04880,18482.479999999996,25589.14,20.0,2,1.38
LN04881,65057.8,73412.54,4.6,0,1.13
LN04882,98102.04000000001,99845.94,4.125,1,1.02
LN04883,150531.05,147962.07,3.7142857142857144,1,0.98
LN04884,53655.47,47698.24,10.75,1,0.89
LN04885,54275.5,38983.159999999996,8.0,1,0.72
LN04886,35742.740000000005,17777.34,6.666666666666667,0,0.5
LN04887,53533.090000000004,68981.98,15.0,3,1.29
LN04888,122241.96,134815.28,9.363636363636363,3,1.1
LN04889,42654.16,71028.88,8.333333333333334,1,1.67
LN04890,147716.72,108884.65,9.166666666666666,3,0.74
LN04891,94382.44,92168.0,5.444444444444445,1,0.98
LN04892,63565.32,57777.9,10.6,1,0.91
LN04893,91692.91,101371.07,12.857142857142858,3,1.11
LN04894,135268.58000000002,105755.95,5.75,2,0.78
LN04895,70741.07,68792.18000000001,6.0,1,0.97
LN04896,27037.48,27574.77,0.0,0,1.02
LN04897,115209.38,95965.27,11.777777777777779,3,0.83
LN04898,40395.75,31296.03,1.5,0,0.77
LN04899,49887.26,52701.7,0.0,0,1.06
LN04900,127907.35,109774.19,9.9,2,0.86
LN04901,88774.05,113375.28,12.3,4,1.28
LN04902,131388.99,132237.5,6.25,2,1.01
LN04903,78308.16,86515.32,5.0,1,1.1
LN04904,89196.37,122517.78,1.0,0,1.37
LN04905,57678.29,86465.72,3.3333333333333335,1,1.5
LN04906,65726.98999999999,61190.56,10.0,2,0.93
LN04907,109167.63,115603.36,8.6,2,1.06
LN04908,52812.450000000004,62725.450000000004,14.285714285714286,3,1.19
LN04909,69889.35,73058.15,7.166666666666667,1,1.05
LN04910,77228.86,98351.89,9.555555555555555,2,1.27
LN04911,30359.23,26798.79,11.0,1,0.88
LN04912,63561.19,63779.78999999999,7.166666666666667,1,1.0
LN04913,102117.58,94630.31,10.375,2,0.93
LN04914,61790.17,84312.45,6.142857142857143,1,1.36
LN04915,66110.9,85077.88,6.9,2,1.29
LN04916,69692.12,88113.87,5.142857142857143,1,1.26
LN04917,63761.25,60861.97,5.0,1,0.95
LN04918,129341.0,102181.63,6.3,1,0.79
LN04919,58144.36,51348.39,1.6666666666666667,0,0.88
LN04920,115359.01,111569.39,6.909090909090909,2,0.97
LN04921,51229.490000000005,49682.840000000004,0.5,0,0.97
LN04922,85278.55,100973.18,6.625,2,1.18
LN04923,57695.770000000004,71496.42,10.428571428571429,2,1.24
LN04924,44893.130000000005,62654.85,6.0,0,1.4
LN04925,78539.52,101391.42,4.777777777777778,1,1.29
LN04926,75976.84,89038.26,13.714285714285714,3,1.17
LN04927,90999.51,105322.7,3.3,0,1.16
LN04928,49019.47,44001.75,3.25,0,0.9
LN04929,28751.48,30776.980000000003,1.0,0,1.07
LN04930,112354.01000000001,143815.28,5.166666666666667,1,1.28
LN04931,72516.92,71135.4,5.0,1,0.98
LN04932,41109.81,51402.630000000005,7.5,1,1.25
LN04933,72079.65,81608.36,0.8571428571428571,0,1.13
LN04934,70601.2,87144.37,3.75,1,1.23
LN04935,96994.38,105095.23,12.11111111111111,3,1.08
LN04936,64682.25,64280.770000000004,12.6,2,0.99
LN04937,10448.75,5534.8099999999995,5.0,0,0.53
LN04938,113889.11,89532.2,4.3,1,0.79
LN04939,42927.67,61790.840000000004,8.833333333333334,1,1.44
LN04940,169813.65,120053.83,8.692307692307692,3,0.71
LN04941,84411.03,76956.44,9.857142857142858,2,0.91
LN04942,9859.59,36535.33,13.333333333333334,1,3.71
LN04943,44653.85,32426.44,18.6,3,0.73
LN04944,65226.479999999996,51021.57,12.6,2,0.78
LN04945,90563.14,103850.29,9.636363636363637,3,1.15
LN04946,106003.62,72649.75,4.125,1,0.69
LN04947,86949.66,71270.52,3.3333333333333335,0,0.82
LN04948,47982.189999999995,37955.97,6.0,1,0.79
LN04949,78363.8,52581.020000000004,1.0,0,0.67
LN04950,63836.75,38453.83,17.5,2,0.6
LN04951,77318.95,110707.5,7.3,1,1.43
LN04952,100364.61,102940.53,0.6666666666666666,0,1.03
LN04953,35567.340000000004,37214.62,10.0,1,1.05
LN04954,113504.58,126408.34,5.25,1,1.11
LN04955,74827.66,65199.630000000005,2.1666666666666665,0,0.87
LN04956,17702.71,53205.82,7.5,1,3.01
LN04957,98741.56,103287.82,1.8571428571428572,0,1.05
LN04958,80876.36,104133.69,0.42857142857142855,0,1.29
LN04959,140634.49,169213.57,8.153846153846153,3,1.2
LN04960,115743.62,104925.06,11.11111111111111,3,0.91
LN04961,98631.69,95734.23,10.0,2,0.97
LN04962,127514.39,109626.09,3.9,0,0.86
LN04963,73889.63,77195.46,2.1666666666666665,0,1.04
LN04964,44350.85,46487.57,2.5,0,1.05
LN04965,68615.93,107661.81999999999,1.5,0,1.57
LN04966,101259.8,139120.84,10.6,2,1.37
LN04967,128900.44,103888.67000000001,1.9,0,0.81
LN04968,102635.81,160759.04,7.181818181818182,2,1.57
LN04969,138532.16,120063.97,0.75,0,0.87
LN04970,87258.73999999999,84231.34,2.0,0,0.97
LN04971,37125.869999999995,10264.06,5.0,0,0.28
LN04972,87107.03,82070.61,4.5,1,0.94
LN04973,44198.08,41874.44,6.0,1,0.95
LN04974,73445.01000000001,80350.19,7.166666666666667,1,1.09
LN04975,114208.89,80156.31,6.0,2,0.7
LN04976,125942.42,112773.19,2.0,0,0.9
LN04977,148214.76,104357.2,6.083333333333333,1,0.7
LN04978,97802.54000000001,61928.630000000005,5.142857142857143,1,0.63
LN04979,89334.01,56684.48,15.142857142857142,3,0.63
LN04980,79963.31999999999,86040.90000000001,3.75,1,1.08
LN04981,148652.19,129342.63,13.0,5,0.87
LN04982,52896.34,69580.85,15.75,4,1.32
LN04983,32342.910000000003,43284.75,5.0,0,1.34
LN04984,136439.46,97073.0,9.9,3,0.71
LN04985,39014.16,51861.57,2.6,0,1.33
LN04986,125080.73000000001,108154.20999999999,4.777777777777778,1,0.86
LN04987,19446.010000000002,60284.19,8.25,1,3.1
LN04988,49704.5,59462.25,0.5,0,1.2
LN04989,47800.850000000006,28406.54,2.0,0,0.59
LN04990,85431.84,115034.12,8.454545454545455,3,1.35
LN04991,63616.09,47956.44,8.833333333333334,1,0.75
LN04992,106729.78,85930.36,10.0,2,0.81
LN04993,73226.9,51831.130000000005,7.666666666666667,1,0.71
LN04994,139346.54,118673.21,5.166666666666667,1,0.85
LN04995,42200.42,29787.78,0.75,0,0.71
LN04996,57019.32,48727.66,12.166666666666666,2,0.85
LN04997,123888.1,81163.66,8.0,2,0.66
LN04998,81774.61,34377.06,4.285714285714286,0,0.42
LN04999,153722.65,128298.84999999999,4.769230769230769,1,0.83
LN05000,56840.899999999994,76472.35,2.5,0,1.35
LN05001,41190.06,16533.55,13.333333333333334,1,0.4
LN05002,34526.4,47755.31,5.0,0,1.38
LN05003,39660.29,42183.69,20.0,2,1.06
LN05004,96879.57,81942.95,1.7142857142857142,0,0.85
LN05005,38606.28,66958.84,4.0,0,1.73
LN05006,136593.22,140375.47,7.166666666666667,2,1.03
LN05007,86007.64,93689.88,0.375,0,1.09
LN05008,72747.06,62388.55,5.5,1,0.86
LN05009,84842.31,73804.98,7.0,1,0.87
LN05010,80209.08,96345.87,8.625,2,1.2
LN05011,87751.18000000001,112989.61,4.333333333333333,1,1.29
LN05012,76417.77,81349.5,4.5,1,1.06
LN05013,62639.01,82158.7,12.875,5,1.31
LN05014,88404.11,46857.14,8.571428571428571,1,0.53
LN05015,82882.57,32579.41,8.333333333333334,1,0.39
LN05016,87333.3,86897.18,3.2222222222222223,0,1.0
LN05017,58833.520000000004,58859.44,2.0,0,1.0
LN05018,91937.7,104322.67,8.88888888888889,2,1.13
LN05019,91768.19,108765.56,9.3,2,1.19
LN05020,35779.83,80364.68,2.6666666666666665,0,2.25
LN05021,92536.95999999999,100499.09,2.5555555555555554,0,1.09
LN05022,86477.28,102292.09,5.375,1,1.18
LN05023,101794.16,96127.08,3.25,0,0.94
LN05024,48382.79,70381.9,0.5,0,1.45
LN05025,27474.22,45996.43,8.25,1,1.67
LN05026,103647.45999999999,125032.24,6.0,1,1.21
LN05027,48584.979999999996,32329.699999999997,22.5,3,0.67
LN05028,78921.04000000001,63284.15,3.3333333333333335,0,0.8
LN05029,70303.76,66524.15,6.142857142857143,1,0.95
LN05030,119164.59999999999,100260.42,5.090909090909091,1,0.84
LN05031,103163.70999999999,97640.08,7.333333333333333,1,0.95
LN05032,74823.54000000001,53391.35,16.0,3,0.71
LN05033,103004.48999999999,91672.26,6.625,1,0.89
LN05034,90745.84,80410.7,8.88888888888889,2,0.89
LN05035,100447.68000000001,113102.31,3.9,0,1.13
LN05036,122162.5,150546.55,7.181818181818182,2,1.23
LN05037,79342.44,64343.3,4.125,1,0.81
LN05038,45620.3,64533.479999999996,8.6,1,1.41
LN05039,40900.71,68949.13,8.833333333333334,1,1.69
LN05040,34083.36,57354.31,3.2,0,1.68
LN05041,78361.13,78242.17,1.625,0,1.0
LN05042,77855.13,54004.78,3.1666666666666665,2,0.69
LN05043,115365.5,126900.55,6.3,1,1.1
LN05044,127595.93000000001,116262.26999999999,10.3,3,0.91
LN05045,32333.7,51643.61,0.6,0,1.6
LN05046,78809.62,77661.32,7.166666666666667,1,0.99
LN05047,63835.12,73430.05,5.5,0,1.15
LN05048,39592.83,44426.649999999994,3.25,0,1.12
LN05049,35006.03,27792.059999999998,-7.5,1,0.79
LN05050,43484.590000000004,42391.43,1.5,0,0.97
LN05051,57927.509999999995,61026.67,4.5,1,1.05
LN05052,123337.63,83122.19,9.2,2,0.67
LN05053,102654.5,110002.67,8.6,2,1.07
LN05054,77772.49,83595.34,10.75,2,1.07
LN05055,48724.869999999995,89440.34,2.2857142857142856,0,1.84
LN05056,97850.54,104473.77,10.666666666666666,3,1.07
LN05057,143351.71,120578.8,7.7272727272727275,2,0.84
LN05058,66671.68,69798.04000000001,6.25,1,1.05
LN05059,105376.94,123575.95,6.636363636363637,2,1.17
LN05060,34388.27,31237.87,15.0,2,0.91
LN05061,43476.9,51232.5,4.0,0,1.18
LN05062,59985.799999999996,47906.47,10.75,1,0.8
LN05063,35982.69,36009.06,3.3333333333333335,0,1.0
LN05064,58527.46,56108.05,9.2,1,0.96
LN05065,131536.7,161810.07,13.785714285714286,6,1.23
LN05066,95276.92,117575.64,6.636363636363637,1,1.23
LN05067,72761.41,99754.77,3.2222222222222223,0,1.37
LN05068,87420.3,109633.71,0.375,0,1.25
LN05069,62739.41,30799.34,2.6,0,0.49
LN05070,106177.05,123418.76000000001,9.555555555555555,2,1.16
LN05071,79230.63,67781.14,10.375,2,0.86
LN05072,96968.9,82742.40000000001,11.625,3,0.85
LN05073,81208.7,71176.61,8.571428571428571,2,0.88
LN05074,59875.37,63807.24,1.4285714285714286,0,1.07
LN05075,62733.94,49965.83,12.0,2,0.8
LN05076,61798.19,61411.51,8.6,1,0.99
LN05077,94564.78,104806.84,6.3,1,1.11
LN05078,65815.91,88276.7,10.428571428571429,2,1.34
LN05079,106465.81999999999,99434.72,9.222222222222221,2,0.93
LN05080,69682.84,91968.29000000001,13.625,3,1.32
LN05081,68955.48,78290.34,13.333333333333334,2,1.14
LN05082,152831.5,127402.34,15.428571428571429,7,0.83
LN05083,80140.54000000001,89318.63,4.714285714285714,1,1.11
LN05084,65984.84,60473.05,8.0,1,0.92
LN05085,105212.91,90409.71,5.444444444444445,1,0.86
LN05086,83050.86,109248.45,7.5,2,1.32
LN05087,111091.44,139409.18,11.181818181818182,3,1.25
LN05088,98660.13,80766.51,5.0,0,0.82
LN05089,40514.37,16519.62,0.75,0,0.41
LN05090,91877.15,67869.26,1.5,0,0.74
LN05091,102023.54,88674.91,3.9,1,0.87
LN05092,137062.5,122803.03,6.2727272727272725,2,0.9
LN05093,102289.05,87427.46,11.0,3,0.85
LN05094,75197.43,88982.7,7.166666666666667,1,1.18
LN05095,88694.86,75777.18,11.625,3,0.85
LN05096,96756.83,93541.51,8.3,2,0.97
LN05097,58078.99,61144.51,4.714285714285714,1,1.05
LN05098,90957.42,66632.0,7.875,2,0.73
LN05099,125762.89,172334.67,4.166666666666667,1,1.37
LN05100,107402.31,95667.87,11.3,3,0.89
LN05101,50095.17,59240.05,12.857142857142858,3,1.18
LN05102,62858.27,44988.06,6.666666666666667,1,0.72
LN05103,116092.86,117814.37000000001,12.090909090909092,4,1.01
LN05104,53043.77,63654.51,6.6,1,1.2
LN05105,63738.55,57774.38,8.6,1,0.91
LN05106,76928.56,76173.39,14.714285714285714,3,0.99
LN05107,102590.86,108737.68,14.454545454545455,4,1.06
LN05108,94848.75,45753.91,15.142857142857142,3,0.48
LN05109,155128.19,126069.04000000001,11.642857142857142,4,0.81
LN05110,200638.13,162151.08,5.533333333333333,1,0.81
LN05111,55867.42,60897.65,10.6,1,1.09
LN05112,107707.35,64289.83,5.0,1,0.6
LN05113,77674.97,124225.67,5.7272727272727275,2,1.6
LN05114,52487.94,85080.41,16.571428571428573,3,1.62
LN05115,92152.66,83506.25,3.625,0,0.91
LN05116,80030.58,76223.32,8.833333333333334,1,0.95
LN05117,116636.43,88366.82,2.888888888888889,0,0.76
LN05118,27420.559999999998,23025.54,3.25,0,0.84
LN05119,38078.020000000004,38276.76,11.666666666666666,2,1.01
LN05120,98552.18,42290.71,6.142857142857143,1,0.43
LN05121,46167.25,40945.65,0.0,0,0.89
LN05122,35688.88,47835.42,8.6,1,1.34
LN05123,70019.88,77544.22,4.5,0,1.11
LN05124,144857.47999999998,118210.42,9.909090909090908,3,0.82
LN05125,109931.98999999999,126932.92,9.909090909090908,3,1.15
LN05126,35611.11,45009.759999999995,2.0,0,1.26
LN05127,102025.61,88457.31,6.625,1,0.87
LN05128,154509.05,122208.41,6.3076923076923075,2,0.79
LN05129,111210.55,51907.83,13.25,3,0.47
LN05130,76488.65,66026.79000000001,10.375,2,0.86
LN05131,67753.51999999999,69726.41,11.666666666666666,2,1.03
LN05132,95391.66,72229.86,2.875,0,0.76
LN05133,53684.979999999996,51277.46,4.6,0,0.96
LN05134,41771.2,34386.72,0.0,0,0.82
LN05135,79380.43,50419.89,2.6666666666666665,0,0.64
LN05136,105864.62,119625.56,2.0,0,1.13
LN05137,50922.83,57205.96000000001,8.0,1,1.12
LN05138,46808.99,74533.81,12.166666666666666,2,1.59
LN05139,80433.54,72907.77,4.5,0,0.91
LN05140,59433.18,47031.909999999996,7.2,0,0.79
LN05141,109650.28,101630.76000000001,5.6,1,0.93
LN05142,110975.88,105830.84,5.090909090909091,1,0.95
LN05143,121892.87,133020.74,5.909090909090909,1,1.09
LN05144,53342.39,46778.590000000004,10.6,1,0.88
LN05145,88575.12,73698.68,10.75,2,0.83
LN05146,93590.91,80948.98,17.0,4,0.86
LN05147,91782.8,88142.93000000001,9.555555555555555,2,0.96
LN05148,88872.93,80309.86,14.285714285714286,3,0.9
LN05149,140856.12,126159.42,10.5,3,0.9
LN05150,90717.3,92609.72,7.333333333333333,2,1.02
LN05151,114912.97,98880.69,6.3,1,0.86
LN05152,100943.09,86692.34,11.0,3,0.86
LN05153,3724.9,7054.32,10.0,0,1.89
LN05154,58741.77,69053.17,2.1666666666666665,0,1.18
LN05155,39822.62,92051.83,0.8571428571428571,0,2.31
LN05156,143095.45,150436.01,9.923076923076923,3,1.05
LN05157,102595.76,78966.69,3.6666666666666665,1,0.77
LN05158,103696.23,125618.47,5.363636363636363,1,1.21
LN05159,77433.9,91658.07,1.4444444444444444,0,1.18
LN05160,34343.83,22549.91,15.75,2,0.66
LN05161,116574.67,104482.88,4.7272727272727275,1,0.9
LN05162,55689.89,90562.72,3.8333333333333335,0,1.63
LN05163,31385.91,31526.07,5.0,0,1.0
LN05164,108338.15,98098.31999999999,11.181818181818182,4,0.91
LN05165,38212.479999999996,42762.57,0.75,0,1.12
LN05166,142686.88,142666.9,9.0,3,1.0
LN05167,61034.33,76113.99,9.333333333333334,1,1.25
LN05168,85191.63,128120.92000000001,5.2,1,1.5
LN05169,57614.05,56662.850000000006,7.2,1,0.98
LN05170,67012.59,77044.17,11.0,2,1.15
LN05171,37395.23,19522.42,1.5,0,0.52
LN05172,32851.3,37695.57,20.5,4,1.15
LN05173,114449.3,131684.94,4.3,1,1.15
LN05174,88389.5,49788.18,14.285714285714286,3,0.56
LN05175,52683.43,59901.12,14.6,2,1.14
LN05176,59746.95,60795.28,0.5,0,1.02
LN05177,142465.99,202474.27,9.066666666666666,4,1.42
LN05178,80855.55,92076.77,8.11111111111111,2,1.14
LN05179,31827.21,11389.88,6.666666666666667,0,0.36
LN05180,30047.949999999997,78048.37,5.5,1,2.6
LN05181,70261.98000000001,51956.96000000001,10.5,1,0.74
LN05182,78963.3,67619.39,18.0,4,0.86
LN05183,48527.07,62006.23,0.0,0,1.28
LN05184,91313.74,84478.73,5.555555555555555,1,0.93
LN05185,43115.18,36772.68,15.75,2,0.85
LN05186,88130.79000000001,115871.76000000001,8.88888888888889,2,1.31
LN05187,104988.7,85388.78,7.777777777777778,1,0.81
LN05188,42629.83,62371.26,2.6666666666666665,0,1.46
LN05189,127361.06,116909.43,6.636363636363637,3,0.92
LN05190,103807.08,115724.85,10.272727272727273,3,1.11
LN05191,63678.82000000001,59333.57,14.0,2,0.93
LN05192,102866.58,76973.15,7.333333333333333,2,0.75
LN05193,125603.09,96804.26000000001,15.88888888888889,4,0.77
LN05194,131300.27,118383.35,10.0,3,0.9
LN05195,89111.08,76434.29000000001,14.125,3,0.86
LN05196,103686.36,105304.11,4.0,1,1.02
LN05197,40419.85,39675.05,7.5,1,0.98
LN05198,42985.28,32300.890000000003,8.25,1,0.75
LN05199,90282.18000000001,92655.2,9.636363636363637,3,1.03
LN05200,77711.31,77943.68,1.7142857142857142,0,1.0
LN05201,87969.22,115420.63,5.6,1,1.31
LN05202,115759.01,71360.61,2.0,0,0.62
LN05203,34629.4,13688.990000000002,16.666666666666668,1,0.4
LN05204,148348.97999999998,95901.63,10.0,3,0.65
LN05205,50122.47,18092.26,7.666666666666667,0,0.36
LN05206,111277.52,129004.4,3.5454545454545454,0,1.16
LN05207,32324.16,32314.739999999998,21.0,2,1.0
LN05208,98882.37,115602.28,4.7272727272727275,1,1.17
LN05209,57452.49,82843.45999999999,3.3333333333333335,0,1.44
LN05210,67292.57,44954.31,1.2,0,0.67
LN05211,83633.08,109936.4,5.0,1,1.31
LN05212,56655.200000000004,67908.05,3.3333333333333335,1,1.2
LN05213,45774.95,49319.07,10.0,1,1.08
LN05214,102420.6,135165.7,14.818181818181818,5,1.32
LN05215,36761.729999999996,44662.04,10.0,1,1.21
LN05216,116816.06999999999,72341.35,6.222222222222222,0,0.62
LN05217,126190.85,148329.82,7.384615384615385,2,1.18
LN05218,113087.46,116463.85,3.3,0,1.03
LN05219,164599.46,126843.48,8.692307692307692,3,0.77
LN05220,75515.93,82093.49,12.875,3,1.09
LN05221,63274.89,53208.72,15.142857142857142,3,0.84
LN05222,38475.04,58253.46,5.0,0,1.51
LN05223,66983.88,104196.94,9.428571428571429,2,1.56
LN05224,62092.79,63899.119999999995,11.0,2,1.03
LN05225,64130.91,46467.32,6.6,1,0.72
LN05226,71485.78,86609.16,1.125,0,1.21
LN05227,95874.06,98370.3,11.25,2,1.03
LN05228,42929.770000000004,42914.54,1.5,0,1.0
LN05229,128860.31,160308.65,13.785714285714286,6,1.24
LN05230,72949.08,47583.85,0.6,0,0.65
LN05231,82889.25,103614.12,2.888888888888889,0,1.25
LN05232,73942.56999999999,88600.92,5.25,1,1.2
LN05233,51178.19,60139.39,14.0,2,1.18
LN05234,112703.87000000001,129286.64,7.818181818181818,2,1.15
LN05235,76646.83,85447.46,2.375,0,1.11
LN05236,140041.53,142937.07,5.076923076923077,1,1.02
LN05237,82214.55,81731.94,7.0,1,0.99
LN05238,54772.46,71821.3,9.0,2,1.31
LN05239,71950.55,92771.93,6.571428571428571,1,1.29
LN05240,110172.23000000001,104218.44,2.2222222222222223,0,0.95
LN05241,57990.149999999994,46690.1,10.75,1,0.81
LN05242,134348.51,126333.51000000001,3.0,3,0.94
LN05243,76119.17,91678.59,6.625,1,1.2
LN05244,127653.87999999999,82620.17,9.222222222222221,2,0.65
LN05245,79828.51,58344.64,5.25,1,0.73
LN05246,83110.54,47435.08,8.833333333333334,1,0.57
LN05247,58616.020000000004,83330.11,13.333333333333334,3,1.42
LN05248,104697.19,83511.45,4.125,1,0.8
LN05249,79705.12,102161.83,5.111111111111111,3,1.28
LN05250,64173.93,85431.96,1.8571428571428572,0,1.33
LN05251,42873.72,64727.12,10.5,2,1.51
LN05252,58117.14,35774.53,0.0,0,0.62
LN05253,42121.47,57803.94,4.0,0,1.37
LN05254,77315.14,87088.48,4.125,1,1.13
LN05255,125862.05,88250.32,6.583333333333333,1,0.7
LN05256,115895.95999999999,115629.01999999999,8.625,1,1.0
LN05257,130219.4,118948.54000000001,2.909090909090909,2,0.91
LN05258,125426.16,91464.54000000001,6.0,2,0.73
LN05259,102945.29,77884.17,7.571428571428571,1,0.76
LN05260,132730.95,80990.06,2.111111111111111,0,0.61
LN05261,92484.21,94652.75,11.25,3,1.02
LN05262,72052.02,82699.56,6.125,1,1.15
LN05263,99893.31,128709.4,7.2727272727272725,2,1.29
LN05264,28369.15,11287.310000000001,3.0,0,0.4
LN05266,90187.47,88708.59999999999,4.875,1,0.98
LN05267,98957.17,95337.95999999999,10.857142857142858,2,0.96
LN05268,81037.04,111961.55,10.0,3,1.38
LN05269,109815.70999999999,87373.3,7.2,2,0.8
LN05270,36438.25,35981.83,1.0,0,0.99
LN05271,46657.380000000005,58912.020000000004,2.1666666666666665,0,1.26
LN05272,31811.07,74185.87000000001,10.5,2,2.33
LN05273,43277.05,39384.94,2.5,0,0.91
LN05274,81668.69,70072.13,8.75,2,0.86
LN05275,121187.43,144635.25,5.5,1,1.19
LN05276,67401.29000000001,107378.97,9.3,2,1.59
LN05277,85993.07,94467.99,6.666666666666667,2,1.1
LN05278,177689.94,149423.68,0.8125,2,0.84
LN05279,44092.07,50984.51,5.0,0,1.16
LN05280,88548.22,76565.94,5.714285714285714,1,0.86
LN05281,88643.52,53231.63,16.625,4,0.6
LN05282,59009.39,74468.56999999999,7.0,1,1.26
LN05283,94169.37,81617.23,17.875,4,0.87
LN05284,88378.31999999999,62027.81,3.2857142857142856,0,0.7
LN05285,82946.73999999999,98487.09,3.25,0,1.19
LN05286,78912.35,101195.35,3.625,0,1.28
LN05287,104551.69,121545.41,11.666666666666666,3,1.16
LN05288,72943.68,84107.59,6.142857142857143,1,1.15
LN05289,66192.71,102061.72,2.142857142857143,0,1.54
LN05290,66727.95,50371.39,5.0,1,0.75
LN05291,67958.92,55524.98,11.428571428571429,2,0.82
LN05292,109427.04000000001,115529.82,2.909090909090909,0,1.06
LN05293,85701.19,87467.54000000001,4.875,1,1.02
LN05294,68716.26,59413.48,7.2,1,0.86
LN05295,12233.77,11883.6,0.0,0,0.97
LN05296,107783.03,100043.97,3.9,0,0.93
LN05297,60390.82,45347.5,0.0,0,0.75
LN05298,41060.86,38936.56,0.75,0,0.95
LN05299,77667.29000000001,81834.41,5.75,1,1.05
LN05300,112114.91,92692.91,9.125,2,0.83
LN05301,42343.94,40433.08,0.0,0,0.95
LN05302,87366.16,88597.96,5.0,1,1.01
LN05303,136114.94,106382.3,1.7272727272727273,0,0.78
LN05304,52447.950000000004,61169.19,7.666666666666667,1,1.17
LN05305,43672.95,60005.770000000004,3.8,0,1.37
LN05306,66232.7,60418.93,2.6,0,0.91
LN05307,62912.04,37534.24,2.6,0,0.6
LN05308,22927.010000000002,43231.72,3.3333333333333335,0,1.89
LN05309,73057.94,74929.19,4.285714285714286,1,1.03
LN05310,108481.98,85868.57,2.3,0,0.79
LN05311,126511.41,109091.82,5.833333333333333,1,0.86
LN05312,111229.32,107420.76,6.2727272727272725,1,0.97
LN05313,12992.1,14952.05,1.5,0,1.15
LN05314,97186.76000000001,87051.34,4.5,0,0.9
LN05315,131677.21,118885.38,13.909090909090908,4,0.9
LN05316,52609.15,50459.59,10.0,1,0.96
LN05317,58408.65,121194.06,6.666666666666667,1,2.07
LN05318,69159.42,76834.41,5.555555555555555,1,1.11
LN05319,77369.72,148996.88999999998,1.9166666666666667,0,1.93
LN05320,95519.91,115704.73999999999,7.0,2,1.21
LN05321,13738.56,15536.54,10.0,0,1.13
LN05322,79355.7,59265.409999999996,0.75,0,0.75
LN05323,36336.81,42558.32,10.0,1,1.17
LN05324,62013.55,58734.240000000005,8.0,1,0.95
LN05325,57017.990000000005,49741.71000000001,12.5,1,0.87
LN05326,95448.62999999999,133330.63,10.272727272727273,3,1.4
LN05327,53146.1,49655.91,8.0,1,0.93
LN05328,71542.02,87201.78,6.142857142857143,1,1.22
LN05329,80072.51,49269.0,7.571428571428571,1,0.62
LN05330,111879.96,82245.37,11.11111111111111,3,0.74
LN05331,132033.34,109054.27,6.3076923076923075,2,0.83
LN05332,49300.88,61734.5,0.6,0,1.25
LN05333,19403.129999999997,55001.53999999999,10.75,1,2.83
LN05334,104710.75,79672.09,17.0,5,0.76
LN05335,119996.34,95732.79000000001,9.125,2,0.8
LN05336,60563.909999999996,62381.7,10.0,1,1.03
LN05337,30182.33,23574.62,1.0,0,0.78
LN05338,96244.26,133729.02000000002,10.25,3,1.39
LN05339,132401.95,138460.63,9.923076923076923,4,1.05
LN05340,35942.08,32615.660000000003,20.0,2,0.91
LN05341,73666.9,74806.23,6.666666666666667,1,1.02
LN05342,109938.91,77533.65000000001,1.7272727272727273,0,0.71
LN05343,55016.240000000005,35594.87,0.75,0,0.65
LN05344,49834.51,72904.16,5.571428571428571,1,1.46
LN05345,82521.59999999999,91967.70000000001,3.6666666666666665,1,1.11
LN05346,62411.32,86302.83,11.285714285714286,2,1.38
LN05347,169599.3,143466.13999999998,2.769230769230769,0,0.85
LN05348,88785.71,86769.68,4.875,1,0.98
LN05349,92436.08,77937.57,13.333333333333334,4,0.84
LN05350,63152.06,75569.63,3.2857142857142856,0,1.2
LN05351,73684.15,67503.58,2.6,0,0.92
LN05352,43209.09,79754.49,5.5,1,1.85
LN05353,189585.04,151291.88,8.214285714285714,3,0.8
LN05354,52021.46,48150.39,7.2,1,0.93
LN05355,23166.79,11843.32,5.0,0,0.51
LN05356,49496.03,55353.15,15.0,1,1.12
LN05357,74956.15,64167.36,7.571428571428571,1,0.86
LN05358,38841.34,45109.99,7.8,1,1.16
LN05359,67795.91,72729.7,0.6,0,1.07
LN05360,147386.4,154024.69,3.0714285714285716,0,1.05
LN05361,71481.73000000001,49632.43,2.2857142857142856,0,0.69
LN05362,78854.73,64871.48,9.0,2,0.82
LN05363,115762.28,103148.84,13.272727272727273,4,0.89
LN05364,49408.96,41912.97,5.0,0,0.85
LN05365,111423.84,112536.20999999999,10.272727272727273,3,1.01
LN05366,141029.71,133671.62,5.615384615384615,2,0.95
LN05367,73471.78,81300.05,10.25,2,1.11
LN05368,157088.4,180927.0,7.571428571428571,2,1.15
LN05369,41452.55,40356.520000000004,5.0,0,0.97
LN05370,107396.98999999999,126301.61,6.333333333333333,2,1.18
LN05371,117553.2,130704.39,7.9,1,1.11
LN05372,160648.47,130971.37,3.7142857142857144,1,0.82
LN05373,60404.240000000005,73459.3,6.571428571428571,1,1.22
LN05374,33209.45,40980.91,10.0,1,1.23
LN05375,133468.58000000002,146901.66,8.692307692307692,3,1.1
LN05376,147490.08,159204.51,3.0625,0,1.08
LN05377,35593.04,46927.369999999995,8.25,1,1.32
LN05378,119119.2,121472.98,3.0,0,1.02
LN05379,64427.270000000004,86078.84,5.5,1,1.34
LN05380,26516.18,20909.54,30.0,2,0.79
LN05381,98173.48,67332.93,2.0,0,0.69
LN05382,80151.09,117544.95000000001,0.375,2,1.47
LN05383,63649.22,44226.5,0.5,0,0.69
LN05384,72784.47,58890.31,14.6,2,0.81
LN05385,68195.04999999999,75158.95999999999,7.571428571428571,1,1.1
LN05386,87198.43,63041.0,15.0,2,0.72
LN05387,103491.81,120089.15,13.333333333333334,4,1.16
LN05388,88286.19,83471.55,14.444444444444445,4,0.95
LN05389,82366.98,108208.03,8.444444444444445,2,1.31
LN05390,91414.82,66500.41,11.777777777777779,3,0.73
LN05391,66784.77,81843.05,8.75,2,1.23
LN05392,172156.56,133452.4,4.214285714285714,1,0.78
LN05393,99436.70999999999,88181.93,7.333333333333333,2,0.89
LN05394,96800.76,79031.77,1.625,0,0.82
LN05395,56295.969999999994,31739.29,9.0,1,0.56
LN05396,90418.31,89972.76,3.3,0,1.0
LN05397,47910.96,48716.9,8.6,1,1.02
LN05398,136860.83000000002,150255.05,7.357142857142857,3,1.1
LN05399,81164.08,120325.95,8.3,2,1.48
LN05400,31595.22,62070.85,5.2,0,1.96
LN05401,89122.34,52817.619999999995,7.166666666666667,1,0.59
LN05402,87404.05,60881.64,8.833333333333334,1,0.7
LN05403,74395.42,70888.69,6.571428571428571,1,0.95
LN05404,101090.69,125217.8,6.6,1,1.24
LN05405,87789.33,82986.67,13.75,3,0.95
LN05406,34718.7,39972.3,10.0,1,1.15
LN05407,123014.72,83416.03,10.272727272727273,3,0.68
LN05408,95905.21,109025.7,4.777777777777778,1,1.14
LN05409,121527.16,73960.24,0.75,0,0.61
LN05410,99234.95,60568.11,16.666666666666668,3,0.61
LN05411,120788.92,96300.43,5.444444444444445,1,0.8
LN05412,47031.090000000004,76354.35,4.571428571428571,0,1.62
LN05413,7044.75,9364.64,15.0,1,1.33
LN05414,23578.51,50802.57,0.75,0,2.15
LN05415,104117.63,92113.83,7.777777777777778,2,0.88
LN05416,29334.83,64527.719999999994,6.142857142857143,1,2.2
LN05417,91179.1,72999.73,6.142857142857143,1,0.8
LN05418,87953.65,100158.61,8.444444444444445,1,1.14
LN05419,64893.71,56476.0,1.7142857142857142,0,0.87
LN05420,53335.810000000005,49033.83,3.25,0,0.92
LN05421,77296.64,123289.29000000001,7.9,2,1.6
LN05422,80200.33,105679.57,2.5,0,1.32
LN05423,77938.06,49442.16,5.0,1,0.63
LN05424,41300.0,35108.95,10.0,1,0.85
LN05425,99189.67,84296.89,3.909090909090909,1,0.85
LN05426,39934.41,28335.079999999998,3.3333333333333335,0,0.71
LN05427,37994.29,50588.17,6.6,1,1.33
LN05428,42241.130000000005,66382.87,10.5,2,1.57
LN05429,39787.59,28556.71,10.75,1,0.72
LN05430,118380.77,123668.59999999999,3.272727272727273,0,1.04
LN05431,29946.980000000003,45254.81,3.25,0,1.51
LN05432,83071.14,92162.37,0.0,0,1.11
LN05433,81290.97,89935.99,5.142857142857143,0,1.11
LN05434,84085.01,93920.26,11.777777777777779,3,1.12
LN05435,101983.72,93168.13,9.222222222222221,2,0.91
LN05436,106534.36,121855.52,1.4545454545454546,0,1.14
LN05437,69552.36,108272.20000000001,13.25,3,1.56
LN05438,65063.810000000005,74814.41,6.6,1,1.15
LN05439,159702.28,149611.43,5.466666666666667,1,0.94
LN05440,78359.8,56317.33,2.875,0,0.72
LN05441,81981.37,124379.55,9.222222222222221,2,1.52
LN05442,79403.65,53065.94,5.75,1,0.67
LN05443,78192.52,55337.990000000005,5.142857142857143,1,0.71
LN05444,101802.78,96454.63,4.3,1,0.95
LN05445,52953.99,52107.64,3.3333333333333335,0,0.98
LN05446,56860.62,41494.05,11.666666666666666,2,0.73
LN05447,120934.43,86091.34999999999,8.11111111111111,2,0.71
LN05448,83468.34,106784.64,4.5,1,1.28
LN05449,94304.36,103797.75,7.0,1,1.1
LN05450,80482.23,60283.490000000005,6.142857142857143,1,0.75
LN05451,55887.37,62559.83,10.5,2,1.12
LN05452,94948.67,130011.83,7.181818181818182,2,1.37
LN05453,82195.96,88850.26,10.375,2,1.08
LN05454,69909.7,91797.81,10.375,2,1.31
LN05455,68040.31,64567.77,4.285714285714286,0,0.95
LN05456,105732.63,89193.53,9.6,3,0.84
LN05457,61747.45,81481.37,4.333333333333333,0,1.32
LN05458,54167.549999999996,35343.729999999996,7.5,1,0.65
LN05459,86711.81,70932.43000000001,11.125,2,0.82
LN05460,21555.559999999998,16844.09,0.0,0,0.78
LN05461,66317.87,91372.17,6.571428571428571,1,1.38
LN05462,65465.33,94472.7,5.375,1,1.44
LN05463,136215.14,104410.58,7.6,2,0.77
LN05464,80366.24,71394.95999999999,2.0,0,0.89
LN05465,68509.88,82097.8,3.7142857142857144,0,1.2
LN05466,54011.23,60653.13,8.0,1,1.12
LN05467,71392.26999999999,94053.23,8.25,2,1.32
LN05468,103422.42,91953.87,5.714285714285714,1,0.89
LN05469,137608.51,103470.3,10.153846153846153,3,0.75
LN05470,119890.69,117522.27,10.909090909090908,3,0.98
LN05471,106658.28,66390.05,3.625,0,0.62
LN05472,71206.83,40384.07000000001,4.6,0,0.57
LN05473,102919.66,89331.45,11.125,2,0.87
LN05474,76789.41,81470.63,8.571428571428571,1,1.06
LN05475,47596.22,50505.259999999995,7.666666666666667,1,1.06
LN05476,63039.13,46445.34,12.0,2,0.74
LN05477,34408.649999999994,40411.39,20.0,2,1.17
LN05478,140884.5,125046.31999999999,8.454545454545455,3,0.89
LN05479,83481.23999999999,114096.08,9.0,3,1.37
LN05480,98142.69,105672.34,4.6,1,1.08
LN05481,114096.25,98841.51,7.777777777777778,2,0.87
LN05482,120404.31,97016.52,2.6363636363636362,0,0.81
LN05483,77605.49,115679.11,1.1111111111111112,0,1.49
LN05484,142004.47,95265.34,4.9,1,0.67
LN05485,92113.51,87638.95999999999,9.0,3,0.95
LN05486,79969.14,114089.56,2.125,0,1.43
LN05487,61453.86,73911.49,10.0,2,1.2
LN05488,60856.42,62353.630000000005,12.0,3,1.02
LN05489,48852.76,23780.17,12.6,2,0.49
LN05490,68153.47,77346.37,0.8571428571428571,0,1.13
LN05491,77276.11,70399.64,5.375,1,0.91
LN05492,56677.36,60839.83,0.6,0,1.07
LN05493,133203.54,107006.55,6.583333333333333,2,0.8
LN05494,111449.65,98185.11,5.444444444444445,1,0.88
LN05495,56071.380000000005,33201.799999999996,8.0,1,0.59
LN05496,75241.6,72022.31,0.5,0,0.96
LN05497,46217.75,53914.51,6.6,1,1.17
LN05498,111539.04999999999,107499.92,5.3,1,0.96
LN05499,76678.16,115608.97,1.4444444444444444,0,1.51
LN05500,103666.19,79881.58,7.777777777777778,2,0.77
LN05501,63272.86,69280.28,8.0,1,1.09
LN05502,59576.07,39646.899999999994,2.0,0,0.67
LN05503,75800.02,97566.85,3.5555555555555554,0,1.29
LN05504,104283.58,80039.04,7.6,2,0.77
LN05505,86002.7,153939.58,1.7272727272727273,0,1.79
LN05506,96488.06,98075.88,5.090909090909091,1,1.02
LN05507,45283.13,56763.27,8.6,1,1.25
LN05508,123764.97,71804.8,5.2,1,0.58
LN05509,75391.15999999999,62562.31,3.8333333333333335,0,0.83
LN05510,86760.51000000001,112840.81,1.0,0,1.3
LN05511,98296.70000000001,89429.38,11.25,3,0.91
LN05512,97889.05,105165.98000000001,8.11111111111111,2,1.07
LN05513,119483.87,100460.21,7.454545454545454,1,0.84
LN05514,72778.25,67357.8,4.333333333333333,0,0.93
LN05515,92944.79,42386.94,0.5,0,0.46
LN05516,39425.61,49871.85,10.75,1,1.26
LN05517,49868.770000000004,52982.79,2.6,0,1.06
LN05518,23495.33,30091.809999999998,1.5,0,1.28
LN05519,36723.21,15899.31,4.0,0,0.43
LN05520,13919.03,15598.95,10.0,0,1.12
LN05521,83479.88,96348.35,9.222222222222221,2,1.15
LN05522,41697.71,70846.48000000001,1.0,0,1.7
LN05523,116131.53,145199.98,5.642857142857143,1,1.25
LN05524,55364.78,76289.67,5.142857142857143,1,1.38
LN05525,65805.07,84222.94,13.285714285714286,3,1.28
LN05526,34662.58,14096.07,30.0,3,0.41
LN05527,76502.01000000001,85383.84,0.375,0,1.12
LN05528,91304.02,69611.34,4.0,1,0.76
LN05529,96466.19,93935.1,3.6666666666666665,1,0.97
LN05530,79281.57,68274.61,2.857142857142857,0,0.86
LN05531,40216.16,58994.92,1.2857142857142858,0,1.47
LN05532,143433.31,149511.68,3.933333333333333,1,1.04
LN05533,11685.01,32572.42,5.0,0,2.79
LN05534,99363.76000000001,114831.18,8.6,2,1.16
LN05535,69602.35,75634.13,1.5,0,1.09
LN05536,68330.38,55462.0,19.2,3,0.81
LN05537,53406.4,30348.550000000003,12.5,1,0.57
LN05538,41371.78,48396.06,0.0,0,1.17
LN05539,74927.52,76249.18000000001,10.0,2,1.02
LN05540,49756.340000000004,49208.27,16.0,2,0.99
LN05541,91592.54000000001,79021.96,7.875,1,0.86
LN05542,61452.21,64651.53,9.333333333333334,1,1.05
LN05543,54258.5,59674.91,8.6,1,1.1
LN05544,58868.65,56920.91,12.166666666666666,2,0.97
LN05545,60765.229999999996,57911.240000000005,10.5,2,0.95
LN05546,36418.21,15367.81,1.5,0,0.42
LN05547,59201.46,51449.46,6.0,1,0.87
LN05548,68455.68,63043.63,9.333333333333334,1,0.92
LN05549,31814.43,47257.61,3.25,0,1.49
LN05550,123266.79000000001,88024.16,16.25,4,0.71
LN05551,97614.02,104592.46,2.6,0,1.07
LN05552,66252.03,66114.03,7.666666666666667,1,1.0
LN05553,134923.34,155899.35,4.428571428571429,0,1.16
LN05554,84920.61,71222.09,14.714285714285714,3,0.84
LN05555,78958.41,76765.1,1.625,0,0.97
LN05556,57167.909999999996,74392.83,12.6,2,1.3
LN05557,67994.22,82276.81,4.714285714285714,1,1.21
LN05558,120739.67,154368.81,9.23076923076923,3,1.28
LN05559,48163.63,76473.39,10.5,2,1.59
LN05560,69449.37,94402.48,14.0,3,1.36
LN05561,115465.56,121704.73,4.3,1,1.05
LN05562,101050.72,124727.71,5.454545454545454,2,1.23
LN05563,79115.8,108822.03,5.777777777777778,1,1.38
LN05564,53940.04,94867.3,5.0,1,1.76
LN05565,62140.8,71604.15,11.666666666666666,2,1.15
LN05566,81250.97,92284.89,9.0,2,1.14
LN05567,71379.85,56706.19,0.5,0,0.79
LN05568,41541.97,37815.41,10.0,1,0.91
LN05569,45448.149999999994,65546.99,8.0,1,1.44
LN05570,48894.21,20035.67,3.25,0,0.41
LN05571,29479.38,46266.84,1.0,0,1.57
LN05572,108483.12999999999,118732.8,6.6,1,1.09
LN05573,97426.59,94765.39,12.875,3,0.97
LN05574,81912.46,84235.11,6.625,1,1.03
LN05575,38178.52,64992.7,7.2,1,1.7
LN05576,106831.33,146353.88,8.727272727272727,3,1.37
LN05577,40521.1,68747.44,8.428571428571429,1,1.7
LN05578,55776.07000000001,48061.67,2.5,0,0.86
LN05579,77549.76,74310.72,4.714285714285714,1,0.96
LN05580,44109.159999999996,47524.24,2.6666666666666665,0,1.08
LN05581,62666.32,58175.950000000004,9.0,2,0.93
LN05582,64979.93,70697.86,14.285714285714286,3,1.09
LN05583,89134.83,74693.28,13.714285714285714,3,0.84
LN05584,83429.7,110410.28,12.6,4,1.32
LN05585,117767.52,98716.23,8.75,2,0.84
LN05586,117310.6,74233.69,2.75,0,0.63
LN05587,75639.74,66151.64,10.428571428571429,2,0.87
LN05588,30704.730000000003,27585.960000000003,1.5,0,0.9
LN05589,57506.8,65391.96,3.2857142857142856,0,1.14
LN05590,65202.53,44038.75,8.0,1,0.68
LN05591,99347.7,88988.16,8.11111111111111,2,0.9
LN05592,102462.02,85583.9,4.5,1,0.84
LN05593,33405.18,26720.12,2.0,0,0.8
LN05594,60862.96,55808.81,10.0,2,0.92
LN05595,67321.12,48339.86,4.6,0,0.72
LN05596,36074.0,59488.84,13.2,2,1.65
LN05597,122324.20999999999,120956.86,11.083333333333334,3,0.99
LN05598,38699.509999999995,29704.92,8.25,1,0.77
LN05599,114736.55,117849.31999999999,5.111111111111111,1,1.03
LN05600,22576.15,25689.28,13.333333333333334,1,1.14
LN05601,120708.47,95653.1,13.7,4,0.79
LN05602,60787.07,72411.44,7.166666666666667,1,1.19
LN05603,48325.61,35592.270000000004,6.0,1,0.74
LN05604,72512.35,74246.28,3.625,0,1.02
LN05605,73532.89,32725.010000000002,6.6,1,0.45
LN05606,57318.83,53274.77,11.428571428571429,2,0.93
LN05607,43765.16,56235.770000000004,1.5,0,1.28
LN05608,60478.67,93718.17,9.555555555555555,2,1.55
LN05609,63809.7,70318.98,15.142857142857142,3,1.1
LN05610,96717.14,89350.84,10.333333333333334,3,0.92
LN05611,71628.8,62772.29,1.0,0,0.88
LN05612,81085.04000000001,58335.85,8.25,2,0.72
LN05613,128047.31,135229.97,1.5,0,1.06
LN05614,81583.52,55733.759999999995,7.142857142857143,1,0.68
LN05615,94732.02,95141.63,4.5,1,1.0
LN05616,110463.31999999999,85153.65,12.222222222222221,3,0.77
LN05617,12743.65,50414.770000000004,11.0,1,3.96
LN05618,50065.94,57317.89,4.0,0,1.14
LN05619,82042.05,52834.97,17.166666666666668,3,0.64
LN05620,65639.82,77632.01000000001,10.428571428571429,2,1.18
LN05621,110689.90000000001,135245.53,5.833333333333333,2,1.22
LN05622,33481.9,41004.909999999996,3.2,0,1.22
LN05623,106809.45999999999,108077.05,7.0,2,1.01
LN05624,81405.49,93609.16,7.0,2,1.15
LN05625,83369.42,44643.909999999996,6.222222222222222,1,0.54
LN05626,19168.52,10763.71,15.0,1,0.56
LN05627,39471.6,26284.47,13.333333333333334,1,0.67
LN05628,37834.58,45516.8,10.0,1,1.2
LN05629,73522.88,72508.3,6.0,0,0.99
LN05630,102416.23,82916.88,1.125,0,0.81
LN05631,112356.22,100628.79000000001,10.545454545454545,3,0.9
LN05632,43400.33,40672.94,20.0,3,0.94
LN05633,62430.22,73073.06,2.6666666666666665,0,1.17
LN05634,87874.02,69111.73,0.75,0,0.79
LN05635,96522.87,106341.1,1.7777777777777777,0,1.1
LN05636,71987.95999999999,54947.75,2.6666666666666665,0,0.76
LN05637,72837.04000000001,107997.48,8.75,2,1.48
LN05638,44837.44,48124.86,0.75,0,1.07
LN05639,22798.23,32923.94,1.5,0,1.44
LN05640,76181.54000000001,99761.26000000001,6.666666666666667,2,1.31
LN05641,104015.28,93728.81,13.2,4,0.9
LN05642,48843.26,74592.29,4.5,1,1.53
LN05643,44033.21,56067.56,4.0,0,1.27
LN05644,95114.13,72279.03,6.625,1,0.76
LN05645,114172.37,136296.49,6.0,2,1.19
LN05646,40671.24,43312.350000000006,10.75,1,1.06
LN05647,63696.97,66394.05,3.8333333333333335,0,1.04
LN05648,14674.44,40394.22,3.8,0,2.75
LN05649,85317.63,41576.87,9.5,2,0.49
LN05650,30840.42,84397.35,6.5,1,2.74
LN05651,103906.79000000001,106050.79000000001,8.444444444444445,2,1.02
LN05652,104148.55,115117.61,3.3,1,1.11
LN05653,125752.67,110518.79000000001,11.181818181818182,3,0.88
LN05654,115111.11,117240.33,13.545454545454545,4,1.02
LN05655,59304.42,59870.38,2.6666666666666665,0,1.01
LN05656,77199.12,71230.63,11.857142857142858,2,0.92
LN05657,28216.87,8517.1,15.0,1,0.3
LN05658,12446.04,29371.47,0.0,0,2.36
LN05659,9432.51,10470.02,15.0,1,1.11
LN05660,119688.7,114946.93999999999,7.545454545454546,2,0.96
LN05661,61239.74,57899.18,9.0,2,0.95
LN05662,100997.73,72807.3,6.125,1,0.72
LN05663,40948.85,47275.270000000004,20.0,2,1.15
LN05664,85756.89,96122.68000000001,12.444444444444445,3,1.12
LN05665,104612.1,146097.22999999998,11.6,3,1.4
LN05666,33040.6,47460.04,18.0,3,1.44
LN05667,96467.31,120431.55,2.3,0,1.25
LN05668,89868.98,81080.7,8.0,2,0.9
LN05669,123754.23000000001,134375.27,4.416666666666667,1,1.09
LN05670,137828.76,111297.21,7.818181818181818,2,0.81
LN05671,81498.98,85732.49,6.142857142857143,1,1.05
LN05672,61002.92,48155.869999999995,5.5,0,0.79
LN05673,128050.84,119872.76,1.9,0,0.94
LN05674,74247.62,70544.31,10.0,2,0.95
LN05675,110971.67,119761.66,5.25,2,1.08
LN05676,74603.67,61300.28,16.666666666666668,3,0.82
LN05677,80044.95,92253.26,4.0,0,1.15
LN05678,159986.18,158346.80000000002,8.071428571428571,2,0.99
LN05679,130294.55,106170.52,5.888888888888889,1,0.81
LN05680,121640.76,99667.43,3.9,0,0.82
LN05681,130829.63,96492.48,1.3,0,0.74
LN05682,97336.43000000001,95386.44,6.6,2,0.98
LN05683,92600.17,148322.98,7.384615384615385,3,1.6
LN05684,70215.48,91326.29,2.7142857142857144,0,1.3
LN05685,41243.55,72636.99,4.6,0,1.76
LN05686,113885.76,88601.19,10.6,3,0.78
LN05687,48236.36,58879.979999999996,0.6,0,1.22
LN05688,94529.05,119366.23999999999,0.3333333333333333,0,1.26
LN05689,95252.6,72124.89,8.25,1,0.76
LN05690,80197.24,60037.84,3.3333333333333335,0,0.75
LN05691,34951.54,18686.15,10.0,1,0.53
LN05692,88473.62,73513.06,5.0,1,0.83
LN05693,83087.74,59642.1,2.857142857142857,0,0.72
LN05694,58131.9,82265.27,8.428571428571429,1,1.42
LN05695,57235.920000000006,131828.2,6.3,2,2.3
LN05696,48885.11,63179.979999999996,6.666666666666667,1,1.29
LN05697,123278.55,84746.95999999999,4.777777777777778,1,0.69
LN05698,111434.49,116453.95999999999,6.583333333333333,2,1.05
LN05699,70283.85,129979.96,10.3,3,1.85
LN05700,54832.479999999996,68878.25,0.42857142857142855,0,1.26
LN05701,124692.66,90931.56,5.090909090909091,1,0.73
LN05702,46522.29,27235.64,0.0,0,0.59
LN05703,86351.69,77693.42,2.888888888888889,0,0.9
LN05704,81002.45,82978.54,12.166666666666666,2,1.02
LN05705,50942.21000000001,78493.3,7.166666666666667,0,1.54
LN05706,73021.9,80534.51,8.0,1,1.1
LN05707,62902.01,38609.17,5.25,0,0.61
LN05708,60449.16,68778.08,1.8,0,1.14
LN05709,70840.47,79998.02,11.666666666666666,1,1.13
LN05710,55189.729999999996,55386.49,10.0,1,1.0
LN05711,50118.01,38384.85,10.75,1,0.77
LN05712,58098.53,75936.44,2.6666666666666665,0,1.31
LN05713,106798.0,104770.34,11.3,3,0.98
LN05714,60147.19,76335.53,2.6666666666666665,0,1.27
LN05715,75952.23,63717.020000000004,10.428571428571429,2,0.84
LN05716,87915.95999999999,92508.57,7.875,1,1.05
LN05717,83817.17,83793.94,7.0,1,1.0
LN05718,110759.71,91341.26,9.090909090909092,3,0.82
LN05719,39826.32,67727.82,18.0,3,1.7
LN05720,83048.38,83274.04,6.625,1,1.0
LN05721,32356.54,43822.899999999994,3.25,0,1.35
LN05722,77898.69,48773.89,8.166666666666666,1,0.63
LN05723,105421.49,105770.37,4.777777777777778,1,1.0
LN05724,79806.19,75910.16,7.571428571428571,1,0.95
LN05725,98683.53,90040.77,5.75,1,0.91
LN05726,72897.55,59272.799999999996,0.0,0,0.81
LN05727,135295.22,151305.49,11.916666666666666,4,1.12
LN05728,101535.75,152396.27,3.8461538461538463,1,1.5
LN05729,43916.130000000005,60536.94,10.0,1,1.38
LN05730,46059.85,56012.62,13.833333333333334,2,1.22
LN05731,77062.43000000001,46071.18,9.5,2,0.6
LN05732,107270.46,80892.99,7.545454545454546,2,0.75
LN05733,77935.26,86241.91,1.625,0,1.11
LN05734,131586.39,121505.88,4.818181818181818,1,0.92
LN05735,99145.44,103590.21,8.777777777777779,2,1.04
LN05736,103118.91,120265.23,1.3,0,1.17
LN05737,64707.45,52712.19,-3.4,1,0.81
LN05738,60567.66,85473.16,0.5,0,1.41
LN05739,116527.52,125346.24,7.3,2,1.08
LN05740,16970.61,25376.260000000002,13.333333333333334,1,1.5
LN05741,59625.479999999996,75445.58,1.4285714285714286,0,1.27
LN05742,34585.14,40865.409999999996,0.75,0,1.18
LN05743,55794.72,41727.83,10.0,1,0.75
LN05744,184061.53,141823.17,2.0,0,0.77
LN05745,57993.56,74403.46,0.5,0,1.28
LN05746,81928.73,62956.32000000001,10.5,1,0.77
LN05747,106149.55,104113.15,6.6,2,0.98
LN05748,80276.08,59340.799999999996,14.285714285714286,3,0.74
LN05749,46984.57,29142.86,15.0,2,0.62
LN05750,115350.08,142239.48,4.666666666666667,1,1.23
LN05751,28950.97,14060.7,5.0,0,0.49
LN05752,61528.95,46975.78,2.0,0,0.76
LN05753,93742.55,57913.549999999996,17.142857142857142,4,0.62
LN05754,77247.59,71875.29000000001,8.25,2,0.93
LN05755,74278.62,84999.86,10.0,2,1.14
LN05756,84435.36,64140.29,2.6666666666666665,0,0.76
LN05757,112991.61,89285.48999999999,13.545454545454545,4,0.79
LN05758,36244.8,43939.22,2.25,0,1.21
LN05759,85371.51,72999.93,4.125,0,0.86
LN05760,99534.73000000001,71928.56,8.625,2,0.72
LN05761,51845.63,57589.94,14.6,2,1.11
LN05762,56573.51,56348.689999999995,4.833333333333333,0,1.0
LN05763,52737.76,64670.25,1.6666666666666667,0,1.23
LN05764,48581.28,45730.520000000004,4.6,0,0.94
LN05765,52961.33,88951.66,22.857142857142858,5,1.68
LN05766,129258.4,115722.34,11.818181818181818,4,0.9
LN05767,37010.189999999995,46347.31,3.3333333333333335,0,1.25
LN05768,79774.97,94857.67,8.75,2,1.19
LN05769,40853.18,41491.229999999996,4.0,0,1.02
LN05770,31228.37,61375.0,6.6,1,1.97
LN05771,12395.300000000001,12938.84,0.0,0,1.04
LN05772,49383.66,46588.880000000005,12.0,2,0.94
LN05773,74603.33,35984.79,6.0,0,0.48
LN05774,61474.71,65875.17,5.142857142857143,1,1.07
LN05775,84153.9,71792.78,9.5,2,0.85
LN05776,84280.5,54219.32,5.714285714285714,1,0.64
LN05777,71681.29,70349.54,6.5,1,0.98
LN05778,166930.08,121523.63,4.416666666666667,1,0.73
LN05779,55544.97,66138.39,1.8571428571428572,0,1.19
LN05780,44268.46,42135.33,0.0,0,0.95
LN05781,48793.97,42309.97,17.5,2,0.87
LN05782,135478.05,145629.53,5.25,1,1.07
LN05783,110378.92,119627.25,11.11111111111111,3,1.08
LN05784,91890.67,123147.55,6.666666666666667,1,1.34
LN05785,121504.88,100186.70999999999,7.0,1,0.82
LN05786,74348.28,65337.19,13.833333333333334,2,0.88
LN05787,108883.18,67824.45999999999,1.0,0,0.62
LN05788,83038.81,69017.15,2.0,0,0.83
LN05789,85718.25,107998.36,11.6,3,1.26
LN05790,145817.11,121882.45000000001,1.9166666666666667,0,0.84
LN05791,73607.11,104148.93,4.285714285714286,1,1.41
LN05792,122949.69,129398.77,1.3,0,1.05
LN05793,59711.59,69496.02,9.125,2,1.16
LN05794,78427.06,76978.17,5.714285714285714,1,0.98
LN05795,52610.479999999996,19336.840000000004,10.75,1,0.37
LN05796,54807.54,65070.11,3.3333333333333335,0,1.19
LN05797,60896.16,41695.899999999994,2.0,0,0.68
LN05798,75589.12,81775.53,2.875,0,1.08
LN05799,106107.87,119601.57,9.0,2,1.13
LN05800,79773.4,109844.23,4.444444444444445,1,1.38
LN05801,124468.52,89715.0,6.111111111111111,1,0.72
LN05802,63781.47,68217.87,4.714285714285714,2,1.07
LN05803,86941.09,65285.04,16.0,3,0.75
LN05804,90866.75,87809.31,14.285714285714286,3,0.97
LN05805,95403.91,88860.87,13.75,3,0.93
LN05806,57340.0,70633.39,18.333333333333332,3,1.23
LN05807,113299.74,89744.45,11.444444444444445,3,0.79
LN05808,55531.409999999996,79281.31,5.0,1,1.43
LN05809,56557.07,83540.28,1.4285714285714286,0,1.48
LN05810,90508.24,59176.340000000004,10.428571428571429,2,0.65
LN05811,88788.93,47451.17,6.666666666666667,1,0.53
LN05812,75141.87,71290.09999999999,7.428571428571429,1,0.95
LN05813,72387.49,70843.2,6.222222222222222,1,0.98
LN05814,50103.38,60375.2,14.6,2,1.21
LN05815,46385.26,81386.73,6.666666666666667,1,1.75
LN05816,133372.78,120144.22,2.6363636363636362,0,0.9
LN05817,42765.18,15873.35,10.0,1,0.37
LN05818,86797.75,101055.85,6.5,1,1.16
LN05819,36821.66,43252.61,12.6,2,1.17
LN05820,98800.69,103549.36,5.888888888888889,1,1.05
LN05821,78325.31999999999,73147.76,11.25,2,0.93
LN05822,71734.49,70696.94,13.285714285714286,2,0.99
LN05823,85873.59,96490.4,13.666666666666666,4,1.12
LN05824,34312.3,46180.520000000004,1.0,0,1.35
LN05825,106322.6,123895.97,8.0,2,1.17
LN05826,56481.26,53808.829999999994,0.75,0,0.95
LN05827,72560.45,55678.979999999996,1.8,0,0.77
LN05828,93238.12,57034.81,7.142857142857143,1,0.61
LN05829,88333.43000000001,112814.36,6.222222222222222,3,1.28
LN05830,111943.87,105834.88,2.3,0,0.95
LN05831,66914.48999999999,62882.65,6.6,1,0.94
LN05832,75839.89,77741.73,0.42857142857142855,0,1.03
LN05833,36395.41,39052.07,14.0,2,1.07
LN05834,116919.89,100506.63,5.454545454545454,1,0.86
LN05835,79709.55,75121.06,8.75,2,0.94
LN05836,67567.95999999999,61982.36,6.0,1,0.92
LN05837,127871.43000000001,101747.2,10.0,3,0.8
LN05838,89094.64,79316.53,5.75,1,0.89
LN05839,44271.69,42581.85,12.5,1,0.96
LN05840,87078.22,66679.3,6.666666666666667,1,0.77
LN05841,80895.98,63300.380000000005,0.0,0,0.78
LN05842,44062.0,51318.26,7.5,1,1.16
LN05843,14111.6,21044.1,20.0,1,1.49
LN05844,115087.12,81307.68,5.111111111111111,1,0.71
LN05845,97236.6,79170.49,6.25,1,0.81
LN05846,80256.24,74943.63,10.0,1,0.93
LN05847,79308.98,61042.27,1.2857142857142858,0,0.77
LN05848,124772.47,151237.93,12.23076923076923,4,1.21
LN05849,23462.64,39864.54,13.333333333333334,1,1.7
LN05850,97846.79000000001,95768.91,13.666666666666666,4,0.98
LN05851,45284.56,42709.880000000005,8.333333333333334,1,0.94
LN05852,38245.74,77209.63,3.8333333333333335,0,2.02
LN05853,72773.09,69748.16,2.1666666666666665,0,0.96
LN05854,63188.04,69895.61,1.625,0,1.11
LN05855,109042.75,124968.69,6.083333333333333,2,1.15
LN05856,105535.45,127430.8,7.75,2,1.21
LN05857,93035.31,76729.81,4.714285714285714,1,0.82
LN05858,54049.119999999995,64210.92,10.0,1,1.19
LN05859,32656.079999999998,28047.13,2.5,0,0.86
LN05860,78196.73999999999,77118.23,2.375,0,0.99
LN05861,81530.78,91911.9,15.88888888888889,4,1.13
LN05862,84273.07,80460.67,11.666666666666666,1,0.95
LN05863,113643.74,99194.37,5.555555555555555,1,0.87
LN05864,86648.53,91814.26000000001,10.375,2,1.06
LN05865,71471.66,96003.33,7.5,2,1.34
LN05866,2458.8,16888.77,0.0,0,6.87
LN05867,34878.24,50730.86,5.5,1,1.45
LN05868,43385.83,37767.71,6.0,1,0.87
LN05869,43520.28,38078.5,9.2,1,0.87
LN05870,69320.09,113156.05,7.0,1,1.63
LN05871,64333.89,79192.68,7.571428571428571,1,1.23
LN05872,64573.17,92595.76,1.625,0,1.43
LN05873,64167.68,62878.49,3.8333333333333335,0,0.98
LN05874,82054.32,86754.29,8.11111111111111,2,1.06
LN05875,79718.03,74235.14,0.8571428571428571,0,0.93
LN05876,107750.73999999999,126336.43000000001,6.9,2,1.17
LN05877,118613.95,100948.88,5.888888888888889,0,0.85
LN05878,42344.29,38157.36,4.333333333333333,0,0.9
LN05879,80742.59999999999,120911.36,6.666666666666667,2,1.5
LN05880,78044.96,59664.020000000004,13.833333333333334,3,0.76
LN05881,48461.29,57750.25,1.2,0,1.19
LN05882,161972.65,144793.44,9.333333333333334,3,0.89
LN05883,114511.71,87032.84,5.6,1,0.76
LN05884,53295.729999999996,62326.49,4.333333333333333,0,1.17
LN05885,29935.89,34136.170000000006,10.0,1,1.14
LN05886,57378.49,64928.77,12.6,2,1.13
LN05887,69391.55,91218.45,4.714285714285714,1,1.31
LN05888,129730.24,110497.89,1.6,0,0.85
LN05889,72280.44,60817.22,12.285714285714286,2,0.84
LN05890,157613.12,149858.77000000002,5.3076923076923075,2,0.95
LN05891,74805.33,135452.03,13.0,4,1.81
LN05892,77045.84,102763.78,5.75,1,1.33
LN05893,33355.65,62101.77,15.0,2,1.86
LN05894,24558.79,29647.83,0.0,0,1.21
LN05895,48959.32,25030.41,7.8,1,0.51
LN05896,146292.38999999998,150976.66,5.25,1,1.03
LN05897,68363.1,57864.63,6.0,1,0.85
LN05898,76406.49,100777.34,6.625,1,1.32
LN05899,31150.129999999997,29064.68,1.0,0,0.93
LN05900,37480.87,21402.42,4.333333333333333,0,0.57
LN05901,58054.979999999996,48145.759999999995,5.2,0,0.83
LN05902,76816.63,112606.13,1.1111111111111112,0,1.47
LN05903,70172.45,107589.43,8.11111111111111,2,1.53
LN05904,67219.15,72906.32,12.875,2,1.08
LN05905,86075.37,116774.88,9.3,2,1.36
LN05906,117508.0,96332.63,5.9,1,0.82
LN05907,67460.21,55517.32,13.2,2,0.82
LN05908,49727.71,55110.01,0.0,0,1.11
LN05909,69352.56,51878.37,10.5,2,0.75
LN05910,88443.56999999999,60955.53,1.4285714285714286,0,0.69
LN05911,107432.81,120838.43000000001,4.9,1,1.12
LN05912,63459.51,92922.88,2.5,0,1.46
LN05913,125601.68000000001,103997.69,3.6363636363636362,0,0.83
LN05914,88927.48,94632.05,9.909090909090908,3,1.06
LN05915,58083.45,39928.33,8.0,1,0.69
LN05916,144539.84,119625.02,9.909090909090908,2,0.83
LN05917,128844.23,95191.44,4.6,1,0.74
LN05918,51602.11,74185.65,7.166666666666667,1,1.44
LN05919,58940.68,70519.76,7.666666666666667,1,1.2
LN05920,76026.98,71020.44,4.285714285714286,1,0.93
LN05921,60043.21000000001,54823.07,10.0,1,0.91
LN05922,18190.53,10608.58,0.0,0,0.58
LN05923,85945.98,59879.28,5.375,1,0.7
LN05924,25609.42,30382.17,10.0,1,1.19
LN05925,137869.14,133219.81,1.6923076923076923,0,0.97
LN05926,51575.51,67384.06,5.0,1,1.31
LN05927,196770.07,165203.67,5.75,2,0.84
LN05928,87838.14,34989.33,3.1666666666666665,0,0.4
LN05929,108474.9,123881.77,4.083333333333333,3,1.14
LN05930,28946.19,19294.0,5.0,0,0.67
LN05931,86891.0,95419.99,0.42857142857142855,0,1.1
LN05932,35892.020000000004,44079.520000000004,3.25,0,1.23
LN05933,80195.4,74726.28,0.375,0,0.93
LN05934,68384.02,41071.21,2.1666666666666665,0,0.6
LN05935,81414.6,76341.45,2.7142857142857144,0,0.94
LN05936,89802.47,75688.72,7.5,2,0.84
LN05937,105267.26000000001,101358.61,1.8181818181818181,0,0.96
LN05938,68133.04000000001,96139.37000000001,11.25,3,1.41
LN05939,86009.16,112644.22,7.666666666666667,2,1.31
LN05940,63477.58,79063.93,2.6666666666666665,0,1.25
LN05941,149296.4,95054.78,7.416666666666667,2,0.64
LN05942,118356.41,90895.84,1.7777777777777777,0,0.77
LN05943,115539.17,157775.84,10.5,3,1.37
LN05944,52459.44,60826.44,8.0,1,1.16
LN05945,107977.4,73403.23,6.25,1,0.68
LN05946,128838.28,107174.23,3.272727272727273,1,0.83
LN05947,89777.95999999999,92538.98,6.625,1,1.03
LN05948,114165.76,103667.68,5.444444444444445,1,0.91
LN05949,119197.5,132455.09,8.692307692307692,3,1.11
LN05950,40716.759999999995,43646.85,8.833333333333334,1,1.07
LN05951,128905.16,109887.51,8.9,2,0.85
LN05952,92538.07,92125.72,9.88888888888889,2,1.0
LN05953,113618.14,89542.86,5.6,1,0.79
LN05954,88145.17,92664.23000000001,1.1111111111111112,2,1.05
LN05955,135763.04,112245.23999999999,5.090909090909091,1,0.83
LN05956,114712.14,105871.08,14.444444444444445,4,0.92
LN05957,84780.17,71250.38,1.8571428571428572,0,0.84
LN05958,194654.96,149763.4,5.666666666666667,1,0.77
LN05959,104127.62999999999,57353.44,4.777777777777778,1,0.55
LN05960,43433.81,53454.6,12.666666666666666,2,1.23
LN05961,67542.11,68025.57,12.0,2,1.01
LN05962,63852.770000000004,51299.280000000006,6.0,1,0.8
LN05963,59270.4,88979.81,9.5,2,1.5
LN05964,89846.55,98588.2,10.0,2,1.1
LN05965,105621.04000000001,109407.31,3.4545454545454546,0,1.04
LN05966,66353.35,40707.65,2.0,0,0.61
LN05967,130940.29,104054.23,2.909090909090909,0,0.79
LN05968,72360.33,60981.76,1.5,0,0.84
LN05969,60369.87,67456.86,5.5,1,1.12
LN05970,86562.59,88863.51,-0.1111111111111111,0,1.03
LN05971,85689.55,91340.16,1.1111111111111112,0,1.07
LN05972,17810.620000000003,21550.53,5.0,0,1.21
LN05973,46476.72,25859.05,2.0,0,0.56
LN05974,84734.35,78276.58,3.3333333333333335,1,0.92
LN05975,116562.16,106072.87,7.666666666666667,2,0.91
LN05976,72150.65,63373.899999999994,3.2857142857142856,0,0.88
LN05977,87038.0,140664.17,1.9,0,1.62
LN05978,91278.64,135050.83000000002,10.333333333333334,3,1.48
LN05979,128208.15,131601.69999999998,3.5,1,1.03
LN05980,35036.86,71223.86,12.166666666666666,2,2.03
LN05981,86288.43,90757.95,7.142857142857143,1,1.05
LN05982,96811.87000000001,98339.7,7.0,1,1.02
LN05983,145762.18,140647.27,9.666666666666666,3,0.96
LN05984,61123.74,62883.75,8.333333333333334,1,1.03
LN05985,64484.759999999995,96506.45999999999,1.0,0,1.5
LN05986,47428.92,61715.98,15.75,2,1.3
LN05987,60973.780000000006,69089.92,5.142857142857143,1,1.13
LN05988,45234.72,50178.740000000005,5.0,0,1.11
LN05989,38862.83,50061.47,12.0,2,1.29
LN05990,13389.509999999998,20015.260000000002,6.5,0,1.49
LN05991,11975.65,34452.67,7.5,1,2.88
LN05992,52108.69,84269.16,0.0,0,1.62
LN05993,105310.42,99150.75,11.818181818181818,3,0.94
LN05994,46614.15,64917.66,12.857142857142858,3,1.39
LN05995,98848.06,60985.88,8.571428571428571,2,0.62
LN05996,93296.53,85046.36,5.375,1,0.91
LN05997,36466.24,65296.96,1.8571428571428572,0,1.79
LN05998,73039.39,47028.270000000004,5.0,1,0.64
LN05999,74349.91,31116.93,1.6666666666666667,0,0.42
LN99999,9528728.38,9500324.1,7.193478260869565,157,1.0
