account_id,customer_id,branch_id,account_type,account_open_date,initial_balance,account_status
ACC01955,CUST02477,BR042,Salary,2024-01-13,40745.73,Active
ACC00915,CUST00015,BR030,Salary,2025-09-21,38267.02,Dormant
ACC08621,CUST09683,BR007,Current,2025-03-25,7903.01,Closed
ACC11445,CUST07586,BR015,Savings,2025-01-10,66081.1,Active
ACC05613,CUST05700,BR015,Current,2024-04-24,32649.39,Closed
ACC00770,CUST05528,BR044,Savings,2026-08-16,22487.68,Closed
ACC00526,CUST09364,BR009,Current,2026-07-06,65713.01,Closed
ACC10709,CUST00000,BR015,Savings,2024-12-10,79519.02,Closed
ACC09358,CUST09892,BR001,Salary,2024-03-25,84367.27,Active
ACC05938,CUST01232,BR005,Salary,2025-01-10,61836.74,Dormant
ACC07577,CUST08928,BR001,Current,2026-05-15,34833.85,Dormant
ACC03057,CUST06717,BR003,Savings,2023-12-05,52171.41,Dormant
ACC07055,CUST03986,BR036,Salary,2025-02-04,89077.2,Dormant
ACC08233,CUST01233,BR047,Salary,2026-09-07,17361.05,Active
ACC01509,CUST04518,BR026,Current,2026-03-25,13270.78,Dormant
ACC10492,CUST07900,BR046,Savings,2026-05-26,48904.97,Dormant
ACC07508,CUST00896,BR047,Savings,2025-03-21,22266.36,Active
ACC06047,CUST00369,BR013,Salary,2024-10-13,41895.68,Dormant
ACC05225,CUST01740,BR004,Current,2026-01-10,29568.31,Active
ACC10697,CUST06241,BR005,Savings,2024-08-13,37906.6,Closed
ACC04928,CUST05778,BR027,Current,2026-02-02,90292.78,Dormant
ACC09281,CUST05070,BR027,Savings,2026-03-29,59476.19,Dormant
ACC06762,CUST06736,BR036,Savings,2024-07-13,16688.92,Closed
ACC02919,CUST02665,BR004,Current,2026-04-04,98893.47,Active
ACC05162,CUST06118,BR014,Current,2024-09-12,66167.11,Dormant
ACC02383,CUST01874,BR005,Current,2025-03-30,52553.71,Closed
ACC10570,CUST08857,BR013,Current,2026-05-05,34401.52,Active
ACC00530,CUST09116,BR016,Salary,2026-07-05,85635.15,Active
ACC10373,CUST03796,BR006,Savings,2024-11-07,3650.73,Active
ACC05438,CUST01302,BR026,Salary,2026-02-03,31603.06,Dormant
ACC01742,CUST04858,BR021,Savings,2024-06-10,25026.01,Active
ACC08873,CUST09380,BR043,Current,2026-01-29,1463.27,Dormant
ACC07817,CUST02107,BR019,Savings,2026-05-30,92298.82,Dormant
ACC00507,CUST03603,BR016,Current,2025-07-17,47866.24,Dormant
ACC02226,CUST01095,BR008,Current,2025-06-08,69046.85,Dormant
ACC02398,CUST99999,BR045,Savings,2024-11-16,44006.82,Closed
ACC03094,CUST02786,BR048,Savings,2024-05-18,21871.61,Dormant
ACC09143,CUST04333,BR034,Current,2026-08-16,88038.37,Closed
ACC11825,CUST07769,BR006,Salary,2025-03-08,25907.61,Active
ACC06641,CUST00426,BR013,Current,2025-10-27,44156.86,Closed
ACC05181,CUST00794,BR038,Current,2024-08-24,89090.57,Dormant
ACC08886,CUST09991,BR022,Current,2025-01-18,55359.49,Dormant
ACC02123,CUST06465,BR043,Savings,2026-05-29,51583.52,Active
ACC02540,CUST02886,BR003,Salary,2024-04-23,44991.77,Dormant
ACC01397,CUST03904,BR014,Savings,2026-06-22,73560.18,Dormant
ACC02741,CUST00826,BR018,Savings,2026-07-20,-74793.18,Closed
ACC05632,CUST09508,BR023,Salary,2024-05-30,50450.88,Dormant
ACC08536,CUST00748,BR035,Salary,2025-09-17,64039.36,Dormant
ACC07969,CUST03667,BR006,Savings,2024-05-22,80266.6,Closed
ACC05703,CUST09199,BR011,Savings,2024-11-22,7095.22,Dormant
ACC07280,CUST08607,BR000,Salary,2024-11-11,30832.1,Dormant
ACC05176,CUST08583,BR042,Salary,2023-09-29,8430.14,Closed
ACC06939,CUST06467,BR000,Current,2024-12-25,16364.69,Dormant
ACC04187,CUST04319,BR035,Savings,2026-01-29,66303.59,Active
ACC02634,CUST09124,BR006,Current,2026-07-22,69219.04,Dormant
ACC04920,CUST03678,BR009,Current,2024-10-19,80512.03,Closed
ACC11588,CUST04479,BR039,Savings,2025-01-17,61787.42,Closed
ACC08430,CUST04018,BR007,Current,2026-07-26,11224.93,Closed
ACC00988,CUST99999,BR026,Current,2026-07-02,32581.01,Closed
ACC03053,CUST02966,BR025,Salary,2025-04-20,31379.1,Dormant
ACC02946,CUST00438,BR042,Savings,2026-01-29,43931.09,Active
ACC02297,CUST02016,BR005,Savings,2025-10-21,51515.11,Closed
ACC09518,CUST01031,BR046,Salary,2024-08-22,37809.9,Active
ACC04618,CUST09840,BR028,Current,2023-11-02,53370.08,Active
ACC08657,CUST03325,BR030,Current,2025-09-06,56816.64,Active
ACC00213,CUST06432,BR018,Salary,2026-06-14,59253.89,Active
ACC10418,CUST01174,BR004,Current,2024-02-23,49146.82,Dormant
ACC09184,CUST07544,BR004,Current,2024-10-18,74508.55,Active
ACC04005,CUST08583,BR023,Salary,2024-06-05,37012.23,Dormant
ACC09125,CUST08154,BR026,Current,2025-01-12,26350.1,Active
ACC09713,CUST03309,BR006,Current,2026-04-01,87477.79,Dormant
ACC02396,CUST00530,BR041,Savings,2025-08-08,73100.0,Closed
ACC10435,CUST07509,BR047,Savings,2024-01-19,60116.49,Closed
ACC04003,CUST09969,BR048,Current,2024-12-16,59141.42,Dormant
ACC01108,CUST03060,BR033,Current,2025-08-25,15823.29,Closed
ACC09823,CUST00940,BR046,Current,2024-09-24,18375.9,Closed
ACC01272,CUST00198,BR002,Current,2025-09-28,27185.94,Closed
ACC07811,CUST00142,BR013,Salary,2024-10-02,-52946.55,Dormant
ACC03422,CUST07026,BR043,Current,2026-04-20,88962.56,Dormant
ACC07326,CUST00538,BR033,Current,2024-06-13,53700.13,Active
ACC03553,CUST00123,BR017,Salary,2026-09-02,35850.51,Active
ACC06979,CUST01042,BR003,Current,2024-03-04,34462.39,Active
ACC03281,CUST06502,BR016,Current,2025-11-03,84224.08,Dormant
ACC05363,CUST02337,BR017,Salary,2025-05-08,58285.98,Dormant
ACC06607,CUST07419,BR014,Savings,2023-11-11,3120.31,Dormant
ACC09088,CUST00508,BR024,Savings,2024-09-09,84032.64,Dormant
ACC11432,CUST03744,BR016,Current,2025-04-14,43606.53,Active
ACC00217,CUST07637,BR004,Salary,2025-08-10,86946.5,Dormant
ACC03822,CUST07034,BR030,Salary,2024-03-24,-21348.18,Active
ACC04133,CUST02206,BR022,Savings,2026-02-06,99248.61,Dormant
ACC04417,CUST03885,BR040,Current,2025-06-21,59075.45,Dormant
ACC01838,CUST00721,BR046,Current,2026-03-02,25579.91,Active
ACC11038,CUST01904,BR044,Savings,2026-08-16,6380.46,Dormant
ACC07914,CUST05960,BR027,Current,2024-04-15,18242.58,Closed
ACC09457,CUST07585,BR023,Salary,2023-11-23,43542.48,Closed
ACC03125,CUST06595,BR011,Salary,2025-03-14,95782.14,Dormant
ACC00272,CUST04242,BR021,Salary,2024-06-30,47910.02,Closed
ACC06143,CUST03644,BR016,Savings,2023-10-23,79748.1,Dormant
ACC01473,CUST02139,BR016,Savings,2025-11-14,66547.79,Closed
ACC07199,CUST09567,BR032,Savings,2023-12-20,87092.66,Dormant
ACC05048,CUST09902,BR003,Salary,2023-11-20,17833.1,Dormant
ACC06679,CUST06784,BR038,Salary,2024-05-28,31812.14,Closed
ACC00702,CUST04564,BR030,Salary,2025-05-13,90142.98,Closed
ACC00638,CUST05982,BR038,Salary,2025-11-26,20476.88,Dormant
ACC11619,CUST07352,BR015,Current,2025-10-28,68852.68,Dormant
ACC05780,CUST04001,BR044,Savings,2024-01-23,82122.46,Closed
ACC04768,CUST00020,BR045,Salary,2025-04-13,44003.4,Active
ACC02192,CUST00210,BR007,Salary,2026-07-12,70925.3,Closed
ACC11453,CUST04439,BR014,Savings,2025-03-15,31860.65,Active
ACC11131,CUST99999,BR025,Salary,2025-02-10,88327.38,Active
ACC02417,CUST05157,BR024,Salary,2023-11-18,32196.55,Dormant
ACC06770,CUST00602,BR046,Savings,2024-12-25,9307.79,Active
ACC11774,CUST09697,BR006,Current,2025-11-23,90065.89,Dormant
ACC07603,CUST03561,BR003,Salary,2026-08-23,69724.44,Dormant
ACC05811,CUST09486,BR018,Salary,2024-09-02,26555.03,Closed
ACC04189,CUST01530,BR027,Salary,2026-04-19,64936.75,Closed
ACC07229,CUST00038,BR024,Current,2024-06-06,6964.91,Active
ACC04461,CUST05771,BR018,Salary,2024-12-22,83755.05,Closed
ACC00488,CUST00070,BR036,Current,2025-03-07,85364.84,Closed
ACC05278,CUST05451,BR002,Salary,2025-11-07,5273.98,Active
ACC03901,CUST05798,BR034,Current,2025-04-03,15419.16,Closed
ACC06560,CUST07795,BR040,Current,2025-03-14,30164.05,Closed
ACC02072,CUST01992,BR028,Savings,2023-11-04,3060.35,Closed
ACC10877,CUST00623,BR036,Salary,2025-01-28,32880.66,Closed
ACC11916,CUST03784,BR033,Savings,2024-12-28,11551.13,Active
ACC04544,CUST04807,BR018,Current,2026-06-17,48490.7,Active
ACC01483,CUST02929,BR040,Current,2024-12-20,88576.67,Active
ACC04207,CUST00769,BR013,Salary,2024-06-17,43013.55,Closed
ACC07743,CUST09702,BR046,Savings,2024-01-29,21703.54,Dormant
ACC01532,CUST00770,BR015,Savings,2025-01-06,84386.31,Dormant
ACC11226,CUST04391,BR022,Current,2024-12-22,55415.77,Active
ACC05868,CUST07324,BR042,Salary,2026-01-30,78101.3,Active
ACC08532,CUST08372,BR036,Current,2025-07-17,86510.94,Closed
ACC07194,CUST08503,BR014,Salary,2024-07-28,10290.19,Closed
ACC01451,CUST05655,BR028,Salary,2024-06-06,4398.79,Dormant
ACC01283,CUST04341,BR025,Salary,2026-06-27,71048.11,Dormant
ACC09119,CUST01451,BR039,Savings,2023-12-04,58509.35,Active
ACC04729,CUST07442,BR036,Current,2025-01-05,34395.84,Closed
ACC06279,CUST03130,BR035,Current,2025-09-08,39731.73,Closed
ACC11393,CUST04769,BR000,Current,2024-06-23,31788.81,Dormant
ACC04478,CUST00302,BR030,Savings,2024-06-26,29104.79,Dormant
ACC06361,CUST04147,BR031,Salary,2025-03-01,41374.26,Active
ACC10426,CUST06759,BR045,Current,2023-12-31,77206.5,Active
ACC11080,CUST08479,BR034,Current,2024-03-14,35501.31,Closed
ACC03555,CUST05254,BR049,Savings,2024-09-30,12641.16,Dormant
ACC01490,CUST07557,BR022,Savings,2025-07-02,67367.72,Active
ACC07275,CUST08431,BR032,Savings,2024-07-30,29022.5,Active
ACC05474,CUST05786,BR013,Salary,2024-01-04,55294.92,Closed
ACC09203,CUST02665,BR036,Salary,2023-09-13,80380.61,Active
ACC09193,CUST08020,BR007,Salary,2026-08-23,764.78,Dormant
ACC04038,CUST04474,BR012,Savings,2024-01-29,29755.97,Active
ACC07556,CUST06580,BR024,Salary,2023-11-06,8447.13,Dormant
ACC09592,CUST00001,BR030,Salary,2023-10-06,7231.78,Closed
ACC05900,CUST01570,BR017,Savings,2025-02-21,38935.06,Active
ACC05843,CUST06438,BR028,Savings,2026-04-07,57529.17,Dormant
ACC03811,CUST06971,BR014,Current,2024-04-09,76518.14,Closed
ACC01649,CUST99999,BR012,Current,2026-07-28,62262.04,Active
ACC01877,CUST08126,BR026,Salary,2024-01-06,21996.0,Closed
ACC00509,CUST03728,BR008,Salary,2025-11-11,49504.91,Closed
ACC00608,CUST08395,BR028,Savings,2024-08-13,39040.7,Closed
ACC05856,CUST04937,BR028,Salary,2025-10-29,13606.6,Active
ACC10889,CUST05751,BR004,Salary,2024-03-28,74745.83,Active
ACC11652,CUST03322,BR016,Current,2025-05-08,75794.52,Closed
ACC05221,CUST04940,BR020,Current,2026-07-03,16908.22,Dormant
ACC00902,CUST05064,BR021,Current,2023-11-18,65025.53,Closed
ACC07623,CUST02090,BR027,Salary,2025-11-02,63814.46,Dormant
ACC01668,CUST08456,BR024,Salary,2024-03-13,99413.18,Active
ACC08852,CUST07778,BR007,Current,2026-01-20,90910.89,Active
ACC03296,CUST02920,BR016,Savings,2025-03-13,9058.81,Closed
ACC05321,CUST07335,BR015,Savings,2026-02-18,7634.13,Active
ACC03584,CUST07978,BR002,Savings,2025-08-21,19633.12,Dormant
ACC01534,CUST07590,BR012,Current,2025-01-06,17496.6,Dormant
ACC03643,CUST08573,BR042,Current,2024-01-28,74662.35,Dormant
ACC09226,CUST07236,BR016,Savings,2026-08-11,25753.63,Closed
ACC11120,CUST05818,BR026,Savings,2026-07-28,46516.73,Active
ACC05234,CUST04987,BR034,Current,2025-11-01,62136.08,Dormant
ACC07082,CUST04364,BR000,Savings,2025-07-03,5717.24,Active
ACC03368,CUST02205,BR006,Current,2026-01-25,52945.89,Closed
ACC08994,CUST00438,BR014,Salary,2024-07-15,32935.58,Closed
ACC00951,CUST00000,BR034,Salary,2024-12-26,92703.02,Closed
ACC10319,CUST09805,BR038,Salary,2024-11-18,11873.6,Active
ACC08712,CUST06808,BR006,Savings,2025-06-28,57864.75,Dormant
ACC09682,CUST09922,BR042,Savings,2023-10-08,72011.54,Active
ACC04218,CUST00506,BR030,Salary,2024-01-07,13457.68,Active
ACC06778,CUST07959,BR025,Current,2025-03-08,62144.76,Closed
ACC07186,CUST09756,BR006,Current,2025-11-26,8607.51,Active
ACC11388,CUST04362,BR039,Savings,2025-10-28,20678.5,Dormant
ACC05446,CUST06808,BR015,Salary,2024-09-25,83531.83,Active
ACC04733,CUST00244,BR005,Salary,2025-10-29,78810.07,Dormant
ACC06807,CUST08331,BR034,Salary,2024-09-16,88070.96,Dormant
ACC04276,CUST00947,BR013,Savings,2025-09-27,65634.78,Closed
ACC06466,CUST09773,BR020,Savings,2025-04-04,17071.57,Active
ACC07725,CUST02014,BR003,Salary,2026-07-20,86261.96,Dormant
ACC04120,CUST03190,BR039,Savings,2025-03-13,27061.72,Active
ACC04845,CUST02888,BR026,Savings,2024-01-26,70170.9,Closed
ACC10533,CUST07845,BR020,Salary,2023-12-02,57460.3,Active
ACC03372,CUST00664,BR004,Savings,2025-05-30,97882.36,Closed
ACC10057,CUST06215,BR033,Savings,2025-08-07,50420.0,Active
ACC06729,CUST06968,BR038,Savings,2024-05-30,48347.54,Dormant
ACC09917,CUST06086,BR046,Savings,2023-12-11,30848.42,Dormant
ACC08752,CUST05615,BR016,Savings,2023-09-28,4445.93,Closed
ACC05757,CUST01912,BR000,Savings,2024-08-30,38623.88,Active
ACC06028,CUST09561,BR000,Salary,2026-02-07,60917.65,Active
ACC07059,CUST02937,BR009,Savings,2025-06-17,21728.33,Active
ACC01705,CUST07669,BR046,Salary,2025-03-24,82352.04,Dormant
ACC06298,CUST02609,BR040,Salary,2025-05-05,71493.68,Active
ACC11551,CUST09388,BR030,Salary,2026-02-19,74526.65,Active
ACC00563,CUST01952,BR014,Salary,2025-08-31,99299.8,Dormant
ACC07668,CUST07835,BR017,Current,2024-03-07,25978.25,Active
ACC06602,CUST05534,BR021,Salary,2026-05-18,27618.78,Closed
ACC10399,CUST05705,BR029,Salary,2024-01-02,79906.91,Dormant
ACC06960,CUST04126,BR008,Savings,2024-04-06,81854.65,Dormant
ACC08790,CUST03286,BR026,Salary,2026-07-10,62628.38,Dormant
ACC05257,CUST03693,BR048,Salary,2026-07-14,80541.92,Closed
ACC00805,CUST07669,BR001,Current,2025-12-23,93083.92,Dormant
ACC01369,CUST06096,BR049,Current,2023-12-16,38765.11,Dormant
ACC11908,CUST03888,BR000,Salary,2024-02-08,2108.57,Active
ACC11696,CUST05296,BR007,Savings,2025-09-14,60805.04,Closed
ACC08342,CUST04813,BR040,Salary,2025-08-17,70120.02,Closed
ACC06853,CUST04320,BR035,Salary,2024-02-21,61845.97,Dormant
ACC10400,CUST07136,BR015,Savings,2024-10-01,25421.44,Dormant
ACC09447,CUST06020,BR027,Savings,2023-09-18,68148.31,Closed
ACC02331,CUST07189,BR019,Current,2024-09-18,88105.59,Dormant
ACC07595,CUST03473,BR000,Current,2026-02-16,10637.14,Closed
ACC10447,CUST07858,BR042,Current,2026-04-14,26896.21,Dormant
ACC01065,CUST09510,BR010,Current,2024-01-23,10113.84,Active
ACC03944,CUST02303,BR013,Current,2026-05-25,86761.13,Closed
ACC07101,CUST06988,BR005,Salary,2026-02-12,11951.88,Active
ACC09530,CUST05217,BR024,Current,2025-07-19,14596.71,Dormant
ACC00827,CUST04379,BR042,Current,2025-10-05,24895.36,Closed
ACC07149,CUST09097,BR031,Current,2026-08-15,71396.3,Active
ACC11216,CUST02452,BR046,Current,2025-07-02,59619.85,Dormant
ACC05650,CUST06902,BR000,Current,2024-08-31,71681.78,Closed
ACC03912,CUST03025,BR042,Salary,2025-12-28,49940.43,Active
ACC06058,CUST01841,BR009,Current,2026-06-14,26165.69,Active
ACC05454,CUST01068,BR005,Current,2025-02-05,98131.38,Active
ACC02445,CUST07903,BR013,Savings,2025-04-03,9804.55,Active
ACC06987,CUST04402,BR037,Savings,2026-04-16,2558.52,Active
ACC08499,CUST02986,BR012,Savings,2024-12-24,94476.96,Dormant
ACC01843,CUST09909,BR037,Salary,2026-06-24,30921.65,Closed
ACC05719,CUST02202,BR024,Savings,2026-08-12,76755.38,Closed
ACC03483,CUST07454,BR030,Savings,2023-10-29,37591.88,Active
ACC07710,CUST04237,BR048,Salary,2025-05-08,1320.56,Active
ACC08555,CUST04851,BR012,Savings,2024-11-05,59095.23,Dormant
ACC00552,CUST09247,BR041,Current,2025-05-31,16404.43,Dormant
ACC01278,CUST09715,BR042,Savings,2026-02-17,60151.23,Active
ACC10206,CUST00993,BR014,Current,2025-06-28,15211.57,Dormant
ACC05765,CUST00491,BR044,Savings,2025-02-15,65886.04,Active
ACC03309,CUST05865,BR045,Savings,2023-09-25,11239.12,Dormant
ACC02831,CUST03001,BR042,Salary,2026-02-19,57749.14,Dormant
ACC09962,CUST08455,BR033,Salary,2024-01-14,64918.58,Active
ACC07649,CUST07259,BR041,Savings,2025-02-22,34990.72,Dormant
ACC02767,CUST09516,BR004,Current,2025-04-12,38163.04,Closed
ACC00374,CUST09998,BR017,Current,2024-04-01,58456.27,Active
ACC07613,CUST00700,BR032,Savings,2026-02-14,90106.34,Dormant
ACC02673,CUST04690,BR035,Salary,2024-05-14,90727.66,Closed
ACC02003,CUST04067,BR009,Current,2024-09-18,27069.72,Closed
ACC11813,CUST07181,BR010,Salary,2023-11-19,59634.67,Dormant
ACC03842,CUST09864,BR026,Salary,2024-05-25,34282.45,Closed
ACC00671,CUST00166,BR045,Savings,2026-08-24,67776.89,Active
ACC08983,CUST05550,BR027,Salary,2024-07-30,62577.98,Active
ACC02944,CUST00422,BR003,Current,2025-06-13,10724.17,Active
ACC10461,CUST08354,BR041,Salary,2025-06-08,91642.37,Dormant
ACC00741,CUST04056,BR015,Current,2024-05-02,34873.45,Dormant
ACC01220,CUST04812,BR020,Salary,2023-10-23,22059.88,Dormant
ACC05107,CUST03101,BR047,Current,2026-08-10,34718.37,Dormant
ACC03319,CUST07883,BR000,Salary,2024-08-17,7516.94,Dormant
ACC03691,CUST01278,BR045,Current,2024-05-01,33857.17,Dormant
ACC09820,CUST07169,BR028,Current,2025-03-22,23572.82,Active
ACC05578,CUST05462,BR005,Savings,2026-06-04,26695.94,Active
ACC00331,CUST07907,BR021,Savings,2026-03-21,13295.74,Closed
ACC08617,CUST02721,BR024,Savings,2025-09-22,67442.48,Active
ACC05770,CUST07856,BR026,Salary,2023-11-28,37915.45,Closed
ACC02289,CUST09174,BR047,Salary,2024-10-24,20075.68,Dormant
ACC01366,CUST04256,BR015,Savings,2026-04-13,91226.81,Closed
ACC04427,CUST99999,BR040,Savings,2026-01-30,30892.4,Dormant
ACC09118,CUST00595,BR036,Salary,2026-03-12,64951.53,Closed
ACC07006,CUST01473,BR015,Savings,2024-11-30,25691.37,Closed
ACC08552,CUST07353,BR036,Savings,2025-03-17,18896.47,Dormant
ACC01303,CUST09611,BR043,Savings,2026-08-01,35283.67,Active
ACC11097,CUST04427,BR032,Current,2026-06-27,71891.55,Dormant
ACC09724,CUST03501,BR018,Savings,2024-05-17,59068.1,Closed
ACC04029,CUST02471,BR049,Savings,2026-03-07,14870.1,Active
ACC06436,CUST05782,BR019,Savings,2025-10-01,9097.13,Closed
ACC07978,CUST04358,BR015,Current,2025-04-15,73332.17,Active
ACC03832,CUST01108,BR019,Savings,2026-02-20,10806.07,Closed
ACC06330,CUST02788,BR044,Savings,2023-11-13,23453.24,Active
ACC07332,CUST07729,BR018,Current,2026-08-30,53147.31,Closed
ACC11066,CUST04671,BR020,Savings,2023-11-16,71551.92,Closed
ACC04339,CUST07415,BR014,Current,2025-04-04,17324.85,Closed
ACC00066,CUST08954,BR006,Current,2024-12-01,48022.55,Active
ACC09809,CUST03460,BR042,Salary,2023-09-19,86329.19,Dormant
ACC02906,CUST00440,BR007,Savings,2026-01-24,10315.96,Closed
ACC09367,CUST08327,BR046,Salary,2025-11-20,63616.28,Dormant
ACC04414,CUST04999,BR005,Savings,2026-05-03,47366.38,Dormant
ACC10860,CUST04266,BR010,Current,2024-06-25,25524.16,Dormant
ACC03795,CUST09655,BR006,Salary,2024-09-13,5853.21,Dormant
ACC05266,CUST07799,BR030,Savings,2026-08-04,96318.25,Dormant
ACC06075,CUST05101,BR031,Salary,2024-04-21,4953.46,Active
ACC06312,CUST09317,BR010,Salary,2024-07-13,50086.33,Closed
ACC10883,CUST07244,BR020,Current,2025-12-20,10683.03,Dormant
ACC00000,CUST01440,BR011,Salary,2026-05-29,41702.55,Dormant
ACC00187,CUST06635,BR047,Salary,2024-09-14,21664.97,Closed
ACC02197,CUST03464,BR024,Savings,2024-12-03,1694.51,Closed
ACC06108,CUST07988,BR033,Savings,2024-09-07,25130.78,Active
ACC06119,CUST07328,BR041,Current,2025-09-13,99609.34,Closed
ACC04619,CUST05795,BR038,Salary,2026-03-02,22398.95,Active
ACC02683,CUST01987,BR007,Salary,2025-04-01,70731.38,Dormant
ACC00511,CUST00070,BR016,Salary,2025-04-29,3601.72,Dormant
ACC04587,CUST02894,BR020,Salary,2024-02-23,17738.36,Closed
ACC08561,CUST00427,BR006,Current,2024-12-02,69526.81,Dormant
ACC01319,CUST06866,BR030,Savings,2025-06-15,73494.43,Closed
ACC00525,CUST03399,BR026,Salary,2023-12-26,42675.54,Active
ACC09137,CUST07238,BR003,Savings,2023-10-11,65000.56,Active
ACC09171,CUST02376,BR010,Salary,2026-06-06,9196.49,Active
ACC05349,CUST05501,BR036,Current,2024-12-20,61846.4,Closed
ACC02266,CUST09389,BR022,Savings,2026-05-06,66282.95,Closed
ACC07440,CUST02513,BR034,Salary,2026-06-06,81752.21,Closed
ACC03316,CUST07405,BR032,Savings,2026-02-26,46754.81,Dormant
ACC06198,CUST08660,BR012,Salary,2026-03-24,74250.77,Active
ACC07302,CUST07797,BR036,Salary,2024-04-15,11006.51,Active
ACC10828,CUST07062,BR032,Salary,2025-02-03,47395.9,Dormant
ACC07532,CUST04176,BR049,Savings,2026-05-04,99662.47,Dormant
ACC08704,CUST07122,BR043,Savings,2026-03-12,31582.64,Dormant
ACC11856,CUST02678,BR043,Savings,2024-05-19,60953.34,Closed
ACC00725,CUST06469,BR003,Current,2024-01-14,66570.15,Closed
ACC09354,CUST01331,BR023,Current,2024-10-17,84909.7,Closed
ACC03421,CUST02026,BR038,Salary,2024-12-14,23625.68,Closed
ACC05728,CUST02102,BR044,Savings,2024-10-07,60654.42,Active
ACC11152,CUST09993,BR001,Savings,2026-04-28,67840.99,Closed
ACC06819,CUST08595,BR048,Current,2024-04-11,85581.86,Active
ACC07462,CUST04781,BR039,Salary,2025-01-12,28950.76,Active
ACC09918,CUST05457,BR006,Savings,2025-04-10,43309.48,Closed
ACC04063,CUST04882,BR012,Savings,2026-04-27,9579.18,Dormant
ACC04258,CUST04468,BR008,Current,2024-01-01,825.46,Closed
ACC02901,CUST06083,BR003,Salary,2023-11-09,12703.67,Dormant
ACC06726,CUST06245,BR040,Salary,2025-12-05,6839.04,Closed
ACC01391,CUST01551,BR042,Current,2026-08-25,43581.39,Closed
ACC07926,CUST00617,BR018,Salary,2024-06-02,62463.29,Closed
ACC05736,CUST01258,BR021,Current,2026-08-01,79205.53,Active
ACC02684,CUST06207,BR006,Current,2026-04-20,15246.31,Closed
ACC00126,CUST07403,BR034,Savings,2025-05-21,70156.39,Dormant
ACC11659,CUST03601,BR042,Current,2024-07-08,65220.43,Dormant
ACC07448,CUST03112,BR021,Current,2023-09-09,53482.32,Dormant
ACC01627,CUST04384,BR019,Salary,2024-05-10,66331.87,Dormant
ACC03370,CUST04646,BR016,Savings,2025-08-26,75736.83,Dormant
ACC06458,CUST02951,BR002,Current,2025-10-11,45547.81,Active
ACC05846,CUST03097,BR046,Current,2025-05-28,62312.58,Dormant
ACC10403,CUST04432,BR021,Current,2025-02-01,97639.53,Closed
ACC10880,CUST08514,BR031,Salary,2024-05-09,91236.63,Closed
ACC04500,CUST04783,BR010,Salary,2024-09-30,11646.8,Closed
ACC08234,CUST08343,BR039,Savings,2023-12-22,31851.1,Active
ACC11054,CUST07799,BR044,Current,2023-10-22,38896.02,Active
ACC04212,CUST02641,BR020,Salary,2026-05-29,63062.93,Closed
ACC01017,CUST04431,BR037,Savings,2024-01-11,19608.95,Closed
ACC07631,CUST03384,BR047,Savings,2024-10-12,13825.94,Closed
ACC07325,CUST07780,BR005,Salary,2025-05-09,77212.44,Dormant
ACC02643,CUST07090,BR009,Salary,2024-01-21,24042.63,Dormant
ACC04863,CUST09131,BR022,Savings,2025-01-06,67968.91,Active
ACC04904,CUST04915,BR017,Savings,2025-07-20,81838.16,Closed
ACC04692,CUST06445,BR042,Current,2026-05-21,12229.66,Closed
ACC06277,CUST01068,BR000,Current,2023-12-28,29957.66,Active
ACC00153,CUST04777,BR037,Salary,2025-12-21,92024.18,Closed
ACC02399,CUST02327,BR019,Current,2026-05-04,69221.31,Active
ACC01530,CUST05289,BR004,Current,2025-06-16,58047.82,Closed
ACC05946,CUST04228,BR005,Current,2025-05-19,98269.69,Active
ACC10551,CUST07510,BR029,Current,2026-02-23,12969.27,Dormant
ACC05331,CUST03177,BR043,Current,2023-10-05,75689.75,Dormant
ACC00368,CUST07743,BR037,Current,2024-02-11,12612.59,Dormant
ACC07854,CUST06736,BR001,Salary,2025-12-17,61085.39,Closed
ACC03815,CUST02340,BR044,Salary,2025-10-19,8274.04,Dormant
ACC06903,CUST07135,BR020,Salary,2025-08-19,17537.3,Active
ACC10441,CUST08783,BR014,Salary,2023-12-19,68927.06,Closed
ACC11187,CUST00704,BR049,Savings,2024-09-28,31667.65,Dormant
ACC05185,CUST99999,BR015,Savings,2025-04-02,29612.52,Active
ACC09312,CUST00885,BR000,Current,2025-06-27,23799.19,Closed
ACC07727,CUST04628,BR040,Current,2023-12-23,12377.02,Active
ACC04242,CUST08189,BR002,Current,2025-06-21,95944.17,Dormant
ACC07689,CUST02277,BR017,Salary,2025-04-24,4172.79,Dormant
ACC00721,CUST03125,BR028,Current,2025-04-19,72789.09,Dormant
ACC01122,CUST03173,BR009,Salary,2026-01-12,47681.84,Closed
ACC03045,CUST09495,BR014,Savings,2024-12-17,81747.22,Dormant
ACC10612,CUST09703,BR021,Current,2023-10-11,25743.7,Closed
ACC08269,CUST09892,BR007,Savings,2025-08-11,74956.07,Dormant
ACC11740,CUST06042,BR033,Current,2025-11-08,88980.7,Closed
ACC01261,CUST00098,BR019,Salary,2025-02-26,26018.05,Dormant
ACC09442,CUST06615,BR027,Current,2025-08-14,11106.03,Dormant
ACC02950,CUST08984,BR035,Salary,2024-10-18,84845.07,Dormant
ACC03924,CUST00461,BR024,Salary,2025-12-10,14654.6,Active
ACC11264,CUST00844,BR019,Savings,2026-01-29,96405.32,Dormant
ACC08365,CUST02291,BR005,Salary,2026-01-29,62045.44,Dormant
ACC09343,CUST02907,BR015,Salary,2024-05-29,58207.68,Dormant
ACC07548,CUST01824,BR025,Savings,2024-09-10,20972.05,Dormant
ACC00423,CUST07316,BR019,Savings,2024-05-17,67156.44,Active
ACC11665,CUST09187,BR016,Salary,2025-01-23,66175.45,Closed
ACC10072,CUST03698,BR023,Salary,2023-11-19,32261.94,Active
ACC05184,CUST09994,BR029,Savings,2026-06-11,51302.25,Dormant
ACC00808,CUST03740,BR042,Savings,2025-07-16,38121.78,Dormant
ACC01374,CUST02632,BR035,Current,2026-06-13,50149.45,Dormant
ACC08615,CUST01564,BR012,Current,2024-03-30,6134.61,Dormant
ACC10222,CUST04445,BR028,Salary,2026-07-31,23650.69,Active
ACC04581,CUST01059,BR002,Savings,2026-06-10,81718.9,Active
ACC04364,CUST02942,BR003,Current,2025-05-02,21506.86,Active
ACC00577,CUST04486,BR000,Savings,2026-04-27,15459.84,Active
ACC01594,CUST08647,BR016,Current,2023-10-23,67369.84,Closed
ACC09840,CUST07777,BR025,Current,2025-11-20,61134.57,Active
ACC07307,CUST05509,BR013,Current,2024-06-01,15755.36,Active
ACC03598,CUST02153,BR047,Savings,2024-11-22,48516.33,Dormant
ACC10466,CUST00861,BR046,Current,2023-09-25,2193.73,Active
ACC01564,CUST05514,BR033,Salary,2025-01-06,81257.71,Active
ACC07733,CUST07519,BR009,Current,2026-08-08,74379.49,Active
ACC02992,CUST05159,BR048,Salary,2024-09-02,28784.73,Dormant
ACC10246,CUST05668,BR048,Salary,2025-11-01,48874.14,Closed
ACC06552,CUST04940,BR000,Salary,2025-11-11,2388.13,Closed
ACC00620,CUST04276,BR000,Savings,2026-07-12,69703.87,Active
ACC01504,CUST08783,BR039,Savings,2026-05-19,42185.81,Closed
ACC00799,CUST03712,BR044,Savings,2025-07-16,74332.25,Dormant
ACC10995,CUST03677,BR036,Current,2024-01-15,51889.15,Active
ACC00337,CUST03327,BR030,Savings,2026-02-09,27920.46,Closed
ACC10279,CUST07754,BR020,Savings,2025-12-22,94993.5,Active
ACC03679,CUST05891,BR009,Salary,2024-04-17,4020.23,Closed
ACC07214,CUST00433,BR010,Current,2024-12-30,92931.44,Closed
ACC02637,CUST03387,BR005,Salary,2026-04-15,64343.63,Dormant
ACC11073,CUST00173,BR005,Current,2026-05-09,-11712.77,Dormant
ACC05354,CUST07281,BR028,Salary,2025-04-23,51938.56,Dormant
ACC07899,CUST00233,BR002,Salary,2023-11-14,48633.54,Active
ACC07709,CUST08134,BR002,Salary,2026-03-04,97228.64,Closed
ACC07692,CUST04614,BR047,Savings,2025-12-10,-33898.06,Closed
ACC07703,CUST07035,BR013,Salary,2025-02-10,13876.69,Active
ACC08486,CUST09915,BR029,Salary,2026-01-19,69967.22,Active
ACC08388,CUST09238,BR007,Current,2025-02-04,24952.32,Closed
ACC05161,CUST06474,BR033,Current,2025-05-05,93716.14,Active
ACC10197,CUST06327,BR000,Savings,2026-05-23,94734.6,Closed
ACC09974,CUST06336,BR018,Current,2025-05-26,17279.47,Dormant
ACC08998,CUST09492,BR039,Current,2026-05-06,10658.55,Dormant
ACC02840,CUST05682,BR014,Savings,2026-06-30,74715.01,Active
ACC01812,CUST00661,BR030,Savings,2024-05-12,59360.7,Active
ACC08677,CUST02374,BR022,Salary,2024-11-12,9945.24,Dormant
ACC00578,CUST08355,BR039,Salary,2025-02-10,61913.57,Active
ACC01778,CUST06599,BR016,Current,2026-06-06,47687.03,Dormant
ACC05175,CUST00677,BR027,Salary,2023-12-01,31470.06,Dormant
ACC06036,CUST05469,BR043,Savings,2024-10-08,80090.44,Dormant
ACC10897,CUST06433,BR042,Savings,2026-02-18,42740.36,Active
ACC08924,CUST05289,BR027,Salary,2025-08-24,32479.8,Closed
ACC04391,CUST04252,BR012,Salary,2023-11-14,60006.48,Active
ACC05417,CUST08347,BR008,Salary,2025-02-03,1698.97,Active
ACC11716,CUST02826,BR004,Savings,2026-03-23,50197.5,Dormant
ACC02512,CUST04294,BR004,Salary,2026-04-13,71728.73,Active
ACC07081,CUST01780,BR002,Salary,2023-12-23,47781.22,Closed
ACC02329,CUST03449,BR005,Savings,2024-02-20,61309.87,Active
ACC03381,CUST03198,BR030,Current,2026-04-19,27510.41,Closed
ACC01695,CUST05264,BR049,Salary,2025-06-18,36016.68,Dormant
ACC05781,CUST03207,BR016,Salary,2023-12-17,28159.33,Closed
ACC07355,CUST03808,BR027,Savings,2024-09-02,63003.03,Closed
ACC06572,CUST02982,BR000,Savings,2025-05-22,37594.94,Dormant
ACC10068,CUST04388,BR019,Salary,2024-09-04,62332.65,Active
ACC07017,CUST01490,BR044,Savings,2025-10-21,51882.31,Closed
ACC02801,CUST07690,BR006,Savings,2024-06-27,42845.64,Closed
ACC01033,CUST07473,BR042,Savings,2026-02-20,73340.18,Active
ACC07165,CUST03771,BR039,Salary,2026-04-22,62412.66,Closed
ACC06161,CUST00482,BR018,Savings,2026-05-16,15171.37,Dormant
ACC00968,CUST06257,BR041,Savings,2024-05-09,62051.89,Active
ACC01858,CUST03209,BR018,Savings,2026-08-08,15661.22,Closed
ACC02119,CUST06228,BR013,Salary,2025-03-09,8515.8,Active
ACC03617,CUST05366,BR004,Salary,2023-09-10,23118.66,Active
ACC08496,CUST00497,BR041,Current,2023-11-13,31222.37,Active
ACC02730,CUST04427,BR022,Savings,2025-08-01,70980.53,Closed
ACC01039,CUST00076,BR040,Savings,2025-07-26,25258.74,Closed
ACC07951,CUST05561,BR010,Salary,2026-02-19,17262.43,Dormant
ACC11430,CUST00443,BR047,Current,2025-11-28,44714.41,Closed
ACC11565,CUST04976,BR043,Salary,2024-03-06,7984.95,Dormant
ACC08020,CUST03412,BR000,Salary,2024-03-09,23971.34,Dormant
ACC09637,CUST04507,BR033,Salary,2024-12-19,50218.58,Active
ACC02200,CUST09334,BR036,Current,2026-08-31,38678.54,Closed
ACC08107,CUST05716,BR038,Savings,2026-08-19,-86518.54,Dormant
ACC11268,CUST04873,BR000,Current,2025-02-07,3003.47,Active
ACC00461,CUST07974,BR021,Current,2024-06-13,54858.23,Active
ACC10496,CUST05018,BR000,Salary,2025-06-24,38341.68,Dormant
ACC04877,CUST07963,BR028,Current,2024-10-29,14983.44,Closed
ACC05256,CUST07616,BR037,Current,2024-03-05,64395.32,Dormant
ACC02016,CUST08158,BR028,Salary,2024-01-19,95017.53,Dormant
ACC11408,CUST08883,BR001,Salary,2024-01-20,92113.8,Dormant
ACC06675,CUST05708,BR042,Savings,2026-03-19,79660.74,Dormant
ACC02141,CUST01208,BR013,Salary,2024-09-09,64241.4,Closed
ACC09013,CUST06356,BR039,Salary,2025-09-03,75239.16,Closed
ACC02568,CUST01956,BR004,Salary,2024-09-04,1882.07,Active
ACC05980,CUST00249,BR004,Current,2026-01-08,9933.42,Closed
ACC02498,CUST00257,BR022,Savings,2025-12-03,93510.69,Active
ACC05528,CUST05465,BR020,Current,2025-04-04,2341.48,Active
ACC07154,CUST09808,BR024,Current,2024-12-18,1043.6,Closed
ACC01465,CUST06448,BR036,Savings,2024-03-23,20348.74,Active
ACC09154,CUST00392,BR038,Salary,2024-03-16,67483.95,Active
ACC07501,CUST07171,BR021,Current,2026-07-04,32037.08,Closed
ACC09032,CUST99999,BR049,Current,2025-06-07,9698.1,Dormant
ACC10114,CUST06754,BR036,Savings,2025-05-25,7484.98,Dormant
ACC01165,CUST99999,BR025,Salary,2025-04-30,42454.57,Closed
ACC10066,CUST08034,BR020,Current,2025-06-06,92984.37,Active
ACC07516,CUST02947,BR011,Savings,2023-12-29,15266.7,Dormant
ACC04039,CUST00122,BR012,Current,2025-02-05,70805.71,Dormant
ACC01437,CUST03880,BR033,Salary,2026-01-16,42293.45,Dormant
ACC07066,CUST01639,BR001,Savings,2026-08-18,53029.66,Dormant
ACC11700,CUST06182,BR007,Salary,2025-11-17,44465.03,Dormant
ACC06866,CUST07842,BR000,Savings,2024-09-01,5730.56,Dormant
ACC03358,CUST00031,BR013,Savings,2026-06-11,29504.76,Closed
ACC02889,CUST05169,BR005,Salary,2024-01-09,72983.43,Dormant
ACC07043,CUST04123,BR001,Savings,2024-06-22,20293.55,Active
ACC02248,CUST00483,BR000,Salary,2024-03-19,3602.5,Closed
ACC09357,CUST04317,BR020,Salary,2023-11-16,45930.91,Active
ACC09320,CUST00030,BR033,Salary,2025-02-07,15360.23,Closed
ACC04295,CUST06506,BR039,Current,2026-07-01,60369.58,Dormant
ACC02177,CUST00512,BR034,Savings,2024-08-07,4676.37,Closed
ACC10628,CUST04246,BR017,Salary,2026-05-04,53729.48,Active
ACC07789,CUST05265,BR010,Salary,2025-10-11,4619.58,Dormant
ACC10185,CUST00917,BR040,Salary,2026-03-07,83246.72,Dormant
ACC00515,CUST03918,BR017,Savings,2023-11-16,81627.28,Closed
ACC03921,CUST05830,BR005,Salary,2024-12-29,54500.97,Dormant
ACC07806,CUST08441,BR030,Savings,2024-02-16,58078.66,Active
ACC10476,CUST05397,BR012,Savings,2026-07-24,15849.45,Active
ACC02846,CUST08246,BR017,Savings,2023-12-12,40674.83,Active
ACC02861,CUST03277,BR010,Current,2025-01-16,89998.09,Dormant
ACC09231,CUST02559,BR033,Current,2024-01-18,87589.19,Dormant
ACC03636,CUST03956,BR005,Current,2025-05-16,14787.29,Active
ACC02418,CUST99999,BR000,Savings,2023-11-08,53481.78,Active
ACC01685,CUST09320,BR026,Salary,2025-07-17,5118.93,Active
ACC00083,CUST00358,BR012,Savings,2026-06-11,41338.97,Active
ACC00373,CUST06602,BR019,Current,2024-10-24,10616.85,Active
ACC05033,CUST06910,BR045,Salary,2024-04-14,88811.75,Closed
ACC04603,CUST03835,BR034,Savings,2023-12-06,68900.35,Closed
ACC03884,CUST07124,BR013,Current,2023-12-25,11225.65,Dormant
ACC02899,CUST06473,BR004,Current,2026-04-05,71211.72,Closed
ACC05418,CUST06882,BR012,Salary,2025-03-16,81548.9,Dormant
ACC04798,CUST09470,BR005,Current,2025-06-23,21947.75,Dormant
ACC11750,CUST03487,BR025,Current,2026-03-18,54707.6,Closed
ACC02083,CUST03703,BR039,Salary,2025-07-18,96442.76,Dormant
ACC08942,CUST06908,BR039,Current,2024-02-07,79081.67,Closed
ACC11775,CUST05908,BR027,Current,2026-03-05,48878.94,Active
ACC08915,CUST08477,BR005,Savings,2023-12-19,18088.58,Active
ACC02449,CUST02432,BR024,Salary,2025-06-17,57204.76,Dormant
ACC04094,CUST07392,BR042,Current,2025-05-04,94955.28,Active
ACC10996,CUST07970,BR000,Savings,2026-01-07,22882.28,Active
ACC01604,CUST08553,BR016,Salary,2026-02-04,34702.29,Active
ACC09395,CUST05339,BR036,Savings,2026-01-27,15022.9,Dormant
ACC11118,CUST02383,BR026,Savings,2026-08-25,23665.91,Dormant
ACC00518,CUST02072,BR027,Current,2025-11-24,70471.77,Active
ACC07004,CUST08415,BR011,Current,2025-01-01,95283.27,Active
ACC05124,CUST05312,BR043,Savings,2026-07-11,81955.38,Closed
ACC08719,CUST00881,BR049,Salary,2024-03-19,59555.25,Closed
ACC06701,CUST05895,BR008,Salary,2026-08-21,10439.36,Dormant
ACC07870,CUST00906,BR025,Salary,2024-02-21,14012.88,Active
ACC07696,CUST09894,BR005,Savings,2025-12-12,99861.65,Closed
ACC05295,CUST01750,BR020,Salary,2024-08-01,29946.4,Active
ACC11687,CUST02326,BR044,Salary,2026-07-28,4831.37,Dormant
ACC02958,CUST03560,BR039,Current,2025-02-02,68366.64,Active
ACC04103,CUST04416,BR026,Salary,2023-12-09,2895.73,Closed
ACC04788,CUST01964,BR048,Savings,2024-10-05,93559.25,Dormant
ACC04966,CUST08547,BR049,Current,2024-08-19,76716.17,Closed
ACC09317,CUST02966,BR024,Savings,2026-01-21,4693.41,Active
ACC08295,CUST01252,BR008,Salary,2024-12-07,20211.71,Active
ACC05981,CUST08115,BR015,Current,2024-10-21,63352.23,Active
ACC08923,CUST02675,BR020,Salary,2023-11-06,88583.63,Dormant
ACC07306,CUST07906,BR048,Savings,2024-09-23,68112.93,Dormant
ACC06130,CUST09713,BR012,Savings,2024-01-17,54481.84,Active
ACC10990,CUST05765,BR026,Salary,2026-07-16,79943.61,Active
ACC08631,CUST05443,BR034,Salary,2024-08-19,49572.72,Dormant
ACC03800,CUST02907,BR022,Salary,2024-03-07,72183.81,Closed
ACC09135,CUST05047,BR031,Salary,2025-04-02,87701.5,Closed
ACC07675,CUST05350,BR029,Salary,2025-09-17,54749.83,Dormant
ACC09515,CUST07954,BR007,Current,2025-02-20,50844.3,Dormant
ACC00030,CUST03030,BR030,Current,2024-11-14,91032.15,Dormant
ACC01800,CUST00853,BR025,Salary,2025-02-23,97055.08,Active
ACC08474,CUST00004,BR027,Savings,2025-12-03,34343.15,Closed
ACC07257,CUST07322,BR046,Salary,2024-03-06,79349.77,Active
ACC11141,CUST05662,BR035,Salary,2026-03-09,93050.2,Closed
ACC01328,CUST06996,BR005,Salary,2024-05-21,45994.43,Closed
ACC08609,CUST07536,BR041,Current,2026-09-03,29354.01,Closed
ACC03855,CUST06839,BR020,Savings,2024-09-22,19464.13,Active
ACC10495,CUST02451,BR020,Savings,2025-03-14,90460.93,Active
ACC10966,CUST06085,BR025,Savings,2025-08-09,9566.18,Closed
ACC02561,CUST09714,BR030,Current,2024-09-14,62201.34,Active
ACC06494,CUST00194,BR017,Savings,2026-05-28,63793.79,Dormant
ACC09048,CUST02705,BR031,Current,2024-03-03,27759.31,Dormant
ACC08564,CUST04728,BR047,Salary,2026-05-28,6811.94,Dormant
ACC05887,CUST05724,BR038,Salary,2025-01-11,6806.8,Closed
ACC06750,CUST04911,BR008,Current,2026-06-13,89212.74,Dormant
ACC02496,CUST03395,BR007,Current,2026-07-03,37374.84,Dormant
ACC02211,CUST05679,BR044,Salary,2023-10-19,59103.69,Dormant
ACC02032,CUST06704,BR012,Salary,2024-10-07,94738.36,Dormant
ACC09754,CUST01553,BR037,Savings,2023-10-28,62133.51,Active
ACC02916,CUST04536,BR009,Savings,2025-09-21,7411.97,Closed
ACC04915,CUST07882,BR033,Current,2024-03-02,32500.25,Closed
ACC09600,CUST99999,BR000,Current,2025-08-23,26254.27,Closed
ACC11683,CUST06520,BR018,Salary,2023-09-23,20076.21,Active
ACC01926,CUST02888,BR044,Savings,2024-10-01,77598.16,Closed
ACC08408,CUST05332,BR031,Savings,2024-12-30,88570.43,Closed
ACC04809,CUST05412,BR027,Current,2024-02-18,22046.44,Active
ACC05001,CUST06319,BR021,Current,2026-07-18,53369.4,Dormant
ACC07371,CUST07180,BR045,Savings,2025-09-16,9429.91,Closed
ACC11998,CUST06580,BR045,Savings,2025-11-17,9441.35,Active
ACC05870,CUST01740,BR044,Savings,2024-09-20,31501.84,Closed
ACC07607,CUST03852,BR044,Savings,2024-10-17,90157.9,Closed
ACC03097,CUST01089,BR005,Current,2026-02-05,33887.04,Dormant
ACC11437,CUST05438,BR035,Savings,2025-09-13,14176.03,Dormant
ACC07549,CUST07655,BR023,Salary,2025-10-27,39434.4,Closed
ACC11580,CUST06090,BR032,Current,2023-09-11,39827.07,Dormant
ACC08195,CUST09531,BR015,Salary,2026-09-06,86194.78,Dormant
ACC04712,CUST02655,BR020,Salary,2023-09-16,44652.21,Dormant
ACC10577,CUST07424,BR031,Current,2025-05-22,46755.66,Active
ACC05431,CUST01920,BR014,Salary,2025-01-31,23756.69,Active
ACC03779,CUST01193,BR034,Current,2024-01-09,16597.68,Active
ACC05806,CUST08384,BR022,Current,2023-10-31,23678.65,Dormant
ACC03999,CUST04094,BR000,Salary,2025-05-16,46202.39,Dormant
ACC03586,CUST03957,BR049,Salary,2026-07-06,62907.59,Active
ACC03056,CUST07103,BR049,Salary,2025-09-17,21767.22,Dormant
ACC03549,CUST03612,BR041,Salary,2023-12-10,75699.07,Dormant
ACC08339,CUST01992,BR025,Current,2024-04-26,2726.3,Dormant
ACC10130,CUST05546,BR013,Current,2024-02-10,4100.77,Closed
ACC07547,CUST08151,BR019,Savings,2025-10-21,80251.7,Dormant
ACC07621,CUST06748,BR036,Savings,2024-01-15,64311.78,Active
ACC06209,CUST03566,BR009,Current,2024-05-19,26689.28,Active
ACC05187,CUST08538,BR019,Salary,2026-01-05,52451.86,Active
ACC11699,CUST01042,BR014,Salary,2024-03-09,17243.12,Active
ACC05833,CUST00267,BR040,Savings,2023-12-24,88206.4,Dormant
ACC08223,CUST03025,BR049,Savings,2025-04-25,85540.47,Closed
ACC01007,CUST09004,BR035,Salary,2025-09-06,29453.46,Closed
ACC02749,CUST04288,BR001,Salary,2023-12-31,98805.41,Active
ACC05262,CUST02336,BR004,Salary,2026-04-19,11175.45,Closed
ACC11319,CUST06940,BR037,Salary,2026-06-07,30508.64,Active
ACC09128,CUST04508,BR000,Current,2025-09-15,29535.09,Dormant
ACC03207,CUST09085,BR032,Salary,2026-03-19,48026.21,Closed
ACC03261,CUST08477,BR005,Savings,2023-12-25,36671.14,Dormant
ACC09492,CUST08802,BR041,Savings,2024-02-05,17890.36,Dormant
ACC11581,CUST02731,BR041,Current,2025-01-03,87689.06,Dormant
ACC11611,CUST03015,BR020,Current,2024-11-22,89259.19,Dormant
ACC10296,CUST05872,BR015,Savings,2026-08-26,62533.26,Dormant
ACC02340,CUST03418,BR023,Savings,2024-12-02,97212.77,Closed
ACC05919,CUST99999,BR005,Salary,2024-08-30,48357.76,Active
ACC07912,CUST05016,BR001,Savings,2023-12-29,47990.87,Active
ACC01305,CUST07742,BR000,Savings,2026-05-11,22633.07,Dormant
ACC05683,CUST06312,BR030,Current,2025-06-23,11492.06,Closed
ACC06731,CUST04267,BR031,Salary,2024-11-23,57962.41,Active
ACC07965,CUST06480,BR011,Salary,2024-05-27,57415.61,Active
ACC08874,CUST09148,BR047,Current,2024-05-08,28810.03,Active
ACC03236,CUST01304,BR032,Savings,2024-12-04,55823.82,Closed
ACC01367,CUST08461,BR048,Salary,2024-08-17,90696.78,Active
ACC11890,CUST08593,BR034,Salary,2024-11-01,5724.66,Active
ACC01070,CUST03214,BR028,Salary,2025-05-28,81878.37,Closed
ACC11092,CUST06927,BR013,Current,2025-05-05,58145.06,Active
ACC03714,CUST08956,BR009,Salary,2026-03-29,72378.73,Dormant
ACC06060,CUST09249,BR046,Salary,2025-12-23,16755.87,Active
ACC01194,CUST03641,BR034,Current,2025-01-31,94763.1,Active
ACC09898,CUST05430,BR008,Current,2024-08-06,67540.86,Active
ACC11149,CUST06894,BR036,Savings,2024-09-10,12339.09,Active
ACC07506,CUST09098,BR013,Salary,2026-01-18,64694.42,Closed
ACC10478,CUST06700,BR037,Salary,2025-08-14,34009.13,Dormant
ACC00929,CUST01604,BR012,Current,2026-08-10,12491.92,Active
ACC08453,CUST03797,BR034,Salary,2025-03-07,22899.16,Dormant
ACC06588,CUST08201,BR006,Savings,2026-02-20,84914.04,Active
ACC02871,CUST00577,BR035,Current,2024-09-17,77513.43,Active
ACC11406,CUST01235,BR046,Savings,2024-01-10,2027.16,Active
ACC00149,CUST02827,BR033,Salary,2023-09-26,72567.3,Active
ACC00342,CUST06237,BR036,Savings,2026-04-28,96210.57,Closed
ACC04312,CUST99999,BR017,Salary,2026-07-03,704.67,Active
ACC04140,CUST03604,BR005,Savings,2025-01-01,38167.4,Closed
ACC04706,CUST09508,BR008,Current,2026-05-20,2018.6,Dormant
ACC05032,CUST02129,BR019,Salary,2025-10-12,63363.66,Active
ACC02293,CUST05149,BR002,Salary,2025-06-17,65327.2,Active
ACC05942,CUST08488,BR033,Salary,2025-10-10,47982.24,Dormant
ACC00276,CUST09707,BR001,Salary,2025-06-25,22144.35,Dormant
ACC03647,CUST08118,BR033,Salary,2024-08-05,89284.55,Dormant
ACC08229,CUST00608,BR011,Salary,2025-03-31,64591.87,Dormant
ACC06504,CUST04869,BR039,Salary,2024-06-15,87213.02,Active
ACC02516,CUST01397,BR040,Savings,2024-11-15,17164.57,Closed
ACC02746,CUST06104,BR034,Current,2023-09-13,11093.15,Active
ACC07065,CUST05454,BR041,Savings,2026-07-01,50488.83,Dormant
ACC04974,CUST01310,BR042,Savings,2025-07-30,91802.98,Closed
ACC01633,CUST05978,BR037,Salary,2025-07-28,57938.22,Dormant
ACC03362,CUST03424,BR019,Savings,2024-09-21,71160.7,Dormant
ACC01540,CUST00748,BR017,Salary,2025-09-14,25658.8,Dormant
ACC04306,CUST04799,BR023,Salary,2023-12-02,-15498.18,Active
ACC02467,CUST07786,BR040,Current,2026-05-13,71424.67,Dormant
ACC11239,CUST07972,BR004,Savings,2025-09-09,68256.68,Active
ACC07181,CUST07548,BR049,Current,2025-12-21,72393.64,Dormant
ACC05755,CUST00899,BR010,Current,2026-06-29,6426.87,Active
ACC10449,CUST06539,BR036,Current,2025-07-10,83852.44,Active
ACC00248,CUST03576,BR010,Savings,2025-09-12,42957.14,Dormant
ACC02547,CUST02939,BR025,Savings,2026-06-24,70024.62,Dormant
ACC06408,CUST08305,BR030,Salary,2025-01-19,95450.04,Active
ACC00290,CUST09983,BR006,Current,2024-09-10,75765.72,Closed
ACC04308,CUST03115,BR008,Current,2023-09-14,67569.76,Dormant
ACC07021,CUST01005,BR033,Current,2026-04-10,80059.66,Closed
ACC06067,CUST02531,BR040,Current,2025-10-05,32456.89,Active
ACC00596,CUST05696,BR042,Savings,2024-07-07,88378.05,Active
ACC11779,CUST03668,BR004,Salary,2024-07-27,32240.65,Active
ACC11542,CUST03456,BR034,Savings,2026-07-08,79083.81,Closed
ACC09224,CUST00082,BR000,Salary,2024-10-17,33457.02,Dormant
ACC09599,CUST09167,BR048,Current,2025-09-19,81237.27,Active
ACC00397,CUST08907,BR022,Salary,2024-02-22,32734.71,Closed
ACC05277,CUST01661,BR029,Savings,2025-11-15,78130.52,Dormant
ACC07089,CUST08367,BR014,Salary,2026-08-23,31921.73,Closed
ACC10604,CUST04385,BR039,Current,2026-01-17,12978.82,Closed
ACC08832,CUST07988,BR005,Savings,2025-10-09,71028.53,Closed
ACC05159,CUST02332,BR033,Savings,2026-06-10,92747.19,Closed
ACC11351,CUST00352,BR027,Salary,2025-04-25,36738.81,Dormant
ACC11484,CUST03989,BR035,Current,2023-11-19,20940.68,Dormant
ACC02074,CUST01379,BR034,Savings,2024-07-01,32630.79,Active
ACC05313,CUST05372,BR030,Current,2023-11-06,13642.66,Active
ACC06926,CUST05647,BR044,Current,2025-11-22,60559.5,Active
ACC08221,CUST04549,BR024,Salary,2023-11-28,18529.01,Closed
ACC11557,CUST04387,BR045,Current,2025-04-23,96841.33,Closed
ACC01553,CUST07634,BR041,Salary,2026-01-28,47520.71,Closed
ACC04178,CUST04324,BR024,Current,2025-01-22,85455.81,Closed
ACC07215,CUST02645,BR010,Current,2026-09-08,28982.57,Active
ACC04812,CUST07958,BR031,Salary,2024-03-09,25857.48,Dormant
ACC09577,CUST00767,BR012,Salary,2026-07-16,13774.66,Dormant
ACC10620,CUST04985,BR029,Salary,2024-12-25,69710.84,Closed
ACC01608,CUST05229,BR005,Savings,2024-04-16,56642.87,Dormant
ACC05504,CUST02029,BR024,Current,2025-10-28,68230.86,Dormant
ACC06842,CUST02856,BR024,Savings,2024-04-22,22825.36,Active
ACC05790,CUST07855,BR036,Savings,2026-04-19,50292.76,Dormant
ACC11212,CUST08365,BR013,Salary,2024-07-22,98897.54,Dormant
ACC09519,CUST06349,BR028,Savings,2026-06-11,43397.8,Closed
ACC10248,CUST09471,BR006,Salary,2026-08-03,65910.2,Active
ACC08951,CUST05511,BR041,Savings,2026-07-11,81811.05,Dormant
ACC11912,CUST05873,BR019,Salary,2024-02-19,47838.87,Closed
ACC11295,CUST04082,BR006,Salary,2024-07-06,56117.73,Dormant
ACC01348,CUST04935,BR018,Salary,2024-03-18,34310.69,Closed
ACC09496,CUST01990,BR040,Savings,2025-10-08,27212.51,Dormant
ACC11660,CUST09714,BR035,Salary,2026-09-02,4731.4,Dormant
ACC06665,CUST01768,BR023,Salary,2024-01-26,50367.69,Active
ACC01590,CUST04756,BR005,Savings,2026-04-12,43286.17,Dormant
ACC09222,CUST08138,BR014,Salary,2025-09-21,88815.26,Dormant
ACC09172,CUST08673,BR009,Salary,2025-06-01,41440.87,Dormant
ACC00604,CUST04665,BR016,Current,2026-08-12,82740.99,Dormant
ACC06652,CUST00552,BR026,Savings,2026-02-12,10661.05,Dormant
ACC04633,CUST07312,BR014,Current,2026-06-26,47663.9,Active
ACC09252,CUST09175,BR046,Savings,2023-11-25,15823.47,Active
ACC10212,CUST04794,BR014,Savings,2026-04-30,62355.32,Dormant
ACC02104,CUST04526,BR022,Salary,2024-02-15,36739.6,Active
ACC07526,CUST09101,BR035,Savings,2026-06-02,6488.24,Closed
ACC08821,CUST09286,BR016,Current,2026-05-04,26548.76,Active
ACC04719,CUST00245,BR019,Current,2025-12-11,1335.35,Closed
ACC05360,CUST07925,BR014,Current,2025-12-15,8149.38,Closed
ACC09122,CUST03255,BR046,Savings,2025-04-13,75624.41,Dormant
ACC01623,CUST08759,BR011,Salary,2026-03-23,4518.7,Closed
ACC05240,CUST04759,BR044,Salary,2024-01-29,93021.72,Closed
ACC08099,CUST05943,BR006,Current,2024-07-06,65919.91,Closed
ACC09421,CUST04144,BR012,Current,2024-09-25,7700.61,Active
ACC07162,CUST04354,BR006,Salary,2025-02-20,85462.19,Active
ACC02657,CUST07170,BR039,Salary,2024-10-27,6028.47,Active
ACC11730,CUST03147,BR024,Current,2025-07-31,96534.65,Closed
ACC05964,CUST05411,BR000,Current,2025-11-22,65097.35,Dormant
ACC02589,CUST03260,BR021,Current,2026-06-08,53033.17,Dormant
ACC07536,CUST09718,BR016,Current,2025-06-28,7170.42,Closed
ACC09461,CUST07634,BR001,Salary,2023-12-04,47765.28,Closed
ACC00616,CUST05869,BR042,Salary,2024-03-15,82964.77,Closed
ACC00228,CUST04334,BR025,Current,2024-08-16,69874.7,Closed
ACC07874,CUST08252,BR002,Salary,2025-10-03,93574.33,Active
ACC09854,CUST06089,BR048,Salary,2026-02-17,17098.62,Dormant
ACC05251,CUST01580,BR011,Salary,2025-12-11,21157.33,Closed
ACC05451,CUST06833,BR023,Current,2025-03-20,27957.85,Dormant
ACC05490,CUST06601,BR002,Current,2026-06-20,9291.77,Dormant
ACC09781,CUST07242,BR014,Current,2024-02-20,43432.62,Dormant
ACC07732,CUST09340,BR037,Savings,2024-02-17,92978.51,Active
ACC06950,CUST03497,BR044,Savings,2025-08-29,5700.53,Closed
ACC02206,CUST01520,BR012,Current,2024-03-15,53006.69,Dormant
ACC00132,CUST09305,BR046,Savings,2024-01-28,78032.32,Active
ACC09073,CUST03663,BR028,Savings,2025-10-02,49465.62,Active
ACC01320,CUST08535,BR036,Salary,2024-06-07,97124.82,Active
ACC00500,CUST00755,BR043,Salary,2024-10-25,32700.02,Dormant
ACC07419,CUST02832,BR045,Current,2026-02-16,58736.61,Closed
ACC02570,CUST05696,BR045,Salary,2024-02-11,19884.95,Dormant
ACC04747,CUST06026,BR014,Savings,2026-08-10,35336.75,Dormant
ACC05948,CUST05240,BR034,Savings,2026-02-20,56733.08,Closed
ACC05182,CUST05822,BR025,Current,2026-05-20,56095.13,Closed
ACC01535,CUST08003,BR044,Salary,2026-07-08,10656.96,Dormant
ACC09443,CUST02416,BR045,Salary,2026-05-12,68420.81,Closed
ACC08472,CUST08579,BR048,Savings,2024-12-23,82475.68,Active
ACC04685,CUST01551,BR023,Salary,2024-06-15,33438.54,Dormant
ACC09218,CUST02611,BR023,Savings,2026-08-09,10932.69,Closed
ACC04628,CUST00065,BR047,Savings,2026-07-18,73167.68,Closed
ACC06205,CUST00108,BR045,Current,2026-01-26,96346.19,Closed
ACC08724,CUST07586,BR017,Savings,2025-10-18,57112.02,Dormant
ACC06349,CUST09511,BR019,Savings,2025-03-14,36062.65,Dormant
ACC05884,CUST00793,BR006,Current,2026-07-26,20120.99,Active
ACC07455,CUST02167,BR005,Savings,2025-05-06,84488.77,Dormant
ACC08162,CUST04841,BR035,Current,2025-10-17,4511.21,Closed
ACC04272,CUST05923,BR048,Current,2024-01-31,21877.43,Dormant
ACC04186,CUST05000,BR033,Salary,2024-06-05,9239.51,Closed
ACC02887,CUST00759,BR049,Current,2025-02-03,19314.61,Dormant
ACC11174,CUST07589,BR031,Savings,2025-11-26,-25699.1,Closed
ACC05127,CUST05370,BR031,Savings,2025-12-16,84610.95,Closed
ACC09380,CUST01287,BR036,Savings,2024-04-26,59186.17,Closed
ACC05533,CUST09831,BR005,Current,2025-11-21,52584.08,Closed
ACC09783,CUST07553,BR013,Savings,2026-04-13,69177.82,Dormant
ACC09647,CUST03110,BR036,Savings,2025-07-31,50640.57,Closed
ACC09664,CUST02318,BR035,Savings,2025-06-15,15138.41,Closed
ACC04502,CUST01940,BR022,Current,2025-08-18,82361.87,Active
ACC07905,CUST05343,BR000,Current,2025-11-29,26466.4,Active
ACC02236,CUST03644,BR005,Savings,2026-07-31,2363.25,Active
ACC01130,CUST00615,BR018,Current,2024-11-11,77532.77,Dormant
ACC01053,CUST08953,BR030,Salary,2024-02-18,1847.66,Closed
ACC04913,CUST09882,BR024,Current,2025-09-28,83703.8,Dormant
ACC02321,CUST01741,BR021,Savings,2025-01-06,4579.08,Active
ACC01202,CUST01575,BR005,Savings,2023-11-03,75903.49,Dormant
ACC03001,CUST02477,BR002,Savings,2026-04-25,80375.15,Active
ACC08137,CUST99999,BR040,Savings,2023-10-01,15563.65,Active
ACC10848,CUST02324,BR041,Current,2024-12-25,44541.31,Active
ACC07365,CUST09715,BR006,Current,2025-02-03,86336.85,Dormant
ACC08447,CUST05173,BR039,Savings,2025-04-05,85142.53,Dormant
ACC08045,CUST06688,BR041,Current,2026-06-06,17107.77,Active
ACC01692,CUST03227,BR049,Current,2026-02-15,42005.05,Closed
ACC09506,CUST02339,BR033,Savings,2025-04-03,35812.97,Closed
ACC04710,CUST00258,BR002,Current,2025-09-19,70707.18,Dormant
ACC02267,CUST04063,BR006,Savings,2024-12-22,63630.91,Active
ACC04797,CUST02232,BR009,Savings,2024-12-19,91114.23,Dormant
ACC04734,CUST00064,BR022,Salary,2026-03-11,10593.63,Active
ACC01218,CUST03515,BR030,Savings,2026-08-22,97933.89,Closed
ACC07964,CUST00661,BR043,Salary,2025-06-14,10162.43,Dormant
ACC08903,CUST07219,BR039,Savings,2025-06-09,11397.75,Dormant
ACC05522,CUST08671,BR026,Savings,2023-11-10,95997.17,Closed
ACC03769,CUST02136,BR044,Current,2025-05-25,5899.84,Active
ACC05652,CUST01517,BR027,Current,2025-04-29,15076.64,Dormant
ACC06700,CUST00540,BR028,Savings,2025-02-23,52955.61,Dormant
ACC06388,CUST02401,BR029,Current,2024-05-15,86527.97,Active
ACC04842,CUST09539,BR021,Current,2026-07-14,96467.6,Active
ACC10719,CUST06721,BR008,Current,2025-02-12,92708.23,Dormant
ACC08544,CUST09566,BR019,Salary,2024-05-18,9106.28,Closed
ACC01185,CUST04711,BR019,Salary,2024-01-03,18453.98,Dormant
ACC06694,CUST08507,BR047,Current,2023-12-02,92673.86,Active
ACC08777,CUST07538,BR012,Current,2025-05-29,91812.93,Active
ACC01406,CUST02006,BR001,Salary,2024-08-11,-78405.08,Active
ACC00675,CUST00193,BR003,Current,2025-09-18,7165.46,Dormant
ACC06117,CUST01142,BR016,Savings,2024-02-04,84311.6,Active
ACC07091,CUST09873,BR032,Current,2025-02-01,61469.44,Closed
ACC03145,CUST03246,BR034,Current,2025-05-06,89125.05,Closed
ACC09080,CUST09976,BR049,Current,2023-12-16,17749.08,Active
ACC09557,CUST05920,BR031,Salary,2025-03-14,69554.12,Closed
ACC02810,CUST04022,BR007,Savings,2023-12-22,53109.25,Closed
ACC11561,CUST99999,BR032,Savings,2025-07-18,33954.9,Active
ACC00200,CUST03028,BR009,Salary,2026-01-10,46892.56,Active
ACC00630,CUST09492,BR004,Savings,2025-08-01,86637.91,Closed
ACC11768,CUST99999,BR007,Salary,2025-05-12,65917.13,Closed
ACC04056,CUST01577,BR004,Current,2024-06-25,30942.64,Closed
ACC05586,CUST06181,BR036,Savings,2024-03-10,8668.43,Active
ACC00927,CUST04974,BR000,Savings,2026-02-21,80580.12,Closed
ACC02747,CUST04800,BR042,Current,2024-08-12,31313.11,Dormant
ACC08168,CUST06943,BR005,Salary,2025-06-01,54528.92,Active
ACC04440,CUST07708,BR041,Savings,2023-11-06,26411.95,Dormant
ACC10680,CUST06473,BR040,Current,2026-08-22,36140.03,Dormant
ACC06496,CUST00024,BR048,Current,2025-03-18,2202.9,Dormant
ACC00682,CUST02164,BR044,Current,2026-01-04,94388.98,Closed
ACC01341,CUST08535,BR033,Savings,2026-01-21,72999.9,Dormant
ACC02180,CUST05314,BR039,Current,2026-08-22,56245.35,Closed
ACC06157,CUST07009,BR006,Current,2024-06-10,74668.67,Dormant
ACC06735,CUST05500,BR042,Savings,2024-11-03,56764.66,Active
ACC10893,CUST03429,BR017,Current,2026-07-07,36725.01,Dormant
ACC00834,CUST06516,BR037,Salary,2026-09-02,9515.0,Closed
ACC05645,CUST09660,BR025,Salary,2025-02-22,34536.31,Active
ACC10201,CUST01432,BR021,Current,2025-04-10,92276.87,Active
ACC10906,CUST03776,BR043,Salary,2023-09-20,36485.21,Closed
ACC03180,CUST02573,BR011,Salary,2026-01-25,2625.43,Closed
ACC04656,CUST05275,BR028,Current,2024-12-08,18844.5,Dormant
ACC02894,CUST04313,BR010,Current,2024-06-30,72197.09,Closed
ACC11513,CUST00782,BR043,Savings,2026-07-20,93472.87,Closed
ACC04775,CUST00496,BR006,Salary,2023-11-22,40333.3,Active
ACC08855,CUST01902,BR048,Savings,2024-05-20,50893.89,Closed
ACC10712,CUST00497,BR003,Current,2025-03-08,90707.99,Active
ACC09723,CUST06719,BR002,Savings,2025-09-11,73119.97,Active
ACC09960,CUST02215,BR018,Salary,2025-07-01,68220.97,Active
ACC10770,CUST01990,BR005,Salary,2025-02-28,13586.1,Active
ACC02803,CUST07780,BR023,Current,2023-10-29,3302.42,Active
ACC11968,CUST08975,BR038,Savings,2024-11-10,90590.19,Dormant
ACC09572,CUST00360,BR036,Salary,2026-09-07,50556.94,Closed
ACC10749,CUST02230,BR025,Current,2023-12-28,85665.38,Dormant
ACC05577,CUST01616,BR011,Salary,2025-11-16,31082.38,Closed
ACC02209,CUST01471,BR037,Current,2024-09-10,72701.7,Closed
ACC03712,CUST09775,BR016,Savings,2026-01-15,60048.69,Dormant
ACC03425,CUST08495,BR043,Savings,2026-07-19,46899.09,Closed
ACC07076,CUST99999,BR037,Savings,2024-01-31,11288.26,Closed
ACC03443,CUST04362,BR034,Current,2025-06-27,34830.45,Dormant
ACC09130,CUST03696,BR004,Current,2024-09-25,82645.34,Active
ACC11642,CUST08847,BR039,Savings,2026-06-29,48876.04,Dormant
ACC05287,CUST07942,BR005,Savings,2024-01-14,40864.31,Closed
ACC06093,CUST99999,BR025,Salary,2024-10-28,42372.9,Closed
ACC04950,CUST06065,BR006,Savings,2023-12-02,4882.81,Active
ACC06654,CUST00058,BR014,Savings,2026-01-27,80219.54,Closed
ACC03661,CUST07564,BR010,Current,2025-06-26,91407.19,Active
ACC06670,CUST00982,BR033,Savings,2025-03-29,17223.28,Dormant
ACC05010,CUST06344,BR004,Savings,2026-04-28,89116.37,Active
ACC04349,CUST02892,BR040,Salary,2026-02-01,63298.76,Closed
ACC04356,CUST06326,BR025,Savings,2026-07-12,51518.1,Active
ACC01002,CUST00103,BR042,Current,2026-03-21,69180.41,Closed
ACC06302,CUST09133,BR017,Salary,2024-05-12,90229.91,Closed
ACC06383,CUST08647,BR002,Salary,2025-01-23,99372.37,Active
ACC00944,CUST08339,BR030,Salary,2025-11-28,54653.87,Active
ACC09566,CUST00065,BR008,Salary,2024-06-13,11591.18,Active
ACC07713,CUST08356,BR013,Current,2024-09-18,70393.3,Dormant
ACC04352,CUST04357,BR027,Savings,2026-08-25,88096.26,Dormant
ACC11452,CUST08953,BR014,Salary,2023-12-06,71802.13,Closed
ACC03070,CUST01000,BR010,Salary,2023-11-14,21363.04,Closed
ACC02222,CUST07401,BR027,Savings,2025-01-01,51198.18,Active
ACC08854,CUST08880,BR009,Savings,2024-12-22,82736.91,Dormant
ACC08357,CUST07769,BR000,Savings,2025-01-12,34103.51,Active
ACC08853,CUST07712,BR024,Current,2026-06-29,4028.17,Active
ACC00260,CUST04164,BR033,Current,2025-09-03,90250.92,Dormant
ACC08899,CUST03011,BR046,Savings,2024-02-07,78726.61,Closed
ACC03946,CUST02395,BR008,Current,2024-01-03,60902.46,Closed
ACC10382,CUST99999,BR022,Current,2024-08-22,20770.59,Dormant
ACC02922,CUST08396,BR019,Current,2025-05-17,28792.34,Active
ACC05452,CUST02768,BR027,Salary,2024-04-04,22816.56,Active
ACC08354,CUST06399,BR038,Current,2024-09-12,12293.73,Closed
ACC06331,CUST00997,BR006,Current,2026-02-27,62576.37,Closed
ACC04413,CUST02539,BR032,Savings,2026-09-01,62367.27,Active
ACC08185,CUST08415,BR025,Savings,2023-10-16,81613.16,Closed
ACC01947,CUST02620,BR005,Salary,2023-10-20,65186.25,Closed
ACC09696,CUST08491,BR041,Savings,2025-02-28,66856.93,Active
ACC05674,CUST03169,BR020,Current,2026-06-29,84740.64,Dormant
ACC08530,CUST00067,BR014,Salary,2025-09-24,80692.63,Closed
ACC06315,CUST03312,BR035,Current,2026-07-10,33773.98,Active
ACC01034,CUST01665,BR049,Current,2023-11-10,15302.47,Closed
ACC10613,CUST04791,BR043,Salary,2026-07-27,8731.15,Dormant
ACC08673,CUST07814,BR007,Salary,2025-03-08,27006.52,Active
ACC03570,CUST01943,BR049,Salary,2024-01-04,78114.15,Active
ACC05500,CUST01413,BR049,Salary,2025-11-09,94850.09,Dormant
ACC09272,CUST02285,BR002,Salary,2024-07-20,88938.27,Dormant
ACC07636,CUST07774,BR000,Savings,2026-03-16,58489.92,Active
ACC08588,CUST08144,BR005,Salary,2023-09-29,30841.64,Active
ACC03292,CUST09443,BR044,Current,2024-02-25,58857.14,Closed
ACC06176,CUST01637,BR045,Current,2024-12-30,22653.99,Dormant
ACC09877,CUST04875,BR029,Savings,2024-07-23,49174.91,Closed
ACC10138,CUST08674,BR021,Current,2024-05-05,20104.89,Closed
ACC11428,CUST00234,BR002,Salary,2024-02-06,98003.54,Closed
ACC02138,CUST02313,BR038,Salary,2023-11-02,85498.91,Active
ACC08702,CUST09535,BR016,Savings,2025-03-31,30295.78,Closed
ACC10177,CUST03784,BR048,Salary,2025-09-30,54666.8,Active
ACC02920,CUST08700,BR021,Current,2026-09-06,23288.08,Closed
ACC05662,CUST02412,BR003,Current,2026-04-06,19031.89,Dormant
ACC03590,CUST09029,BR043,Salary,2025-12-17,56111.52,Dormant
ACC07728,CUST09489,BR049,Salary,2023-09-27,57570.97,Dormant
ACC08380,CUST08082,BR035,Savings,2025-10-23,63102.39,Active
ACC11314,CUST03386,BR036,Savings,2026-05-16,29697.11,Dormant
ACC00011,CUST08151,BR016,Current,2026-03-14,26379.2,Dormant
ACC03687,CUST06370,BR029,Savings,2025-07-23,39484.18,Active
ACC00158,CUST07099,BR016,Savings,2024-12-07,10799.57,Active
ACC04328,CUST09221,BR027,Current,2025-09-09,60641.87,Active
ACC06661,CUST08297,BR038,Salary,2025-07-08,82434.08,Active
ACC09658,CUST00976,BR024,Savings,2023-11-27,87346.03,Active
ACC05876,CUST06400,BR013,Current,2023-10-21,54890.38,Dormant
ACC00956,CUST05205,BR018,Salary,2024-02-10,12917.4,Dormant
ACC08335,CUST03657,BR034,Current,2025-09-30,49309.04,Closed
ACC11948,CUST01742,BR025,Salary,2026-06-26,91500.93,Dormant
ACC11952,CUST06780,BR011,Salary,2026-02-06,26433.37,Active
ACC07255,CUST01094,BR017,Current,2025-05-03,13353.57,Active
ACC10112,CUST02694,BR029,Savings,2026-04-08,23025.85,Closed
ACC02595,CUST05365,BR008,Current,2025-12-18,1608.19,Active
ACC07858,CUST03772,BR000,Savings,2024-12-02,38114.77,Active
ACC07464,CUST08035,BR023,Salary,2026-02-10,91488.06,Active
ACC10287,CUST07184,BR006,Current,2025-07-31,26439.39,Closed
ACC06901,CUST05682,BR044,Current,2026-08-12,46288.41,Active
ACC04994,CUST08509,BR013,Current,2026-04-27,80940.57,Active
ACC06787,CUST06235,BR030,Savings,2024-10-13,35658.19,Dormant
ACC07095,CUST09484,BR004,Savings,2024-07-30,81875.21,Dormant
ACC03340,CUST06855,BR021,Current,2025-02-22,52561.66,Active
ACC05280,CUST03791,BR015,Savings,2025-10-04,62554.86,Closed
ACC05839,CUST07000,BR020,Savings,2025-03-02,93282.3,Closed
ACC03416,CUST08905,BR011,Savings,2025-03-08,27680.08,Closed
ACC04026,CUST08745,BR025,Savings,2026-06-06,47398.06,Closed
ACC11197,CUST09714,BR042,Salary,2026-05-14,78870.7,Dormant
ACC11387,CUST01947,BR019,Savings,2024-06-17,75533.72,Active
ACC02556,CUST09482,BR024,Current,2024-11-03,85345.98,Dormant
ACC04718,CUST00471,BR036,Savings,2025-01-21,35881.74,Active
ACC01469,CUST06781,BR032,Salary,2023-12-16,1447.57,Closed
ACC00641,CUST04809,BR000,Salary,2024-09-14,50009.78,Active
ACC11929,CUST08573,BR047,Savings,2023-11-22,19120.05,Closed
ACC04475,CUST07575,BR015,Salary,2026-04-05,96684.44,Active
ACC10840,CUST02628,BR005,Current,2025-05-01,91700.94,Active
ACC07285,CUST01214,BR013,Savings,2024-03-09,24031.4,Closed
ACC03035,CUST01427,BR000,Salary,2024-10-28,29917.1,Closed
ACC08260,CUST05655,BR010,Salary,2025-10-03,69668.15,Dormant
ACC04725,CUST09232,BR004,Salary,2024-09-29,30002.98,Closed
ACC02721,CUST08657,BR010,Salary,2025-11-25,63813.13,Active
ACC05901,CUST02886,BR021,Salary,2024-01-05,96177.14,Dormant
ACC08569,CUST08361,BR049,Current,2024-06-19,4991.64,Closed
ACC10846,CUST06763,BR034,Current,2025-08-10,80847.12,Active
ACC02527,CUST09276,BR016,Salary,2025-01-13,29464.94,Dormant
ACC01172,CUST05947,BR005,Salary,2025-10-28,29850.75,Dormant
ACC00434,CUST00992,BR039,Current,2023-11-03,88406.83,Closed
ACC00841,CUST02063,BR001,Current,2024-09-17,20719.16,Dormant
ACC04901,CUST02414,BR018,Current,2025-09-27,6849.45,Dormant
ACC06437,CUST08889,BR019,Current,2024-07-02,24283.47,Closed
ACC09375,CUST06889,BR001,Salary,2026-06-26,89515.31,Active
ACC05989,CUST09715,BR038,Current,2025-10-22,11153.85,Active
ACC07883,CUST02335,BR019,Current,2026-03-18,73151.02,Active
ACC03101,CUST01737,BR011,Current,2025-02-05,7496.5,Closed
ACC02205,CUST09933,BR036,Savings,2024-08-22,72892.78,Active
ACC11457,CUST01493,BR001,Current,2025-08-18,88961.11,Dormant
ACC02689,CUST03523,BR040,Current,2024-05-03,71329.1,Dormant
ACC00262,CUST01784,BR004,Current,2026-07-21,89591.47,Active
ACC09612,CUST09384,BR042,Savings,2026-08-16,41096.34,Closed
ACC01664,CUST03323,BR032,Current,2024-04-09,81202.44,Active
ACC04515,CUST01543,BR000,Savings,2023-10-26,34656.57,Active
ACC11244,CUST01303,BR020,Current,2025-07-13,15447.28,Dormant
ACC09093,CUST04852,BR044,Savings,2025-11-27,14436.82,Active
ACC02907,CUST00011,BR046,Current,2024-08-11,52339.11,Closed
ACC02666,CUST05970,BR020,Salary,2026-08-20,77523.66,Active
ACC07831,CUST09309,BR015,Salary,2025-09-20,79039.57,Closed
ACC03706,CUST99999,BR018,Current,2024-04-13,39872.36,Active
ACC10730,CUST01557,BR011,Current,2023-10-17,54547.74,Dormant
ACC04363,CUST09207,BR029,Current,2023-12-12,73324.66,Closed
ACC11458,CUST00269,BR000,Current,2026-08-28,67968.24,Dormant
ACC00653,CUST06209,BR014,Savings,2024-04-30,27563.3,Active
ACC06377,CUST00304,BR008,Salary,2025-10-09,79036.22,Closed
ACC05006,CUST02905,BR041,Current,2024-08-20,86121.95,Active
ACC09236,CUST03473,BR016,Current,2025-04-17,97038.66,Active
ACC07392,CUST09262,BR015,Savings,2025-08-25,35827.02,Active
ACC09087,CUST07249,BR044,Salary,2024-04-14,17856.64,Active
ACC08529,CUST04427,BR031,Salary,2026-02-27,72248.22,Active
ACC10543,CUST05444,BR001,Savings,2026-07-12,23970.23,Active
ACC02677,CUST04473,BR041,Salary,2026-09-05,34468.23,Active
ACC09794,CUST02586,BR048,Current,2024-05-09,74485.13,Dormant
ACC10148,CUST07127,BR012,Salary,2023-12-08,7343.01,Closed
ACC03346,CUST06516,BR005,Current,2025-09-17,20668.54,Active
ACC11538,CUST08468,BR048,Savings,2026-07-09,7976.62,Active
ACC11115,CUST07847,BR046,Salary,2026-03-28,87343.02,Closed
ACC09767,CUST06654,BR037,Salary,2025-03-13,49582.39,Dormant
ACC11701,CUST06615,BR003,Current,2026-06-14,8981.69,Closed
ACC09104,CUST01073,BR043,Current,2025-02-01,6476.47,Closed
ACC07421,CUST03220,BR007,Current,2024-03-04,38046.78,Dormant
ACC07754,CUST09240,BR013,Current,2024-03-28,18619.57,Dormant
ACC00446,CUST09148,BR048,Salary,2024-07-31,92090.01,Closed
ACC09191,CUST07701,BR012,Current,2025-01-28,46226.06,Active
ACC09893,CUST00475,BR046,Current,2025-05-06,14644.78,Closed
ACC02971,CUST07976,BR047,Savings,2025-10-10,34537.86,Closed
ACC09845,CUST04989,BR005,Salary,2025-05-24,39312.73,Closed
ACC08759,CUST05828,BR039,Salary,2025-11-28,33539.78,Active
ACC02188,CUST02504,BR022,Salary,2025-07-31,25936.4,Active
ACC04572,CUST06025,BR018,Salary,2026-05-04,34765.29,Closed
ACC10436,CUST08229,BR001,Savings,2023-12-12,36473.27,Active
ACC08056,CUST06482,BR022,Salary,2023-11-29,36483.32,Closed
ACC00832,CUST04846,BR002,Salary,2024-11-16,42177.54,Active
ACC01295,CUST00582,BR001,Salary,2025-03-09,62713.67,Closed
ACC06716,CUST09822,BR043,Savings,2025-09-28,76189.12,Active
ACC01525,CUST03765,BR018,Savings,2024-08-28,70648.24,Closed
ACC03113,CUST02055,BR025,Savings,2025-02-19,19917.73,Active
ACC03369,CUST04578,BR022,Current,2025-07-02,33016.02,Active
ACC07146,CUST00108,BR024,Salary,2023-09-26,69086.43,Closed
ACC10070,CUST02373,BR033,Savings,2025-02-16,56302.97,Active
ACC06358,CUST05161,BR037,Savings,2025-01-13,46676.95,Dormant
ACC03129,CUST09675,BR030,Salary,2024-06-23,32594.22,Active
ACC11686,CUST04119,BR043,Current,2024-02-14,32166.05,Closed
ACC08799,CUST04238,BR020,Savings,2024-03-16,22131.78,Closed
ACC05339,CUST01654,BR005,Current,2023-12-16,33637.21,Closed
ACC01415,CUST07005,BR039,Savings,2026-06-06,18349.34,Active
ACC03220,CUST01843,BR047,Savings,2025-07-23,99124.2,Active
ACC10899,CUST04138,BR009,Savings,2026-03-09,92423.61,Closed
ACC01355,CUST04467,BR045,Current,2025-04-22,73713.25,Active
ACC00009,CUST04947,BR022,Current,2026-01-03,3012.83,Closed
ACC10010,CUST08349,BR009,Current,2024-02-27,2075.68,Closed
ACC08510,CUST07920,BR005,Current,2026-05-24,13044.07,Dormant
ACC07946,CUST09653,BR021,Salary,2026-07-28,4008.67,Dormant
ACC08093,CUST02428,BR015,Salary,2025-08-15,58519.98,Dormant
ACC02231,CUST08478,BR008,Salary,2025-01-13,87340.89,Dormant
ACC01200,CUST03479,BR001,Salary,2025-10-06,43366.56,Active
ACC01560,CUST04685,BR042,Savings,2025-06-27,91803.34,Active
ACC05242,CUST02464,BR014,Savings,2024-08-17,1271.55,Dormant
ACC00387,CUST08008,BR000,Salary,2025-12-08,92006.33,Active
ACC11534,CUST09887,BR000,Savings,2025-04-26,27417.1,Active
ACC10040,CUST08198,BR005,Salary,2023-12-22,81571.06,Closed
ACC08546,CUST04135,BR028,Savings,2023-12-08,16359.45,Closed
ACC09911,CUST05498,BR047,Current,2024-10-14,47650.15,Closed
ACC00410,CUST04933,BR030,Current,2025-10-06,60548.33,Active
ACC07736,CUST08379,BR042,Current,2024-08-14,32163.2,Active
ACC04937,CUST06776,BR027,Current,2024-02-03,5283.27,Closed
ACC00753,CUST06863,BR031,Current,2024-05-26,62855.65,Dormant
ACC09665,CUST03389,BR012,Salary,2025-10-18,99465.48,Dormant
ACC06970,CUST05709,BR005,Salary,2025-08-15,7955.74,Dormant
ACC10402,CUST05942,BR049,Current,2024-05-21,80814.28,Dormant
ACC07028,CUST08664,BR035,Current,2025-08-13,36316.42,Active
ACC07871,CUST06315,BR047,Savings,2026-05-15,72211.07,Closed
ACC06955,CUST09362,BR004,Savings,2024-03-02,80149.11,Closed
ACC06884,CUST04647,BR023,Current,2024-05-20,89674.65,Dormant
ACC10891,CUST08919,BR006,Current,2025-01-02,58735.76,Closed
ACC07343,CUST00108,BR010,Savings,2026-02-07,6835.3,Closed
ACC00510,CUST00861,BR014,Savings,2024-03-06,53801.27,Closed
ACC08841,CUST04741,BR000,Current,2025-07-08,53907.25,Dormant
ACC07223,CUST02770,BR005,Salary,2025-04-08,45989.2,Dormant
ACC11866,CUST02355,BR022,Current,2024-07-21,36944.25,Active
ACC08425,CUST02795,BR043,Current,2024-07-09,61954.17,Active
ACC03954,CUST04026,BR002,Salary,2024-12-05,29661.51,Closed
ACC03054,CUST07544,BR040,Current,2025-04-16,4245.68,Dormant
ACC05197,CUST03865,BR046,Salary,2024-06-04,11105.77,Closed
ACC11584,CUST06008,BR041,Current,2025-12-19,72817.78,Closed
ACC11036,CUST08394,BR011,Salary,2024-02-15,21312.95,Closed
ACC05233,CUST09168,BR026,Savings,2023-12-23,69222.65,Dormant
ACC02671,CUST00322,BR016,Current,2025-08-31,24719.54,Dormant
ACC02444,CUST05837,BR026,Salary,2023-10-04,91203.14,Closed
ACC00504,CUST02522,BR042,Current,2025-07-15,97600.68,Dormant
ACC08525,CUST07790,BR039,Savings,2025-10-13,84355.89,Dormant
ACC02647,CUST01467,BR038,Salary,2024-06-22,17341.32,Active
ACC05958,CUST03049,BR015,Salary,2025-05-12,51160.68,Closed
ACC11031,CUST08896,BR043,Current,2026-05-22,43488.69,Closed
ACC05745,CUST00363,BR007,Savings,2026-01-24,78417.74,Active
ACC01443,CUST07098,BR047,Current,2024-04-25,73866.8,Dormant
ACC05596,CUST09217,BR025,Savings,2024-08-01,76982.48,Closed
ACC02703,CUST00907,BR048,Salary,2024-01-14,61638.66,Closed
ACC03890,CUST08467,BR047,Salary,2026-01-15,18154.96,Dormant
ACC05951,CUST06115,BR038,Salary,2025-12-03,86232.14,Active
ACC04599,CUST05307,BR038,Current,2024-06-27,5617.53,Dormant
ACC02051,CUST00087,BR030,Current,2025-08-30,2750.24,Closed
ACC04748,CUST02130,BR047,Current,2024-04-03,24990.05,Dormant
ACC05819,CUST08221,BR004,Savings,2023-09-09,69344.43,Dormant
ACC05164,CUST08853,BR020,Current,2026-08-25,26925.73,Dormant
ACC00629,CUST08225,BR030,Savings,2026-01-07,20990.25,Closed
ACC05398,CUST01634,BR035,Savings,2024-07-06,16225.83,Active
ACC10983,CUST02730,BR032,Current,2025-05-17,3765.02,Active
ACC10359,CUST03207,BR006,Current,2026-04-20,79170.54,Active
ACC01722,CUST01895,BR007,Current,2025-11-10,62089.9,Closed
ACC01235,CUST09483,BR029,Current,2024-05-30,21722.05,Dormant
ACC05075,CUST08725,BR003,Savings,2026-06-26,5650.85,Closed
ACC11376,CUST08249,BR038,Savings,2026-06-21,50354.67,Active
ACC05318,CUST05890,BR012,Salary,2024-10-04,17137.88,Dormant
ACC01920,CUST04331,BR037,Savings,2025-12-06,96753.87,Dormant
ACC00082,CUST08838,BR001,Salary,2026-08-05,17217.76,Dormant
ACC04450,CUST02170,BR041,Savings,2023-11-08,52308.66,Dormant
ACC05220,CUST05612,BR004,Salary,2026-04-22,12371.54,Active
ACC06114,CUST06197,BR032,Savings,2024-05-25,83898.18,Active
ACC01828,CUST05654,BR004,Current,2026-01-22,71620.35,Active
ACC10564,CUST01562,BR044,Salary,2023-09-14,33080.4,Closed
ACC11872,CUST06079,BR044,Salary,2026-06-07,86594.55,Active
ACC04602,CUST04911,BR016,Savings,2024-09-16,67647.82,Closed
ACC11526,CUST02646,BR000,Current,2026-06-29,58257.72,Closed
ACC06848,CUST09170,BR041,Salary,2025-07-28,95317.2,Dormant
ACC04925,CUST07985,BR010,Current,2026-07-28,12944.83,Closed
ACC05137,CUST06304,BR002,Savings,2026-07-16,81952.19,Active
ACC04157,CUST07305,BR007,Salary,2025-02-19,53494.92,Dormant
ACC08104,CUST00469,BR021,Salary,2025-02-11,35087.16,Dormant
ACC11412,CUST99999,BR031,Current,2023-12-17,74539.15,Active
ACC04903,CUST07265,BR003,Salary,2026-07-28,6529.39,Dormant
ACC00913,CUST04935,BR030,Current,2024-11-23,44213.39,Dormant
ACC01304,CUST06405,BR013,Current,2024-04-08,26191.34,Closed
ACC06907,CUST04029,BR047,Savings,2023-11-12,4005.87,Closed
ACC10326,CUST00860,BR022,Savings,2026-05-27,11363.43,Dormant
ACC11741,CUST03431,BR018,Current,2024-08-23,81205.19,Active
ACC07716,CUST03387,BR031,Salary,2024-07-07,88254.79,Active
ACC00836,CUST03787,BR023,Savings,2026-01-19,95226.42,Closed
ACC03162,CUST06503,BR049,Salary,2026-01-17,38320.84,Active
ACC06390,CUST00249,BR004,Current,2025-12-12,90044.91,Closed
ACC07929,CUST06671,BR017,Salary,2024-12-29,68826.59,Dormant
ACC09852,CUST00341,BR000,Savings,2026-06-01,92769.62,Closed
ACC06431,CUST07438,BR019,Current,2024-03-28,75219.63,Closed
ACC07207,CUST04731,BR026,Salary,2024-05-23,58530.95,Active
ACC03807,CUST00905,BR040,Salary,2026-06-27,97958.44,Dormant
ACC09341,CUST06671,BR028,Current,2024-06-13,31708.32,Active
ACC01325,CUST99999,BR047,Current,2025-12-11,27917.8,Dormant
ACC05748,CUST01862,BR007,Savings,2024-10-07,10559.29,Closed
ACC04445,CUST05028,BR039,Current,2026-04-26,86084.56,Dormant
ACC01438,CUST02806,BR045,Salary,2024-07-26,91898.06,Closed
ACC08359,CUST08457,BR049,Current,2024-03-23,89354.1,Dormant
ACC03403,CUST06930,BR033,Savings,2024-10-20,65393.75,Closed
ACC03877,CUST00237,BR016,Savings,2026-07-20,20323.13,Dormant
ACC02154,CUST09781,BR039,Savings,2025-07-29,2842.26,Dormant
ACC01173,CUST99999,BR038,Salary,2026-03-13,5868.14,Active
ACC04728,CUST09489,BR010,Savings,2025-02-24,79799.65,Closed
ACC06544,CUST00693,BR007,Savings,2024-12-18,52337.9,Dormant
ACC02429,CUST04655,BR029,Savings,2026-04-18,86495.34,Dormant
ACC11193,CUST06489,BR044,Savings,2025-11-27,74116.25,Dormant
ACC03175,CUST01244,BR012,Salary,2023-09-28,59022.33,Dormant
ACC03451,CUST02846,BR035,Salary,2026-01-18,80691.07,Closed
ACC03979,CUST04890,BR009,Salary,2024-07-27,64263.21,Closed
ACC11015,CUST05365,BR002,Salary,2026-07-17,60732.83,Active
ACC09120,CUST03925,BR019,Current,2025-10-09,26888.77,Dormant
ACC06727,CUST09283,BR048,Current,2023-11-15,32821.11,Active
ACC01875,CUST00774,BR034,Salary,2024-04-09,49145.83,Closed
ACC00574,CUST01299,BR013,Salary,2025-11-17,26128.12,Closed
ACC07982,CUST06168,BR012,Salary,2024-01-12,68763.74,Closed
ACC09401,CUST00354,BR019,Savings,2024-03-19,64824.27,Dormant
ACC02925,CUST09462,BR016,Salary,2025-01-20,78634.37,Dormant
ACC07554,CUST01787,BR007,Savings,2025-04-01,57307.82,Active
ACC01445,CUST02715,BR027,Salary,2023-09-13,10935.25,Dormant
ACC00042,CUST09781,BR033,Savings,2025-04-21,58160.99,Active
ACC09391,CUST04023,BR000,Salary,2025-10-16,99176.53,Dormant
ACC06405,CUST04001,BR047,Savings,2025-03-27,15647.21,Active
ACC06018,CUST00142,BR048,Salary,2025-10-24,76888.02,Active
ACC05015,CUST07726,BR016,Current,2025-08-11,33753.54,Active
ACC08786,CUST05139,BR025,Current,2026-06-05,26361.45,Dormant
ACC06808,CUST05785,BR046,Savings,2026-02-14,89108.89,Dormant
ACC11155,CUST03204,BR005,Salary,2024-04-09,32324.61,Active
ACC09350,CUST00391,BR048,Current,2025-01-13,21893.79,Closed
ACC00991,CUST05255,BR007,Current,2024-03-05,40237.34,Dormant
ACC01424,CUST09555,BR042,Current,2026-07-04,86581.83,Dormant
ACC09282,CUST08445,BR021,Salary,2024-08-08,55894.46,Dormant
ACC03149,CUST02727,BR026,Salary,2024-01-29,78511.31,Dormant
ACC05317,CUST09188,BR023,Current,2024-06-11,50408.7,Closed
ACC11721,CUST04372,BR040,Savings,2026-07-16,23675.13,Active
ACC08885,CUST02305,BR028,Savings,2024-11-23,91449.38,Active
ACC06537,CUST07474,BR034,Salary,2024-11-23,88471.73,Closed
ACC05086,CUST02779,BR027,Salary,2025-05-19,89536.97,Dormant
ACC06259,CUST07622,BR014,Savings,2024-04-30,9102.4,Active
ACC02753,CUST04579,BR001,Savings,2026-09-01,62519.15,Active
ACC01339,CUST06361,BR047,Current,2026-07-22,94203.96,Dormant
ACC06820,CUST06333,BR005,Current,2026-02-27,73895.08,Closed
ACC01238,CUST02046,BR037,Salary,2026-04-12,63965.5,Dormant
ACC09967,CUST99999,BR034,Savings,2025-09-17,58183.0,Active
ACC00699,CUST06723,BR000,Salary,2026-05-02,85199.57,Active
ACC07927,CUST06479,BR016,Salary,2026-05-18,40650.58,Closed
ACC06338,CUST07160,BR000,Salary,2024-01-26,46791.64,Active
ACC00587,CUST02608,BR048,Savings,2023-11-19,79991.86,Closed
ACC08014,CUST09849,BR031,Current,2025-03-02,78195.97,Dormant
ACC09579,CUST09868,BR012,Salary,2026-05-05,49635.59,Closed
ACC00388,CUST01300,BR000,Current,2023-09-21,76059.81,Dormant
ACC03722,CUST06842,BR042,Current,2025-11-21,87722.79,Closed
ACC02026,CUST08568,BR042,Savings,2025-05-07,28114.48,Closed
ACC01455,CUST06246,BR041,Savings,2024-03-31,50318.46,Dormant
ACC03545,CUST03790,BR005,Savings,2026-07-30,54673.09,Active
ACC05180,CUST00090,BR000,Savings,2025-07-28,45812.37,Dormant
ACC06843,CUST02169,BR005,Savings,2023-10-24,80032.43,Closed
ACC00406,CUST03250,BR041,Current,2026-08-11,28659.87,Closed
ACC06019,CUST05135,BR001,Current,2024-04-04,72754.57,Active
ACC02632,CUST08739,BR031,Salary,2024-12-10,20210.91,Active
ACC06515,CUST07054,BR012,Current,2025-01-10,96522.27,Dormant
ACC11949,CUST04338,BR017,Savings,2024-03-23,22065.99,Active
ACC11669,CUST04070,BR002,Current,2025-08-19,73078.67,Dormant
ACC02327,CUST00682,BR030,Savings,2025-11-16,80085.89,Closed
ACC02819,CUST02359,BR022,Current,2024-09-23,95227.57,Active
ACC00131,CUST09757,BR032,Current,2025-10-14,24087.76,Dormant
ACC01714,CUST02908,BR019,Current,2024-01-09,5362.56,Active
ACC03576,CUST00201,BR000,Salary,2026-08-23,67017.74,Active
ACC07884,CUST07088,BR037,Savings,2024-09-13,84449.65,Dormant
ACC01916,CUST03208,BR048,Salary,2025-08-26,62671.7,Dormant
ACC01754,CUST06672,BR039,Current,2025-01-23,55938.73,Dormant
ACC08152,CUST01081,BR016,Salary,2025-09-09,72620.54,Dormant
ACC09509,CUST00317,BR000,Salary,2025-07-14,91353.46,Closed
ACC01619,CUST08508,BR036,Savings,2025-04-05,42583.09,Dormant
ACC03087,CUST06789,BR003,Savings,2023-10-03,63179.72,Dormant
ACC01521,CUST02528,BR048,Savings,2026-01-12,57020.64,Closed
ACC11058,CUST00944,BR005,Current,2026-07-31,50759.66,Active
ACC03752,CUST09602,BR015,Current,2023-12-31,36230.14,Active
ACC02943,CUST00134,BR026,Current,2025-01-07,73584.42,Active
ACC08383,CUST04457,BR013,Savings,2025-01-18,37248.67,Dormant
ACC09018,CUST07554,BR000,Savings,2025-07-13,8065.0,Dormant
ACC09655,CUST01161,BR045,Salary,2024-12-10,39180.33,Dormant
ACC05302,CUST02955,BR026,Current,2024-07-24,15360.65,Active
ACC00994,CUST06139,BR022,Savings,2026-06-11,17717.46,Dormant
ACC03632,CUST00547,BR009,Current,2026-07-07,65042.21,Closed
ACC09817,CUST06034,BR008,Salary,2024-10-26,45892.97,Closed
ACC10464,CUST08246,BR029,Current,2026-06-29,22277.71,Dormant
ACC09931,CUST03487,BR032,Current,2025-08-12,5666.31,Closed
ACC05934,CUST06226,BR005,Current,2023-11-13,83961.23,Closed
ACC05103,CUST09789,BR047,Savings,2024-07-17,43584.56,Closed
ACC02284,CUST04461,BR044,Savings,2023-10-23,60336.03,Active
ACC09536,CUST03508,BR026,Savings,2026-08-07,12832.02,Dormant
ACC03254,CUST07757,BR000,Salary,2026-01-10,27623.01,Active
ACC07047,CUST04829,BR000,Salary,2025-03-04,22669.17,Closed
ACC06168,CUST01139,BR015,Salary,2025-12-16,59307.27,Dormant
ACC04767,CUST00822,BR038,Savings,2023-11-06,91976.13,Closed
ACC02185,CUST03275,BR043,Current,2024-01-02,72288.32,Dormant
ACC08421,CUST08887,BR039,Current,2026-03-03,56263.47,Dormant
ACC09368,CUST04800,BR000,Savings,2025-01-07,18841.02,Dormant
ACC01485,CUST01738,BR045,Savings,2026-06-04,26965.05,Closed
ACC00822,CUST99999,BR048,Savings,2025-02-12,19596.22,Active
ACC09150,CUST02335,BR008,Savings,2026-05-28,9043.3,Active
ACC05205,CUST03357,BR022,Savings,2024-10-23,11108.52,Dormant
ACC05128,CUST05878,BR035,Savings,2024-11-26,49529.85,Closed
ACC08311,CUST03406,BR011,Salary,2025-11-24,84676.59,Closed
ACC07085,CUST01896,BR021,Salary,2024-12-06,67007.93,Closed
ACC03120,CUST07179,BR027,Salary,2026-05-21,44932.44,Active
ACC07841,CUST02318,BR016,Savings,2024-03-15,30965.7,Closed
ACC07112,CUST03245,BR025,Savings,2024-10-16,96798.71,Dormant
ACC02714,CUST01589,BR017,Salary,2025-11-02,86255.47,Closed
ACC07966,CUST09825,BR010,Salary,2026-08-25,81590.57,Dormant
ACC05892,CUST04613,BR004,Salary,2023-09-24,94604.04,Dormant
ACC06630,CUST06748,BR022,Savings,2024-04-01,71947.88,Dormant
ACC03448,CUST09307,BR017,Current,2026-08-21,57599.99,Closed
ACC05849,CUST08996,BR000,Savings,2024-10-18,11436.04,Active
ACC05133,CUST08065,BR035,Current,2023-10-18,91676.41,Closed
ACC02433,CUST04615,BR021,Savings,2026-04-23,63804.47,Dormant
ACC04259,CUST02454,BR001,Savings,2023-10-30,33693.32,Active
ACC06153,CUST07458,BR010,Current,2025-07-31,24354.92,Dormant
ACC11762,CUST00681,BR013,Current,2023-12-16,26156.3,Active
ACC02179,CUST09022,BR009,Savings,2024-11-25,79737.35,Closed
ACC05089,CUST09947,BR006,Salary,2025-08-12,64106.62,Closed
ACC09473,CUST09427,BR027,Savings,2023-10-10,91961.06,Dormant
ACC08862,CUST09277,BR008,Savings,2024-02-25,30733.39,Dormant
ACC09748,CUST07618,BR019,Current,2024-10-18,45975.82,Closed
ACC05869,CUST06119,BR000,Salary,2025-09-29,90291.95,Closed
ACC06608,CUST06954,BR002,Savings,2025-01-17,70983.63,Active
ACC00221,CUST05975,BR033,Savings,2023-12-17,86533.33,Dormant
ACC05762,CUST00211,BR048,Current,2024-08-07,52869.45,Active
ACC07267,CUST06789,BR021,Savings,2024-02-16,65401.12,Dormant
ACC01978,CUST04423,BR004,Current,2024-04-28,-46995.88,Closed
ACC09471,CUST08449,BR048,Current,2025-05-20,-68897.16,Closed
ACC09371,CUST09370,BR019,Savings,2025-01-11,18749.78,Dormant
ACC06001,CUST06402,BR015,Savings,2024-03-30,64840.99,Dormant
ACC09331,CUST04788,BR010,Current,2026-04-28,47930.39,Closed
ACC06051,CUST08431,BR008,Salary,2024-03-15,21674.92,Dormant
ACC01895,CUST02633,BR010,Savings,2024-05-23,6818.79,Closed
ACC00043,CUST00182,BR049,Salary,2024-02-06,22329.97,Dormant
ACC00486,CUST09271,BR018,Salary,2023-12-25,94015.67,Dormant
ACC11985,CUST07399,BR035,Savings,2026-02-18,94322.03,Active
ACC00022,CUST06889,BR020,Salary,2024-07-13,78612.92,Active
ACC10510,CUST02039,BR039,Savings,2026-06-17,44887.56,Active
ACC10357,CUST02399,BR005,Current,2026-07-27,91915.32,Active
ACC06353,CUST01612,BR018,Savings,2025-12-20,64130.44,Active
ACC03328,CUST01906,BR000,Savings,2024-04-30,57110.52,Active
ACC02923,CUST05504,BR002,Current,2024-09-14,65498.0,Closed
ACC07880,CUST04160,BR000,Savings,2023-11-03,91394.28,Active
ACC10349,CUST02055,BR026,Salary,2026-02-10,9472.3,Closed
ACC06380,CUST01750,BR018,Savings,2024-06-24,-40896.19,Active
ACC11847,CUST07422,BR021,Current,2024-03-26,63258.32,Dormant
ACC11090,CUST08076,BR029,Savings,2025-01-12,91791.06,Active
ACC04617,CUST07730,BR008,Salary,2025-05-04,76206.97,Closed
ACC03013,CUST06714,BR027,Salary,2023-09-27,98601.19,Closed
ACC01243,CUST09481,BR047,Salary,2025-10-21,43717.98,Active
ACC00866,CUST01489,BR008,Salary,2025-06-30,26316.84,Active
ACC08696,CUST09340,BR014,Savings,2025-12-21,70400.75,Active
ACC00744,CUST09264,BR045,Current,2025-09-13,64290.62,Active
ACC00528,CUST00933,BR034,Salary,2026-05-04,5572.19,Closed
ACC02836,CUST08767,BR014,Current,2025-01-19,81118.83,Dormant
ACC03456,CUST03102,BR016,Savings,2024-06-25,16413.96,Active
ACC07034,CUST03122,BR043,Salary,2023-09-19,41046.58,Active
ACC04508,CUST08484,BR028,Current,2025-04-03,92092.04,Closed
ACC04424,CUST06928,BR026,Current,2026-03-02,14547.46,Active
ACC01601,CUST09784,BR008,Savings,2023-09-18,45240.99,Active
ACC07898,CUST00485,BR028,Current,2025-02-14,30744.98,Dormant
ACC01472,CUST07413,BR008,Current,2025-03-24,63215.3,Closed
ACC02169,CUST07407,BR009,Salary,2025-11-21,97736.51,Active
ACC06461,CUST01838,BR034,Savings,2026-05-28,99092.3,Closed
ACC09007,CUST06488,BR048,Current,2025-11-18,49075.47,Closed
ACC03539,CUST03895,BR046,Current,2026-09-06,83002.76,Dormant
ACC09065,CUST03688,BR040,Salary,2023-10-24,45649.68,Dormant
ACC07608,CUST09829,BR029,Savings,2023-12-13,89407.6,Dormant
ACC04240,CUST03673,BR000,Salary,2025-04-30,6977.92,Active
ACC06611,CUST00031,BR046,Savings,2024-04-28,17666.24,Closed
ACC03059,CUST09034,BR002,Current,2023-09-23,43270.79,Dormant
ACC07108,CUST04608,BR005,Current,2024-11-28,60669.2,Dormant
ACC00174,CUST09640,BR027,Savings,2024-05-03,-48897.17,Dormant
ACC04267,CUST08836,BR012,Current,2024-05-30,42735.32,Dormant
ACC04359,CUST08933,BR001,Savings,2025-06-13,59885.25,Closed
ACC03851,CUST01643,BR006,Salary,2025-11-07,82031.64,Active
ACC05361,CUST04743,BR002,Savings,2024-08-15,46539.48,Dormant
ACC01773,CUST02246,BR018,Salary,2023-11-06,4087.95,Closed
ACC10186,CUST05945,BR022,Current,2026-07-23,26090.33,Closed
ACC05678,CUST99999,BR041,Salary,2023-09-10,27513.04,Active
ACC05370,CUST02054,BR013,Savings,2026-06-11,77250.53,Closed
ACC08991,CUST04692,BR006,Savings,2026-07-05,17218.06,Closed
ACC04423,CUST03253,BR040,Current,2026-03-10,11110.36,Active
ACC02173,CUST07682,BR034,Salary,2024-10-19,94596.54,Active
ACC10520,CUST07655,BR018,Salary,2025-02-22,80920.31,Active
ACC05468,CUST00230,BR010,Current,2024-04-13,87416.65,Closed
ACC11524,CUST06593,BR030,Current,2024-08-02,23899.39,Dormant
ACC02650,CUST09723,BR015,Salary,2025-01-23,47554.64,Active
ACC05459,CUST05863,BR039,Savings,2024-12-26,19583.89,Active
ACC00714,CUST06649,BR044,Current,2024-10-17,72997.26,Active
ACC01707,CUST03314,BR031,Savings,2025-07-18,8119.8,Closed
ACC07083,CUST04618,BR026,Salary,2026-01-11,95921.2,Closed
ACC02375,CUST07626,BR028,Current,2025-12-20,15303.24,Closed
ACC03046,CUST00225,BR048,Salary,2026-08-06,26931.05,Closed
ACC00692,CUST08583,BR035,Current,2025-02-12,54444.73,Dormant
ACC05509,CUST06704,BR002,Salary,2026-08-06,24858.75,Closed
ACC10019,CUST01946,BR029,Savings,2025-04-08,86443.41,Dormant
ACC07718,CUST05291,BR037,Savings,2025-02-14,13144.62,Active
ACC05428,CUST02468,BR014,Salary,2025-01-14,81238.8,Closed
ACC08986,CUST00774,BR007,Salary,2026-06-17,92135.29,Dormant
ACC00962,CUST09066,BR034,Salary,2024-01-13,55958.47,Closed
ACC02121,CUST06734,BR033,Savings,2025-07-15,39855.67,Active
ACC05688,CUST03817,BR047,Salary,2025-07-06,27314.57,Closed
ACC05928,CUST00475,BR045,Salary,2026-07-24,43774.33,Active
ACC07722,CUST03594,BR037,Salary,2025-01-07,67992.74,Closed
ACC02314,CUST06286,BR036,Savings,2025-06-15,1031.96,Dormant
ACC10636,CUST00399,BR049,Salary,2025-12-14,82387.81,Dormant
ACC02338,CUST03875,BR001,Savings,2024-02-06,98144.2,Active
ACC08372,CUST09541,BR017,Salary,2025-08-05,79209.31,Closed
ACC03193,CUST00562,BR045,Salary,2024-04-22,20751.7,Active
ACC03099,CUST07768,BR047,Salary,2026-07-26,17066.71,Active
ACC09086,CUST08878,BR000,Current,2025-05-17,64473.64,Active
ACC08348,CUST09047,BR023,Savings,2024-06-18,52295.78,Dormant
ACC07483,CUST01331,BR029,Savings,2026-01-25,67675.68,Active
ACC11357,CUST06232,BR048,Current,2026-05-24,39352.11,Active
ACC01151,CUST05703,BR008,Savings,2025-08-16,60383.84,Dormant
ACC08837,CUST00332,BR035,Savings,2025-12-26,32437.37,Dormant
ACC05767,CUST01204,BR020,Salary,2026-04-19,46249.46,Active
ACC05076,CUST04627,BR042,Salary,2026-03-29,67018.03,Closed
ACC06684,CUST07295,BR036,Savings,2024-04-22,51709.02,Dormant
ACC00411,CUST04916,BR010,Salary,2024-10-03,65536.13,Active
ACC11907,CUST06673,BR033,Savings,2023-09-24,20105.08,Closed
ACC11021,CUST03861,BR016,Current,2025-03-18,45607.23,Closed
ACC09925,CUST07063,BR008,Savings,2026-06-16,65255.22,Active
ACC03662,CUST07398,BR040,Savings,2026-08-22,23798.65,Dormant
ACC00637,CUST02653,BR020,Salary,2024-11-12,31328.31,Active
ACC10215,CUST02043,BR036,Current,2024-05-26,92598.65,Active
ACC08583,CUST01054,BR037,Savings,2024-02-04,67626.13,Closed
ACC06490,CUST99999,BR004,Savings,2026-01-23,88062.19,Closed
ACC08870,CUST04437,BR006,Current,2026-02-13,14365.85,Closed
ACC04577,CUST04615,BR028,Current,2025-11-11,47007.52,Active
ACC09045,CUST05883,BR008,Savings,2024-09-09,-24801.09,Active
ACC06438,CUST08868,BR018,Current,2024-02-09,55897.22,Active
ACC07890,CUST08796,BR021,Current,2024-12-30,90332.43,Dormant
ACC00814,CUST06472,BR000,Savings,2024-11-15,59754.18,Active
ACC06356,CUST02212,BR005,Savings,2025-10-05,81531.12,Closed
ACC06562,CUST04558,BR026,Salary,2024-04-11,13895.45,Closed
ACC05940,CUST04225,BR048,Current,2026-02-17,34794.0,Closed
ACC03830,CUST06313,BR006,Savings,2023-12-17,58983.0,Closed
ACC00230,CUST08514,BR017,Salary,2023-12-28,19957.92,Dormant
ACC04354,CUST00065,BR016,Salary,2024-02-06,57729.35,Active
ACC11861,CUST01851,BR030,Current,2026-07-25,74929.84,Dormant
ACC11312,CUST00666,BR032,Savings,2023-11-01,84481.22,Closed
ACC11706,CUST08967,BR016,Salary,2026-05-09,77610.56,Dormant
ACC11854,CUST05539,BR019,Current,2025-04-24,44244.97,Closed
ACC04471,CUST03387,BR039,Current,2025-07-28,65236.62,Closed
ACC11897,CUST09408,BR028,Savings,2023-12-20,49922.0,Active
ACC06798,CUST00482,BR008,Savings,2024-01-23,65732.18,Dormant
ACC04759,CUST03381,BR000,Savings,2024-08-02,27907.57,Closed
ACC01393,CUST01141,BR046,Savings,2025-06-21,6478.79,Closed
ACC03847,CUST02282,BR035,Savings,2026-02-16,66230.43,Active
ACC03788,CUST09227,BR044,Current,2026-06-14,10196.87,Closed
ACC02335,CUST03170,BR045,Current,2025-08-07,82036.94,Dormant
ACC03029,CUST01990,BR020,Savings,2024-09-17,59397.22,Active
ACC03252,CUST03637,BR000,Current,2024-06-14,97389.46,Closed
ACC02776,CUST04430,BR033,Current,2024-04-02,91175.5,Closed
ACC08654,CUST09889,BR035,Current,2025-11-14,82971.75,Closed
ACC01001,CUST03727,BR043,Current,2024-12-29,36077.61,Closed
ACC04261,CUST09176,BR012,Salary,2023-10-10,90838.29,Closed
ACC01679,CUST06423,BR026,Salary,2026-01-23,78185.89,Closed
ACC10537,CUST02227,BR047,Salary,2024-07-16,88017.96,Closed
ACC01015,CUST09819,BR008,Current,2025-10-15,78305.77,Closed
ACC10465,CUST07775,BR045,Salary,2026-05-05,92282.94,Active
ACC00208,CUST09882,BR020,Salary,2026-08-15,64650.2,Dormant
ACC08527,CUST09118,BR034,Salary,2026-03-27,20215.42,Closed
ACC07486,CUST07760,BR030,Savings,2024-11-20,32696.59,Dormant
ACC01578,CUST05885,BR046,Savings,2024-03-05,38338.38,Closed
ACC00522,CUST03046,BR042,Savings,2024-07-11,16088.85,Dormant
ACC11162,CUST09052,BR024,Savings,2024-07-22,13369.39,Dormant
ACC09691,CUST01211,BR030,Current,2025-09-13,54757.77,Closed
ACC08999,CUST01168,BR028,Salary,2025-11-17,42456.76,Closed
ACC10468,CUST01687,BR049,Salary,2025-04-27,79079.6,Dormant
ACC06532,CUST06485,BR015,Current,2025-08-11,30154.67,Closed
ACC02014,CUST01172,BR007,Salary,2026-07-07,75576.23,Active
ACC00223,CUST05177,BR008,Current,2023-10-11,26754.56,Active
ACC08725,CUST09821,BR044,Savings,2025-03-23,64716.29,Active
ACC04600,CUST00959,BR024,Current,2024-04-28,94077.1,Active
ACC00135,CUST99999,BR029,Salary,2024-05-03,26115.48,Closed
ACC03461,CUST03744,BR049,Current,2025-03-19,48315.63,Active
ACC03896,CUST09936,BR015,Savings,2026-01-31,56757.87,Dormant
ACC11373,CUST05457,BR004,Salary,2025-06-19,37093.73,Closed
ACC08294,CUST02698,BR003,Salary,2023-10-14,17343.49,Active
ACC07975,CUST07199,BR031,Current,2024-02-11,93743.08,Dormant
ACC03728,CUST99999,BR014,Salary,2026-06-08,88853.41,Active
ACC11089,CUST09771,BR019,Current,2026-06-20,31912.53,Dormant
ACC01741,CUST03030,BR040,Salary,2024-01-04,17411.03,Closed
ACC09523,CUST02004,BR043,Savings,2025-12-06,15437.17,Closed
ACC03300,CUST05801,BR038,Savings,2023-11-16,42084.8,Active
ACC00540,CUST01096,BR015,Current,2024-12-11,72727.39,Dormant
ACC06469,CUST05905,BR033,Savings,2024-10-25,64679.26,Active
ACC11970,CUST09927,BR036,Salary,2025-11-25,30355.06,Active
ACC11262,CUST09058,BR037,Savings,2024-11-21,35863.36,Active
ACC06240,CUST03541,BR046,Savings,2026-09-01,49571.84,Dormant
ACC00203,CUST01488,BR011,Salary,2025-12-06,80352.95,Closed
ACC03502,CUST03225,BR049,Salary,2025-07-25,85044.42,Closed
ACC09284,CUST07473,BR025,Salary,2026-07-26,67845.21,Dormant
ACC01694,CUST00610,BR024,Current,2026-05-30,21377.69,Closed
ACC03797,CUST07621,BR014,Current,2024-09-22,30900.85,Active
ACC01344,CUST02102,BR022,Salary,2025-05-13,83729.4,Closed
ACC10312,CUST02992,BR009,Salary,2026-05-07,11297.46,Closed
ACC02782,CUST04838,BR019,Savings,2025-05-11,70707.46,Active
ACC04326,CUST99999,BR029,Current,2024-12-31,78524.98,Active
ACC02891,CUST05810,BR032,Current,2025-04-07,47736.39,Dormant
ACC02672,CUST07932,BR010,Salary,2024-12-28,46223.46,Closed
ACC09089,CUST04342,BR031,Current,2024-02-29,91462.56,Closed
ACC09227,CUST09668,BR008,Current,2026-03-18,7876.44,Closed
ACC02454,CUST01444,BR038,Salary,2023-10-20,30527.41,Dormant
ACC02115,CUST01133,BR017,Savings,2025-07-29,6671.08,Closed
ACC06981,CUST08810,BR042,Salary,2026-05-20,81131.11,Dormant
ACC09528,CUST01961,BR006,Salary,2024-12-03,36031.27,Dormant
ACC08835,CUST07091,BR009,Savings,2025-12-29,77698.13,Closed
ACC07098,CUST06702,BR049,Savings,2026-04-16,35088.85,Active
ACC02938,CUST02351,BR005,Salary,2024-02-09,57793.44,Closed
ACC11227,CUST08453,BR017,Current,2024-11-25,25546.49,Active
ACC10084,CUST09014,BR048,Savings,2026-06-07,33744.87,Active
ACC03960,CUST01550,BR038,Savings,2025-01-15,84371.34,Dormant
ACC00413,CUST03647,BR020,Current,2024-01-30,32887.47,Dormant
ACC04395,CUST04427,BR023,Current,2025-07-16,82306.05,Closed
ACC10419,CUST01613,BR005,Salary,2025-09-13,38733.83,Dormant
ACC08636,CUST07975,BR027,Savings,2024-08-25,49052.98,Closed
ACC04436,CUST04990,BR048,Salary,2025-10-02,13370.96,Closed
ACC07793,CUST01127,BR006,Current,2024-06-12,23332.06,Dormant
ACC08577,CUST09687,BR032,Savings,2024-12-19,2364.75,Dormant
ACC00385,CUST07022,BR000,Salary,2026-04-16,21456.35,Closed
ACC02743,CUST99999,BR017,Current,2023-10-12,89549.15,Active
ACC07166,CUST09397,BR023,Salary,2023-10-24,60730.84,Closed
ACC07862,CUST05385,BR012,Savings,2026-01-17,63696.14,Dormant
ACC05517,CUST08179,BR033,Savings,2026-02-03,52006.63,Dormant
ACC09279,CUST00827,BR038,Savings,2025-07-10,74461.44,Closed
ACC05902,CUST05747,BR016,Savings,2026-01-17,43564.18,Closed
ACC01219,CUST00316,BR007,Current,2024-12-17,7861.41,Active
ACC07030,CUST04175,BR003,Savings,2025-07-26,36666.43,Active
ACC11545,CUST03408,BR006,Salary,2026-05-20,9492.07,Active
ACC11451,CUST01483,BR016,Salary,2026-04-14,9886.36,Active
ACC07049,CUST07077,BR049,Salary,2024-04-21,9487.25,Active
ACC08224,CUST07519,BR001,Current,2025-03-29,58091.29,Dormant
ACC01763,CUST02351,BR023,Savings,2024-12-22,29927.29,Active
ACC01306,CUST08231,BR047,Savings,2024-02-06,16302.18,Active
ACC11366,CUST02219,BR020,Current,2023-09-18,13724.84,Closed
ACC02865,CUST01474,BR044,Savings,2024-04-27,80323.2,Closed
ACC10198,CUST03560,BR039,Current,2025-10-25,77322.31,Dormant
ACC03601,CUST06015,BR002,Salary,2026-02-22,22052.99,Active
ACC10962,CUST07788,BR007,Savings,2024-02-19,98726.51,Active
ACC07288,CUST09015,BR031,Salary,2024-05-10,35335.3,Closed
ACC05738,CUST03413,BR049,Salary,2024-07-21,12875.05,Active
ACC05760,CUST08294,BR046,Savings,2024-05-17,59244.78,Active
ACC04526,CUST06634,BR037,Salary,2025-02-24,75492.74,Active
ACC09469,CUST06751,BR029,Savings,2024-06-11,19062.29,Active
ACC09294,CUST01865,BR020,Savings,2026-04-25,3186.1,Closed
ACC06393,CUST07464,BR039,Salary,2024-12-11,65466.99,Closed
ACC07824,CUST01647,BR001,Savings,2026-08-31,64424.8,Active
ACC03031,CUST02701,BR010,Savings,2026-04-28,48027.53,Active
ACC01672,CUST03386,BR009,Salary,2024-06-07,-38686.58,Active
ACC04837,CUST06234,BR049,Current,2023-09-28,2435.86,Closed
ACC05945,CUST00998,BR007,Current,2024-11-17,92892.93,Active
ACC05810,CUST05579,BR015,Current,2026-08-29,77654.01,Dormant
ACC03267,CUST03936,BR011,Savings,2024-12-22,58842.07,Active
ACC10293,CUST04387,BR029,Salary,2025-03-18,61428.82,Dormant
ACC11910,CUST01201,BR028,Current,2024-08-19,26756.31,Closed
ACC03025,CUST01222,BR037,Salary,2024-02-22,41100.71,Dormant
ACC10486,CUST02403,BR038,Current,2026-03-21,38544.95,Closed
ACC11667,CUST08763,BR014,Current,2023-12-02,7913.0,Active
ACC03587,CUST06555,BR024,Salary,2026-08-27,39716.02,Active
ACC05307,CUST99999,BR034,Salary,2023-12-30,10459.9,Dormant
ACC03649,CUST01429,BR012,Current,2024-01-08,96944.79,Active
ACC02006,CUST03745,BR041,Current,2025-07-06,77493.43,Closed
ACC06909,CUST01736,BR018,Salary,2025-04-21,66519.72,Closed
ACC06089,CUST07904,BR005,Current,2025-01-07,15681.43,Closed
ACC08125,CUST00644,BR045,Current,2026-02-23,87239.91,Closed
ACC03303,CUST09579,BR035,Current,2026-07-27,854.86,Active
ACC11990,CUST01711,BR021,Salary,2025-10-13,35694.14,Closed
ACC11299,CUST06897,BR019,Current,2025-11-08,47833.15,Active
ACC10523,CUST03256,BR031,Savings,2023-09-21,61030.27,Active
ACC01003,CUST01137,BR017,Current,2026-02-09,47409.91,Dormant
ACC08739,CUST08317,BR044,Salary,2026-08-11,7199.87,Dormant
ACC00336,CUST00816,BR026,Salary,2024-03-13,64911.01,Active
ACC04138,CUST07708,BR044,Savings,2025-10-12,61628.91,Dormant
ACC09810,CUST06003,BR022,Savings,2024-09-24,95202.65,Dormant
ACC11570,CUST09068,BR026,Current,2025-02-18,99248.22,Dormant
ACC04109,CUST04282,BR044,Current,2024-05-13,78890.5,Active
ACC01806,CUST02839,BR031,Salary,2024-09-27,93377.28,Dormant
ACC03371,CUST07617,BR020,Savings,2024-09-03,31762.07,Closed
ACC00097,CUST01612,BR004,Savings,2024-08-15,80366.35,Dormant
ACC11297,CUST08684,BR025,Salary,2024-10-09,54148.87,Closed
ACC04184,CUST99999,BR031,Salary,2026-06-13,13183.3,Closed
ACC02047,CUST05063,BR033,Salary,2025-02-15,11547.08,Dormant
ACC03583,CUST01306,BR040,Current,2024-01-31,89413.18,Active
ACC02189,CUST09781,BR010,Savings,2024-01-23,53551.17,Active
ACC09049,CUST05759,BR015,Savings,2024-04-28,3183.5,Dormant
ACC03310,CUST03567,BR028,Salary,2024-02-09,51097.64,Dormant
ACC11613,CUST02658,BR033,Current,2026-07-08,29742.49,Active
ACC02077,CUST00763,BR000,Savings,2023-11-22,39885.76,Active
ACC06142,CUST04683,BR029,Savings,2024-05-31,61735.04,Closed
ACC02174,CUST06953,BR000,Current,2024-10-17,23594.84,Active
ACC03814,CUST06806,BR007,Current,2024-05-20,3354.21,Active
ACC03813,CUST04182,BR024,Current,2023-09-26,81781.16,Active
ACC00767,CUST00703,BR034,Current,2024-07-13,42645.95,Dormant
ACC05679,CUST08528,BR028,Salary,2026-07-29,41178.65,Active
ACC03743,CUST08788,BR015,Savings,2024-04-01,30658.83,Dormant
ACC07313,CUST06600,BR008,Current,2025-07-29,24519.45,Closed
ACC01572,CUST07448,BR038,Salary,2025-09-27,54510.33,Active
ACC03834,CUST09671,BR037,Salary,2024-01-06,70325.02,Closed
ACC02999,CUST00796,BR003,Salary,2025-04-10,14210.44,Closed
ACC10525,CUST09822,BR009,Current,2026-03-08,35765.56,Dormant
ACC01029,CUST01845,BR011,Current,2026-03-09,48315.66,Active
ACC04253,CUST05158,BR044,Salary,2026-06-16,74510.56,Dormant
ACC08971,CUST09203,BR006,Current,2026-05-06,41022.35,Active
ACC07375,CUST04177,BR025,Current,2025-08-25,54913.65,Active
ACC03418,CUST05581,BR009,Salary,2026-04-25,61355.1,Closed
ACC06032,CUST09072,BR018,Current,2026-08-16,60471.23,Active
ACC11397,CUST03953,BR003,Savings,2024-07-03,44843.94,Dormant
ACC08333,CUST00452,BR033,Current,2024-10-16,29122.91,Dormant
ACC05929,CUST04781,BR003,Current,2026-07-05,42438.9,Dormant
ACC06699,CUST05491,BR005,Salary,2023-09-30,93409.19,Active
ACC10491,CUST09992,BR019,Savings,2024-03-22,53577.35,Closed
ACC08981,CUST04409,BR012,Savings,2025-09-16,20168.51,Dormant
ACC06706,CUST05572,BR017,Current,2023-10-14,48617.47,Dormant
ACC01579,CUST02156,BR007,Salary,2024-11-14,69286.94,Dormant
ACC03470,CUST02950,BR029,Savings,2025-10-16,60619.88,Active
ACC11282,CUST00641,BR018,Current,2025-04-10,42405.92,Dormant
ACC08392,CUST01800,BR030,Savings,2025-09-14,74068.11,Active
ACC02528,CUST07198,BR018,Current,2025-09-23,24886.95,Active
ACC11336,CUST04920,BR043,Savings,2025-04-28,41515.22,Active
ACC01256,CUST06367,BR045,Savings,2026-07-27,10144.38,Closed
ACC05689,CUST07445,BR021,Current,2024-08-30,40693.53,Closed
ACC07933,CUST06568,BR006,Salary,2024-05-31,27842.97,Active
ACC08154,CUST05876,BR049,Salary,2023-10-31,19571.31,Active
ACC10818,CUST07032,BR033,Savings,2026-08-16,94355.97,Active
ACC02930,CUST00363,BR026,Salary,2026-06-12,7207.76,Dormant
ACC01900,CUST02500,BR027,Salary,2026-07-25,46607.97,Closed
ACC11186,CUST05340,BR015,Salary,2026-07-08,71853.22,Active
ACC05860,CUST09196,BR017,Salary,2025-11-14,4974.17,Active
ACC04941,CUST09507,BR029,Savings,2025-09-26,19131.41,Closed
ACC09009,CUST02061,BR012,Salary,2026-02-21,46342.17,Closed
ACC03219,CUST04323,BR013,Current,2025-02-01,98114.96,Active
ACC07153,CUST01356,BR017,Current,2024-12-30,90275.51,Active
ACC04507,CUST04553,BR033,Current,2024-11-07,96793.33,Active
ACC05647,CUST08602,BR045,Savings,2026-03-23,1702.33,Active
ACC09617,CUST07824,BR029,Salary,2024-03-21,72242.69,Closed
ACC07271,CUST09107,BR014,Salary,2023-10-13,59265.05,Active
ACC10560,CUST09055,BR010,Salary,2025-08-14,19604.79,Active
ACC02319,CUST09305,BR003,Current,2026-04-08,81159.56,Closed
ACC11519,CUST06583,BR018,Current,2025-09-27,64416.58,Dormant
ACC07903,CUST02719,BR040,Current,2026-06-20,43042.11,Active
ACC09705,CUST00328,BR038,Savings,2025-02-24,10012.83,Dormant
ACC05102,CUST06785,BR023,Salary,2024-08-11,65754.81,Active
ACC06112,CUST00765,BR001,Savings,2024-01-11,52640.53,Active
ACC00420,CUST08860,BR002,Savings,2024-03-30,10531.11,Active
ACC05356,CUST09183,BR016,Current,2026-07-01,54516.8,Active
ACC02166,CUST03689,BR028,Salary,2023-10-19,50257.09,Dormant
ACC03117,CUST05072,BR005,Savings,2025-05-17,51583.97,Closed
ACC01271,CUST05762,BR002,Salary,2025-04-28,10263.6,Active
ACC04799,CUST07751,BR003,Savings,2026-07-02,63091.61,Dormant
ACC05543,CUST01732,BR021,Salary,2026-09-06,20365.18,Closed
ACC01899,CUST05576,BR037,Savings,2025-03-27,40944.93,Closed
ACC03766,CUST07106,BR047,Salary,2025-06-15,50174.28,Active
ACC02447,CUST00661,BR019,Savings,2026-07-21,69705.36,Active
ACC00107,CUST00487,BR001,Current,2024-08-01,17460.72,Active
ACC00955,CUST00276,BR001,Savings,2026-04-13,6224.23,Dormant
ACC08593,CUST00819,BR040,Salary,2025-10-01,99897.49,Closed
ACC02980,CUST08365,BR024,Salary,2025-12-29,2776.69,Active
ACC07578,CUST99999,BR024,Salary,2026-07-06,83186.03,Active
ACC07558,CUST02709,BR046,Salary,2025-09-28,10358.25,Dormant
ACC08757,CUST01207,BR000,Salary,2025-05-16,31359.07,Closed
ACC09729,CUST08058,BR038,Salary,2024-01-20,16803.9,Closed
ACC11341,CUST08615,BR039,Savings,2024-06-28,19620.38,Closed
ACC04805,CUST05085,BR035,Savings,2026-04-06,5521.0,Active
ACC10942,CUST09910,BR005,Savings,2024-02-04,99560.44,Dormant
ACC05444,CUST08848,BR032,Savings,2023-09-16,6944.75,Closed
ACC04249,CUST03281,BR025,Savings,2025-04-14,45563.68,Closed
ACC07072,CUST05131,BR005,Salary,2025-08-16,67366.49,Dormant
ACC09779,CUST02808,BR047,Salary,2025-08-19,67669.33,Closed
ACC02440,CUST00471,BR010,Savings,2025-10-08,22868.84,Closed
ACC10425,CUST04318,BR010,Salary,2024-09-10,79024.37,Dormant
ACC01529,CUST04082,BR021,Current,2025-05-20,80558.86,Active
ACC02112,CUST03984,BR018,Salary,2025-07-01,98915.09,Dormant
ACC01864,CUST03388,BR015,Savings,2025-11-06,3199.76,Active
ACC00597,CUST05961,BR035,Salary,2026-08-25,67578.86,Active
ACC03885,CUST03938,BR013,Savings,2025-08-31,21077.08,Closed
ACC10726,CUST09265,BR035,Savings,2025-10-20,48148.69,Dormant
ACC01734,CUST00797,BR005,Savings,2024-04-23,4017.41,Active
ACC06005,CUST09370,BR049,Salary,2024-02-11,66419.66,Active
ACC07179,CUST02771,BR013,Current,2026-05-10,21597.09,Active
ACC03014,CUST05854,BR015,Salary,2023-10-04,23881.81,Dormant
ACC10688,CUST00298,BR005,Salary,2026-03-04,26379.32,Dormant
ACC03349,CUST05867,BR030,Savings,2026-08-26,79885.0,Closed
ACC01944,CUST02516,BR006,Current,2024-08-18,64920.09,Closed
ACC06247,CUST05279,BR001,Current,2023-11-25,61749.17,Closed
ACC00997,CUST09243,BR047,Current,2024-04-16,6572.26,Active
ACC09071,CUST09877,BR035,Savings,2026-06-05,57701.47,Dormant
ACC07104,CUST01092,BR018,Salary,2024-01-23,-16018.73,Closed
ACC08175,CUST03510,BR033,Salary,2024-01-27,7471.17,Active
ACC08358,CUST01520,BR034,Current,2026-02-17,22592.29,Closed
ACC11109,CUST02429,BR002,Salary,2024-02-14,55941.99,Closed
ACC00020,CUST04260,BR030,Savings,2023-10-20,84440.57,Closed
ACC04327,CUST08713,BR034,Current,2025-05-18,86019.98,Closed
ACC11165,CUST02879,BR024,Current,2024-09-12,39203.32,Dormant
ACC09606,CUST01693,BR040,Salary,2024-12-22,3593.91,Dormant
ACC09948,CUST04939,BR000,Savings,2025-04-17,85166.9,Dormant
ACC00226,CUST01848,BR045,Salary,2024-08-31,65340.77,Dormant
ACC04870,CUST03263,BR013,Current,2026-07-05,63348.2,Dormant
ACC08371,CUST08986,BR027,Salary,2025-04-10,39300.91,Dormant
ACC00034,CUST05993,BR018,Current,2025-06-26,67830.22,Active
ACC01436,CUST07790,BR000,Savings,2023-12-24,49444.9,Dormant
ACC01985,CUST02169,BR024,Current,2024-09-12,63651.22,Closed
ACC01745,CUST02162,BR003,Current,2025-08-29,58746.52,Active
ACC07451,CUST09656,BR004,Current,2024-04-27,67641.46,Closed
ACC05263,CUST05853,BR022,Savings,2026-04-30,61728.62,Active
ACC00875,CUST00244,BR043,Salary,2024-09-01,82292.24,Dormant
ACC00104,CUST04200,BR046,Savings,2025-05-24,70795.32,Dormant
ACC04411,CUST01805,BR004,Savings,2025-08-20,99211.12,Closed
ACC03142,CUST04348,BR049,Salary,2025-04-21,33591.94,Dormant
ACC11921,CUST07737,BR001,Salary,2025-03-03,22358.3,Closed
ACC11673,CUST07478,BR019,Current,2024-04-09,78532.58,Closed
ACC03039,CUST04511,BR035,Current,2025-05-31,85294.77,Dormant
ACC08713,CUST07939,BR047,Salary,2024-08-06,55057.48,Active
ACC07328,CUST00530,BR013,Savings,2026-03-23,7741.46,Active
ACC06296,CUST06544,BR011,Current,2024-07-28,18168.04,Active
ACC06550,CUST03934,BR011,Salary,2024-11-10,33520.43,Closed
ACC04535,CUST02649,BR009,Salary,2024-05-19,58476.45,Dormant
ACC03654,CUST06013,BR000,Savings,2026-07-31,84173.73,Closed
ACC02127,CUST08992,BR019,Salary,2026-05-26,59969.51,Dormant
ACC02957,CUST04350,BR008,Current,2024-07-09,93437.36,Active
ACC02235,CUST00416,BR024,Current,2025-09-01,39016.86,Dormant
ACC01808,CUST03957,BR034,Salary,2025-07-22,20315.14,Closed
ACC05109,CUST06155,BR026,Savings,2026-07-19,50769.84,Closed
ACC11099,CUST05515,BR007,Salary,2026-06-14,73516.15,Dormant
ACC09074,CUST05550,BR043,Salary,2023-10-09,55189.04,Active
ACC00457,CUST06391,BR033,Savings,2024-05-18,13064.45,Active
ACC01569,CUST06509,BR022,Current,2024-08-04,97086.05,Dormant
ACC07454,CUST08851,BR021,Savings,2024-12-04,78472.19,Active
ACC11499,CUST01130,BR014,Savings,2024-02-12,4100.52,Closed
ACC05716,CUST08613,BR005,Current,2025-04-13,51106.48,Dormant
ACC10020,CUST03210,BR010,Savings,2024-12-25,63388.56,Active
ACC05963,CUST09108,BR022,Current,2026-08-28,36764.75,Active
ACC11962,CUST00560,BR044,Salary,2024-06-19,88183.26,Closed
ACC05556,CUST01345,BR004,Savings,2026-03-09,25049.32,Dormant
ACC08181,CUST01908,BR007,Salary,2026-09-05,58077.34,Active
ACC05120,CUST04295,BR039,Salary,2026-01-29,3657.47,Dormant
ACC04193,CUST00365,BR003,Salary,2026-03-11,62419.2,Dormant
ACC10119,CUST03516,BR022,Current,2025-02-18,1577.42,Dormant
ACC10363,CUST01171,BR035,Salary,2025-08-14,11212.15,Closed
ACC09657,CUST00541,BR007,Savings,2025-05-09,49221.78,Active
ACC00544,CUST02011,BR038,Savings,2025-06-23,39475.0,Active
ACC08461,CUST09626,BR028,Current,2025-07-27,27934.36,Dormant
ACC03062,CUST03894,BR045,Current,2024-01-15,40175.56,Active
ACC08765,CUST03493,BR029,Salary,2025-05-14,68865.54,Dormant
ACC07480,CUST09796,BR029,Savings,2023-11-30,46217.13,Active
ACC10658,CUST00648,BR029,Salary,2025-11-06,38015.4,Dormant
ACC00594,CUST00268,BR020,Savings,2026-05-14,79306.13,Active
ACC00571,CUST00223,BR019,Current,2026-06-28,63305.41,Closed
ACC11745,CUST06327,BR025,Savings,2026-02-14,63903.3,Dormant
ACC06522,CUST07854,BR022,Savings,2025-01-23,78044.08,Active
ACC04008,CUST07490,BR024,Savings,2025-08-11,32725.04,Dormant
ACC09501,CUST03331,BR024,Savings,2026-01-30,4523.9,Closed
ACC05630,CUST06451,BR014,Current,2025-09-10,18232.77,Closed
ACC07590,CUST05771,BR018,Current,2023-09-25,34851.87,Active
ACC08521,CUST03632,BR045,Savings,2024-09-23,12823.93,Active
ACC07276,CUST02164,BR013,Current,2025-01-19,60393.64,Dormant
ACC10175,CUST00333,BR012,Current,2025-06-02,64493.6,Active
ACC02195,CUST08916,BR024,Salary,2026-01-10,75167.87,Active
ACC02764,CUST09278,BR009,Salary,2026-06-01,97999.09,Active
ACC08548,CUST99999,BR012,Current,2025-01-17,83318.38,Active
ACC00476,CUST02953,BR021,Savings,2025-03-05,81383.61,Dormant
ACC05018,CUST09715,BR005,Salary,2026-06-28,56478.39,Dormant
ACC11785,CUST00258,BR023,Salary,2024-06-14,32344.43,Dormant
ACC00487,CUST06506,BR018,Savings,2024-11-15,16770.33,Closed
ACC05514,CUST03890,BR015,Current,2024-05-13,25015.32,Dormant
ACC00963,CUST04271,BR036,Savings,2024-05-09,41534.17,Closed
ACC04586,CUST09621,BR000,Salary,2026-08-07,39194.2,Closed
ACC11906,CUST05693,BR006,Savings,2024-11-07,17950.41,Closed
ACC10800,CUST01456,BR019,Current,2025-08-08,37726.6,Dormant
ACC11403,CUST08992,BR049,Savings,2024-02-25,53220.06,Closed
ACC05117,CUST03000,BR028,Salary,2025-01-21,83717.43,Dormant
ACC00788,CUST04525,BR036,Savings,2026-06-10,5928.03,Dormant
ACC06440,CUST03304,BR048,Savings,2026-02-12,30669.88,Active
ACC11743,CUST09748,BR037,Savings,2026-03-08,82737.86,Closed
ACC11850,CUST06252,BR031,Salary,2024-01-02,79845.7,Dormant
ACC11590,CUST09825,BR027,Salary,2026-07-30,13899.63,Active
ACC10890,CUST01978,BR041,Salary,2024-07-24,89223.66,Closed
ACC10303,CUST07912,BR002,Salary,2023-09-23,76474.68,Closed
ACC03955,CUST02843,BR029,Salary,2024-10-18,3695.09,Closed
ACC09851,CUST08407,BR031,Savings,2026-06-30,20114.71,Closed
ACC00442,CUST04684,BR017,Salary,2024-12-30,60904.66,Dormant
ACC09416,CUST05962,BR034,Salary,2025-12-04,59196.34,Closed
ACC07201,CUST00733,BR005,Savings,2024-11-17,45679.94,Dormant
ACC02652,CUST06139,BR036,Savings,2023-09-19,86293.61,Closed
ACC01449,CUST00417,BR045,Salary,2025-12-26,62544.76,Dormant
ACC10589,CUST08890,BR026,Current,2025-07-24,30049.87,Active
ACC06596,CUST02560,BR047,Current,2024-03-14,70737.03,Dormant
ACC06590,CUST01237,BR010,Savings,2024-01-08,29481.44,Active
ACC07973,CUST09430,BR014,Current,2023-11-11,39906.17,Dormant
ACC10844,CUST08697,BR019,Savings,2025-01-31,83819.11,Closed
ACC11940,CUST07417,BR000,Salary,2025-09-18,31935.87,Dormant
ACC11961,CUST08510,BR011,Savings,2025-08-20,71219.26,Dormant
ACC04625,CUST04862,BR047,Current,2025-12-17,32461.02,Closed
ACC05316,CUST03663,BR039,Savings,2023-12-02,96871.59,Active
ACC09751,CUST06884,BR014,Current,2024-05-12,47117.56,Dormant
ACC10346,CUST02656,BR008,Savings,2023-12-19,82257.37,Closed
ACC06599,CUST01116,BR025,Salary,2026-04-01,87292.15,Dormant
ACC04202,CUST09351,BR037,Savings,2026-09-03,6423.84,Active
ACC06934,CUST09860,BR044,Current,2023-11-24,63871.77,Active
ACC00452,CUST06561,BR010,Salary,2026-01-25,48109.0,Closed
ACC10202,CUST08378,BR000,Savings,2025-12-26,44283.86,Closed
ACC06573,CUST02629,BR041,Savings,2026-02-09,95173.11,Active
ACC00216,CUST06831,BR016,Salary,2025-11-21,80101.84,Active
ACC11963,CUST02494,BR030,Current,2025-07-21,54320.7,Active
ACC03460,CUST08393,BR049,Current,2023-12-01,53357.69,Closed
ACC02286,CUST00854,BR002,Salary,2023-11-18,90290.04,Dormant
ACC10087,CUST07407,BR021,Savings,2026-01-24,83607.93,Active
ACC00537,CUST05234,BR040,Current,2025-01-27,53869.94,Active
ACC10394,CUST04848,BR017,Salary,2026-02-13,25188.44,Closed
ACC00037,CUST00394,BR048,Salary,2024-05-07,35012.76,Closed
ACC04409,CUST07189,BR000,Salary,2024-11-11,10263.54,Dormant
ACC10578,CUST02582,BR024,Savings,2024-06-21,10563.66,Active
ACC02576,CUST06685,BR032,Savings,2024-04-09,32981.33,Closed
ACC09315,CUST06562,BR003,Current,2023-12-31,22245.63,Dormant
ACC11956,CUST02589,BR041,Current,2025-04-06,85776.94,Active
ACC09951,CUST09600,BR028,Current,2024-02-19,13976.9,Dormant
ACC06824,CUST03775,BR022,Savings,2024-04-10,81617.22,Dormant
ACC04463,CUST08061,BR025,Savings,2024-11-17,57434.95,Active
ACC04275,CUST05902,BR046,Salary,2026-04-19,-93163.88,Dormant
ACC01148,CUST08131,BR041,Current,2026-01-13,27387.8,Active
ACC01351,CUST07430,BR000,Current,2026-07-20,59585.6,Active
ACC04934,CUST05433,BR038,Salary,2026-08-13,92475.15,Active
ACC01467,CUST09431,BR046,Current,2025-12-04,70639.52,Closed
ACC08688,CUST04265,BR027,Current,2024-02-09,64992.77,Active
ACC09578,CUST00001,BR039,Current,2025-08-07,58077.06,Active
ACC03126,CUST09687,BR027,Savings,2026-01-15,66723.43,Closed
ACC07882,CUST07959,BR044,Current,2023-10-18,70129.53,Active
ACC11988,CUST00898,BR032,Current,2024-11-26,87578.22,Closed
ACC04890,CUST06541,BR021,Current,2025-06-25,36801.65,Closed
ACC07967,CUST07564,BR036,Savings,2025-04-05,54010.12,Closed
ACC09826,CUST05247,BR041,Salary,2025-06-25,17286.69,Closed
ACC09411,CUST02219,BR040,Savings,2026-07-05,1915.82,Active
ACC11032,CUST09169,BR005,Salary,2025-11-29,56664.06,Dormant
ACC07342,CUST08535,BR046,Current,2025-09-01,70070.59,Active
ACC04551,CUST08779,BR002,Savings,2024-04-01,-14317.79,Dormant
ACC10752,CUST01499,BR034,Savings,2026-01-04,62798.16,Closed
ACC11062,CUST09046,BR037,Savings,2024-02-06,62589.79,Active
ACC05896,CUST04874,BR049,Savings,2024-11-28,30579.4,Dormant
ACC06976,CUST01085,BR016,Salary,2024-05-20,56254.55,Closed
ACC08083,CUST09635,BR040,Salary,2024-08-16,10175.18,Active
ACC10090,CUST01350,BR017,Current,2026-04-27,88407.45,Closed
ACC03922,CUST04834,BR033,Current,2024-02-17,85198.82,Dormant
ACC03527,CUST05632,BR002,Current,2024-04-12,79152.51,Active
ACC02086,CUST06625,BR016,Salary,2025-05-01,99941.35,Closed
ACC08053,CUST04666,BR019,Salary,2025-08-12,70413.15,Active
ACC05612,CUST06053,BR023,Savings,2026-02-13,37151.06,Closed
ACC07749,CUST03794,BR037,Savings,2026-05-27,66946.05,Dormant
ACC01901,CUST02657,BR003,Salary,2024-09-11,71467.3,Dormant
ACC07687,CUST09276,BR020,Salary,2024-11-30,70848.27,Active
ACC11720,CUST07536,BR006,Current,2026-08-18,931.16,Dormant
ACC10479,CUST02532,BR013,Salary,2025-11-20,49351.91,Closed
ACC08367,CUST09692,BR013,Savings,2026-07-08,79907.11,Dormant
ACC10616,CUST00177,BR039,Current,2026-06-22,72292.38,Closed
ACC10205,CUST05358,BR035,Current,2025-12-22,11127.76,Closed
ACC00108,CUST08336,BR013,Savings,2026-02-06,14466.09,Dormant
ACC10632,CUST07932,BR023,Current,2024-04-20,31917.31,Active
ACC04024,CUST07876,BR025,Current,2026-08-10,5815.9,Active
ACC03050,CUST08903,BR019,Salary,2023-10-28,32320.22,Active
ACC04266,CUST09895,BR000,Current,2025-02-20,5526.43,Dormant
ACC10514,CUST00689,BR016,Current,2025-12-27,18939.51,Closed
ACC10397,CUST05569,BR031,Savings,2026-08-15,1200.83,Closed
ACC11715,CUST03131,BR049,Savings,2026-08-12,13619.25,Closed
ACC03522,CUST08081,BR039,Salary,2026-04-14,41850.68,Active
ACC00143,CUST02509,BR015,Savings,2025-04-23,22361.19,Active
ACC07115,CUST04183,BR020,Salary,2026-05-04,6193.24,Closed
ACC09580,CUST03484,BR000,Salary,2024-10-24,36701.0,Closed
ACC08898,CUST06269,BR033,Savings,2025-04-22,79788.78,Active
ACC01994,CUST03217,BR044,Savings,2023-12-15,39873.43,Dormant
ACC04643,CUST05291,BR044,Savings,2026-07-30,26512.36,Dormant
ACC10207,CUST05554,BR001,Salary,2026-01-18,5144.24,Closed
ACC01680,CUST01106,BR005,Salary,2026-07-12,23438.61,Dormant
ACC09999,CUST02603,BR012,Savings,2026-08-22,57132.72,Closed
ACC09033,CUST01781,BR024,Salary,2025-01-16,28380.56,Active
ACC11965,CUST06246,BR002,Savings,2025-09-06,36203.96,Active
ACC03038,CUST07226,BR019,Current,2025-04-10,57958.55,Closed
ACC09930,CUST07417,BR003,Savings,2023-09-17,59299.01,Dormant
ACC10898,CUST07159,BR030,Salary,2025-01-03,54594.9,Closed
ACC06229,CUST03667,BR020,Savings,2024-06-27,95152.74,Active
ACC05306,CUST07472,BR015,Salary,2026-06-09,22978.48,Closed
ACC04831,CUST00265,BR030,Savings,2024-07-27,77818.56,Active
ACC10282,CUST99999,BR007,Current,2026-06-16,65392.2,Active
ACC00196,CUST05597,BR024,Salary,2024-03-22,10496.39,Closed
ACC09726,CUST03285,BR030,Savings,2024-07-26,94729.81,Closed
ACC07863,CUST03823,BR028,Current,2023-11-09,21733.68,Closed
ACC08614,CUST00820,BR012,Current,2024-03-08,17474.71,Active
ACC11060,CUST07882,BR026,Salary,2023-12-16,81986.57,Dormant
ACC05913,CUST04913,BR034,Salary,2025-10-23,57490.26,Dormant
ACC05535,CUST01140,BR039,Savings,2025-05-03,27664.61,Closed
ACC06542,CUST06303,BR045,Salary,2024-12-20,20631.12,Dormant
ACC01924,CUST08274,BR039,Current,2026-04-05,-6113.23,Active
ACC11049,CUST05500,BR029,Savings,2024-09-13,7584.85,Active
ACC03755,CUST08515,BR024,Current,2023-12-22,46427.71,Active
ACC07073,CUST04707,BR031,Current,2026-02-24,9480.15,Active
ACC03232,CUST09287,BR010,Savings,2025-01-09,88130.53,Closed
ACC00677,CUST02433,BR041,Savings,2025-03-08,45049.42,Active
ACC00818,CUST02872,BR011,Salary,2026-02-10,78731.86,Dormant
ACC11317,CUST06895,BR022,Current,2026-08-27,58862.28,Dormant
ACC08029,CUST07781,BR023,Savings,2026-05-09,41164.6,Active
ACC05226,CUST01993,BR042,Savings,2025-03-18,22267.71,Active
ACC04167,CUST02972,BR027,Savings,2025-12-04,57503.24,Dormant
ACC11028,CUST06186,BR031,Savings,2025-07-26,77827.44,Closed
ACC10146,CUST05658,BR027,Current,2024-06-16,98929.06,Dormant
ACC10853,CUST07016,BR004,Savings,2026-01-14,77611.33,Active
ACC00445,CUST09580,BR039,Savings,2025-03-17,77477.2,Active
ACC03391,CUST08039,BR033,Current,2024-11-14,55286.06,Active
ACC08495,CUST06182,BR001,Savings,2025-10-10,71087.98,Active
ACC10826,CUST02437,BR020,Savings,2024-04-12,63972.78,Closed
ACC06734,CUST03045,BR010,Savings,2026-04-25,93651.43,Active
ACC02330,CUST06869,BR015,Salary,2025-01-16,51863.63,Dormant
ACC02777,CUST01920,BR016,Savings,2026-06-20,7759.31,Dormant
ACC06218,CUST06379,BR037,Savings,2024-09-15,21625.99,Active
ACC05189,CUST07722,BR027,Savings,2024-07-10,68890.1,Dormant
ACC08361,CUST05124,BR030,Current,2024-10-17,10986.79,Closed
ACC07350,CUST02820,BR033,Savings,2025-01-03,40906.78,Closed
ACC01209,CUST05808,BR049,Current,2024-08-27,82599.08,Dormant
ACC03334,CUST02091,BR014,Savings,2025-06-16,39532.4,Active
ACC10703,CUST01492,BR005,Savings,2025-04-12,77985.74,Closed
ACC04119,CUST06715,BR035,Savings,2025-05-04,61859.22,Dormant
ACC00468,CUST08800,BR005,Salary,2026-09-02,79136.86,Dormant
ACC02979,CUST02108,BR039,Current,2024-06-20,5492.33,Dormant
ACC07685,CUST07698,BR019,Current,2025-07-15,52205.67,Dormant
ACC03465,CUST08095,BR005,Current,2024-07-08,10515.89,Closed
ACC09929,CUST06619,BR043,Salary,2026-02-14,60801.77,Closed
ACC10999,CUST03718,BR012,Salary,2025-07-19,21267.59,Active
ACC10950,CUST08533,BR027,Current,2025-12-22,41854.01,Active
ACC02061,CUST08231,BR032,Salary,2024-07-18,50203.77,Closed
ACC08190,CUST99999,BR036,Current,2025-05-30,20950.41,Closed
ACC02318,CUST03099,BR039,Current,2025-02-18,75346.08,Active
ACC08004,CUST05159,BR013,Savings,2026-04-14,56608.64,Closed
ACC00923,CUST99999,BR000,Savings,2023-12-19,89256.32,Active
ACC08458,CUST05380,BR032,Savings,2024-08-09,51656.6,Closed
ACC02970,CUST07771,BR038,Savings,2026-06-01,33954.51,Dormant
ACC03967,CUST03630,BR016,Savings,2026-03-05,22197.73,Dormant
ACC03887,CUST00810,BR032,Current,2025-01-03,23242.92,Dormant
ACC08349,CUST02733,BR028,Current,2024-06-07,19338.9,Dormant
ACC06090,CUST09398,BR001,Salary,2025-01-13,25058.42,Dormant
ACC09254,CUST05447,BR028,Salary,2026-04-26,33241.41,Closed
ACC01795,CUST02429,BR015,Savings,2025-10-26,81191.38,Active
ACC06156,CUST05109,BR001,Savings,2025-12-24,64192.65,Dormant
ACC08304,CUST08941,BR001,Salary,2026-06-06,54855.45,Closed
ACC10795,CUST01560,BR042,Current,2025-07-06,1097.76,Closed
ACC06217,CUST02325,BR036,Salary,2026-05-07,4714.74,Closed
ACC00419,CUST01117,BR005,Salary,2025-02-08,99813.95,Closed
ACC05315,CUST06073,BR038,Savings,2023-12-31,79240.59,Dormant
ACC11130,CUST01709,BR026,Salary,2023-12-22,17903.67,Dormant
ACC06350,CUST00212,BR005,Salary,2026-06-06,56956.7,Dormant
ACC01464,CUST09520,BR013,Savings,2023-11-29,40681.05,Dormant
ACC10029,CUST00615,BR022,Current,2025-06-25,77273.99,Dormant
ACC03260,CUST05918,BR005,Current,2026-08-20,82683.98,Dormant
ACC10050,CUST03125,BR017,Salary,2025-09-16,13196.04,Dormant
ACC11202,CUST05492,BR016,Salary,2024-07-03,71144.85,Closed
ACC06132,CUST07186,BR041,Salary,2025-05-06,96725.25,Closed
ACC05145,CUST08961,BR000,Savings,2024-04-23,37578.83,Closed
ACC11987,CUST01341,BR030,Savings,2024-01-18,96706.02,Closed
ACC07482,CUST09506,BR041,Salary,2026-09-05,63249.94,Dormant
ACC07504,CUST00658,BR000,Savings,2024-04-12,59495.85,Dormant
ACC00155,CUST09891,BR035,Current,2026-05-31,19019.16,Active
ACC05422,CUST05137,BR019,Savings,2024-09-07,76776.51,Closed
ACC04781,CUST07308,BR024,Current,2026-08-15,57998.85,Closed
ACC06230,CUST00404,BR016,Savings,2023-12-24,45267.82,Active
ACC07013,CUST01173,BR021,Current,2026-05-03,8989.12,Dormant
ACC09561,CUST05116,BR001,Current,2025-10-30,16915.74,Active
ACC07414,CUST08925,BR016,Savings,2024-09-09,2371.33,Dormant
ACC10170,CUST00343,BR034,Current,2024-10-31,12854.74,Closed
ACC10012,CUST03275,BR010,Salary,2025-04-05,23827.83,Dormant
ACC03401,CUST05708,BR040,Salary,2025-08-19,72298.72,Dormant
ACC10233,CUST01386,BR014,Current,2026-01-30,3696.45,Active
ACC01280,CUST03040,BR004,Salary,2026-08-30,90847.16,Closed
ACC05300,CUST09549,BR013,Savings,2025-06-28,57922.41,Dormant
ACC00159,CUST00198,BR038,Current,2025-07-15,51582.71,Closed
ACC11389,CUST02150,BR016,Current,2024-02-27,58584.91,Closed
ACC08553,CUST04422,BR042,Current,2024-05-19,30599.01,Closed
ACC03493,CUST00826,BR045,Savings,2025-11-10,69716.34,Closed
ACC09068,CUST09397,BR009,Current,2026-06-28,22093.13,Closed
ACC10171,CUST03439,BR031,Savings,2023-12-12,13931.21,Active
ACC11326,CUST01883,BR028,Savings,2024-10-08,62898.67,Active
ACC08819,CUST08617,BR043,Current,2024-12-22,87811.47,Dormant
ACC03335,CUST09946,BR000,Savings,2024-01-20,74228.83,Active
ACC04868,CUST08304,BR042,Salary,2023-09-24,32374.95,Dormant
ACC08641,CUST00075,BR006,Savings,2024-01-09,73671.32,Closed
ACC05998,CUST08939,BR021,Salary,2025-08-09,62103.62,Dormant
ACC04369,CUST00007,BR020,Salary,2025-09-15,81430.26,Closed
ACC04446,CUST09806,BR040,Savings,2026-04-11,41586.82,Closed
ACC00421,CUST00720,BR000,Current,2026-05-25,82212.41,Active
ACC09725,CUST05372,BR006,Salary,2026-05-01,77105.88,Active
ACC01723,CUST07712,BR004,Salary,2026-05-19,2260.47,Dormant
ACC05083,CUST01290,BR007,Current,2026-08-19,95987.88,Closed
ACC09027,CUST09639,BR041,Current,2024-09-16,99657.13,Dormant
ACC01854,CUST07620,BR006,Current,2025-01-31,92682.71,Active
ACC10714,CUST00912,BR042,Current,2026-03-04,41897.96,Active
ACC04553,CUST09658,BR046,Savings,2024-06-04,59847.11,Closed
ACC03561,CUST09478,BR002,Savings,2025-10-08,43341.11,Closed
ACC06713,CUST05388,BR015,Current,2025-11-29,-32054.96,Active
ACC10137,CUST02909,BR047,Salary,2024-01-26,90210.2,Closed
ACC11606,CUST06558,BR000,Salary,2025-10-24,10381.44,Closed
ACC01638,CUST09797,BR019,Salary,2025-07-26,99367.87,Closed
ACC01803,CUST08661,BR026,Current,2026-06-08,40905.96,Dormant
ACC09383,CUST02557,BR043,Current,2024-06-19,7089.98,Dormant
ACC04283,CUST03710,BR017,Current,2025-07-14,66578.83,Active
ACC04265,CUST05683,BR000,Current,2024-01-02,87480.35,Active
ACC06163,CUST01607,BR005,Savings,2026-02-01,16161.71,Dormant
ACC03080,CUST03596,BR008,Salary,2024-11-17,86593.59,Active
ACC07947,CUST01645,BR047,Salary,2025-05-25,84089.85,Closed
ACC00462,CUST02759,BR031,Salary,2025-02-06,47737.52,Active
ACC03293,CUST09940,BR040,Current,2024-09-28,20048.93,Closed
ACC01414,CUST02471,BR003,Savings,2026-01-01,98127.41,Active
ACC10355,CUST01600,BR012,Salary,2023-10-14,81842.01,Active
ACC06792,CUST02381,BR022,Salary,2024-08-24,44297.99,Active
ACC00315,CUST04411,BR017,Savings,2026-02-24,80533.67,Dormant
ACC01506,CUST07864,BR032,Salary,2026-01-07,89145.55,Active
ACC02232,CUST05400,BR017,Salary,2026-06-02,83758.23,Closed
ACC08560,CUST05368,BR022,Savings,2023-11-23,16205.22,Active
ACC04116,CUST09596,BR024,Salary,2023-12-04,26144.9,Active
ACC01885,CUST01603,BR028,Salary,2025-02-13,75547.59,Active
ACC02752,CUST05404,BR047,Savings,2025-02-25,57796.68,Dormant
ACC10763,CUST09806,BR034,Current,2026-04-04,5038.39,Dormant
ACC03166,CUST03377,BR009,Current,2023-10-19,94671.82,Dormant
ACC07322,CUST03600,BR016,Salary,2023-12-01,7066.6,Closed
ACC01353,CUST09019,BR021,Savings,2024-10-20,67113.69,Closed
ACC09977,CUST04814,BR039,Savings,2025-11-23,31345.89,Dormant
ACC06958,CUST07476,BR020,Savings,2026-08-25,46109.89,Dormant
ACC06513,CUST06101,BR009,Savings,2025-07-28,2760.05,Dormant
ACC08627,CUST07222,BR034,Current,2024-06-02,9304.54,Dormant
ACC06822,CUST06831,BR042,Savings,2026-08-06,99382.48,Active
ACC09661,CUST00249,BR000,Salary,2024-02-15,25105.02,Closed
ACC10337,CUST09625,BR014,Savings,2026-02-03,44952.98,Active
ACC10347,CUST08171,BR002,Salary,2024-03-24,6875.71,Closed
ACC00007,CUST09515,BR045,Savings,2024-02-15,23296.91,Dormant
ACC05479,CUST04613,BR017,Salary,2026-02-28,29811.93,Closed
ACC00314,CUST03814,BR026,Salary,2023-12-08,42799.13,Active
ACC08161,CUST03010,BR046,Savings,2025-08-11,54753.36,Dormant
ACC09945,CUST03108,BR025,Current,2026-02-14,48030.5,Active
ACC06954,CUST04810,BR009,Current,2025-10-25,91964.53,Closed
ACC10760,CUST08345,BR029,Savings,2026-08-05,20603.59,Dormant
ACC08893,CUST06227,BR038,Salary,2025-03-03,99289.18,Dormant
ACC08149,CUST09023,BR019,Savings,2025-06-18,32721.41,Dormant
ACC11271,CUST03356,BR001,Salary,2024-07-09,64144.43,Closed
ACC02249,CUST03266,BR022,Salary,2025-11-21,33962.03,Active
ACC07591,CUST06939,BR030,Salary,2025-09-06,80820.94,Closed
ACC10686,CUST07413,BR019,Savings,2025-05-23,73386.11,Active
ACC00691,CUST00840,BR021,Current,2025-05-05,48823.16,Active
ACC10922,CUST09539,BR030,Savings,2024-11-29,27295.93,Dormant
ACC04688,CUST09871,BR010,Savings,2025-02-06,9279.21,Dormant
ACC02255,CUST05596,BR003,Savings,2024-08-24,3374.37,Closed
ACC01004,CUST06621,BR006,Savings,2024-11-30,33241.6,Dormant
ACC11047,CUST04461,BR045,Salary,2024-09-30,24927.08,Closed
ACC11012,CUST06915,BR018,Salary,2025-05-08,98358.0,Dormant
ACC04997,CUST08793,BR023,Savings,2025-11-06,23767.4,Closed
ACC05146,CUST09062,BR020,Savings,2023-12-14,36137.74,Dormant
ACC07770,CUST08314,BR021,Current,2024-11-11,63893.1,Closed
ACC06475,CUST06261,BR017,Current,2024-08-09,99015.23,Active
ACC03021,CUST07038,BR015,Current,2026-08-28,89994.03,Closed
ACC01922,CUST09557,BR001,Current,2024-05-17,28433.82,Active
ACC01976,CUST08071,BR000,Salary,2024-10-10,69501.35,Active
ACC03798,CUST03475,BR005,Savings,2024-01-20,14220.13,Dormant
ACC11050,CUST05231,BR013,Current,2024-07-15,38738.55,Closed
ACC06879,CUST00717,BR003,Savings,2024-06-20,14023.84,Dormant
ACC08861,CUST99999,BR037,Savings,2025-10-05,18014.51,Active
ACC10727,CUST01782,BR030,Current,2025-01-13,75254.82,Active
ACC01079,CUST04664,BR032,Savings,2025-11-22,85193.8,Closed
ACC04104,CUST06683,BR008,Current,2025-09-10,4861.07,Dormant
ACC10431,CUST08340,BR000,Savings,2026-05-07,39640.78,Closed
ACC03049,CUST07383,BR031,Savings,2026-06-14,98575.45,Closed
ACC10976,CUST01698,BR002,Savings,2026-08-22,93588.5,Dormant
ACC09832,CUST04166,BR048,Savings,2025-08-21,31813.85,Dormant
ACC09376,CUST09093,BR003,Salary,2026-05-25,10464.84,Closed
ACC10606,CUST08235,BR037,Current,2024-06-12,78009.06,Active
ACC06935,CUST03376,BR009,Savings,2024-06-29,53386.84,Closed
ACC07190,CUST08094,BR014,Salary,2025-01-11,51011.12,Closed
ACC07724,CUST03492,BR046,Savings,2023-09-25,66867.98,Active
ACC01609,CUST02983,BR040,Salary,2026-05-19,65850.31,Active
ACC08261,CUST07669,BR025,Savings,2025-10-26,18483.03,Active
ACC09405,CUST08910,BR026,Salary,2024-11-23,33917.21,Closed
ACC07236,CUST01217,BR043,Salary,2025-11-03,82325.39,Closed
ACC10250,CUST09553,BR023,Current,2026-05-22,17704.42,Closed
ACC09961,CUST09481,BR016,Current,2025-06-10,54360.98,Active
ACC09239,CUST00978,BR001,Current,2023-10-11,32007.64,Active
ACC10261,CUST03464,BR040,Savings,2025-01-31,61735.5,Closed
ACC05455,CUST07941,BR000,Current,2025-09-23,66185.95,Dormant
ACC08662,CUST05568,BR014,Current,2024-12-20,67515.64,Closed
ACC00964,CUST03958,BR046,Current,2024-09-15,17312.44,Active
ACC11111,CUST02115,BR041,Salary,2026-02-09,85569.59,Active
ACC06107,CUST00647,BR023,Savings,2024-03-21,45216.5,Active
ACC03173,CUST02550,BR045,Current,2025-01-24,19067.32,Dormant
ACC03608,CUST00177,BR036,Salary,2023-11-19,55914.85,Dormant
ACC06638,CUST00146,BR000,Current,2024-10-20,10810.34,Closed
ACC06464,CUST08336,BR013,Current,2026-01-22,91967.94,Dormant
ACC11982,CUST03414,BR011,Salary,2024-09-15,47213.21,Active
ACC06681,CUST03109,BR026,Current,2026-04-23,66934.83,Closed
ACC05085,CUST03092,BR004,Current,2024-11-07,88231.66,Active
ACC10870,CUST01954,BR006,Salary,2023-12-26,99357.74,Closed
ACC09394,CUST03342,BR013,Savings,2025-03-15,29452.69,Active
ACC01329,CUST02004,BR001,Salary,2024-10-12,70309.41,Dormant
ACC08789,CUST99999,BR015,Salary,2025-09-17,33932.06,Closed
ACC07189,CUST06726,BR013,Salary,2026-07-28,33192.67,Closed
ACC03560,CUST07473,BR022,Savings,2025-05-11,12801.86,Dormant
ACC00713,CUST05302,BR027,Current,2023-11-26,82731.13,Active
ACC10935,CUST00272,BR024,Salary,2025-07-11,95588.4,Dormant
ACC01940,CUST07513,BR022,Current,2025-11-14,6499.61,Active
ACC06818,CUST01145,BR011,Current,2026-06-18,60408.9,Dormant
ACC04215,CUST07543,BR046,Savings,2025-10-18,29647.74,Active
ACC02254,CUST03418,BR028,Current,2025-01-22,78451.83,Dormant
ACC06342,CUST01029,BR047,Savings,2024-01-28,36521.44,Active
ACC10630,CUST00449,BR029,Current,2023-12-19,49158.71,Closed
ACC05670,CUST03363,BR000,Savings,2025-10-29,94950.98,Dormant
ACC09055,CUST09358,BR023,Salary,2025-10-02,72805.12,Closed
ACC09474,CUST05006,BR014,Salary,2024-07-28,68485.46,Active
ACC00436,CUST03499,BR011,Current,2026-03-01,15393.72,Active
ACC00952,CUST00304,BR018,Current,2026-02-08,41505.18,Dormant
ACC06833,CUST08205,BR039,Current,2026-02-02,34629.67,Closed
ACC11766,CUST03552,BR003,Savings,2026-09-01,97081.59,Active
ACC08471,CUST02768,BR020,Savings,2024-07-27,18301.93,Dormant
ACC03459,CUST04342,BR009,Current,2026-04-28,79796.08,Active
ACC01435,CUST05580,BR040,Savings,2024-07-23,22452.08,Closed
ACC08299,CUST01055,BR027,Savings,2024-04-01,14242.09,Closed
ACC04442,CUST04132,BR032,Salary,2024-11-09,35890.02,Active
ACC06033,CUST06689,BR009,Savings,2024-05-19,82246.07,Active
ACC06499,CUST08475,BR002,Savings,2026-09-04,34651.16,Active
ACC05412,CUST04992,BR026,Salary,2024-10-02,72781.92,Closed
ACC03993,CUST07855,BR036,Salary,2024-08-08,52954.59,Dormant
ACC02114,CUST02514,BR011,Savings,2026-08-15,30962.28,Dormant
ACC06317,CUST02841,BR028,Current,2024-03-02,25045.04,Closed
ACC10771,CUST07150,BR048,Salary,2025-05-28,4812.31,Dormant
ACC10151,CUST09072,BR013,Current,2024-02-09,3535.03,Active
ACC01404,CUST04122,BR000,Salary,2026-08-16,45881.74,Closed
ACC02691,CUST02966,BR038,Current,2026-04-06,47997.72,Dormant
ACC08268,CUST05857,BR003,Savings,2024-12-06,58225.51,Dormant
ACC04876,CUST06140,BR009,Salary,2026-05-01,97134.91,Active
ACC04541,CUST01288,BR008,Salary,2026-07-27,62506.7,Dormant
ACC01298,CUST03226,BR000,Salary,2024-06-30,15418.1,Dormant
ACC00863,CUST99999,BR023,Salary,2026-01-15,9514.14,Active
ACC02765,CUST04268,BR001,Salary,2026-06-08,21999.14,Active
ACC03004,CUST04321,BR034,Current,2026-04-23,83471.19,Active
ACC07465,CUST00334,BR023,Current,2026-07-30,4804.69,Dormant
ACC04222,CUST04328,BR011,Savings,2024-05-26,93566.76,Active
ACC07747,CUST02717,BR033,Current,2024-08-10,38676.31,Closed
ACC01737,CUST09508,BR013,Current,2024-06-04,77934.96,Closed
ACC02425,CUST01026,BR043,Savings,2026-04-07,69372.54,Dormant
ACC08976,CUST00889,BR041,Current,2025-02-13,44948.85,Dormant
ACC07575,CUST09282,BR027,Salary,2024-09-23,85391.7,Active
ACC07643,CUST07787,BR025,Savings,2026-09-01,37442.92,Active
ACC09058,CUST01587,BR017,Salary,2025-06-25,80309.41,Dormant
ACC07496,CUST01825,BR008,Savings,2025-05-31,71772.89,Active
ACC01780,CUST07530,BR023,Savings,2026-04-21,17100.41,Dormant
ACC02352,CUST00213,BR038,Salary,2025-11-16,34211.64,Active
ACC03567,CUST05447,BR045,Salary,2025-06-13,36515.91,Active
ACC01045,CUST00277,BR045,Savings,2025-10-11,45526.21,Active
ACC03426,CUST09388,BR012,Salary,2024-04-04,64890.7,Closed
ACC10307,CUST07950,BR045,Current,2026-08-01,20830.3,Closed
ACC06769,CUST07698,BR020,Current,2025-12-09,10399.43,Active
ACC07600,CUST06007,BR041,Savings,2024-12-01,20583.84,Closed
ACC10156,CUST03327,BR049,Current,2024-10-13,73429.4,Closed
ACC02277,CUST07930,BR004,Salary,2024-05-31,77541.98,Active
ACC05305,CUST00693,BR042,Savings,2025-07-16,75225.71,Closed
ACC08772,CUST05498,BR024,Current,2025-03-27,98567.37,Closed
ACC01117,CUST02214,BR029,Salary,2025-06-15,95323.91,Dormant
ACC08403,CUST04773,BR009,Current,2023-11-10,56802.8,Active
ACC03242,CUST03433,BR045,Current,2025-01-27,29790.85,Closed
ACC00418,CUST07421,BR019,Salary,2023-09-14,60461.92,Dormant
ACC06043,CUST09535,BR019,Salary,2025-03-22,95043.15,Active
ACC00624,CUST08514,BR024,Current,2025-01-13,2128.59,Active
ACC05399,CUST02532,BR028,Salary,2024-03-05,42187.61,Dormant
ACC10535,CUST01056,BR011,Salary,2025-02-24,2187.02,Closed
ACC02246,CUST03900,BR003,Savings,2025-10-29,56092.45,Closed
ACC03682,CUST00261,BR034,Current,2026-01-31,20336.27,Closed
ACC05526,CUST04943,BR043,Current,2023-12-15,93619.95,Closed
ACC05587,CUST05212,BR003,Current,2026-07-01,11379.85,Closed
ACC09834,CUST00314,BR045,Savings,2026-08-03,25589.32,Closed
ACC08982,CUST02310,BR007,Current,2025-07-03,42286.04,Active
ACC05039,CUST03287,BR043,Salary,2024-06-26,77431.31,Active
ACC00220,CUST06494,BR022,Current,2024-08-23,3587.33,Active
ACC05264,CUST02148,BR009,Current,2024-09-21,82316.45,Active
ACC04873,CUST03188,BR041,Savings,2025-01-31,63423.53,Closed
ACC04142,CUST06140,BR030,Salary,2025-10-09,36435.76,Active
ACC00514,CUST03317,BR027,Current,2024-10-08,79201.06,Active
ACC02712,CUST99999,BR024,Current,2023-12-13,37108.27,Closed
ACC00069,CUST03177,BR021,Salary,2024-02-12,49994.57,Closed
ACC08850,CUST00312,BR046,Salary,2023-10-30,9758.39,Closed
ACC09591,CUST08193,BR012,Savings,2025-12-17,65819.56,Closed
ACC02998,CUST04027,BR030,Salary,2025-08-17,24089.6,Closed
ACC05375,CUST08247,BR004,Savings,2024-04-15,2538.91,Closed
ACC11157,CUST03749,BR042,Savings,2025-10-22,23592.17,Closed
ACC00265,CUST05788,BR001,Savings,2024-02-08,14177.21,Dormant
ACC09369,CUST04770,BR009,Salary,2025-07-16,28842.75,Closed
ACC00437,CUST07660,BR035,Savings,2026-01-14,83839.73,Closed
ACC10655,CUST03692,BR000,Current,2026-05-13,81963.15,Active
ACC02269,CUST04319,BR020,Salary,2025-12-15,9520.52,Closed
ACC08228,CUST01876,BR014,Salary,2025-03-29,10544.68,Active
ACC10810,CUST07308,BR033,Savings,2026-06-28,2026.26,Dormant
ACC02784,CUST09564,BR002,Salary,2024-03-24,4397.78,Dormant
ACC03218,CUST03824,BR034,Savings,2025-04-21,57663.75,Closed
ACC05734,CUST00381,BR008,Salary,2026-04-16,68221.32,Dormant
ACC08694,CUST01520,BR001,Savings,2024-11-19,20905.88,Active
ACC09262,CUST05162,BR038,Salary,2026-02-06,31180.9,Active
ACC09644,CUST07761,BR017,Savings,2024-05-24,99746.69,Dormant
ACC04499,CUST05297,BR011,Savings,2023-12-07,64201.76,Closed
ACC08686,CUST00852,BR026,Current,2026-02-10,16294.32,Active
ACC05874,CUST02757,BR002,Salary,2025-08-24,42705.81,Active
ACC08728,CUST03683,BR032,Salary,2026-01-21,33315.47,Active
ACC09149,CUST01142,BR036,Salary,2025-01-01,42663.6,Active
ACC03588,CUST09816,BR037,Current,2025-03-18,16708.82,Active
ACC05000,CUST07651,BR034,Savings,2026-06-21,-1376.5,Active
ACC07063,CUST06187,BR018,Salary,2024-11-23,23545.36,Closed
ACC10685,CUST03916,BR014,Savings,2026-02-27,60618.75,Closed
ACC07266,CUST01819,BR040,Savings,2023-11-19,80872.97,Closed
ACC09805,CUST04911,BR027,Salary,2024-03-18,95315.75,Active
ACC06837,CUST09702,BR005,Current,2026-01-21,76409.44,Active
ACC09667,CUST08028,BR031,Current,2026-03-22,63683.74,Closed
ACC05380,CUST00986,BR003,Savings,2026-03-23,93174.69,Closed
ACC07688,CUST02584,BR038,Salary,2025-08-06,32678.06,Dormant
ACC05740,CUST03479,BR030,Savings,2026-01-13,83465.37,Dormant
ACC02057,CUST06282,BR044,Current,2023-12-16,33551.24,Active
ACC09247,CUST04033,BR043,Salary,2025-08-27,77255.2,Active
ACC01222,CUST00465,BR020,Current,2025-01-24,54289.57,Active
ACC03675,CUST99999,BR022,Savings,2025-04-25,4960.26,Active
ACC04906,CUST07280,BR010,Savings,2026-04-15,14171.04,Active
ACC07762,CUST06764,BR017,Salary,2024-06-21,45496.31,Active
ACC06309,CUST05552,BR029,Salary,2025-09-25,32168.27,Active
ACC06140,CUST03790,BR009,Savings,2024-03-30,11811.66,Closed
ACC01666,CUST02689,BR002,Salary,2024-12-01,13116.09,Closed
ACC00758,CUST06249,BR011,Savings,2025-01-04,99839.3,Closed
ACC07551,CUST04394,BR042,Current,2025-06-08,12808.06,Active
ACC00019,CUST07959,BR047,Salary,2026-04-01,72508.59,Closed
ACC11348,CUST06123,BR015,Savings,2025-10-25,50189.64,Closed
ACC11871,CUST02006,BR048,Savings,2026-08-26,48243.28,Dormant
ACC11338,CUST06571,BR010,Savings,2026-03-07,65724.79,Closed
ACC08517,CUST00488,BR027,Current,2024-06-13,51678.04,Dormant
ACC06587,CUST07445,BR049,Salary,2023-11-06,14111.8,Closed
ACC01232,CUST07348,BR046,Current,2026-02-04,42603.59,Active
ACC05758,CUST06231,BR000,Savings,2025-08-02,32368.36,Active
ACC10670,CUST00906,BR024,Salary,2026-06-07,69408.75,Active
ACC00286,CUST03295,BR015,Salary,2026-06-18,81897.13,Dormant
ACC01493,CUST07030,BR019,Current,2025-10-09,88920.0,Dormant
ACC09194,CUST08927,BR004,Savings,2023-10-21,58882.65,Closed
ACC06520,CUST06804,BR016,Salary,2026-05-19,19596.93,Dormant
ACC00150,CUST01358,BR027,Savings,2026-07-31,82129.14,Active
ACC03666,CUST02288,BR015,Salary,2024-08-29,56674.03,Dormant
ACC07816,CUST03592,BR012,Salary,2026-06-19,24830.38,Closed
ACC03206,CUST02762,BR003,Salary,2025-10-18,51030.56,Dormant
ACC00879,CUST07090,BR008,Current,2024-03-12,39195.33,Dormant
ACC02065,CUST03374,BR012,Current,2025-01-11,1839.27,Closed
ACC02518,CUST07342,BR003,Salary,2024-12-15,37558.94,Active
ACC11539,CUST06270,BR018,Current,2025-09-17,11927.09,Active
ACC00555,CUST00515,BR040,Savings,2024-12-24,89501.91,Active
ACC06375,CUST02963,BR012,Savings,2025-12-30,3779.24,Dormant
ACC11007,CUST09889,BR023,Salary,2024-02-12,4354.28,Active
ACC04402,CUST00366,BR015,Salary,2023-12-22,78694.23,Dormant
ACC04977,CUST05959,BR009,Salary,2024-01-23,90440.94,Closed
ACC02676,CUST05274,BR047,Savings,2025-10-28,2899.18,Active
ACC01641,CUST07065,BR007,Savings,2024-08-08,83068.97,Dormant
ACC02526,CUST06876,BR009,Current,2025-10-07,70763.65,Dormant
ACC04648,CUST07492,BR014,Savings,2025-03-13,95008.67,Dormant
ACC03241,CUST00575,BR015,Current,2024-09-19,56551.46,Active
ACC11263,CUST00246,BR004,Savings,2025-04-13,15036.71,Active
ACC02342,CUST02394,BR015,Savings,2026-04-21,89179.56,Closed
ACC01326,CUST02580,BR036,Current,2025-10-27,95775.4,Closed
ACC05747,CUST00660,BR000,Savings,2025-09-29,73163.14,Active
ACC08707,CUST05001,BR005,Salary,2026-07-21,79277.21,Dormant
ACC01072,CUST08171,BR005,Current,2023-09-10,84864.5,Active
ACC09175,CUST07455,BR009,Salary,2024-01-11,62697.27,Closed
ACC07640,CUST04367,BR030,Current,2025-04-05,38443.14,Dormant
ACC02908,CUST99999,BR031,Savings,2025-09-22,59099.71,Active
ACC09413,CUST07645,BR038,Savings,2024-08-03,85433.46,Active
ACC10659,CUST05384,BR027,Savings,2026-03-04,85318.54,Closed
ACC00197,CUST08653,BR023,Current,2024-03-26,55662.0,Dormant
ACC05169,CUST03008,BR008,Savings,2025-04-23,30026.41,Closed
ACC08996,CUST03750,BR042,Salary,2025-05-25,59655.9,Dormant
ACC05445,CUST07269,BR042,Current,2025-01-07,63873.49,Closed
ACC06281,CUST08680,BR011,Savings,2024-07-03,58177.65,Active
ACC01362,CUST01267,BR035,Savings,2023-10-17,60487.3,Closed
ACC09001,CUST08173,BR021,Current,2026-07-18,87300.67,Closed
ACC05580,CUST01809,BR048,Current,2024-08-02,20408.17,Dormant
ACC02788,CUST01087,BR042,Salary,2024-12-15,49937.95,Closed
ACC02965,CUST07677,BR030,Savings,2026-06-21,43304.3,Dormant
ACC06124,CUST01935,BR003,Current,2025-11-30,70631.84,Closed
ACC01342,CUST09634,BR003,Current,2025-03-30,41370.96,Dormant
ACC03423,CUST04847,BR048,Savings,2026-03-13,81888.45,Active
ACC00349,CUST08176,BR038,Savings,2025-01-12,81180.67,Dormant
ACC08865,CUST03506,BR025,Salary,2025-10-10,15787.49,Closed
ACC04214,CUST00986,BR006,Current,2024-02-17,38963.16,Active
ACC06250,CUST06350,BR011,Salary,2024-06-23,84258.52,Active
ACC07289,CUST05561,BR013,Current,2024-11-07,80573.56,Closed
ACC07665,CUST03398,BR022,Savings,2023-12-02,57535.1,Active
ACC06185,CUST08164,BR020,Savings,2024-04-07,32003.76,Closed
ACC02389,CUST06781,BR047,Salary,2024-07-07,71135.03,Active
ACC05595,CUST00336,BR016,Current,2025-09-22,91361.86,Closed
ACC04171,CUST01701,BR034,Current,2026-09-07,36090.8,Dormant
ACC04999,CUST01262,BR030,Salary,2024-07-26,46760.0,Dormant
ACC07932,CUST02090,BR005,Salary,2026-04-15,6302.41,Active
ACC04346,CUST01948,BR003,Salary,2024-10-22,47751.68,Dormant
ACC04756,CUST06377,BR025,Current,2024-08-28,77088.47,Closed
ACC01268,CUST05168,BR011,Savings,2025-08-18,12117.03,Closed
ACC08607,CUST02656,BR003,Current,2025-12-13,24859.43,Dormant
ACC05845,CUST99999,BR040,Savings,2025-08-15,8017.35,Active
ACC00328,CUST05003,BR000,Current,2024-01-11,43711.21,Active
ACC10916,CUST99999,BR000,Savings,2025-10-10,24923.1,Dormant
ACC10731,CUST04466,BR044,Salary,2024-06-13,62705.93,Active
ACC06325,CUST03104,BR008,Savings,2026-03-05,14649.76,Closed
ACC00707,CUST02530,BR029,Savings,2024-01-17,80386.32,Active
ACC02353,CUST99999,BR002,Savings,2025-09-03,92347.9,Active
ACC02484,CUST05859,BR040,Salary,2026-08-16,12150.86,Closed
ACC00236,CUST07355,BR014,Current,2025-02-03,65520.52,Dormant
ACC11461,CUST01019,BR024,Current,2023-10-18,88283.26,Dormant
ACC04918,CUST01812,BR013,Savings,2023-11-19,40415.41,Dormant
ACC01850,CUST08974,BR024,Current,2025-01-01,18877.03,Closed
ACC02720,CUST06259,BR009,Savings,2025-01-30,23007.47,Dormant
ACC05622,CUST02896,BR045,Current,2026-05-26,18762.4,Closed
ACC03746,CUST03092,BR009,Salary,2025-06-23,96548.57,Closed
ACC11624,CUST09907,BR010,Savings,2025-09-20,8112.4,Closed
ACC05211,CUST01934,BR008,Current,2025-02-03,42333.37,Dormant
ACC11247,CUST00551,BR025,Current,2023-10-09,39731.13,Active
ACC00417,CUST01339,BR009,Salary,2023-11-16,7013.64,Closed
ACC01919,CUST03914,BR048,Savings,2025-10-29,60085.57,Active
ACC11903,CUST08669,BR030,Current,2024-11-06,72718.15,Dormant
ACC06895,CUST02806,BR023,Current,2024-07-22,21349.8,Closed
ACC07739,CUST05778,BR029,Savings,2024-07-04,32293.68,Closed
ACC03408,CUST07557,BR049,Savings,2025-01-07,61833.08,Dormant
ACC09321,CUST05288,BR047,Current,2024-09-07,22608.8,Closed
ACC03630,CUST09141,BR011,Current,2024-01-15,36013.28,Closed
ACC00004,CUST02852,BR011,Savings,2024-09-23,72038.39,Dormant
ACC06639,CUST08273,BR024,Savings,2024-01-19,88474.43,Active
ACC08669,CUST03032,BR027,Savings,2026-03-09,12928.47,Dormant
ACC02507,CUST07049,BR046,Current,2026-07-24,27632.56,Dormant
ACC00194,CUST06120,BR021,Salary,2023-12-25,54584.28,Dormant
ACC08901,CUST06170,BR021,Savings,2025-02-26,76592.09,Dormant
ACC05373,CUST01672,BR005,Savings,2026-01-15,50364.72,Closed
ACC08591,CUST02188,BR048,Current,2024-11-19,26110.01,Closed
ACC02294,CUST06253,BR047,Savings,2026-04-26,17313.57,Dormant
ACC05244,CUST00977,BR022,Current,2026-07-05,85865.28,Dormant
ACC11541,CUST09602,BR024,Current,2024-03-18,44844.14,Dormant
ACC08038,CUST09363,BR011,Current,2025-09-14,59685.14,Closed
ACC08520,CUST05037,BR009,Savings,2026-06-06,58878.32,Dormant
ACC00300,CUST00965,BR019,Current,2023-09-12,74244.69,Active
ACC03787,CUST03311,BR024,Current,2026-05-21,31050.67,Active
ACC07097,CUST02434,BR010,Salary,2024-07-29,14518.22,Dormant
ACC11543,CUST07342,BR016,Current,2024-04-06,25124.29,Active
ACC10957,CUST03882,BR048,Salary,2025-06-08,64187.16,Dormant
ACC06628,CUST08352,BR016,Salary,2025-05-13,98881.83,Active
ACC09063,CUST07602,BR047,Savings,2024-11-05,14882.39,Active
ACC04379,CUST06994,BR019,Salary,2025-11-19,49707.74,Dormant
ACC10610,CUST09874,BR030,Salary,2024-10-19,73568.72,Closed
ACC05330,CUST07120,BR031,Savings,2025-01-12,16677.76,Closed
ACC01581,CUST01996,BR044,Savings,2024-08-25,1877.84,Closed
ACC07867,CUST05893,BR026,Current,2024-12-16,46480.66,Closed
ACC02851,CUST08786,BR041,Current,2026-07-29,-67116.81,Dormant
ACC06834,CUST05224,BR015,Current,2024-05-11,43158.48,Active
ACC08243,CUST05654,BR030,Current,2025-09-21,41861.79,Active
ACC01516,CUST07816,BR045,Savings,2024-02-10,68181.93,Active
ACC01859,CUST08872,BR004,Salary,2025-12-04,86339.6,Active
ACC07818,CUST01389,BR025,Current,2023-09-10,55948.76,Closed
ACC02806,CUST02439,BR034,Savings,2026-04-21,58711.68,Closed
ACC00497,CUST07692,BR032,Savings,2024-10-18,52041.44,Active
ACC07286,CUST07928,BR049,Current,2024-11-05,-26946.55,Active
ACC02900,CUST00684,BR029,Current,2026-04-02,32652.92,Closed
ACC05099,CUST07812,BR042,Current,2025-01-08,95460.93,Closed
ACC10550,CUST00439,BR039,Savings,2025-02-04,13378.54,Closed
ACC11882,CUST02090,BR037,Current,2024-05-04,79461.99,Closed
ACC01977,CUST02871,BR047,Salary,2024-08-09,67316.79,Active
ACC10661,CUST07275,BR001,Savings,2024-07-30,27151.84,Dormant
ACC00390,CUST06871,BR025,Savings,2026-01-17,25579.66,Dormant
ACC08836,CUST05935,BR030,Current,2025-02-23,75202.53,Dormant
ACC03073,CUST05150,BR024,Current,2026-08-19,33364.23,Closed
ACC01750,CUST01771,BR038,Savings,2026-02-01,82857.26,Closed
ACC04068,CUST01239,BR040,Savings,2025-10-23,11700.59,Closed
ACC04713,CUST01694,BR029,Salary,2023-11-06,63400.43,Dormant
ACC04547,CUST06976,BR000,Savings,2023-10-10,66206.65,Closed
ACC02272,CUST06813,BR016,Savings,2026-05-31,14104.72,Dormant
ACC06323,CUST02139,BR041,Salary,2024-05-25,72604.34,Dormant
ACC03036,CUST00764,BR038,Current,2025-05-17,54221.37,Active
ACC07436,CUST05596,BR000,Salary,2026-03-23,96801.13,Dormant
ACC01170,CUST05167,BR017,Salary,2023-11-05,52268.73,Active
ACC09407,CUST08906,BR028,Current,2024-05-27,68095.87,Active
ACC05478,CUST06892,BR042,Current,2023-10-27,8627.67,Closed
ACC00762,CUST04339,BR033,Salary,2025-01-05,23801.34,Dormant
ACC09943,CUST07032,BR000,Savings,2024-11-24,33760.33,Dormant
ACC10059,CUST05808,BR044,Savings,2025-08-06,63823.35,Dormant
ACC06850,CUST07374,BR002,Savings,2024-11-07,6190.63,Closed
ACC11093,CUST06356,BR019,Current,2024-08-04,91268.23,Active
ACC08292,CUST02492,BR043,Current,2025-11-25,25122.28,Dormant
ACC03534,CUST01572,BR045,Current,2024-11-18,54323.16,Dormant
ACC10986,CUST09921,BR014,Salary,2024-10-02,44710.73,Closed
ACC11463,CUST06997,BR003,Savings,2024-03-17,79033.54,Dormant
ACC05105,CUST03231,BR000,Savings,2026-05-05,29092.06,Active
ACC11796,CUST01233,BR009,Savings,2024-05-16,65208.25,Closed
ACC08625,CUST04135,BR022,Salary,2025-11-29,77938.21,Active
ACC02412,CUST08604,BR048,Savings,2026-04-01,22693.87,Active
ACC04790,CUST02527,BR039,Savings,2026-09-03,6900.37,Dormant
ACC08379,CUST04455,BR043,Current,2025-05-29,40483.84,Active
ACC04550,CUST00063,BR022,Salary,2025-09-14,73804.55,Dormant
ACC00558,CUST09831,BR046,Current,2025-07-07,31505.14,Active
ACC09448,CUST06227,BR021,Savings,2025-02-01,92659.65,Dormant
ACC10864,CUST05953,BR032,Salary,2024-11-22,86885.99,Closed
ACC00772,CUST02196,BR047,Savings,2024-09-20,13657.89,Closed
ACC05898,CUST06731,BR012,Savings,2025-05-20,23540.24,Active
ACC00576,CUST08273,BR033,Salary,2026-05-19,65397.68,Active
ACC05012,CUST08442,BR041,Savings,2025-09-12,49831.35,Active
ACC05491,CUST05946,BR020,Salary,2024-04-26,57511.43,Active
ACC10970,CUST99999,BR020,Salary,2025-11-03,91755.38,Closed
ACC02162,CUST05655,BR002,Savings,2026-06-14,88507.96,Dormant
ACC10820,CUST04417,BR003,Savings,2024-12-17,53217.69,Active
ACC02513,CUST04806,BR045,Current,2025-09-30,64749.92,Active
ACC00485,CUST01011,BR002,Salary,2024-11-14,90366.8,Closed
ACC02064,CUST01636,BR029,Salary,2023-11-13,4830.45,Dormant
ACC04738,CUST05947,BR004,Current,2023-11-19,60145.65,Dormant
ACC04669,CUST00098,BR008,Salary,2024-03-13,41469.08,Closed
ACC09425,CUST08887,BR016,Current,2025-01-31,12118.58,Dormant
ACC05886,CUST02868,BR003,Savings,2024-08-31,17784.55,Closed
ACC05996,CUST09483,BR018,Current,2025-05-23,5635.41,Active
ACC00775,CUST00109,BR005,Current,2024-12-20,48466.64,Dormant
ACC02159,CUST08025,BR011,Current,2025-04-01,79439.32,Dormant
ACC09232,CUST05758,BR047,Savings,2025-06-13,10933.47,Closed
ACC01314,CUST05395,BR016,Current,2025-03-28,75097.56,Dormant
ACC09334,CUST01058,BR021,Current,2025-05-14,96429.04,Dormant
ACC10534,CUST00147,BR032,Salary,2025-06-25,42499.55,Dormant
ACC05453,CUST07385,BR007,Salary,2026-07-30,81689.68,Closed
ACC00661,CUST03872,BR012,Salary,2025-06-03,49703.14,Dormant
ACC06046,CUST05534,BR046,Savings,2026-01-22,26518.7,Closed
ACC08000,CUST06405,BR035,Salary,2025-08-08,38095.88,Closed
ACC10573,CUST00026,BR038,Salary,2025-09-24,70646.69,Dormant
ACC07211,CUST08723,BR018,Salary,2024-06-26,59926.55,Active
ACC09238,CUST01818,BR025,Current,2024-08-22,4010.18,Dormant
ACC02863,CUST03107,BR022,Salary,2025-06-16,48311.04,Active
ACC06191,CUST06171,BR019,Current,2026-08-12,95515.25,Closed
ACC09162,CUST05287,BR006,Salary,2024-12-19,71250.86,Active
ACC10829,CUST06770,BR045,Current,2026-02-07,42131.26,Closed
ACC01301,CUST05704,BR002,Salary,2026-07-27,925.37,Dormant
ACC06348,CUST03748,BR005,Current,2023-12-10,86297.81,Dormant
ACC04175,CUST00584,BR043,Current,2024-02-12,36239.16,Closed
ACC00792,CUST02049,BR029,Savings,2025-10-09,17929.03,Active
ACC01999,CUST05385,BR006,Savings,2023-10-04,15189.7,Active
ACC01409,CUST08444,BR005,Savings,2024-09-09,70198.26,Active
ACC03641,CUST07624,BR044,Savings,2025-07-06,36321.89,Closed
ACC08568,CUST05800,BR045,Current,2026-05-11,68123.66,Dormant
ACC09818,CUST04421,BR029,Current,2025-04-09,36655.58,Closed
ACC02092,CUST03059,BR005,Current,2025-04-01,8497.15,Active
ACC02878,CUST08502,BR021,Salary,2025-06-11,48342.79,Closed
ACC01975,CUST02767,BR045,Current,2023-10-08,-92668.84,Closed
ACC03457,CUST06092,BR007,Salary,2025-01-09,83781.79,Dormant
ACC03344,CUST09625,BR019,Current,2025-09-28,22964.34,Closed
ACC08112,CUST07359,BR016,Savings,2024-02-28,68916.29,Dormant
ACC04060,CUST02208,BR042,Current,2024-04-26,6088.53,Closed
ACC00880,CUST07835,BR018,Savings,2025-12-19,30972.64,Active
ACC11592,CUST01747,BR005,Salary,2025-11-24,31465.73,Active
ACC07796,CUST02924,BR000,Current,2024-02-24,75364.56,Active
ACC06270,CUST03346,BR023,Salary,2023-10-28,17188.2,Dormant
ACC04589,CUST06351,BR025,Savings,2023-12-17,21768.43,Active
ACC07894,CUST99999,BR000,Current,2023-10-04,77697.13,Active
ACC06705,CUST02914,BR014,Savings,2025-09-09,54376.82,Closed
ACC08701,CUST03685,BR017,Savings,2025-09-15,57469.54,Dormant
ACC09301,CUST00166,BR042,Current,2025-08-20,86521.28,Active
ACC07338,CUST01252,BR042,Savings,2024-07-12,66752.25,Active
ACC04612,CUST08335,BR030,Salary,2025-10-20,37718.32,Closed
ACC05395,CUST01331,BR010,Salary,2024-08-16,49918.35,Active
ACC07529,CUST99999,BR042,Salary,2026-08-24,82989.52,Dormant
ACC01153,CUST01520,BR000,Savings,2024-06-28,29537.83,Closed
ACC11421,CUST04996,BR013,Savings,2023-09-23,49521.25,Dormant
ACC02642,CUST02025,BR005,Current,2025-01-30,18346.29,Closed
ACC04620,CUST02506,BR012,Current,2026-02-13,61722.89,Dormant
ACC08592,CUST01724,BR032,Savings,2025-04-10,28674.24,Closed
ACC11943,CUST06366,BR030,Savings,2024-10-15,92393.1,Closed
ACC09816,CUST04739,BR024,Salary,2024-01-19,87119.17,Dormant
ACC02366,CUST01671,BR028,Current,2023-11-23,59504.99,Dormant
ACC00639,CUST01799,BR040,Savings,2025-09-30,80860.79,Closed
ACC04492,CUST08149,BR014,Savings,2024-04-06,43057.16,Dormant
ACC09846,CUST06994,BR015,Salary,2024-05-21,83850.8,Active
ACC00157,CUST07256,BR030,Current,2024-02-29,26343.67,Closed
ACC07974,CUST04378,BR036,Salary,2024-04-03,24177.04,Dormant
ACC07887,CUST06979,BR042,Current,2023-12-15,30620.93,Closed
ACC10376,CUST07827,BR018,Salary,2025-11-22,67321.62,Active
ACC08289,CUST07674,BR006,Savings,2025-10-19,98836.3,Closed
ACC02380,CUST09089,BR029,Savings,2024-10-23,71965.3,Closed
ACC02717,CUST01553,BR016,Current,2025-12-20,51649.29,Closed
ACC02562,CUST05045,BR047,Current,2024-09-19,40672.21,Active
ACC06085,CUST00432,BR017,Current,2024-01-09,66103.43,Active
ACC04254,CUST03699,BR004,Salary,2026-08-11,56320.94,Dormant
ACC00886,CUST01267,BR005,Salary,2024-11-11,53862.23,Closed
ACC01444,CUST02867,BR005,Current,2026-03-22,83018.79,Active
ACC03997,CUST08661,BR016,Current,2024-09-28,92831.44,Active
ACC09746,CUST04555,BR009,Salary,2023-10-07,81148.05,Active
ACC10965,CUST02785,BR032,Savings,2025-06-07,93623.68,Closed
ACC00438,CUST06078,BR014,Savings,2024-04-26,28324.01,Dormant
ACC03216,CUST06279,BR049,Savings,2025-02-06,97885.9,Closed
ACC06110,CUST07382,BR014,Current,2024-10-03,55041.42,Closed
ACC10163,CUST08534,BR002,Current,2026-03-07,98598.43,Dormant
ACC05501,CUST02228,BR000,Current,2024-01-27,9436.98,Active
ACC03723,CUST07806,BR047,Current,2026-04-08,84164.07,Active
ACC08990,CUST07644,BR024,Savings,2025-07-12,66647.53,Closed
ACC07128,CUST09468,BR020,Current,2024-12-03,47207.47,Closed
ACC05917,CUST01191,BR040,Current,2024-10-25,97323.64,Dormant
ACC01856,CUST03091,BR003,Savings,2026-07-15,70455.67,Dormant
ACC03066,CUST09911,BR002,Savings,2025-02-04,59059.93,Closed
ACC02845,CUST00000,BR002,Salary,2024-11-09,47754.44,Dormant
ACC06704,CUST08838,BR025,Current,2025-08-08,28579.31,Dormant
ACC06790,CUST02780,BR018,Salary,2026-01-18,54454.54,Closed
ACC00165,CUST06113,BR038,Salary,2024-06-12,70708.69,Active
ACC02616,CUST07285,BR043,Salary,2025-12-01,16545.01,Dormant
ACC09022,CUST04591,BR028,Current,2025-11-28,75473.1,Active
ACC06746,CUST09635,BR000,Salary,2025-03-21,94231.52,Closed
ACC07655,CUST03751,BR044,Savings,2025-06-11,28895.11,Dormant
ACC01368,CUST01596,BR026,Savings,2026-06-11,15572.76,Closed
ACC09186,CUST09295,BR037,Current,2023-12-21,20887.49,Dormant
ACC11476,CUST05720,BR043,Savings,2026-06-30,88766.13,Active
ACC09881,CUST08691,BR045,Salary,2026-06-17,70599.73,Dormant
ACC04085,CUST02814,BR047,Savings,2025-04-25,89016.64,Dormant
ACC07369,CUST03673,BR008,Salary,2023-10-26,38582.75,Closed
ACC08731,CUST09977,BR022,Savings,2025-01-30,55057.26,Closed
ACC11752,CUST01016,BR001,Savings,2025-04-27,61981.9,Dormant
ACC05579,CUST05567,BR045,Savings,2024-11-18,60287.05,Dormant
ACC11698,CUST06208,BR013,Current,2023-11-29,39031.58,Active
ACC00281,CUST03360,BR029,Savings,2024-01-04,34021.01,Dormant
ACC04773,CUST06198,BR018,Salary,2023-11-23,66222.43,Dormant
ACC08297,CUST09287,BR030,Current,2026-08-04,85830.85,Active
ACC01134,CUST06132,BR031,Current,2024-10-28,56469.89,Closed
ACC02146,CUST09872,BR004,Salary,2026-02-06,90339.52,Closed
ACC04256,CUST07320,BR040,Savings,2024-05-18,29007.87,Active
ACC01915,CUST08864,BR022,Current,2025-07-24,38899.99,Dormant
ACC00326,CUST09911,BR016,Current,2023-12-06,51886.23,Closed
ACC04108,CUST02430,BR044,Salary,2024-09-04,49574.54,Closed
ACC00144,CUST08948,BR031,Salary,2026-03-22,74271.28,Closed
ACC04885,CUST07489,BR039,Current,2025-08-18,63743.1,Active
ACC02468,CUST05232,BR038,Savings,2026-04-28,1422.05,Dormant
ACC11904,CUST03080,BR047,Savings,2024-04-23,84109.01,Dormant
ACC11883,CUST08465,BR048,Salary,2025-01-12,87919.85,Dormant
ACC01223,CUST03958,BR038,Savings,2023-12-05,33104.14,Active
ACC05753,CUST00627,BR040,Current,2025-05-19,77801.52,Active
ACC02756,CUST03510,BR027,Salary,2023-12-11,57144.47,Active
ACC06061,CUST05662,BR038,Current,2024-06-06,40643.52,Closed
ACC07579,CUST09810,BR020,Current,2026-07-13,24141.35,Dormant
ACC04324,CUST07249,BR034,Current,2025-09-13,5778.65,Dormant
ACC05472,CUST04946,BR012,Current,2026-05-09,12157.03,Dormant
ACC03966,CUST08921,BR038,Savings,2024-04-07,27784.15,Closed
ACC00807,CUST03625,BR045,Salary,2025-08-31,74242.98,Active
ACC09628,CUST03748,BR025,Current,2026-06-12,78457.81,Dormant
ACC06063,CUST03165,BR022,Savings,2025-03-13,22830.47,Closed
ACC02427,CUST03965,BR033,Savings,2024-04-13,74220.99,Dormant
ACC04924,CUST02638,BR016,Savings,2026-09-07,50681.33,Active
ACC05614,CUST07179,BR027,Salary,2023-12-04,46397.91,Closed
ACC10956,CUST00164,BR002,Savings,2025-10-14,68761.02,Closed
ACC03977,CUST05961,BR013,Current,2025-12-19,21230.07,Active
ACC09060,CUST04537,BR016,Savings,2023-11-05,68321.94,Closed
ACC11142,CUST04270,BR020,Salary,2026-09-07,18890.55,Closed
ACC03432,CUST07497,BR042,Savings,2024-06-19,33332.58,Active
ACC08129,CUST02910,BR031,Salary,2025-06-09,26362.69,Closed
ACC10979,CUST07155,BR003,Current,2025-04-23,18695.61,Dormant
ACC10862,CUST03837,BR044,Salary,2023-12-25,30630.8,Dormant
ACC04333,CUST05714,BR003,Current,2026-06-02,32315.83,Dormant
ACC10972,CUST07962,BR019,Savings,2025-08-26,30983.54,Active
ACC06154,CUST08109,BR031,Salary,2024-04-05,94546.65,Closed
ACC10934,CUST07513,BR043,Current,2026-04-25,1647.21,Dormant
ACC03225,CUST09172,BR036,Savings,2024-04-07,21686.44,Dormant
ACC03450,CUST08525,BR007,Savings,2024-06-04,54520.18,Active
ACC06800,CUST07578,BR041,Salary,2025-11-25,86584.51,Closed
ACC04774,CUST06664,BR013,Salary,2026-03-19,1378.29,Active
ACC10353,CUST02854,BR011,Salary,2024-07-03,66449.26,Dormant
ACC11315,CUST05720,BR024,Current,2026-07-25,71504.42,Closed
ACC03317,CUST08518,BR019,Current,2026-08-12,64964.78,Closed
ACC04932,CUST00708,BR045,Salary,2025-11-23,26951.63,Closed
ACC08629,CUST07374,BR047,Salary,2023-10-23,38168.86,Dormant
ACC03495,CUST02882,BR000,Savings,2026-02-14,78675.37,Dormant
ACC00774,CUST09550,BR030,Current,2026-08-27,72903.48,Closed
ACC04432,CUST09513,BR011,Salary,2025-06-08,34485.01,Dormant
ACC07037,CUST00794,BR037,Salary,2024-11-14,-3453.67,Dormant
ACC11928,CUST99999,BR003,Current,2024-02-09,5038.34,Dormant
ACC09108,CUST04165,BR004,Current,2025-06-26,87821.03,Dormant
ACC11688,CUST08940,BR048,Savings,2024-04-25,98040.29,Active
ACC09328,CUST07829,BR021,Salary,2023-09-17,15953.6,Closed
ACC10352,CUST04305,BR038,Current,2024-11-08,59037.16,Dormant
ACC01987,CUST04115,BR029,Salary,2024-03-16,65390.83,Closed
ACC07829,CUST06287,BR033,Savings,2025-11-17,28420.27,Active
ACC00484,CUST07351,BR004,Salary,2025-01-30,50332.71,Dormant
ACC06109,CUST04703,BR048,Savings,2026-07-03,10335.53,Dormant
ACC06290,CUST06287,BR010,Savings,2023-10-31,9758.8,Dormant
ACC03313,CUST00194,BR042,Salary,2025-11-10,76203.76,Dormant
ACC03138,CUST08051,BR004,Savings,2024-01-01,14928.71,Closed
ACC07300,CUST04690,BR023,Current,2025-01-15,76341.05,Closed
ACC00664,CUST04970,BR000,Savings,2025-09-01,63927.97,Dormant
ACC04653,CUST08231,BR006,Savings,2025-04-08,75065.5,Active
ACC08019,CUST06117,BR039,Salary,2024-07-03,2792.43,Dormant
ACC01792,CUST09548,BR049,Salary,2025-01-20,56442.41,Closed
ACC07463,CUST05410,BR003,Savings,2024-12-17,93976.53,Dormant
ACC06222,CUST05428,BR006,Savings,2026-08-07,78614.27,Dormant
ACC02852,CUST01538,BR004,Savings,2025-07-03,69887.59,Closed
ACC03424,CUST05284,BR027,Salary,2024-01-18,57697.9,Dormant
ACC06208,CUST05228,BR043,Savings,2024-10-01,11806.57,Active
ACC01603,CUST01897,BR013,Savings,2024-04-18,87936.47,Dormant
ACC07304,CUST06312,BR040,Current,2024-11-22,47876.63,Dormant
ACC11817,CUST08873,BR036,Salary,2025-12-16,3878.75,Closed
ACC08207,CUST07363,BR042,Savings,2024-11-01,72356.81,Dormant
ACC03064,CUST06956,BR004,Salary,2025-07-14,24415.8,Active
ACC06199,CUST07575,BR011,Current,2024-09-02,23256.16,Dormant
ACC09485,CUST07707,BR018,Salary,2025-07-11,21993.75,Dormant
ACC10715,CUST05178,BR042,Savings,2023-11-11,47110.28,Closed
ACC04518,CUST07615,BR024,Current,2025-10-07,84409.43,Active
ACC08259,CUST07951,BR034,Salary,2025-08-11,52702.29,Dormant
ACC07572,CUST05130,BR019,Current,2025-11-30,57885.74,Dormant
ACC02034,CUST05126,BR034,Current,2025-03-16,58060.86,Closed
ACC11831,CUST07140,BR001,Current,2024-02-09,30120.82,Closed
ACC06782,CUST02161,BR045,Salary,2024-09-09,28322.41,Closed
ACC07802,CUST03600,BR044,Salary,2026-06-04,76698.01,Closed
ACC01571,CUST01459,BR028,Savings,2026-06-25,46864.4,Active
ACC01022,CUST06322,BR041,Salary,2026-04-03,74091.28,Closed
ACC11623,CUST07721,BR005,Salary,2026-02-16,16592.33,Active
ACC05084,CUST05608,BR029,Salary,2024-09-28,94355.09,Dormant
ACC03926,CUST07038,BR012,Salary,2025-06-22,89962.72,Dormant
ACC11014,CUST09402,BR000,Current,2024-01-07,30303.94,Closed
ACC00316,CUST07729,BR005,Current,2025-12-29,9387.29,Dormant
ACC06215,CUST00291,BR046,Savings,2024-01-10,50943.27,Active
ACC04948,CUST06159,BR008,Savings,2026-01-23,48519.4,Active
ACC11830,CUST02096,BR048,Savings,2026-08-12,72262.33,Dormant
ACC03096,CUST05962,BR017,Savings,2024-09-16,51336.27,Active
ACC07881,CUST02325,BR038,Savings,2024-07-04,7818.48,Closed
ACC11361,CUST07712,BR044,Salary,2024-10-30,3693.72,Active
ACC03990,CUST04582,BR020,Savings,2026-08-26,87847.97,Closed
ACC01729,CUST07374,BR022,Savings,2025-03-07,26438.81,Active
ACC08709,CUST07293,BR028,Savings,2024-06-15,19627.59,Dormant
ACC09643,CUST04339,BR009,Current,2024-03-07,62530.43,Closed
ACC09023,CUST02065,BR034,Savings,2024-07-16,33266.94,Closed
ACC09511,CUST02111,BR002,Salary,2025-07-01,6444.99,Active
ACC03726,CUST03539,BR037,Current,2025-05-09,91232.11,Dormant
ACC11439,CUST03129,BR030,Savings,2026-04-04,54479.54,Closed
ACC04827,CUST04081,BR008,Current,2024-05-15,9511.56,Closed
ACC10622,CUST02199,BR017,Current,2024-09-16,95571.07,Active
ACC03507,CUST05134,BR008,Savings,2026-06-20,96881.48,Closed
ACC07855,CUST09116,BR037,Savings,2025-02-18,41801.43,Closed
ACC01433,CUST06142,BR016,Salary,2024-03-22,73020.48,Active
ACC00285,CUST04694,BR010,Savings,2023-11-26,23683.2,Dormant
ACC09747,CUST09614,BR031,Current,2025-03-19,16650.79,Closed
ACC08763,CUST05599,BR005,Salary,2024-03-12,67875.24,Active
ACC10404,CUST03159,BR041,Savings,2025-01-03,8118.08,Active
ACC03382,CUST06171,BR000,Current,2024-07-11,94646.92,Active
ACC05457,CUST08914,BR017,Savings,2025-07-31,32283.37,Active
ACC00979,CUST00553,BR016,Savings,2024-11-21,6146.74,Dormant
ACC02862,CUST03158,BR017,Salary,2026-08-25,36169.15,Closed
ACC09291,CUST08922,BR029,Salary,2024-12-02,7957.86,Dormant
ACC04351,CUST04506,BR049,Salary,2024-04-30,1941.62,Closed
ACC06714,CUST06444,BR021,Current,2024-10-14,932.46,Dormant
ACC05059,CUST05004,BR016,Current,2025-10-22,24963.48,Active
ACC05918,CUST04931,BR039,Current,2024-07-26,71583.66,Active
ACC02708,CUST02444,BR011,Savings,2025-03-24,48838.72,Closed
ACC10313,CUST05682,BR025,Salary,2024-12-22,17718.84,Closed
ACC11145,CUST09830,BR016,Current,2023-10-11,12390.85,Dormant
ACC07106,CUST03544,BR000,Current,2026-08-13,83176.85,Active
ACC07391,CUST09874,BR000,Current,2025-12-14,82576.07,Active
ACC03169,CUST09685,BR042,Savings,2026-01-16,13826.7,Closed
ACC08940,CUST03805,BR011,Salary,2025-01-21,48820.88,Closed
ACC01242,CUST06819,BR011,Salary,2024-09-17,50077.32,Closed
ACC03698,CUST00187,BR040,Salary,2024-02-12,40086.54,Dormant
ACC10297,CUST03750,BR028,Savings,2023-09-22,58830.18,Dormant
ACC05276,CUST03829,BR011,Salary,2025-04-13,22239.14,Closed
ACC02282,CUST04781,BR019,Savings,2026-01-31,97981.89,Active
ACC10733,CUST04516,BR044,Current,2024-09-06,4558.89,Closed
ACC11495,CUST09907,BR004,Savings,2025-07-04,53343.04,Dormant
ACC07078,CUST00422,BR040,Savings,2025-01-22,60902.5,Closed
ACC02658,CUST04113,BR032,Current,2025-02-02,67759.17,Active
ACC07684,CUST08058,BR007,Salary,2025-12-11,89546.13,Active
ACC03217,CUST09751,BR012,Current,2026-04-29,93306.74,Active
ACC03923,CUST01862,BR043,Salary,2024-07-23,33732.94,Dormant
ACC10952,CUST08048,BR000,Salary,2026-07-10,64593.85,Active
ACC04525,CUST05721,BR046,Current,2025-03-05,8161.85,Dormant
ACC05585,CUST03544,BR006,Savings,2026-04-01,94531.06,Active
ACC07360,CUST08346,BR012,Savings,2025-03-26,39297.79,Dormant
ACC02608,CUST00438,BR008,Current,2026-02-07,623.67,Closed
ACC10306,CUST05677,BR001,Current,2024-11-18,52849.3,Closed
ACC02139,CUST00059,BR008,Current,2024-03-23,9194.32,Closed
ACC05229,CUST04268,BR006,Current,2025-12-03,92446.97,Dormant
ACC03803,CUST09295,BR015,Salary,2026-04-11,91617.4,Closed
ACC04088,CUST00736,BR000,Salary,2026-01-01,5041.42,Active
ACC04823,CUST02664,BR013,Current,2025-03-18,74021.14,Active
ACC02996,CUST06582,BR035,Salary,2024-08-13,10868.29,Active
ACC05250,CUST03505,BR042,Salary,2026-04-26,29297.04,Active
ACC02554,CUST08051,BR037,Salary,2026-01-29,58796.95,Closed
ACC06817,CUST00031,BR034,Savings,2024-07-26,9889.09,Active
ACC00766,CUST04228,BR007,Savings,2025-05-17,37628.28,Dormant
ACC00573,CUST09374,BR035,Salary,2024-11-22,55592.66,Active
ACC10582,CUST05902,BR022,Salary,2024-01-01,93780.38,Active
ACC01969,CUST03470,BR045,Current,2024-04-11,66318.56,Dormant
ACC02194,CUST05186,BR023,Savings,2023-12-18,16886.15,Dormant
ACC07008,CUST04141,BR030,Current,2024-06-15,34089.65,Closed
ACC08973,CUST07614,BR017,Current,2026-02-23,94769.28,Closed
ACC10516,CUST09971,BR035,Savings,2024-04-24,35149.57,Closed
ACC07502,CUST06424,BR044,Salary,2024-06-04,23333.11,Dormant
ACC03792,CUST09249,BR039,Salary,2025-01-02,46667.72,Active
ACC08638,CUST03401,BR043,Current,2024-03-21,20021.05,Active
ACC11435,CUST09679,BR042,Current,2024-10-25,30919.64,Closed
ACC01853,CUST04808,BR015,Current,2026-06-04,60922.19,Closed
ACC01514,CUST06813,BR021,Current,2026-04-06,96728.07,Active
ACC02972,CUST04683,BR041,Current,2025-08-24,47997.81,Active
ACC09352,CUST02420,BR021,Savings,2025-07-12,69112.05,Closed
ACC00650,CUST01470,BR026,Current,2025-12-26,68877.9,Active
ACC11852,CUST05713,BR034,Savings,2024-10-09,23386.22,Dormant
ACC10037,CUST06926,BR023,Salary,2024-03-17,60078.92,Dormant
ACC03011,CUST05140,BR033,Current,2026-01-12,14666.26,Active
ACC04902,CUST06061,BR031,Current,2026-02-08,69498.0,Dormant
ACC10388,CUST07675,BR005,Salary,2025-01-12,92801.98,Closed
ACC09061,CUST06714,BR034,Current,2024-07-18,78074.29,Active
ACC11232,CUST09112,BR004,Salary,2024-11-04,98011.23,Dormant
ACC03760,CUST03243,BR027,Savings,2023-12-11,45082.91,Active
ACC00480,CUST04536,BR025,Salary,2023-10-15,8933.98,Closed
ACC04998,CUST05819,BR000,Current,2026-01-29,23076.19,Dormant
ACC02571,CUST01174,BR000,Current,2025-06-12,27202.4,Closed
ACC03626,CUST09440,BR030,Savings,2024-01-31,55962.46,Closed
ACC03886,CUST04474,BR021,Savings,2024-11-20,34460.6,Dormant
ACC10660,CUST04314,BR032,Salary,2025-10-07,47381.97,Active
ACC09269,CUST07745,BR047,Savings,2025-10-15,2712.87,Dormant
ACC02471,CUST03200,BR027,Salary,2026-08-01,13197.11,Active
ACC08323,CUST07362,BR005,Current,2026-08-26,20357.03,Active
ACC11362,CUST00524,BR023,Salary,2024-07-30,96457.26,Dormant
ACC08788,CUST99999,BR010,Savings,2025-03-15,19052.17,Active
ACC02288,CUST02878,BR025,Salary,2026-02-20,1417.35,Dormant
ACC02300,CUST05972,BR000,Salary,2024-12-01,32173.57,Active
ACC09524,CUST05938,BR026,Current,2026-05-13,77986.88,Dormant
ACC09910,CUST05643,BR029,Salary,2026-03-17,63717.29,Dormant
ACC00659,CUST09240,BR007,Savings,2023-12-17,55123.77,Closed
ACC04079,CUST05500,BR041,Savings,2026-06-03,20111.15,Closed
ACC05610,CUST00780,BR009,Savings,2025-11-13,17503.26,Closed
ACC10204,CUST08309,BR000,Salary,2024-09-23,49836.45,Closed
ACC11333,CUST05776,BR047,Salary,2024-03-08,42450.06,Active
ACC06498,CUST03800,BR036,Current,2025-08-21,12334.66,Dormant
ACC02078,CUST05118,BR006,Salary,2026-06-23,49879.63,Active
ACC06101,CUST05642,BR032,Current,2025-11-26,66747.04,Dormant
ACC02365,CUST09208,BR020,Current,2025-03-10,95420.58,Active
ACC03032,CUST08358,BR016,Current,2025-12-04,99210.3,Active
ACC11848,CUST06003,BR049,Current,2026-05-02,52006.64,Closed
ACC01635,CUST01123,BR048,Salary,2025-06-28,25601.0,Dormant
ACC01378,CUST00626,BR013,Savings,2023-11-18,23346.45,Closed
ACC00098,CUST09611,BR019,Savings,2026-08-07,5410.73,Active
ACC11612,CUST09364,BR001,Savings,2024-04-22,38097.84,Active
ACC01349,CUST00510,BR021,Current,2025-08-15,64620.67,Active
ACC02768,CUST05506,BR033,Savings,2025-04-25,93064.45,Active
ACC05013,CUST08599,BR030,Current,2026-06-25,35779.82,Dormant
ACC09849,CUST06678,BR045,Savings,2025-05-11,46325.25,Closed
ACC11874,CUST06399,BR032,Savings,2025-04-09,76975.32,Dormant
ACC06319,CUST07340,BR000,Current,2026-05-19,96391.49,Dormant
ACC11081,CUST04721,BR019,Salary,2024-09-04,64676.06,Closed
ACC09366,CUST06745,BR047,Current,2024-10-22,63567.61,Closed
ACC00599,CUST09322,BR001,Savings,2025-10-15,19451.45,Active
ACC02719,CUST05121,BR035,Salary,2024-05-21,55809.53,Active
ACC01538,CUST05463,BR006,Current,2024-05-03,5975.26,Active
ACC04054,CUST01107,BR023,Salary,2025-03-11,41974.61,Active
ACC07192,CUST08977,BR035,Salary,2025-12-19,75241.97,Active
ACC04742,CUST04095,BR001,Salary,2025-11-25,77771.16,Active
ACC10036,CUST04001,BR022,Current,2023-09-12,61896.6,Closed
ACC07977,CUST09572,BR040,Savings,2026-04-17,65579.41,Active
ACC02727,CUST00907,BR003,Salary,2025-10-07,28943.85,Dormant
ACC10227,CUST04018,BR032,Savings,2026-03-06,50152.27,Closed
ACC03496,CUST02979,BR023,Current,2024-03-04,22353.98,Dormant
ACC02408,CUST01343,BR013,Savings,2026-01-22,42300.25,Closed
ACC07346,CUST07960,BR017,Salary,2026-08-29,9322.31,Closed
ACC03438,CUST00527,BR013,Salary,2025-06-19,86579.52,Active
ACC07051,CUST08130,BR000,Salary,2026-07-11,76264.18,Dormant
ACC04596,CUST06901,BR049,Salary,2026-06-24,99175.77,Dormant
ACC03892,CUST01959,BR004,Savings,2023-09-21,68492.9,Dormant
ACC05503,CUST06025,BR013,Savings,2025-03-27,83412.85,Active
ACC08824,CUST09983,BR032,Salary,2026-07-01,50495.14,Dormant
ACC06445,CUST05336,BR019,Salary,2025-12-03,91333.91,Closed
ACC09863,CUST02854,BR014,Savings,2026-09-01,47863.79,Active
ACC06583,CUST04634,BR046,Current,2024-02-04,92609.03,Closed
ACC00736,CUST05119,BR026,Savings,2023-10-27,38961.74,Dormant
ACC08796,CUST02856,BR031,Savings,2024-04-24,16828.96,Closed
ACC01407,CUST07077,BR005,Savings,2025-07-28,41746.58,Closed
ACC11631,CUST05627,BR035,Salary,2023-12-09,11044.83,Dormant
ACC03591,CUST06718,BR040,Current,2025-05-18,30396.82,Active
ACC03003,CUST03642,BR038,Savings,2026-07-10,28004.95,Dormant
ACC08148,CUST09642,BR048,Current,2023-09-16,83908.84,Closed
ACC04062,CUST07688,BR023,Savings,2026-04-19,21287.61,Active
ACC01645,CUST06128,BR047,Salary,2025-07-07,95775.17,Closed
ACC01840,CUST01927,BR027,Current,2024-04-15,86531.32,Dormant
ACC05977,CUST01029,BR041,Savings,2026-04-17,90747.31,Dormant
ACC09634,CUST06516,BR022,Savings,2025-12-23,58771.81,Active
ACC06329,CUST08489,BR044,Savings,2023-09-22,27062.71,Active
ACC09240,CUST09611,BR024,Savings,2023-10-14,3343.68,Dormant
ACC10076,CUST00504,BR015,Salary,2026-06-08,75702.39,Dormant
ACC00553,CUST02113,BR021,Savings,2026-01-07,16602.29,Dormant
ACC01908,CUST05295,BR026,Savings,2024-09-14,72442.11,Active
ACC06417,CUST05757,BR020,Current,2026-01-12,46139.68,Active
ACC00749,CUST03749,BR002,Current,2025-08-31,21662.38,Active
ACC01991,CUST01057,BR031,Current,2026-05-28,7448.78,Active
ACC05993,CUST05019,BR039,Current,2026-09-01,27542.03,Closed
ACC06213,CUST03177,BR027,Savings,2024-08-16,10888.14,Active
ACC08445,CUST06000,BR038,Savings,2024-04-25,44772.29,Dormant
ACC11468,CUST07724,BR029,Current,2025-04-03,78292.37,Dormant
ACC01625,CUST08879,BR043,Savings,2023-11-29,12606.35,Active
ACC09761,CUST04067,BR000,Savings,2024-03-14,53039.02,Closed
ACC04573,CUST01401,BR009,Current,2025-05-17,13860.66,Active
ACC09858,CUST05955,BR027,Salary,2025-11-24,56505.77,Active
ACC03845,CUST02840,BR029,Savings,2024-10-09,68841.23,Dormant
ACC06527,CUST09179,BR026,Current,2024-08-06,68491.33,Active
ACC02210,CUST00690,BR009,Current,2025-10-15,28623.86,Active
ACC05194,CUST08787,BR021,Salary,2026-08-04,48441.9,Active
ACC03388,CUST05174,BR042,Savings,2026-09-07,77988.66,Dormant
ACC09942,CUST06221,BR023,Savings,2024-12-16,38777.06,Closed
ACC11789,CUST06875,BR006,Current,2025-01-09,58538.5,Active
ACC09388,CUST09513,BR037,Salary,2025-09-03,3693.07,Active
ACC06241,CUST00402,BR025,Current,2026-05-03,1696.05,Closed
ACC06136,CUST03477,BR027,Current,2024-11-23,8089.26,Active
ACC11791,CUST01591,BR046,Savings,2023-11-08,97608.83,Active
ACC03599,CUST06482,BR001,Current,2025-02-14,45628.98,Dormant
ACC07823,CUST01638,BR021,Salary,2024-05-01,32040.93,Closed
ACC00732,CUST04582,BR029,Savings,2026-06-14,53377.97,Closed
ACC02416,CUST02039,BR030,Current,2023-11-10,97637.62,Active
ACC04080,CUST00608,BR036,Salary,2025-12-03,50332.29,Dormant
ACC05495,CUST08577,BR044,Current,2026-03-12,21124.69,Dormant
ACC10309,CUST01466,BR010,Current,2024-07-02,42447.61,Active
ACC02775,CUST00450,BR020,Salary,2025-12-24,81173.81,Active
ACC04803,CUST99999,BR035,Current,2024-11-01,56809.8,Active
ACC08818,CUST00616,BR013,Savings,2024-05-03,9441.36,Dormant
ACC11096,CUST05090,BR000,Salary,2023-12-20,22566.5,Dormant
ACC00603,CUST01284,BR026,Savings,2026-06-24,44661.66,Active
ACC00142,CUST02993,BR001,Salary,2025-04-28,90024.24,Dormant
ACC09468,CUST00203,BR034,Salary,2024-10-09,42043.7,Closed
ACC11200,CUST01038,BR029,Salary,2025-10-11,66637.16,Active
ACC02397,CUST09372,BR007,Current,2026-01-10,52948.25,Active
ACC01927,CUST04054,BR019,Current,2023-11-29,12769.74,Dormant
ACC00765,CUST02669,BR003,Salary,2025-04-14,10037.04,Active
ACC05249,CUST03426,BR009,Savings,2024-08-13,57874.96,Active
ACC10689,CUST01463,BR047,Savings,2026-06-14,32577.79,Active
ACC08193,CUST01148,BR000,Salary,2026-05-09,7488.04,Active
ACC04066,CUST08683,BR015,Current,2026-06-10,53983.01,Dormant
ACC08169,CUST08802,BR033,Savings,2024-08-12,55493.87,Closed
ACC07437,CUST05559,BR011,Savings,2025-04-19,69914.41,Dormant
ACC04305,CUST09462,BR014,Salary,2024-05-04,34163.46,Dormant
ACC04905,CUST04979,BR036,Savings,2024-06-16,4781.9,Dormant
ACC04849,CUST00845,BR016,Current,2024-10-10,30668.55,Dormant
ACC00531,CUST06025,BR010,Salary,2024-03-20,50085.98,Closed
ACC11128,CUST04721,BR005,Current,2026-07-10,35530.09,Dormant
ACC11231,CUST04478,BR027,Current,2024-07-17,28124.33,Closed
ACC09640,CUST02719,BR026,Savings,2025-09-14,17344.27,Active
ACC03105,CUST08869,BR020,Savings,2024-01-08,35280.4,Closed
ACC07336,CUST09366,BR016,Savings,2025-01-06,28205.44,Closed
ACC08780,CUST07604,BR028,Savings,2025-06-29,42622.22,Dormant
ACC10263,CUST08168,BR017,Salary,2026-08-18,50025.48,Dormant
ACC11311,CUST02022,BR031,Salary,2025-09-20,30860.32,Closed
ACC07825,CUST04152,BR005,Current,2025-02-02,60939.64,Dormant
ACC06564,CUST06349,BR048,Salary,2025-04-01,29242.54,Dormant
ACC06128,CUST05508,BR040,Salary,2026-04-26,42386.7,Closed
ACC02025,CUST99999,BR049,Savings,2023-10-10,54231.39,Closed
ACC07842,CUST06971,BR024,Current,2026-02-06,93203.16,Active
ACC09582,CUST03913,BR021,Current,2024-06-25,33582.01,Dormant
ACC10936,CUST02240,BR020,Current,2025-08-20,30370.17,Dormant
ACC06529,CUST04418,BR020,Current,2026-01-10,84304.23,Closed
ACC08895,CUST00620,BR000,Current,2023-10-20,95382.99,Closed
ACC07604,CUST05123,BR024,Savings,2026-03-25,41195.61,Closed
ACC08823,CUST01211,BR025,Current,2024-01-05,36585.63,Active
ACC04917,CUST08083,BR045,Salary,2025-07-24,26422.06,Dormant
ACC04995,CUST01822,BR002,Current,2026-05-26,79499.05,Dormant
ACC11256,CUST01218,BR015,Current,2024-06-07,13619.45,Active
ACC02116,CUST99999,BR014,Current,2025-03-08,31976.75,Closed
ACC08619,CUST03610,BR035,Savings,2025-01-05,61731.54,Dormant
ACC02458,CUST09288,BR011,Current,2026-06-23,4070.03,Active
ACC00897,CUST00849,BR030,Current,2024-12-21,35111.8,Active
ACC00070,CUST01932,BR031,Current,2025-04-21,79665.2,Closed
ACC04681,CUST05568,BR042,Savings,2026-02-09,45981.75,Dormant
ACC11146,CUST06107,BR043,Salary,2026-04-23,40218.61,Dormant
ACC05496,CUST07582,BR036,Salary,2024-12-04,41444.78,Active
ACC05327,CUST07122,BR009,Salary,2026-05-15,67836.44,Active
ACC00581,CUST07902,BR028,Savings,2026-07-20,89797.4,Active
ACC06629,CUST09887,BR003,Current,2024-04-25,16108.2,Closed
ACC11717,CUST03952,BR032,Salary,2024-06-02,23261.27,Dormant
ACC07686,CUST06051,BR000,Current,2023-09-27,53237.43,Active
ACC05539,CUST08398,BR009,Savings,2023-11-09,64614.21,Closed
ACC09513,CUST07529,BR048,Savings,2023-11-10,602.2,Closed
ACC11637,CUST05045,BR005,Savings,2023-11-29,52120.42,Active
ACC06429,CUST06842,BR014,Savings,2023-12-21,80182.51,Active
ACC04957,CUST01974,BR043,Savings,2024-05-22,39611.25,Active
ACC03333,CUST02307,BR045,Savings,2024-12-10,11673.32,Active
ACC08590,CUST01114,BR007,Current,2025-11-21,82183.02,Dormant
ACC11763,CUST02386,BR034,Salary,2025-12-21,74788.5,Active
ACC01417,CUST07393,BR032,Savings,2023-12-12,32785.11,Active
ACC04397,CUST07363,BR027,Savings,2026-05-10,71512.46,Closed
ACC07535,CUST05235,BR012,Current,2025-11-08,39493.77,Active
ACC09875,CUST05832,BR038,Savings,2025-08-02,5974.91,Closed
ACC00309,CUST06176,BR046,Savings,2025-10-04,78725.96,Active
ACC10503,CUST04875,BR049,Salary,2023-11-16,54581.93,Dormant
ACC06287,CUST02425,BR039,Salary,2025-04-28,89097.96,Dormant
ACC10408,CUST04202,BR036,Salary,2024-02-06,65059.51,Dormant
ACC02038,CUST99999,BR043,Savings,2026-06-25,-44002.89,Dormant
ACC05148,CUST00229,BR021,Current,2024-12-10,38688.71,Closed
ACC07909,CUST06903,BR046,Salary,2024-04-27,41462.92,Active
ACC08795,CUST04325,BR049,Savings,2024-11-15,46532.6,Dormant
ACC05975,CUST06360,BR001,Savings,2025-01-26,77751.15,Closed
ACC01659,CUST01387,BR022,Savings,2023-12-03,72330.38,Active
ACC07869,CUST02680,BR011,Current,2025-05-07,91072.02,Active
ACC04098,CUST01982,BR049,Current,2025-01-16,22538.74,Dormant
ACC08369,CUST06707,BR003,Current,2025-02-24,70992.0,Closed
ACC10458,CUST09406,BR021,Salary,2025-05-24,90587.03,Active
ACC07619,CUST09591,BR007,Savings,2024-11-27,96810.77,Closed
ACC04954,CUST09416,BR016,Savings,2025-11-02,55726.18,Dormant
ACC03818,CUST05437,BR011,Current,2025-11-20,60492.14,Dormant
ACC09538,CUST05723,BR000,Salary,2024-09-29,80560.04,Dormant
ACC01802,CUST08157,BR035,Current,2025-10-31,13532.7,Dormant
ACC10480,CUST06155,BR040,Savings,2025-01-30,70655.5,Active
ACC09979,CUST99999,BR017,Savings,2024-10-22,73619.31,Active
ACC03136,CUST03270,BR006,Savings,2024-12-10,25743.53,Closed
ACC04277,CUST06059,BR023,Current,2026-09-07,11765.25,Closed
ACC03994,CUST03895,BR015,Savings,2025-01-30,2400.66,Dormant
ACC11722,CUST07433,BR043,Current,2026-06-27,44235.56,Dormant
ACC09436,CUST01452,BR001,Savings,2024-05-04,88113.01,Dormant
ACC10442,CUST08692,BR016,Savings,2024-03-25,67403.49,Active
ACC00040,CUST05261,BR013,Salary,2024-02-14,49721.17,Active
ACC07942,CUST02125,BR002,Savings,2023-12-16,61734.18,Closed
ACC07274,CUST01224,BR010,Current,2026-05-28,28085.68,Active
ACC09624,CUST03788,BR040,Current,2024-06-27,51943.53,Closed
ACC10989,CUST03222,BR002,Current,2025-01-29,26994.42,Closed
ACC02118,CUST05802,BR047,Savings,2023-11-13,92125.78,Active
ACC03469,CUST01464,BR006,Savings,2026-06-19,22820.23,Closed
ACC07563,CUST07143,BR024,Savings,2025-09-26,64102.43,Closed
ACC10023,CUST00901,BR035,Current,2024-12-08,79101.5,Active
ACC03044,CUST06246,BR006,Current,2024-08-24,26319.03,Active
ACC03916,CUST09744,BR003,Savings,2023-09-23,12217.34,Dormant
ACC03361,CUST04054,BR012,Salary,2024-05-21,77841.23,Closed
ACC04777,CUST07835,BR002,Savings,2024-02-23,88568.47,Closed
ACC09738,CUST07656,BR026,Salary,2024-02-12,70734.25,Closed
ACC02483,CUST02862,BR014,Current,2025-06-11,29859.49,Active
ACC06171,CUST07013,BR020,Savings,2025-09-26,80374.43,Dormant
ACC10540,CUST03257,BR005,Salary,2023-12-24,14338.0,Closed
ACC11213,CUST01161,BR006,Salary,2024-09-10,87450.38,Closed
ACC02479,CUST04239,BR040,Current,2025-07-25,86268.07,Closed
ACC01450,CUST00983,BR035,Current,2024-10-02,72759.46,Closed
ACC05609,CUST08893,BR049,Salary,2026-05-13,49425.91,Dormant
ACC03331,CUST05975,BR042,Current,2025-09-27,28827.58,Closed
ACC08876,CUST00977,BR047,Savings,2023-12-04,9675.85,Active
ACC01035,CUST01086,BR035,Current,2024-06-07,85525.97,Closed
ACC11521,CUST04700,BR027,Savings,2025-12-26,14715.89,Closed
ACC08227,CUST05355,BR008,Current,2023-11-11,80363.35,Closed
ACC03295,CUST05929,BR049,Salary,2026-07-07,87351.49,Closed
ACC10165,CUST07874,BR041,Current,2025-10-13,6038.06,Active
ACC03320,CUST03761,BR042,Savings,2025-08-01,6962.77,Active
ACC02757,CUST01531,BR033,Current,2023-12-25,67083.71,Active
ACC10270,CUST06117,BR004,Savings,2023-09-23,99271.95,Closed
ACC02221,CUST00561,BR006,Current,2023-12-20,65821.58,Closed
ACC08800,CUST02969,BR024,Salary,2024-10-02,18614.38,Dormant
ACC01425,CUST05893,BR004,Salary,2024-08-03,29981.15,Active
ACC05540,CUST01300,BR001,Salary,2026-06-12,85007.21,Active
ACC11106,CUST02200,BR045,Current,2024-12-20,18793.6,Dormant
ACC07203,CUST02321,BR014,Savings,2025-02-16,26140.8,Dormant
ACC04740,CUST08440,BR024,Salary,2024-12-03,58051.49,Active
ACC10182,CUST05680,BR033,Salary,2023-10-07,3162.51,Active
ACC03248,CUST03946,BR004,Salary,2026-01-31,23839.73,Dormant
ACC06369,CUST07059,BR028,Savings,2024-10-02,16753.97,Dormant
ACC04292,CUST01019,BR031,Salary,2026-01-16,28151.52,Closed
ACC03258,CUST04030,BR042,Savings,2025-07-21,29472.22,Active
ACC08892,CUST06077,BR024,Salary,2025-03-31,59626.1,Active
ACC07992,CUST07520,BR012,Savings,2025-09-17,21262.56,Dormant
ACC07839,CUST01213,BR005,Current,2026-08-14,21154.08,Active
ACC11288,CUST03306,BR039,Current,2023-12-28,25958.93,Active
ACC00175,CUST00199,BR000,Current,2025-04-11,44909.41,Active
ACC11680,CUST08041,BR013,Current,2024-08-12,90934.03,Active
ACC05937,CUST08726,BR006,Current,2026-04-30,37977.98,Dormant
ACC11494,CUST00712,BR042,Salary,2025-03-03,23051.35,Active
ACC01431,CUST04409,BR005,Savings,2025-02-08,20126.65,Active
ACC11277,CUST06398,BR035,Current,2025-04-12,4309.96,Active
ACC06997,CUST08969,BR003,Savings,2024-04-29,22203.74,Dormant
ACC00041,CUST03744,BR044,Salary,2024-01-31,47521.5,Active
ACC07531,CUST02311,BR032,Salary,2025-07-01,92629.92,Active
ACC10602,CUST03116,BR020,Savings,2024-06-05,35210.13,Closed
ACC06387,CUST01437,BR002,Salary,2026-01-17,87756.39,Dormant
ACC09257,CUST09081,BR011,Salary,2024-10-17,32608.84,Active
ACC07555,CUST99999,BR025,Savings,2023-10-30,41367.97,Active
ACC05983,CUST04738,BR036,Current,2024-10-31,18239.18,Closed
ACC03970,CUST01480,BR047,Current,2024-02-20,89695.01,Active
ACC08579,CUST00414,BR046,Current,2026-08-08,88886.84,Closed
ACC01143,CUST08058,BR031,Savings,2025-08-02,25505.83,Active
ACC06025,CUST01913,BR019,Salary,2024-12-18,40251.11,Active
ACC10367,CUST06185,BR045,Current,2026-07-20,59353.61,Closed
ACC10836,CUST00787,BR048,Salary,2024-07-22,3892.59,Closed
ACC09054,CUST00113,BR020,Salary,2025-08-30,73670.3,Closed
ACC07473,CUST08051,BR044,Current,2025-11-09,17480.51,Active
ACC03484,CUST07774,BR019,Savings,2024-11-08,74650.77,Dormant
ACC05737,CUST02541,BR019,Current,2025-05-18,2727.94,Dormant
ACC09949,CUST08018,BR046,Savings,2025-11-24,10317.89,Dormant
ACC05498,CUST08128,BR042,Salary,2025-08-30,69955.58,Active
ACC09041,CUST05405,BR013,Current,2024-05-15,59918.85,Dormant
ACC04830,CUST03725,BR044,Current,2025-10-19,46979.45,Active
ACC00644,CUST07350,BR043,Savings,2024-01-07,51172.79,Dormant
ACC03321,CUST02200,BR000,Savings,2025-04-12,96543.15,Active
ACC09324,CUST05211,BR042,Current,2026-04-07,50142.41,Active
ACC08352,CUST07947,BR012,Savings,2024-05-04,43545.04,Dormant
ACC08063,CUST04105,BR000,Savings,2024-03-07,1501.31,Active
ACC01462,CUST99999,BR032,Salary,2024-06-05,83410.73,Dormant
ACC10459,CUST00385,BR046,Salary,2024-02-04,676.31,Dormant
ACC03852,CUST01035,BR040,Salary,2023-09-12,7805.17,Dormant
ACC08064,CUST08396,BR017,Salary,2023-12-28,-51054.04,Dormant
ACC08693,CUST02355,BR040,Current,2024-07-02,89838.04,Active
ACC07279,CUST00903,BR023,Savings,2024-11-27,23105.36,Dormant
ACC08278,CUST02188,BR032,Current,2024-01-11,68209.89,Dormant
ACC11820,CUST01371,BR003,Salary,2026-02-21,29186.51,Active
ACC06083,CUST07735,BR002,Salary,2025-05-29,98213.82,Active
ACC00565,CUST00180,BR014,Savings,2025-07-26,14326.35,Active
ACC02491,CUST05796,BR044,Current,2024-04-10,7653.59,Active
ACC02156,CUST01848,BR049,Savings,2026-02-16,92014.77,Active
ACC10338,CUST00396,BR048,Salary,2026-07-19,11692.13,Closed
ACC09111,CUST08664,BR012,Savings,2024-02-21,45032.6,Dormant
ACC02838,CUST02856,BR029,Savings,2024-12-20,3931.73,Closed
ACC09096,CUST07662,BR044,Savings,2025-12-02,40037.08,Active
ACC03932,CUST09210,BR029,Salary,2023-11-16,42868.13,Dormant
ACC10605,CUST04465,BR037,Salary,2024-09-25,96761.69,Closed
ACC00087,CUST00799,BR014,Current,2024-05-31,54294.0,Dormant
ACC02336,CUST99999,BR048,Current,2024-09-28,41471.84,Closed
ACC02603,CUST02440,BR029,Current,2024-06-24,22608.94,Active
ACC11508,CUST03783,BR029,Current,2023-10-28,86933.41,Active
ACC06341,CUST03949,BR013,Savings,2025-10-24,95793.67,Dormant
ACC06826,CUST06038,BR006,Savings,2026-08-13,98946.92,Active
ACC01913,CUST00695,BR001,Savings,2026-07-28,67162.15,Closed
ACC04751,CUST02533,BR011,Salary,2025-03-20,-18502.62,Dormant
ACC07139,CUST08610,BR047,Current,2025-06-13,22725.22,Closed
ACC07205,CUST07919,BR026,Salary,2026-05-09,24276.89,Dormant
ACC10315,CUST07653,BR043,Salary,2024-09-06,26232.34,Dormant
ACC11402,CUST02349,BR017,Salary,2026-05-06,38462.14,Dormant
ACC04490,CUST06370,BR030,Salary,2025-11-04,39195.85,Dormant
ACC10308,CUST04100,BR031,Current,2025-03-17,72244.06,Closed
ACC00451,CUST08330,BR004,Current,2025-03-11,31367.48,Dormant
ACC03906,CUST02404,BR019,Salary,2024-09-23,35281.03,Active
ACC00850,CUST02327,BR009,Savings,2025-08-05,41124.47,Dormant
ACC02346,CUST09287,BR045,Current,2025-01-29,51165.04,Closed
ACC01554,CUST05566,BR003,Current,2025-02-02,21734.74,Closed
ACC08710,CUST00220,BR039,Salary,2025-03-13,21929.65,Closed
ACC10268,CUST99999,BR024,Savings,2025-09-18,7570.64,Active
ACC04321,CUST02258,BR035,Salary,2026-05-27,21853.52,Closed
ACC08570,CUST08640,BR006,Current,2024-02-02,8793.28,Active
ACC07704,CUST09623,BR015,Current,2024-11-01,42335.32,Active
ACC01520,CUST00684,BR003,Salary,2026-06-16,10028.65,Dormant
ACC10951,CUST07872,BR007,Salary,2024-12-05,91415.74,Closed
ACC05955,CUST01742,BR047,Salary,2023-10-29,76735.67,Active
ACC05559,CUST08107,BR009,Salary,2025-11-19,76267.33,Dormant
ACC07088,CUST02275,BR027,Savings,2024-03-16,22195.94,Active
ACC06576,CUST07198,BR000,Salary,2025-01-25,97428.12,Dormant
ACC01131,CUST99999,BR003,Savings,2025-06-14,29983.06,Closed
ACC01486,CUST02204,BR018,Savings,2023-10-27,83394.39,Closed
ACC00954,CUST02673,BR006,Savings,2023-12-11,7929.96,Closed
ACC00299,CUST05323,BR040,Current,2025-04-19,78812.08,Closed
ACC02364,CUST01659,BR031,Savings,2026-03-03,13873.41,Dormant
ACC03645,CUST03770,BR002,Salary,2024-02-03,39851.01,Dormant
ACC07015,CUST02787,BR030,Current,2023-09-27,38840.81,Closed
ACC10765,CUST00896,BR046,Savings,2025-12-30,92903.1,Dormant
ACC09472,CUST03751,BR033,Savings,2024-01-25,99277.35,Closed
ACC02537,CUST09169,BR034,Savings,2025-04-20,63994.87,Dormant
ACC04435,CUST08578,BR011,Savings,2026-06-22,35192.41,Active
ACC03771,CUST03556,BR013,Current,2026-05-31,42250.11,Active
ACC06945,CUST05674,BR044,Current,2026-04-18,11777.45,Dormant
ACC02502,CUST05203,BR025,Savings,2025-08-23,37805.44,Closed
ACC00003,CUST04131,BR003,Salary,2024-11-09,11861.28,Dormant
ACC11857,CUST05774,BR003,Savings,2025-05-22,88478.82,Active
ACC10569,CUST01663,BR049,Salary,2025-09-02,82749.35,Dormant
ACC04458,CUST01315,BR029,Salary,2025-04-09,36335.49,Closed
ACC06165,CUST05140,BR037,Salary,2025-11-30,58020.64,Active
ACC10450,CUST04268,BR043,Salary,2023-12-20,28786.52,Closed
ACC06702,CUST08840,BR045,Savings,2024-02-28,45262.79,Dormant
ACC01051,CUST00120,BR014,Salary,2025-01-19,44987.59,Dormant
ACC08155,CUST06973,BR033,Savings,2025-07-01,-39189.98,Closed
ACC09529,CUST08654,BR006,Savings,2025-09-05,4014.0,Active
ACC07588,CUST01187,BR032,Savings,2025-02-23,37077.89,Active
ACC08087,CUST02631,BR039,Current,2025-09-30,65480.07,Active
ACC11380,CUST01900,BR010,Salary,2024-06-09,16306.67,Active
ACC06885,CUST01610,BR009,Savings,2024-07-05,41380.25,Active
ACC10415,CUST05856,BR042,Current,2025-02-09,46372.91,Dormant
ACC01475,CUST02960,BR005,Savings,2024-02-25,95227.97,Closed
ACC10821,CUST06873,BR037,Salary,2025-01-27,52783.09,Active
ACC08390,CUST06421,BR006,Savings,2026-09-08,9234.14,Closed
ACC11447,CUST05145,BR003,Salary,2025-03-23,7810.29,Dormant
ACC01498,CUST05894,BR003,Salary,2026-04-10,88744.59,Active
ACC03086,CUST08083,BR000,Current,2025-01-09,19385.49,Closed
ACC09475,CUST08620,BR034,Current,2024-05-19,84232.22,Closed
ACC02976,CUST09972,BR014,Savings,2024-04-13,61553.83,Dormant
ACC09760,CUST01183,BR016,Savings,2024-08-26,28709.04,Closed
ACC05114,CUST04563,BR020,Salary,2025-12-29,41115.68,Dormant
ACC10455,CUST03010,BR017,Current,2023-11-29,87326.1,Dormant
ACC04390,CUST03317,BR005,Salary,2024-03-23,22945.23,Active
ACC03631,CUST07436,BR032,Salary,2025-04-08,69666.23,Dormant
ACC00784,CUST01570,BR034,Savings,2026-07-02,73569.89,Closed
ACC09030,CUST09168,BR049,Current,2024-12-18,65435.55,Active
ACC06594,CUST06439,BR030,Current,2025-07-14,1536.51,Active
ACC00095,CUST05142,BR025,Savings,2026-08-13,92831.25,Active
ACC05219,CUST04447,BR048,Salary,2026-05-07,13165.89,Closed
ACC01387,CUST04972,BR029,Current,2025-05-04,77048.39,Closed
ACC07777,CUST02757,BR024,Savings,2024-01-01,83087.89,Dormant
ACC00147,CUST04312,BR005,Savings,2024-10-03,87127.04,Dormant
ACC09847,CUST05956,BR000,Savings,2025-07-14,94281.66,Dormant
ACC11761,CUST01213,BR010,Salary,2025-01-26,77462.64,Active
ACC02789,CUST03851,BR045,Salary,2025-08-28,3265.38,Active
ACC00077,CUST09626,BR012,Salary,2025-03-13,62604.16,Dormant
ACC05432,CUST06737,BR006,Current,2026-04-23,26940.29,Closed
ACC00287,CUST06376,BR008,Current,2025-12-26,70966.98,Active
ACC10624,CUST08182,BR014,Salary,2025-04-09,29558.85,Active
ACC09446,CUST02101,BR022,Savings,2026-06-27,50286.28,Active
ACC11384,CUST02933,BR022,Current,2024-04-04,3583.37,Closed
ACC08399,CUST05942,BR018,Savings,2025-02-16,36069.02,Dormant
ACC01112,CUST06277,BR010,Salary,2025-10-22,34551.52,Dormant
ACC06745,CUST00006,BR002,Savings,2026-06-30,18989.13,Active
ACC11630,CUST05222,BR014,Current,2025-04-16,17827.38,Closed
ACC00008,CUST07751,BR000,Current,2026-07-26,95685.18,Dormant
ACC03721,CUST01513,BR006,Salary,2024-07-24,71878.4,Active
ACC02912,CUST03074,BR049,Salary,2023-10-02,95337.66,Active
ACC01373,CUST09204,BR000,Savings,2024-12-21,79102.28,Dormant
ACC04112,CUST06212,BR004,Savings,2026-06-25,1651.53,Active
ACC05785,CUST06904,BR033,Current,2024-01-11,78304.1,Active
ACC10647,CUST03805,BR003,Current,2026-03-09,56777.93,Dormant
ACC02040,CUST04967,BR032,Savings,2024-02-17,40998.12,Active
ACC00295,CUST09254,BR001,Current,2024-08-06,4030.6,Closed
ACC01099,CUST99999,BR024,Savings,2024-05-12,40345.15,Dormant
ACC06816,CUST04313,BR037,Savings,2024-03-31,47481.91,Active
ACC09525,CUST06492,BR045,Current,2026-06-10,27811.27,Closed
ACC08316,CUST09411,BR048,Salary,2025-02-22,19468.95,Dormant
ACC11310,CUST07713,BR015,Savings,2024-09-19,33047.37,Dormant
ACC03668,CUST08747,BR028,Salary,2024-01-25,10610.41,Active
ACC03479,CUST04641,BR042,Salary,2026-02-03,8536.24,Active
ACC05274,CUST04392,BR000,Current,2023-10-17,91120.69,Dormant
ACC11477,CUST09372,BR022,Current,2024-06-26,42569.09,Active
ACC06863,CUST01734,BR031,Salary,2024-09-01,78342.78,Dormant
ACC09710,CUST03705,BR018,Current,2026-03-09,38742.86,Dormant
ACC08362,CUST07354,BR042,Salary,2025-04-05,41107.14,Dormant
ACC01097,CUST01286,BR023,Savings,2026-04-11,22793.21,Active
ACC06956,CUST02681,BR049,Current,2024-06-14,23416.77,Dormant
ACC08539,CUST04475,BR037,Salary,2025-04-10,9729.0,Dormant
ACC11900,CUST04481,BR029,Savings,2024-01-25,81013.48,Closed
ACC11969,CUST03577,BR028,Current,2025-07-04,96421.53,Active
ACC00254,CUST08294,BR016,Current,2024-02-06,60514.54,Dormant
ACC02510,CUST03901,BR008,Current,2026-08-21,68434.86,Closed
ACC08143,CUST03966,BR047,Salary,2026-02-25,-88967.06,Dormant
ACC11818,CUST06720,BR034,Current,2025-07-31,39916.68,Dormant
ACC00930,CUST07739,BR011,Salary,2023-12-01,30501.28,Active
ACC04521,CUST04569,BR005,Savings,2024-06-10,25551.71,Dormant
ACC07316,CUST04130,BR027,Salary,2023-10-24,32632.11,Active
ACC07495,CUST04082,BR020,Current,2025-04-25,98973.41,Dormant
ACC07264,CUST02782,BR045,Salary,2025-02-07,63828.3,Closed
ACC06982,CUST00279,BR013,Savings,2025-03-25,28270.93,Dormant
ACC05589,CUST08945,BR042,Savings,2025-06-14,11404.58,Active
ACC02555,CUST01222,BR011,Salary,2026-08-25,14308.91,Dormant
ACC09611,CUST02394,BR024,Current,2026-07-21,22061.81,Closed
ACC03593,CUST09637,BR047,Current,2025-07-07,40887.13,Closed
ACC01960,CUST01040,BR036,Savings,2024-02-09,40956.62,Active
ACC09346,CUST02251,BR027,Salary,2025-02-16,85756.34,Closed
ACC09245,CUST03731,BR018,Salary,2024-08-29,40345.12,Dormant
ACC11838,CUST02449,BR045,Salary,2024-12-17,99918.29,Active
ACC04670,CUST08668,BR033,Current,2026-08-01,31973.62,Dormant
ACC02227,CUST99999,BR030,Current,2025-06-06,62313.37,Closed
ACC11198,CUST05768,BR023,Current,2023-09-18,19706.96,Active
ACC11095,CUST00316,BR005,Salary,2024-08-15,92805.59,Active
ACC00547,CUST07480,BR040,Current,2026-07-27,15375.88,Active
ACC11108,CUST03239,BR036,Salary,2025-10-24,55272.25,Dormant
ACC07363,CUST04939,BR024,Current,2026-08-30,76230.29,Active
ACC11166,CUST04344,BR038,Salary,2026-03-26,11447.95,Closed
ACC02563,CUST02237,BR029,Savings,2023-11-26,29222.35,Closed
ACC06484,CUST08766,BR002,Savings,2025-12-04,1816.49,Active
ACC08037,CUST00741,BR012,Savings,2026-08-08,651.63,Active
ACC03511,CUST01350,BR035,Current,2025-08-07,22180.36,Closed
ACC03156,CUST05528,BR033,Salary,2024-04-01,67839.21,Active
ACC11042,CUST00572,BR003,Salary,2026-03-26,56237.98,Closed
ACC04198,CUST05499,BR046,Current,2024-12-09,65522.76,Dormant
ACC09615,CUST09026,BR047,Current,2024-12-22,99416.61,Closed
ACC05772,CUST03093,BR038,Savings,2025-05-05,96932.14,Closed
ACC00646,CUST05200,BR013,Salary,2024-09-07,99491.97,Closed
ACC01777,CUST00773,BR025,Salary,2024-01-06,81491.08,Closed
ACC03934,CUST02912,BR009,Current,2025-11-24,16565.18,Dormant
ACC02379,CUST08739,BR021,Salary,2024-04-04,46552.8,Closed
ACC05178,CUST02553,BR046,Salary,2024-07-20,46172.15,Dormant
ACC05850,CUST00114,BR004,Salary,2024-06-06,84385.39,Closed
ACC03030,CUST02628,BR001,Salary,2024-07-03,10071.87,Active
ACC09693,CUST04070,BR024,Current,2025-10-16,55869.35,Dormant
ACC05696,CUST04817,BR003,Current,2024-02-07,52626.06,Closed
ACC01675,CUST06890,BR039,Savings,2025-12-14,39568.19,Closed
ACC06733,CUST07266,BR045,Current,2026-08-26,94756.05,Active
ACC08051,CUST03615,BR017,Salary,2025-02-09,54794.81,Active
ACC04631,CUST01311,BR014,Current,2024-12-18,30620.11,Active
ACC02422,CUST02675,BR030,Savings,2025-11-23,19948.07,Active
ACC03285,CUST09072,BR013,Current,2023-11-05,38676.9,Dormant
ACC03072,CUST01565,BR020,Savings,2024-08-02,46376.04,Closed
ACC02549,CUST08058,BR038,Salary,2025-09-22,3522.2,Dormant
ACC04931,CUST06119,BR020,Salary,2025-02-15,68624.83,Dormant
ACC07654,CUST03728,BR035,Salary,2025-10-18,82002.04,Dormant
ACC00658,CUST04603,BR015,Current,2024-08-06,75705.89,Active
ACC03060,CUST08070,BR016,Savings,2026-09-04,59992.73,Dormant
ACC07614,CUST07161,BR031,Savings,2023-11-28,88172.28,Dormant
ACC04183,CUST04235,BR032,Current,2025-10-04,5450.5,Closed
ACC04284,CUST02677,BR000,Salary,2024-05-10,76952.62,Dormant
ACC11926,CUST02154,BR027,Savings,2024-11-03,17599.41,Active
ACC06481,CUST07878,BR041,Savings,2025-04-29,32002.29,Active
ACC03259,CUST02171,BR000,Savings,2024-12-04,58219.15,Dormant
ACC08420,CUST04718,BR016,Current,2024-07-08,28084.43,Dormant
ACC03904,CUST03760,BR018,Salary,2024-07-08,39622.55,Active
ACC11233,CUST00986,BR023,Salary,2025-09-25,49525.43,Dormant
ACC00186,CUST04077,BR028,Savings,2024-12-29,67948.02,Active
ACC09396,CUST07463,BR005,Current,2025-10-01,33249.46,Active
ACC03181,CUST06354,BR007,Savings,2024-09-20,61209.23,Dormant
ACC04064,CUST01012,BR012,Salary,2026-04-24,41415.97,Closed
ACC04301,CUST02371,BR023,Current,2025-05-11,11708.98,Closed
ACC08959,CUST01035,BR005,Savings,2025-10-19,89760.14,Active
ACC00081,CUST08416,BR032,Salary,2026-09-03,97213.01,Dormant
ACC04144,CUST07535,BR025,Savings,2024-01-27,36241.35,Dormant
ACC10784,CUST05258,BR006,Current,2025-09-15,57460.7,Dormant
ACC08309,CUST06748,BR028,Savings,2023-10-13,59238.4,Dormant
ACC07539,CUST00262,BR043,Savings,2025-04-28,35414.36,Closed
ACC03329,CUST08056,BR014,Salary,2025-02-25,45550.28,Closed
ACC02594,CUST05621,BR012,Current,2024-09-03,20347.83,Active
ACC10304,CUST00549,BR037,Current,2024-08-18,85248.1,Active
ACC06333,CUST06096,BR017,Salary,2025-09-16,2624.61,Active
ACC08813,CUST08020,BR035,Savings,2024-06-13,5162.65,Closed
ACC02090,CUST02930,BR001,Current,2026-08-19,3702.92,Dormant
ACC09537,CUST05129,BR029,Salary,2024-12-18,63599.17,Closed
ACC08846,CUST07735,BR002,Current,2025-04-15,81513.8,Active
ACC02827,CUST02848,BR040,Savings,2024-04-13,82661.77,Dormant
ACC02213,CUST01016,BR036,Current,2026-01-16,40746.07,Dormant
ACC07552,CUST00142,BR028,Savings,2026-01-04,25768.05,Closed
ACC11398,CUST00053,BR044,Current,2024-10-15,14109.42,Closed
ACC02251,CUST07702,BR039,Current,2024-12-24,4740.02,Dormant
ACC05488,CUST08254,BR029,Salary,2025-12-25,10037.85,Dormant
ACC11712,CUST07805,BR018,Savings,2025-05-17,25340.28,Closed
ACC08764,CUST99999,BR002,Savings,2024-04-18,49396.87,Closed
ACC07950,CUST08121,BR038,Salary,2026-08-06,54097.84,Dormant
ACC09168,CUST05287,BR006,Savings,2025-07-21,98335.97,Active
ACC10963,CUST07452,BR000,Savings,2025-10-31,74751.5,Active
ACC08032,CUST05627,BR047,Salary,2024-11-11,33450.34,Closed
ACC01574,CUST06604,BR036,Savings,2024-02-24,61461.17,Active
ACC11578,CUST08497,BR023,Savings,2025-04-21,98400.82,Active
ACC04111,CUST06527,BR005,Current,2024-09-28,-43205.01,Closed
ACC02031,CUST01718,BR049,Salary,2025-04-10,39042.58,Dormant
ACC04919,CUST08985,BR042,Salary,2023-12-16,33594.21,Active
ACC01429,CUST08080,BR005,Savings,2023-10-12,11076.56,Closed
ACC11272,CUST03554,BR000,Savings,2024-05-06,41760.56,Dormant
ACC05705,CUST09311,BR011,Savings,2025-12-31,22437.2,Closed
ACC00961,CUST04909,BR001,Current,2026-06-30,36172.96,Closed
ACC03862,CUST09165,BR009,Savings,2023-11-02,24782.03,Closed
ACC04735,CUST01765,BR005,Salary,2024-12-27,77488.37,Closed
ACC08356,CUST07872,BR017,Savings,2023-11-11,89340.78,Dormant
ACC00521,CUST01075,BR021,Savings,2026-07-16,26331.47,Active
ACC03238,CUST06031,BR025,Salary,2026-05-19,14929.74,Active
ACC03210,CUST03149,BR022,Salary,2025-08-20,29112.18,Closed
ACC07601,CUST09551,BR048,Salary,2024-05-26,61150.73,Closed
ACC10591,CUST04222,BR024,Current,2026-05-16,43242.55,Active
ACC00642,CUST02657,BR032,Savings,2024-11-08,52902.23,Closed
ACC08111,CUST00087,BR030,Current,2024-04-08,6030.72,Closed
ACC06783,CUST07533,BR017,Salary,2025-10-26,59205.74,Active
ACC00598,CUST05614,BR000,Savings,2025-04-27,37340.35,Active
ACC05706,CUST01741,BR018,Savings,2025-06-04,68126.29,Active
ACC05163,CUST09996,BR036,Current,2025-11-10,1207.22,Dormant
ACC11933,CUST00017,BR028,Savings,2024-06-15,44772.11,Closed
ACC07227,CUST03698,BR049,Savings,2025-12-02,33801.15,Active
ACC10556,CUST08224,BR042,Current,2025-06-20,74860.63,Active
ACC00188,CUST09120,BR005,Savings,2023-12-07,23300.84,Closed
ACC01676,CUST04890,BR037,Current,2026-09-06,16600.51,Dormant
ACC06236,CUST02464,BR007,Current,2025-08-16,42563.51,Dormant
ACC03628,CUST09301,BR048,Current,2025-03-21,59601.19,Active
ACC10807,CUST02638,BR002,Savings,2024-12-26,94184.37,Active
ACC00243,CUST04165,BR027,Salary,2024-08-06,69725.19,Dormant
ACC08347,CUST07548,BR020,Savings,2024-11-25,69681.28,Closed
ACC09004,CUST09299,BR025,Savings,2023-10-07,11611.68,Active
ACC02824,CUST01795,BR027,Current,2025-12-25,18052.55,Closed
ACC11501,CUST02802,BR041,Salary,2024-12-08,70624.89,Active
ACC01907,CUST07333,BR003,Savings,2025-12-16,49304.22,Dormant
ACC07690,CUST02586,BR031,Salary,2026-07-29,23389.56,Active
ACC01647,CUST02930,BR038,Salary,2024-11-22,48203.89,Closed
ACC05348,CUST06573,BR004,Salary,2026-08-09,62606.06,Active
ACC11729,CUST09799,BR031,Current,2026-06-19,20663.85,Closed
ACC09498,CUST02179,BR045,Salary,2025-05-03,80891.36,Closed
ACC00718,CUST07941,BR010,Current,2025-08-15,53288.42,Active
ACC10509,CUST06321,BR027,Current,2025-11-14,66365.42,Dormant
ACC07944,CUST00166,BR022,Savings,2025-07-02,56030.16,Active
ACC11469,CUST07221,BR023,Current,2025-08-11,70200.94,Active
ACC08036,CUST04105,BR012,Current,2024-04-27,17526.6,Dormant
ACC08760,CUST03940,BR023,Savings,2026-06-28,79528.66,Active
ACC08487,CUST04438,BR035,Savings,2025-08-26,64136.7,Closed
ACC08545,CUST06765,BR021,Salary,2026-02-28,52015.02,Active
ACC02431,CUST09193,BR030,Current,2024-05-18,18669.84,Dormant
ACC09968,CUST04918,BR028,Salary,2024-08-07,63000.28,Closed
ACC07658,CUST06102,BR017,Savings,2026-07-01,96911.91,Active
ACC04307,CUST07402,BR015,Current,2025-03-22,63535.04,Active
ACC03024,CUST04667,BR025,Current,2024-06-13,20833.07,Closed
ACC07002,CUST07043,BR047,Salary,2025-06-21,41932.71,Closed
ACC02805,CUST05082,BR024,Savings,2025-06-21,18730.97,Closed
ACC10971,CUST06201,BR011,Savings,2023-11-17,84115.74,Closed
ACC00301,CUST03914,BR039,Salary,2025-05-07,18248.31,Dormant
ACC00125,CUST09128,BR029,Salary,2026-03-03,21957.01,Closed
ACC08454,CUST05579,BR041,Salary,2024-12-30,98672.76,Active
ACC11113,CUST02824,BR007,Current,2024-10-04,55776.18,Active
ACC08833,CUST07162,BR021,Current,2025-11-01,92973.02,Closed
ACC11639,CUST05462,BR019,Salary,2025-10-05,3814.55,Dormant
ACC04221,CUST03436,BR011,Savings,2025-01-17,71218.15,Active
ACC07889,CUST04867,BR010,Salary,2026-06-04,34669.87,Closed
ACC11931,CUST04012,BR024,Savings,2025-01-14,55832.71,Active
ACC02949,CUST07740,BR045,Current,2023-10-04,3527.39,Dormant
ACC09533,CUST08020,BR006,Current,2024-12-18,80138.48,Closed
ACC00535,CUST08893,BR004,Salary,2026-07-10,19734.74,Dormant
ACC02898,CUST00687,BR047,Current,2026-07-21,9875.32,Active
ACC06206,CUST05441,BR027,Savings,2025-07-19,98307.43,Dormant
ACC08580,CUST09789,BR041,Savings,2026-08-28,10705.96,Dormant
ACC00953,CUST08279,BR020,Savings,2026-04-30,74181.42,Active
ACC05817,CUST00425,BR016,Current,2024-09-14,78582.29,Closed
ACC02613,CUST09595,BR023,Salary,2025-08-14,82836.47,Active
ACC11006,CUST07955,BR013,Savings,2026-04-08,82233.24,Closed
ACC07570,CUST06303,BR033,Current,2025-11-20,24033.56,Active
ACC10113,CUST00552,BR000,Current,2025-01-18,55178.48,Active
ACC08466,CUST06579,BR005,Current,2024-04-12,4550.36,Active
ACC09384,CUST09918,BR000,Current,2023-11-03,57989.74,Closed
ACC11088,CUST09937,BR037,Savings,2025-05-25,38090.52,Closed
ACC08808,CUST09250,BR039,Salary,2023-11-30,40209.93,Dormant
ACC11298,CUST09749,BR038,Current,2025-03-03,50519.14,Dormant
ACC08822,CUST03790,BR040,Current,2024-02-05,30706.59,Dormant
ACC09947,CUST04872,BR005,Salary,2024-04-13,73836.95,Closed
ACC00038,CUST02737,BR006,Current,2024-08-08,80771.1,Closed
ACC11976,CUST05264,BR017,Salary,2025-06-01,53784.59,Active
ACC02400,CUST03712,BR036,Salary,2026-07-31,4118.9,Dormant
ACC03965,CUST06192,BR001,Current,2024-07-19,93889.91,Dormant
ACC01776,CUST02315,BR015,Current,2024-11-27,73693.01,Dormant
ACC05265,CUST02329,BR049,Savings,2023-11-09,58413.34,Dormant
ACC04106,CUST09906,BR006,Salary,2025-03-17,80167.89,Closed
ACC03263,CUST02499,BR027,Savings,2026-07-20,47066.07,Active
ACC10365,CUST04708,BR028,Current,2025-07-03,72770.48,Dormant
ACC11577,CUST03154,BR021,Salary,2025-01-07,31719.0,Active
ACC08191,CUST07124,BR024,Salary,2024-06-22,61165.52,Closed
ACC09097,CUST00433,BR043,Savings,2024-10-04,37609.41,Dormant
ACC01098,CUST01624,BR027,Savings,2024-09-14,56372.14,Dormant
ACC04660,CUST04737,BR046,Salary,2023-12-01,87693.05,Dormant
ACC02546,CUST07159,BR045,Salary,2025-07-27,19110.99,Active
ACC04593,CUST00332,BR020,Salary,2025-01-26,59123.71,Dormant
ACC08691,CUST08280,BR009,Savings,2025-12-08,98489.06,Closed
ACC09780,CUST07674,BR009,Salary,2024-02-28,71921.16,Active
ACC09888,CUST01485,BR011,Savings,2024-12-20,10020.74,Active
ACC08770,CUST09881,BR008,Current,2024-05-28,53064.93,Closed
ACC01522,CUST06013,BR005,Savings,2024-08-08,28371.96,Dormant
ACC09052,CUST09711,BR001,Salary,2024-09-24,90125.0,Closed
ACC06194,CUST04686,BR015,Savings,2024-12-17,69573.29,Closed
ACC11891,CUST04843,BR026,Current,2024-03-20,77656.96,Active
ACC09534,CUST06640,BR003,Current,2024-04-26,84403.92,Closed
ACC08958,CUST04407,BR026,Salary,2024-07-18,20997.01,Dormant
ACC05812,CUST00400,BR030,Salary,2026-04-21,45178.98,Dormant
ACC02875,CUST07972,BR014,Current,2025-08-28,39241.44,Dormant
ACC11010,CUST99999,BR025,Current,2024-03-19,21606.41,Active
ACC11148,CUST03106,BR026,Savings,2024-12-31,22545.37,Dormant
ACC02101,CUST05374,BR040,Salary,2026-01-03,12346.74,Closed
ACC01790,CUST09587,BR036,Savings,2026-06-17,523.97,Active
ACC03270,CUST07460,BR029,Current,2026-06-28,16885.15,Active
ACC09414,CUST00915,BR036,Current,2026-03-03,63283.89,Active
ACC08620,CUST03888,BR039,Current,2026-08-17,98217.43,Dormant
ACC03648,CUST07663,BR041,Salary,2025-09-18,99387.88,Closed
ACC05213,CUST03756,BR002,Current,2024-05-06,52830.72,Active
ACC11067,CUST04904,BR012,Savings,2025-06-15,-87079.12,Active
ACC02453,CUST07593,BR020,Current,2026-05-13,74911.79,Dormant
ACC06291,CUST00746,BR004,Current,2024-07-14,94420.7,Dormant
ACC04705,CUST01750,BR041,Salary,2025-07-13,83617.26,Dormant
ACC05270,CUST05056,BR046,Salary,2025-04-30,11220.35,Dormant
ACC04787,CUST00249,BR023,Current,2026-01-06,8739.5,Active
ACC05529,CUST07659,BR005,Salary,2024-09-06,74979.23,Closed
ACC10805,CUST05681,BR037,Savings,2026-02-22,3666.02,Dormant
ACC09164,CUST09956,BR021,Current,2024-09-08,44731.51,Active
ACC01127,CUST07890,BR013,Salary,2025-11-06,58070.35,Closed
ACC01178,CUST07187,BR046,Current,2025-12-04,60164.3,Active
ACC02301,CUST03669,BR031,Salary,2026-06-02,9866.91,Active
ACC05516,CUST00549,BR037,Salary,2026-02-04,98524.35,Active
ACC09505,CUST04182,BR025,Salary,2025-06-26,-39271.1,Active
ACC08441,CUST07112,BR023,Savings,2023-12-05,88905.05,Closed
ACC11602,CUST02111,BR016,Savings,2025-01-11,18172.12,Closed
ACC09683,CUST02713,BR016,Savings,2025-06-25,19932.32,Active
ACC11840,CUST05560,BR036,Salary,2024-04-04,21693.72,Active
ACC03245,CUST01773,BR041,Current,2025-05-11,31757.49,Active
ACC08079,CUST05948,BR017,Savings,2024-09-11,58425.63,Closed
ACC06839,CUST06038,BR049,Savings,2024-03-10,24932.65,Closed
ACC07514,CUST01850,BR038,Savings,2024-04-04,39473.47,Dormant
ACC07663,CUST05687,BR029,Current,2026-02-22,21178.97,Active
ACC02450,CUST00209,BR019,Salary,2026-03-03,71667.22,Active
ACC03255,CUST00140,BR021,Savings,2023-10-20,45875.77,Dormant
ACC00016,CUST03198,BR040,Salary,2024-08-13,98974.13,Dormant
ACC02100,CUST07032,BR020,Salary,2024-06-15,40867.77,Active
ACC05673,CUST06965,BR002,Savings,2025-09-27,11083.49,Closed
ACC11158,CUST99999,BR048,Current,2024-12-12,14649.39,Active
ACC05267,CUST08856,BR033,Salary,2025-01-19,79658.66,Closed
ACC08773,CUST02673,BR023,Salary,2024-07-14,5986.11,Dormant
ACC10131,CUST00354,BR005,Savings,2025-12-28,74054.38,Closed
ACC11254,CUST04419,BR042,Current,2024-05-03,36777.16,Closed
ACC01862,CUST07657,BR030,Current,2026-07-16,29707.06,Dormant
ACC10672,CUST07701,BR024,Salary,2025-04-12,81059.63,Dormant
ACC00370,CUST00899,BR049,Current,2025-12-22,21744.38,Closed
ACC03128,CUST04883,BR045,Current,2025-07-10,82374.79,Active
ACC11553,CUST02334,BR015,Salary,2023-12-18,12307.78,Active
ACC10396,CUST02902,BR015,Savings,2024-08-24,49904.33,Active
ACC08927,CUST01592,BR028,Salary,2026-02-07,33387.56,Active
ACC04332,CUST00834,BR013,Current,2024-01-28,58169.62,Dormant
ACC06366,CUST09846,BR003,Savings,2025-04-17,88999.68,Active
ACC04035,CUST02487,BR024,Salary,2026-06-08,15126.41,Closed
ACC09295,CUST07736,BR043,Current,2025-08-09,68123.72,Active
ACC10167,CUST06298,BR006,Savings,2025-10-31,89836.26,Closed
ACC03975,CUST07312,BR008,Savings,2025-06-01,66278.0,Closed
ACC00862,CUST04686,BR043,Current,2025-09-13,3182.0,Dormant
ACC09393,CUST02797,BR039,Current,2025-07-25,33783.64,Dormant
ACC08081,CUST03129,BR028,Salary,2024-07-15,20519.1,Dormant
ACC05461,CUST06507,BR034,Savings,2026-01-12,15555.99,Dormant
ACC05004,CUST04920,BR008,Current,2025-03-26,57547.89,Active
ACC01136,CUST07644,BR005,Savings,2024-11-21,57658.24,Closed
ACC06129,CUST05461,BR024,Salary,2024-05-07,22028.77,Active
ACC08276,CUST05946,BR029,Savings,2025-08-20,37793.66,Active
ACC09454,CUST09626,BR017,Salary,2026-02-09,85764.65,Active
ACC03537,CUST08245,BR011,Current,2024-05-27,-99305.93,Active
ACC08650,CUST03515,BR029,Salary,2024-07-10,82226.37,Dormant
ACC05959,CUST99999,BR044,Savings,2026-08-10,27824.13,Dormant
ACC05803,CUST09676,BR033,Salary,2025-11-21,6139.23,Dormant
ACC00129,CUST03959,BR042,Current,2024-04-10,41100.28,Closed
ACC05066,CUST07841,BR016,Current,2025-09-28,85068.96,Active
ACC09560,CUST08417,BR027,Salary,2024-01-14,52664.23,Closed
ACC09796,CUST07344,BR004,Savings,2025-07-25,12134.77,Closed
ACC08378,CUST08265,BR033,Salary,2023-10-17,48550.61,Dormant
ACC10236,CUST06063,BR020,Savings,2024-01-26,19161.49,Dormant
ACC01879,CUST08916,BR014,Salary,2024-02-13,96728.28,Active
ACC11039,CUST02137,BR048,Savings,2024-12-30,23085.34,Closed
ACC01427,CUST08833,BR035,Savings,2026-05-29,82112.01,Closed
ACC00920,CUST03710,BR035,Salary,2024-10-05,38579.28,Dormant
ACC07163,CUST99999,BR029,Current,2025-05-16,18177.11,Active
ACC07659,CUST07751,BR010,Salary,2025-07-23,67485.97,Dormant
ACC04958,CUST00887,BR046,Savings,2024-01-03,10532.12,Active
ACC10123,CUST02007,BR029,Current,2023-10-16,95467.68,Dormant
ACC03305,CUST03169,BR049,Current,2025-05-21,22170.96,Dormant
ACC09308,CUST03802,BR003,Current,2025-05-18,28608.48,Active
ACC03103,CUST08760,BR028,Current,2024-04-13,20275.87,Closed
ACC09318,CUST07608,BR009,Current,2023-12-09,30717.32,Dormant
ACC08085,CUST00332,BR013,Savings,2025-09-09,43096.16,Closed
ACC02486,CUST09500,BR003,Current,2025-06-07,39040.8,Closed
ACC02624,CUST08930,BR012,Savings,2025-02-03,60246.35,Active
ACC10133,CUST05189,BR036,Savings,2024-11-25,8421.28,Closed
ACC02521,CUST05288,BR046,Savings,2024-11-30,15375.58,Closed
ACC02960,CUST07486,BR049,Salary,2025-04-21,42902.75,Closed
ACC11925,CUST01253,BR015,Current,2026-01-12,24262.8,Active
ACC02911,CUST06391,BR036,Savings,2024-12-22,84255.16,Active
ACC04810,CUST02827,BR017,Savings,2025-11-11,42726.93,Active
ACC09674,CUST09802,BR047,Savings,2025-11-14,13116.65,Dormant
ACC08920,CUST05232,BR042,Savings,2023-10-09,94448.26,Closed
ACC04303,CUST09403,BR021,Savings,2026-01-09,17313.95,Closed
ACC06381,CUST07255,BR044,Savings,2025-12-31,20056.35,Closed
ACC11308,CUST07218,BR026,Savings,2025-06-28,73674.49,Active
ACC04537,CUST01687,BR018,Salary,2024-08-06,29968.19,Active
ACC02606,CUST09679,BR023,Current,2023-09-23,36392.53,Dormant
ACC04815,CUST01798,BR040,Savings,2024-02-21,38951.64,Dormant
ACC02552,CUST08867,BR025,Current,2025-12-23,14836.47,Closed
ACC04789,CUST06081,BR046,Salary,2025-09-14,47778.66,Active
ACC02275,CUST02840,BR000,Salary,2026-02-27,33825.69,Closed
ACC07896,CUST02171,BR028,Current,2025-02-17,21466.33,Dormant
ACC06026,CUST04073,BR000,Current,2024-10-02,83641.83,Dormant
ACC06851,CUST02680,BR006,Current,2024-05-02,25192.5,Dormant
ACC08756,CUST00321,BR045,Savings,2024-02-19,87383.84,Active
ACC05570,CUST01928,BR032,Savings,2023-09-19,22825.8,Active
ACC11195,CUST08274,BR016,Salary,2024-06-20,48483.22,Closed
ACC03201,CUST00176,BR038,Current,2024-01-06,63964.79,Closed
ACC11657,CUST06255,BR005,Salary,2024-11-20,25382.71,Closed
ACC07565,CUST00117,BR013,Salary,2024-01-11,41405.06,Closed
ACC03314,CUST08189,BR036,Salary,2025-11-22,46016.74,Active
ACC03179,CUST07385,BR032,Savings,2024-01-18,40535.62,Active
ACC04658,CUST06088,BR032,Current,2024-03-09,38022.21,Closed
ACC06193,CUST09781,BR011,Savings,2025-09-19,-69634.37,Dormant
ACC07228,CUST07424,BR019,Salary,2024-12-21,98266.01,Active
ACC03326,CUST02901,BR002,Salary,2026-08-16,18555.75,Active
ACC04290,CUST03505,BR014,Savings,2025-06-05,42794.1,Dormant
ACC04856,CUST00470,BR012,Salary,2023-11-25,3073.77,Dormant
ACC10482,CUST02600,BR000,Savings,2024-07-04,66520.16,Active
ACC01657,CUST07141,BR005,Salary,2025-05-15,8337.57,Active
ACC01684,CUST07275,BR022,Salary,2023-11-13,73606.48,Closed
ACC05231,CUST06152,BR045,Salary,2024-06-20,89764.22,Dormant
ACC01511,CUST06946,BR025,Savings,2024-12-10,12934.38,Active
ACC07918,CUST03133,BR023,Savings,2025-09-10,13553.16,Active
ACC09478,CUST08815,BR014,Current,2024-11-24,6530.12,Active
ACC07980,CUST04455,BR001,Current,2023-10-03,73709.63,Dormant
ACC08826,CUST03577,BR032,Current,2025-10-12,50686.86,Closed
ACC04481,CUST02366,BR030,Current,2025-06-02,90927.0,Dormant
ACC02834,CUST03405,BR032,Savings,2026-03-25,-85825.2,Active
ACC10477,CUST09892,BR019,Salary,2023-10-19,1049.39,Active
ACC06917,CUST04648,BR019,Salary,2026-06-01,89790.97,Active
ACC00454,CUST09820,BR025,Salary,2026-04-30,30091.08,Dormant
ACC10786,CUST99999,BR036,Savings,2025-11-18,72733.71,Active
ACC05482,CUST02420,BR008,Current,2026-03-13,67452.78,Active
ACC05134,CUST06453,BR016,Current,2025-04-22,89729.98,Dormant
ACC10366,CUST01728,BR019,Salary,2026-05-31,75166.85,Dormant
ACC01031,CUST01866,BR010,Salary,2026-07-19,79511.16,Dormant
ACC07048,CUST05711,BR040,Savings,2023-11-05,6402.76,Active
ACC11104,CUST02757,BR018,Salary,2024-08-13,79638.89,Dormant
ACC01187,CUST03461,BR048,Savings,2024-10-24,90832.28,Active
ACC08882,CUST04620,BR018,Savings,2026-04-24,83529.91,Active
ACC01844,CUST04629,BR037,Savings,2026-08-29,51068.16,Active
ACC08312,CUST06514,BR006,Salary,2026-06-06,98133.22,Closed
ACC03411,CUST02701,BR028,Current,2026-04-15,73521.83,Dormant
ACC00759,CUST09590,BR006,Salary,2024-02-23,54966.02,Dormant
ACC02796,CUST04659,BR027,Savings,2024-09-27,58250.8,Active
ACC04399,CUST07739,BR030,Salary,2026-03-21,10496.13,Closed
ACC06055,CUST04902,BR038,Current,2024-07-14,38798.04,Closed
ACC07523,CUST01047,BR010,Savings,2024-04-06,22212.61,Closed
ACC10259,CUST01172,BR003,Current,2025-08-23,21079.74,Active
ACC05749,CUST08058,BR049,Salary,2024-12-28,89446.88,Active
ACC09223,CUST07339,BR003,Salary,2024-04-03,29204.6,Active
ACC09258,CUST03704,BR040,Savings,2024-04-27,55966.78,Closed
ACC10827,CUST02948,BR012,Salary,2024-05-04,96500.53,Closed
ACC09424,CUST00658,BR028,Current,2024-02-02,11982.51,Closed
ACC07541,CUST05739,BR041,Salary,2024-08-24,46632.12,Active
ACC00546,CUST07956,BR045,Salary,2025-04-19,61438.92,Dormant
ACC00363,CUST08950,BR016,Current,2023-12-30,39987.5,Dormant
ACC07254,CUST03642,BR009,Savings,2025-08-22,96987.97,Dormant
ACC10708,CUST01513,BR049,Current,2024-01-17,82273.22,Closed
ACC10608,CUST05394,BR018,Current,2023-10-12,4733.48,Closed
ACC08360,CUST09173,BR020,Savings,2025-07-24,69348.55,Closed
ACC08413,CUST08602,BR004,Savings,2025-08-01,12453.68,Closed
ACC10648,CUST01337,BR011,Salary,2024-06-28,22212.08,Active
ACC09902,CUST08539,BR040,Current,2025-01-06,77706.91,Closed
ACC10322,CUST09180,BR028,Current,2026-04-07,59602.57,Active
ACC10868,CUST09763,BR032,Salary,2026-06-29,14270.27,Dormant
ACC05410,CUST07790,BR012,Savings,2026-07-18,76207.8,Active
ACC03715,CUST03249,BR006,Savings,2026-04-09,60220.58,Dormant
ACC05727,CUST02128,BR025,Savings,2026-03-06,86738.51,Closed
ACC03978,CUST02240,BR030,Savings,2025-03-18,39097.31,Active
ACC10796,CUST06983,BR030,Salary,2026-08-28,12228.06,Active
ACC09801,CUST02559,BR025,Salary,2026-06-10,46759.66,Closed
ACC06722,CUST06629,BR028,Salary,2023-10-07,10055.72,Dormant
ACC01141,CUST07628,BR000,Current,2025-10-08,86069.92,Active
ACC08205,CUST03369,BR025,Salary,2024-12-12,3324.86,Closed
ACC10498,CUST08595,BR022,Current,2026-04-30,819.43,Dormant
ACC09866,CUST03388,BR036,Savings,2025-01-08,5437.58,Active
ACC01632,CUST00336,BR047,Current,2024-11-04,9558.45,Active
ACC10284,CUST05417,BR014,Current,2025-12-23,73202.52,Closed
ACC07430,CUST02652,BR042,Current,2024-12-30,50564.24,Dormant
ACC09972,CUST07937,BR019,Savings,2026-07-26,59253.91,Active
ACC10824,CUST04302,BR003,Current,2026-02-06,76305.99,Dormant
ACC10421,CUST08876,BR037,Savings,2025-02-19,19787.57,Closed
ACC04130,CUST09997,BR045,Current,2026-09-05,6921.74,Closed
ACC01925,CUST01106,BR006,Salary,2024-04-10,24455.06,Active
ACC07011,CUST03315,BR035,Savings,2024-07-20,33551.71,Dormant
ACC04559,CUST00357,BR005,Salary,2024-12-26,52072.31,Closed
ACC04457,CUST05586,BR030,Savings,2024-10-30,55110.23,Active
ACC08255,CUST01470,BR013,Salary,2023-12-02,-32737.25,Closed
ACC01166,CUST00000,BR029,Salary,2026-07-06,34238.1,Active
ACC04723,CUST05762,BR026,Savings,2023-09-15,98559.09,Active
ACC06768,CUST07903,BR040,Savings,2024-09-27,70003.49,Closed
ACC11515,CUST03128,BR039,Savings,2025-09-03,27692.51,Active
ACC09220,CUST07347,BR035,Savings,2025-01-17,67081.74,Closed
ACC09906,CUST01987,BR002,Savings,2024-05-14,67031.72,Dormant
ACC02010,CUST03629,BR003,Salary,2024-09-16,46552.55,Closed
ACC04470,CUST03197,BR031,Savings,2024-12-18,89686.16,Closed
ACC02693,CUST00861,BR049,Savings,2025-06-15,77493.18,Closed
ACC06582,CUST01139,BR030,Salary,2026-02-20,48583.11,Dormant
ACC02558,CUST02643,BR045,Savings,2024-02-25,10732.32,Dormant
ACC10377,CUST02123,BR026,Savings,2025-09-02,32273.42,Dormant
ACC00801,CUST05871,BR039,Savings,2025-11-27,-88418.57,Dormant
ACC03732,CUST00310,BR005,Salary,2025-04-30,64207.76,Active
ACC09687,CUST02780,BR006,Salary,2023-12-16,82628.54,Closed
ACC10038,CUST01556,BR049,Current,2026-01-06,58824.12,Dormant
ACC02257,CUST04873,BR049,Savings,2025-11-23,52327.27,Active
ACC10822,CUST01569,BR033,Salary,2026-03-08,75001.08,Closed
ACC01488,CUST06019,BR032,Savings,2025-09-22,27899.39,Closed
ACC04192,CUST00327,BR034,Salary,2026-07-08,21114.1,Dormant
ACC04019,CUST03540,BR000,Salary,2024-08-19,19314.56,Closed
ACC08189,CUST03007,BR039,Salary,2026-09-05,58981.19,Closed
ACC11946,CUST00387,BR024,Savings,2025-11-14,81732.28,Closed
ACC01059,CUST04347,BR032,Current,2024-11-29,70398.71,Closed
ACC00728,CUST02318,BR043,Savings,2025-12-24,12894.47,Dormant
ACC02008,CUST05109,BR028,Current,2026-04-21,44529.87,Dormant
ACC08904,CUST00075,BR010,Current,2025-03-07,50427.47,Active
ACC02488,CUST99999,BR018,Savings,2026-04-15,48128.69,Closed
ACC03891,CUST02803,BR001,Current,2025-08-18,29688.05,Active
ACC10069,CUST99999,BR032,Savings,2025-05-15,75904.15,Dormant
ACC00777,CUST07187,BR037,Current,2026-03-29,62278.38,Closed
ACC10552,CUST08365,BR038,Salary,2026-02-04,80729.25,Closed
ACC04538,CUST02759,BR042,Salary,2024-08-17,89768.46,Dormant
ACC07026,CUST08662,BR039,Savings,2026-06-29,46582.73,Dormant
ACC02323,CUST07712,BR011,Salary,2025-02-26,62786.05,Closed
ACC00093,CUST06930,BR005,Current,2024-11-01,68955.21,Active
ACC05557,CUST01368,BR017,Current,2026-06-19,39639.27,Closed
ACC03200,CUST04773,BR012,Savings,2025-09-30,60402.14,Dormant
ACC09789,CUST04494,BR025,Salary,2024-05-25,62030.26,Dormant
ACC07629,CUST08831,BR040,Savings,2024-11-18,90888.68,Closed
ACC11648,CUST09941,BR044,Current,2025-06-26,76831.91,Closed
ACC05858,CUST07539,BR029,Savings,2025-02-18,20824.23,Dormant
ACC04007,CUST02797,BR048,Salary,2025-05-29,78717.78,Active
ACC09508,CUST03817,BR003,Current,2024-06-24,60010.59,Active
ACC10609,CUST03626,BR010,Savings,2024-06-08,71274.67,Active
ACC06303,CUST02521,BR008,Current,2026-05-13,52550.34,Dormant
ACC08280,CUST05008,BR001,Current,2024-06-12,67895.13,Active
ACC00906,CUST04097,BR036,Current,2026-08-27,95186.91,Dormant
ACC10553,CUST03457,BR005,Current,2025-02-11,71627.38,Active
ACC03084,CUST00800,BR012,Salary,2023-10-30,99319.13,Dormant
ACC04491,CUST04637,BR033,Current,2025-05-27,64154.52,Dormant
ACC11180,CUST04120,BR006,Current,2025-02-04,36744.73,Closed
ACC09264,CUST00351,BR034,Current,2023-09-30,35049.06,Dormant
ACC06257,CUST09071,BR008,Salary,2024-09-04,81893.5,Dormant
ACC03697,CUST01575,BR027,Salary,2024-01-21,44357.38,Active
ACC09598,CUST04407,BR015,Salary,2026-06-23,39525.93,Active
ACC10803,CUST02263,BR042,Salary,2025-04-13,36593.94,Active
ACC09434,CUST04171,BR013,Savings,2024-02-20,53469.22,Closed
ACC06570,CUST09969,BR018,Salary,2024-01-29,56978.17,Dormant
ACC03956,CUST06093,BR010,Salary,2025-01-10,74470.58,Active
ACC03639,CUST07376,BR046,Current,2026-08-30,47039.78,Dormant
ACC01783,CUST03555,BR039,Savings,2025-04-28,79854.96,Active
ACC11405,CUST08036,BR009,Salary,2024-05-24,57388.77,Closed
ACC09841,CUST04673,BR049,Current,2023-12-26,4370.9,Dormant
ACC10086,CUST06695,BR010,Salary,2026-06-05,16010.87,Closed
ACC08467,CUST00487,BR033,Current,2026-03-09,-4798.43,Dormant
ACC00001,CUST02343,BR010,Current,2024-02-28,68184.09,Dormant
ACC01617,CUST07750,BR030,Savings,2025-02-19,87134.66,Dormant
ACC01982,CUST01606,BR022,Salary,2025-06-27,45743.9,Active
ACC06105,CUST03078,BR031,Current,2024-06-20,95275.91,Dormant
ACC02931,CUST05581,BR028,Salary,2025-03-20,21252.62,Closed
ACC08500,CUST03690,BR020,Salary,2025-10-15,34664.95,Closed
ACC11400,CUST03972,BR003,Savings,2025-07-24,25942.26,Dormant
ACC00036,CUST08724,BR049,Current,2024-11-13,2910.12,Active
ACC03095,CUST04345,BR040,Current,2026-02-01,27200.63,Closed
ACC06039,CUST04336,BR031,Savings,2024-02-05,87191.22,Dormant
ACC02974,CUST01603,BR045,Savings,2025-03-09,41133.78,Active
ACC09510,CUST02767,BR003,Current,2026-05-15,14968.05,Active
ACC01442,CUST00494,BR006,Current,2025-01-31,96453.11,Closed
ACC11138,CUST04820,BR037,Current,2026-05-31,59072.79,Dormant
ACC02073,CUST08549,BR022,Current,2026-06-09,13832.09,Closed
ACC00189,CUST02782,BR001,Current,2024-09-17,30873.61,Closed
ACC06938,CUST05444,BR044,Savings,2025-05-19,48828.25,Closed
ACC10705,CUST02236,BR012,Salary,2026-01-11,22823.45,Dormant
ACC08598,CUST00201,BR036,Savings,2024-08-12,36932.12,Active
ACC07382,CUST00160,BR041,Salary,2025-11-06,21179.47,Dormant
ACC10385,CUST99999,BR000,Salary,2025-06-22,40815.33,Active
ACC05473,CUST99999,BR036,Savings,2024-01-05,62452.62,Closed
ACC11889,CUST02253,BR013,Savings,2024-01-07,14049.0,Closed
ACC03341,CUST09927,BR005,Salary,2025-08-16,67663.59,Active
ACC03883,CUST06263,BR007,Current,2025-05-23,97452.78,Dormant
ACC00161,CUST09721,BR020,Current,2025-08-13,22728.76,Active
ACC06255,CUST00499,BR032,Savings,2025-07-21,50696.38,Active
ACC06620,CUST05078,BR048,Current,2025-08-01,73761.62,Closed
ACC04121,CUST05989,BR035,Salary,2024-06-04,27075.43,Active
ACC00843,CUST04597,BR005,Savings,2025-10-06,37130.95,Closed
ACC09895,CUST09131,BR041,Current,2025-11-25,38065.83,Closed
ACC00029,CUST09593,BR047,Savings,2026-03-12,57346.37,Closed
ACC01129,CUST04550,BR017,Salary,2023-12-26,79838.85,Closed
ACC08075,CUST04976,BR017,Salary,2024-02-27,35169.03,Dormant
ACC06659,CUST02407,BR028,Salary,2023-12-29,19145.95,Dormant
ACC11875,CUST09383,BR043,Salary,2026-01-31,67765.39,Closed
ACC00322,CUST08920,BR011,Savings,2025-09-18,9692.3,Active
ACC00049,CUST01232,BR000,Salary,2025-08-22,64016.18,Active
ACC10115,CUST00773,BR029,Salary,2026-03-11,7909.84,Active
ACC06896,CUST08077,BR026,Savings,2023-12-20,4299.4,Dormant
ACC04021,CUST03435,BR006,Salary,2024-07-12,89761.24,Closed
ACC05088,CUST04615,BR004,Salary,2024-12-08,15571.25,Active
ACC00780,CUST00529,BR014,Salary,2023-11-11,40865.35,Closed
ACC02725,CUST00950,BR004,Current,2024-07-24,30037.43,Closed
ACC02849,CUST08771,BR015,Current,2024-06-07,18740.64,Dormant
ACC09431,CUST07749,BR039,Salary,2025-05-13,61279.97,Closed
ACC02395,CUST08427,BR020,Salary,2025-10-31,10655.08,Active
ACC09275,CUST02935,BR011,Salary,2024-11-29,81336.21,Active
ACC03085,CUST02330,BR016,Current,2024-06-13,98562.12,Dormant
ACC02774,CUST04405,BR001,Savings,2026-07-03,30751.93,Active
ACC07296,CUST05469,BR023,Savings,2024-07-25,78207.72,Closed
ACC07522,CUST09467,BR048,Savings,2025-07-18,20775.55,Active
ACC02347,CUST04504,BR008,Savings,2026-02-22,11267.93,Active
ACC09139,CUST09868,BR014,Salary,2026-04-07,45545.64,Active
ACC08727,CUST01115,BR032,Savings,2024-11-29,33634.61,Closed
ACC08762,CUST00057,BR015,Salary,2024-01-19,65696.68,Active
ACC10699,CUST00195,BR000,Current,2025-06-30,-76221.49,Active
ACC09772,CUST04978,BR011,Savings,2026-08-16,39589.51,Dormant
ACC07169,CUST00224,BR020,Current,2025-02-03,60007.46,Active
ACC07058,CUST06756,BR003,Savings,2024-02-25,92715.69,Dormant
ACC00053,CUST03058,BR029,Savings,2024-01-09,63518.11,Active
ACC08450,CUST99999,BR027,Savings,2023-09-27,64920.3,Closed
ACC07861,CUST02530,BR007,Savings,2024-06-09,35159.12,Dormant
ACC07907,CUST06490,BR038,Savings,2026-07-28,61332.1,Active
ACC03571,CUST01886,BR007,Savings,2026-05-20,1932.68,Closed
ACC03211,CUST03144,BR008,Savings,2024-02-22,27819.19,Closed
ACC07226,CUST05299,BR003,Savings,2024-08-09,97744.71,Active
ACC10839,CUST06453,BR015,Savings,2025-12-17,60860.77,Closed
ACC00354,CUST06085,BR029,Savings,2024-09-13,20519.53,Closed
ACC01382,CUST04513,BR023,Salary,2024-03-07,91264.13,Active
ACC10249,CUST04903,BR003,Savings,2025-02-22,29385.78,Active
ACC06355,CUST02798,BR024,Current,2024-03-22,2612.43,Dormant
ACC08463,CUST02774,BR005,Savings,2024-05-20,57230.04,Dormant
ACC05691,CUST05950,BR005,Salary,2025-04-23,506.72,Active
ACC06313,CUST01184,BR000,Savings,2025-03-21,82317.18,Active
ACC03385,CUST03467,BR021,Current,2025-07-07,-17144.83,Active
ACC08456,CUST02703,BR011,Savings,2026-01-27,53507.82,Closed
ACC10943,CUST04325,BR000,Savings,2025-05-12,44684.32,Dormant
ACC08116,CUST02580,BR049,Salary,2024-05-31,91676.96,Dormant
ACC01688,CUST08441,BR000,Salary,2024-01-07,30093.2,Closed
ACC06961,CUST05786,BR027,Salary,2025-05-11,11371.82,Active
ACC10921,CUST09321,BR013,Salary,2024-01-28,71049.01,Active
ACC10093,CUST01567,BR043,Savings,2023-11-30,16577.11,Closed
ACC05872,CUST03245,BR040,Salary,2025-08-21,40562.79,Closed
ACC01334,CUST03088,BR014,Salary,2025-09-05,86824.21,Closed
ACC03409,CUST02311,BR035,Current,2026-03-24,12170.3,Dormant
ACC11709,CUST00727,BR026,Savings,2023-10-31,53383.38,Active
ACC09553,CUST06079,BR001,Salary,2025-08-30,38068.08,Dormant
ACC10102,CUST07512,BR017,Salary,2025-12-13,58750.17,Active
ACC00783,CUST04483,BR025,Savings,2025-07-05,85003.94,Active
ACC05404,CUST05691,BR040,Salary,2026-01-08,30367.98,Closed
ACC10559,CUST02461,BR024,Current,2024-02-18,54286.72,Dormant
ACC01459,CUST03740,BR031,Current,2026-03-11,57854.44,Active
ACC00949,CUST01696,BR038,Current,2026-03-11,71312.24,Active
ACC11554,CUST00249,BR035,Salary,2026-06-05,28428.82,Dormant
ACC11853,CUST03109,BR012,Current,2024-10-17,31354.47,Closed
ACC10469,CUST08058,BR040,Current,2025-08-30,83890.05,Dormant
ACC03767,CUST05124,BR033,Current,2025-06-28,35711.19,Closed
ACC06536,CUST04838,BR032,Savings,2023-11-01,33778.25,Dormant
ACC10159,CUST05671,BR018,Savings,2023-11-28,3416.69,Active
ACC09500,CUST04336,BR030,Savings,2024-10-30,64832.99,Active
ACC09740,CUST01275,BR035,Current,2025-10-14,97669.22,Dormant
ACC05801,CUST05227,BR038,Salary,2024-07-18,70593.96,Active
ACC10294,CUST03777,BR029,Savings,2025-05-01,30945.8,Dormant
ACC02017,CUST09180,BR022,Savings,2025-11-30,28797.24,Closed
ACC09905,CUST04709,BR046,Salary,2026-05-23,91887.71,Closed
ACC09209,CUST07724,BR031,Current,2026-02-19,87810.78,Dormant
ACC02056,CUST04017,BR020,Savings,2024-04-05,65829.44,Closed
ACC07452,CUST09940,BR015,Savings,2025-08-12,17664.3,Closed
ACC09467,CUST02673,BR036,Savings,2025-05-20,55261.01,Dormant
ACC00750,CUST08726,BR043,Savings,2026-08-30,63632.29,Dormant
ACC07230,CUST06806,BR033,Savings,2024-03-01,68534.2,Active
ACC05794,CUST02919,BR047,Salary,2026-03-25,48832.52,Dormant
ACC04452,CUST01121,BR010,Savings,2025-02-04,63314.73,Active
ACC03435,CUST04557,BR049,Current,2024-04-15,17876.57,Dormant
ACC11434,CUST03314,BR014,Savings,2025-11-24,96549.08,Active
ACC00868,CUST05517,BR000,Current,2025-02-03,37485.77,Closed
ACC02261,CUST03234,BR027,Current,2024-07-09,54361.85,Active
ACC08401,CUST05133,BR040,Savings,2024-03-01,88890.15,Dormant
ACC03910,CUST00511,BR025,Salary,2023-10-16,76192.49,Active
ACC00591,CUST00858,BR015,Savings,2023-12-31,55902.54,Dormant
ACC08769,CUST02127,BR044,Current,2024-02-14,45136.93,Active
ACC09916,CUST09800,BR031,Salary,2024-02-27,7004.67,Dormant
ACC05732,CUST03607,BR020,Salary,2026-02-02,41456.67,Dormant
ACC07768,CUST00490,BR010,Salary,2026-05-28,57081.59,Closed
ACC06645,CUST04866,BR006,Current,2024-04-05,60651.85,Closed
ACC06275,CUST02234,BR007,Current,2024-10-26,21903.13,Active
ACC00074,CUST03219,BR015,Current,2025-03-28,94391.25,Active
ACC09584,CUST07881,BR015,Current,2024-06-22,57086.98,Closed
ACC00364,CUST09819,BR031,Current,2023-09-23,86059.64,Dormant
ACC08198,CUST02198,BR034,Salary,2026-05-10,59604.14,Closed
ACC04199,CUST07283,BR023,Savings,2024-03-24,74147.2,Dormant
ACC08406,CUST06910,BR014,Savings,2026-01-11,80854.25,Closed
ACC05227,CUST04121,BR043,Savings,2023-12-31,82469.74,Closed
ACC03157,CUST02081,BR034,Current,2024-01-22,51953.17,Dormant
ACC00973,CUST02708,BR028,Savings,2026-03-19,-22649.98,Dormant
ACC07138,CUST02035,BR035,Savings,2025-06-14,18329.67,Dormant
ACC07834,CUST01679,BR005,Salary,2023-12-26,9250.47,Closed
ACC11184,CUST00469,BR034,Salary,2025-12-24,12646.07,Closed
ACC04493,CUST02692,BR007,Savings,2025-12-01,5155.79,Closed
ACC06227,CUST09785,BR038,Savings,2024-10-30,60441.53,Dormant
ACC06555,CUST09064,BR033,Savings,2026-02-12,38637.9,Dormant
ACC09520,CUST07255,BR036,Salary,2026-08-10,2095.22,Active
ACC05467,CUST06471,BR041,Current,2024-11-17,33079.69,Active
ACC01765,CUST07247,BR016,Savings,2026-03-15,13820.77,Dormant
ACC07439,CUST08471,BR031,Salary,2025-10-15,48842.63,Active
ACC00640,CUST05511,BR024,Current,2026-05-09,80634.42,Dormant
ACC10946,CUST02870,BR018,Current,2024-09-15,80417.02,Active
ACC04123,CUST01487,BR000,Savings,2024-09-10,1774.33,Closed
ACC01827,CUST06502,BR035,Current,2024-02-02,3367.13,Active
ACC11585,CUST00335,BR008,Savings,2024-06-29,22534.5,Dormant
ACC07477,CUST01687,BR026,Salary,2023-12-14,69120.57,Closed
ACC06430,CUST06367,BR007,Savings,2023-11-16,-89558.58,Closed
ACC09932,CUST04812,BR039,Savings,2025-02-16,74955.88,Dormant
ACC06396,CUST04395,BR037,Current,2025-04-01,65430.79,Closed
ACC06910,CUST02038,BR037,Salary,2025-01-07,13508.83,Closed
ACC05421,CUST09754,BR009,Current,2026-06-23,94069.45,Closed
ACC01259,CUST08887,BR023,Current,2024-01-01,80213.3,Closed
ACC10386,CUST06216,BR022,Current,2025-12-14,96677.33,Dormant
ACC05253,CUST02065,BR005,Savings,2026-01-28,93577.89,Active
ACC04489,CUST09097,BR025,Savings,2025-01-04,94640.62,Dormant
ACC06170,CUST99999,BR011,Savings,2025-03-01,74450.41,Active
ACC00907,CUST01498,BR023,Salary,2024-03-23,23461.16,Active
ACC01422,CUST00063,BR021,Salary,2025-08-15,27315.89,Closed
ACC10223,CUST08427,BR049,Current,2025-04-21,9936.55,Closed
ACC03068,CUST02351,BR046,Current,2024-02-04,16308.83,Closed
ACC04816,CUST08235,BR004,Salary,2025-10-21,12649.57,Closed
ACC08043,CUST01347,BR009,Salary,2023-11-14,90993.95,Dormant
ACC08108,CUST02197,BR038,Savings,2026-02-08,14455.07,Active
ACC11603,CUST04685,BR011,Salary,2024-04-20,13792.96,Active
ACC10274,CUST07269,BR000,Salary,2026-01-19,42823.41,Active
ACC03523,CUST07421,BR014,Current,2026-05-18,64508.37,Dormant
ACC05437,CUST09317,BR044,Savings,2024-05-02,82778.75,Closed
ACC02144,CUST07846,BR018,Salary,2025-03-24,96075.99,Active
ACC05809,CUST00784,BR014,Salary,2025-11-18,19917.62,Active
ACC09276,CUST03485,BR001,Savings,2025-10-15,14275.79,Closed
ACC07087,CUST07030,BR014,Salary,2024-04-05,69928.82,Dormant
ACC10649,CUST00524,BR032,Salary,2025-12-18,61375.9,Active
ACC05243,CUST05689,BR033,Savings,2024-08-05,10888.92,Active
ACC02645,CUST08719,BR011,Current,2026-07-14,31799.42,Dormant
ACC03109,CUST06152,BR032,Savings,2024-02-07,84532.37,Dormant
ACC05769,CUST00368,BR046,Savings,2026-08-07,79878.91,Closed
ACC11971,CUST07919,BR042,Salary,2024-08-29,53202.57,Closed
ACC04945,CUST00760,BR019,Savings,2026-06-01,23966.38,Closed
ACC06160,CUST99999,BR007,Savings,2025-08-18,15735.5,Active
ACC09864,CUST01600,BR039,Current,2026-01-16,36023.36,Dormant
ACC02271,CUST00702,BR018,Current,2025-10-28,65186.0,Active
ACC07566,CUST04634,BR047,Current,2024-04-16,59846.91,Active
ACC09423,CUST05313,BR041,Current,2026-07-26,77095.45,Active
ACC10521,CUST02083,BR017,Savings,2024-12-04,54819.08,Active
ACC11571,CUST07842,BR024,Current,2026-03-16,9231.69,Closed
ACC10485,CUST07066,BR005,Current,2023-09-28,27516.89,Dormant
ACC09689,CUST07697,BR041,Current,2026-06-12,75100.01,Dormant
ACC04028,CUST00848,BR046,Salary,2026-03-01,64307.37,Dormant
ACC00769,CUST03021,BR043,Savings,2026-03-16,99170.12,Closed
ACC10085,CUST07450,BR005,Current,2024-03-19,37931.53,Active
ACC04314,CUST08602,BR034,Salary,2026-03-29,49711.04,Closed
ACC02600,CUST03990,BR020,Current,2023-11-04,64365.15,Dormant
ACC01359,CUST06359,BR041,Savings,2026-07-23,28688.63,Closed
ACC05238,CUST02595,BR031,Savings,2025-12-21,63434.51,Closed
ACC00192,CUST06191,BR014,Salary,2024-01-20,67619.48,Closed
ACC11204,CUST02629,BR004,Savings,2026-05-21,32824.75,Dormant
ACC06177,CUST01067,BR024,Current,2025-03-30,47320.39,Dormant
ACC02966,CUST01216,BR004,Salary,2026-08-07,1155.72,Active
ACC09256,CUST09574,BR006,Current,2026-03-29,42335.78,Dormant
ACC09345,CUST01568,BR008,Savings,2025-10-13,79108.61,Closed
ACC01456,CUST02558,BR038,Savings,2023-10-02,71527.31,Dormant
ACC04707,CUST00051,BR028,Salary,2025-07-07,61875.24,Closed
ACC09709,CUST01737,BR017,Salary,2024-08-15,64031.3,Dormant
ACC07456,CUST09474,BR022,Savings,2026-04-22,66997.01,Closed
ACC11806,CUST04532,BR049,Savings,2026-01-01,73803.37,Active
ACC11301,CUST08757,BR004,Salary,2026-05-22,11527.14,Dormant
ACC02997,CUST04006,BR032,Current,2025-11-02,-72674.85,Dormant
ACC02909,CUST00986,BR028,Current,2024-07-29,73123.72,Closed
ACC09541,CUST05461,BR037,Savings,2024-12-11,41660.97,Closed
ACC04853,CUST02003,BR000,Salary,2024-12-11,72022.33,Closed
ACC07766,CUST02984,BR030,Savings,2026-07-01,88581.95,Closed
ACC00355,CUST08165,BR000,Current,2024-10-25,18950.41,Closed
ACC07968,CUST07124,BR044,Savings,2026-01-15,87269.36,Closed
ACC00901,CUST08670,BR043,Current,2024-11-08,65482.18,Active
ACC05926,CUST01035,BR040,Savings,2024-03-13,96733.83,Closed
ACC07885,CUST02885,BR017,Savings,2025-10-07,55559.54,Dormant
ACC02042,CUST06099,BR010,Salary,2025-02-06,70658.67,Active
ACC04220,CUST07129,BR046,Salary,2025-02-28,66651.17,Dormant
ACC08350,CUST08468,BR005,Savings,2026-08-20,32048.53,Active
ACC06540,CUST07385,BR048,Current,2025-11-21,17184.21,Active
ACC08418,CUST08223,BR011,Salary,2026-04-10,16757.96,Active
ACC07105,CUST07389,BR016,Salary,2025-09-29,17623.22,Dormant
ACC04169,CUST08114,BR028,Current,2023-12-30,52296.26,Closed
ACC00503,CUST07402,BR019,Savings,2026-03-23,30038.35,Closed
ACC10420,CUST06805,BR044,Current,2024-09-13,63167.78,Dormant
ACC00566,CUST01664,BR043,Current,2026-07-24,27583.81,Dormant
ACC01869,CUST02932,BR011,Salary,2024-06-15,60699.95,Dormant
ACC02622,CUST06510,BR005,Current,2024-07-04,81232.93,Active
ACC07653,CUST00717,BR026,Current,2024-05-05,86618.89,Closed
ACC08428,CUST01466,BR049,Savings,2025-12-23,52270.13,Dormant
ACC00898,CUST07707,BR040,Savings,2023-09-30,97907.09,Active
ACC03074,CUST00875,BR014,Salary,2026-02-05,78708.47,Active
ACC09996,CUST05571,BR000,Current,2025-11-14,75091.37,Dormant
ACC05530,CUST02962,BR047,Salary,2023-11-14,33887.96,Closed
ACC07379,CUST00870,BR010,Salary,2026-04-04,92853.68,Dormant
ACC02443,CUST03914,BR001,Current,2025-09-15,70141.92,Active
ACC05135,CUST05076,BR048,Savings,2024-04-21,98429.59,Closed
ACC00202,CUST05952,BR025,Salary,2024-10-24,38806.7,Dormant
ACC06439,CUST05001,BR035,Savings,2023-10-28,71101.23,Active
ACC04404,CUST06269,BR031,Current,2025-05-03,90198.21,Active
ACC10845,CUST05666,BR009,Current,2026-02-09,53876.3,Active
ACC04555,CUST03647,BR010,Savings,2023-09-22,86662.68,Dormant
ACC01168,CUST03786,BR045,Salary,2024-05-02,22330.46,Closed
ACC02052,CUST00090,BR043,Savings,2026-08-24,46687.49,Closed
ACC04630,CUST06568,BR026,Current,2025-11-05,90967.66,Active
ACC06492,CUST07041,BR027,Savings,2025-06-14,52455.09,Active
ACC07594,CUST08450,BR041,Current,2025-09-06,84925.65,Active
ACC10886,CUST08415,BR004,Salary,2023-12-24,31129.08,Active
ACC00602,CUST04881,BR025,Salary,2024-04-25,36361.38,Dormant
ACC02066,CUST03479,BR004,Salary,2025-01-02,32806.94,Active
ACC03552,CUST04695,BR026,Salary,2024-03-24,73024.79,Dormant
ACC02273,CUST02641,BR007,Salary,2024-05-27,67921.02,Closed
ACC01227,CUST08657,BR028,Savings,2025-07-09,18126.55,Dormant
ACC07999,CUST08157,BR037,Salary,2025-11-29,91086.4,Active
ACC08481,CUST05569,BR021,Savings,2025-06-06,39466.28,Dormant
ACC07972,CUST04583,BR025,Savings,2026-03-01,1237.51,Active
ACC01939,CUST06824,BR022,Current,2025-08-06,46681.85,Active
ACC04569,CUST06912,BR022,Current,2024-12-21,55208.99,Closed
ACC09716,CUST05500,BR029,Salary,2024-03-30,6169.75,Dormant
ACC06425,CUST02613,BR022,Salary,2024-02-27,1476.18,Active
ACC00559,CUST06149,BR001,Current,2026-02-25,78844.64,Active
ACC01018,CUST00459,BR002,Salary,2026-03-26,56510.23,Dormant
ACC04916,CUST01633,BR041,Salary,2025-06-08,56339.78,Active
ACC10007,CUST05875,BR002,Savings,2024-03-11,44680.06,Dormant
ACC05387,CUST07335,BR018,Savings,2025-02-24,91209.71,Closed
ACC04001,CUST08049,BR038,Savings,2023-11-24,90153.01,Dormant
ACC04857,CUST07752,BR028,Current,2024-02-11,10723.22,Active
ACC11140,CUST00430,BR032,Salary,2025-10-30,25192.61,Dormant
ACC07765,CUST02224,BR029,Savings,2025-09-03,46108.23,Closed
ACC09605,CUST06417,BR025,Current,2025-10-04,32278.56,Dormant
ACC03405,CUST03918,BR022,Current,2025-10-08,98188.55,Dormant
ACC00027,CUST07343,BR012,Savings,2024-08-16,72824.76,Dormant
ACC08012,CUST07305,BR024,Salary,2026-05-10,52129.98,Active
ACC04416,CUST07968,BR025,Current,2025-11-28,95687.88,Dormant
ACC00999,CUST05895,BR007,Savings,2023-12-10,52507.3,Closed
ACC10473,CUST07343,BR012,Current,2024-02-13,26745.91,Dormant
ACC06718,CUST06615,BR003,Salary,2024-04-15,70321.84,Dormant
ACC08377,CUST06414,BR011,Salary,2024-03-15,22134.02,Closed
ACC03337,CUST04177,BR007,Savings,2024-04-16,59182.22,Active
ACC01152,CUST07678,BR041,Salary,2025-01-20,98455.91,Closed
ACC08664,CUST07504,BR009,Savings,2023-09-24,11373.5,Dormant
ACC00837,CUST04041,BR040,Salary,2023-09-24,70057.06,Dormant
ACC01068,CUST05233,BR018,Current,2025-01-23,64986.99,Active
ACC10058,CUST06148,BR026,Salary,2026-07-11,77084.83,Active
ACC00556,CUST05585,BR018,Current,2024-11-27,20999.72,Dormant
ACC02680,CUST09393,BR007,Salary,2024-03-09,80208.24,Dormant
ACC01894,CUST03613,BR022,Current,2026-05-06,74979.52,Dormant
ACC03911,CUST02105,BR039,Salary,2024-09-04,66286.05,Closed
ACC10875,CUST00548,BR033,Current,2023-09-26,69008.64,Dormant
ACC07938,CUST02153,BR005,Salary,2025-10-20,32147.93,Active
ACC04715,CUST08875,BR040,Salary,2024-07-14,97774.1,Dormant
ACC04400,CUST02655,BR028,Current,2024-10-13,68010.47,Dormant
ACC04952,CUST04400,BR027,Salary,2026-06-04,68070.72,Active
ACC08640,CUST03921,BR019,Current,2024-03-29,18596.01,Dormant
ACC01903,CUST08333,BR008,Savings,2026-04-14,55001.17,Dormant
ACC07341,CUST07988,BR012,Salary,2024-01-09,11536.94,Closed
ACC06755,CUST03137,BR022,Current,2024-02-10,18495.37,Closed
ACC05967,CUST06591,BR015,Current,2026-08-14,4312.5,Dormant
ACC10136,CUST02571,BR009,Salary,2024-10-09,90491.64,Dormant
ACC09629,CUST99999,BR031,Salary,2024-04-21,4157.2,Dormant
ACC00120,CUST02289,BR040,Current,2026-01-28,55480.69,Closed
ACC08343,CUST00739,BR015,Salary,2024-05-24,47497.47,Active
ACC04813,CUST05644,BR040,Savings,2024-11-21,99715.13,Closed
ACC04726,CUST01785,BR013,Current,2024-08-25,17487.33,Closed
ACC05119,CUST02641,BR010,Salary,2025-03-09,8077.21,Active
ACC01361,CUST01084,BR042,Salary,2025-09-10,65709.17,Active
ACC05707,CUST07174,BR010,Savings,2024-10-13,31963.43,Active
ACC04443,CUST06991,BR023,Salary,2025-05-26,7899.47,Active
ACC01912,CUST03217,BR002,Salary,2025-04-02,49357.85,Active
ACC07125,CUST07924,BR045,Savings,2024-06-14,25624.55,Closed
ACC04431,CUST02941,BR017,Current,2025-02-24,81967.03,Closed
ACC08961,CUST00675,BR037,Current,2024-01-04,68808.69,Dormant
ACC02565,CUST06855,BR044,Salary,2025-12-11,7294.46,Dormant
ACC11259,CUST02527,BR037,Current,2025-08-29,44280.21,Closed
ACC05882,CUST04523,BR031,Current,2026-05-20,96972.74,Closed
ACC08457,CUST05239,BR012,Salary,2024-01-23,22246.65,Closed
ACC04880,CUST08131,BR041,Savings,2025-02-22,46754.6,Closed
ACC00350,CUST07268,BR032,Current,2024-10-18,43709.68,Dormant
ACC08623,CUST01150,BR015,Savings,2025-07-26,-73437.3,Dormant
ACC05486,CUST06031,BR049,Salary,2024-10-17,23058.38,Dormant
ACC07650,CUST02693,BR005,Current,2024-01-18,6959.57,Closed
ACC03009,CUST08994,BR032,Savings,2023-09-19,6650.62,Active
ACC10782,CUST08175,BR041,Salary,2024-08-26,69377.83,Closed
ACC06480,CUST00541,BR012,Current,2025-12-12,89764.22,Dormant
ACC06692,CUST09671,BR016,Savings,2024-01-20,22054.9,Dormant
ACC07445,CUST05993,BR003,Salary,2024-04-11,52939.4,Closed
ACC01085,CUST07658,BR000,Savings,2023-11-28,41363.47,Closed
ACC02990,CUST04346,BR044,Current,2024-04-09,31140.16,Dormant
ACC01759,CUST08809,BR031,Salary,2023-12-24,76178.22,Dormant
ACC03204,CUST09864,BR005,Salary,2024-09-26,1088.8,Closed
ACC05544,CUST06848,BR018,Current,2025-11-26,97777.29,Active
ACC01318,CUST00050,BR032,Savings,2025-01-28,49897.86,Active
ACC01526,CUST00448,BR048,Salary,2025-06-12,99250.28,Dormant
ACC11304,CUST04766,BR043,Savings,2026-08-25,24626.54,Dormant
ACC07859,CUST04093,BR011,Salary,2026-06-11,44510.73,Dormant
ACC04238,CUST05863,BR049,Savings,2023-09-10,41374.3,Dormant
ACC00881,CUST04345,BR018,Savings,2026-08-16,13956.46,Closed
ACC10892,CUST08442,BR016,Savings,2025-07-11,72467.57,Active
ACC09768,CUST09810,BR023,Savings,2023-11-20,63247.75,Active
ACC09126,CUST03986,BR015,Savings,2026-01-03,65459.78,Closed
ACC01673,CUST05788,BR040,Savings,2024-03-27,63289.33,Dormant
ACC05714,CUST04860,BR024,Current,2025-11-24,58676.94,Closed
ACC02882,CUST02784,BR003,Salary,2024-04-04,41279.07,Closed
ACC08563,CUST00902,BR039,Current,2025-12-09,74240.23,Closed
ACC10561,CUST02350,BR001,Current,2023-11-13,85951.44,Closed
ACC04979,CUST08518,BR015,Current,2025-08-03,49867.27,Dormant
ACC09656,CUST05707,BR046,Current,2026-02-09,82987.68,Dormant
ACC01296,CUST07320,BR019,Current,2024-08-14,9229.6,Active
ACC00698,CUST02915,BR021,Salary,2024-03-25,91497.53,Closed
ACC11016,CUST04809,BR014,Salary,2023-09-26,25042.3,Active
ACC03839,CUST05953,BR032,Current,2023-12-04,92611.31,Dormant
ACC01370,CUST03989,BR018,Salary,2026-05-23,4798.69,Dormant
ACC09535,CUST08192,BR026,Salary,2024-03-25,19745.15,Dormant
ACC01217,CUST02951,BR045,Salary,2024-05-24,84103.18,Active
ACC06830,CUST02052,BR036,Salary,2025-07-08,68374.41,Active
ACC05531,CUST09705,BR008,Savings,2026-07-13,39133.88,Dormant
ACC08009,CUST01464,BR045,Salary,2025-10-24,2785.04,Active
ACC04785,CUST08219,BR004,Salary,2025-04-21,12163.45,Closed
ACC00802,CUST03764,BR039,Current,2026-06-15,41906.97,Closed
ACC09944,CUST02657,BR006,Salary,2026-07-11,86612.84,Closed
ACC00730,CUST06469,BR042,Salary,2025-03-05,98689.63,Active
ACC04506,CUST02083,BR029,Current,2024-07-14,52379.07,Dormant
ACC10079,CUST08086,BR040,Savings,2023-10-17,83684.9,Closed
ACC04011,CUST02116,BR028,Salary,2024-10-01,46700.88,Closed
ACC01644,CUST07577,BR028,Salary,2025-02-26,87472.4,Dormant
ACC03466,CUST03415,BR037,Savings,2025-04-27,63812.93,Active
ACC04141,CUST05805,BR019,Salary,2024-06-07,26506.03,Active
ACC03602,CUST05116,BR011,Current,2024-03-29,90478.58,Active
ACC03948,CUST00703,BR008,Salary,2026-02-07,42830.81,Closed
ACC00606,CUST04312,BR026,Savings,2024-02-21,9418.45,Closed
ACC05304,CUST06602,BR029,Savings,2026-09-04,73006.52,Dormant
ACC04155,CUST09769,BR000,Salary,2024-07-17,3310.5,Dormant
ACC10098,CUST02378,BR040,Savings,2025-10-28,15365.94,Dormant
ACC02020,CUST08473,BR021,Current,2025-12-04,99842.49,Dormant
ACC06501,CUST05637,BR038,Savings,2025-07-03,42895.19,Closed
ACC11124,CUST06796,BR034,Salary,2024-06-07,67035.24,Dormant
ACC06248,CUST06881,BR023,Salary,2025-12-18,99741.33,Dormant
ACC02148,CUST06617,BR004,Salary,2026-04-05,89882.72,Closed
ACC06589,CUST08323,BR024,Salary,2025-04-23,96977.22,Active
ACC03247,CUST05882,BR025,Current,2024-03-03,4674.48,Dormant
ACC02798,CUST06830,BR007,Current,2025-02-27,42804.2,Dormant
ACC08894,CUST07170,BR011,Salary,2026-03-04,85455.02,Active
ACC00764,CUST06293,BR040,Savings,2026-07-27,63591.96,Dormant
ACC11438,CUST06733,BR006,Current,2025-02-13,82526.55,Closed
ACC09486,CUST01830,BR021,Salary,2025-01-02,79429.22,Dormant
ACC08547,CUST07300,BR002,Savings,2024-04-23,89534.17,Dormant
ACC02750,CUST05447,BR048,Current,2023-11-18,79440.12,Active
ACC00569,CUST06409,BR035,Current,2025-09-13,79819.61,Dormant
ACC02371,CUST07611,BR045,Current,2026-06-21,60596.78,Dormant
ACC06011,CUST02008,BR033,Salary,2024-07-09,98281.65,Dormant
ACC09066,CUST09378,BR020,Savings,2024-10-14,82778.96,Closed
ACC04929,CUST03577,BR035,Savings,2024-08-21,20460.81,Closed
ACC03257,CUST07084,BR039,Salary,2024-07-30,15427.21,Closed
ACC10527,CUST02296,BR001,Current,2026-07-28,6889.22,Closed
ACC00325,CUST07450,BR032,Current,2024-05-10,93506.87,Closed
ACC04542,CUST07605,BR004,Salary,2024-07-26,40485.06,Dormant
ACC11653,CUST09783,BR006,Salary,2025-05-08,91221.53,Active
ACC08455,CUST01555,BR007,Savings,2025-08-01,47781.73,Dormant
ACC04746,CUST01500,BR017,Salary,2025-07-13,17977.74,Closed
ACC01050,CUST08561,BR026,Current,2025-02-07,78848.86,Active
ACC09688,CUST08197,BR017,Savings,2024-10-29,25843.01,Active
ACC09650,CUST05777,BR000,Salary,2023-10-09,45504.24,Active
ACC00708,CUST05050,BR011,Current,2026-06-03,58160.39,Active
ACC02406,CUST07912,BR016,Salary,2025-04-10,52114.28,Active
ACC06098,CUST07754,BR006,Savings,2025-07-31,36335.16,Closed
ACC02094,CUST00575,BR029,Savings,2024-10-27,16427.58,Dormant
ACC05285,CUST01255,BR015,Current,2025-01-18,99878.65,Closed
ACC02082,CUST06828,BR038,Savings,2025-04-02,8630.62,Dormant
ACC01646,CUST00498,BR039,Current,2024-02-28,17702.97,Closed
ACC08179,CUST02519,BR041,Current,2024-12-25,6831.87,Active
ACC05216,CUST02717,BR011,Salary,2025-01-22,21774.93,Active
ACC00489,CUST02904,BR018,Salary,2026-06-01,48431.36,Closed
ACC11823,CUST06132,BR039,Current,2025-01-07,57027.36,Dormant
ACC07810,CUST03949,BR026,Salary,2026-02-12,56587.64,Closed
ACC02259,CUST05322,BR014,Current,2024-01-09,96555.61,Closed
ACC03573,CUST05565,BR043,Salary,2025-05-26,21703.27,Closed
ACC01930,CUST02314,BR040,Salary,2025-04-07,82473.65,Active
ACC08616,CUST05444,BR020,Savings,2023-10-05,62109.25,Active
ACC00924,CUST05461,BR018,Salary,2025-05-23,72390.35,Dormant
ACC09248,CUST03774,BR020,Salary,2024-07-12,14569.62,Active
ACC05592,CUST02988,BR036,Salary,2025-09-26,46937.24,Closed
ACC07836,CUST08891,BR037,Savings,2024-08-24,42622.33,Closed
ACC06991,CUST02882,BR038,Salary,2025-04-22,69976.86,Closed
ACC01906,CUST09070,BR037,Savings,2024-09-06,61573.0,Closed
ACC08565,CUST07676,BR039,Salary,2024-01-06,96487.41,Dormant
ACC08284,CUST06115,BR038,Salary,2024-05-21,56655.37,Active
ACC04580,CUST07994,BR044,Salary,2026-01-28,67599.18,Active
ACC11793,CUST04858,BR042,Current,2026-02-18,11609.26,Closed
ACC04794,CUST06828,BR046,Salary,2026-08-09,73679.95,Closed
ACC05385,CUST04023,BR001,Current,2024-12-25,38132.81,Active
ACC11378,CUST02818,BR017,Current,2025-07-09,11985.56,Closed
ACC10642,CUST02658,BR047,Savings,2025-07-07,12147.53,Closed
ACC07799,CUST00659,BR035,Current,2025-07-09,72526.64,Active
ACC09309,CUST06049,BR038,Current,2026-08-10,29233.15,Active
ACC01725,CUST02942,BR000,Current,2025-12-11,66705.97,Dormant
ACC01287,CUST00945,BR018,Salary,2026-02-04,19763.05,Dormant
ACC11386,CUST09677,BR038,Savings,2025-10-03,85600.54,Closed
ACC05406,CUST03793,BR004,Current,2026-06-06,96115.39,Active
ACC11738,CUST08792,BR045,Salary,2026-06-01,59536.11,Dormant
ACC00992,CUST01383,BR007,Current,2026-01-01,22393.97,Active
ACC10361,CUST05843,BR024,Savings,2026-08-01,43804.78,Closed
ACC10211,CUST09413,BR025,Current,2025-08-30,74016.27,Closed
ACC08511,CUST02934,BR010,Current,2025-09-12,56311.75,Closed
ACC00752,CUST05838,BR014,Salary,2025-04-04,19407.37,Closed
ACC02648,CUST09186,BR032,Current,2024-04-14,29740.17,Dormant
ACC01738,CUST04290,BR013,Salary,2026-04-01,35350.56,Active
ACC02125,CUST08992,BR033,Savings,2024-01-03,-94647.49,Active
ACC05731,CUST09270,BR048,Savings,2025-06-27,76332.97,Closed
ACC09857,CUST05073,BR020,Salary,2026-06-30,14781.16,Active
ACC10614,CUST06340,BR026,Savings,2024-04-09,91555.91,Dormant
ACC04524,CUST05125,BR029,Salary,2026-01-12,57902.14,Active
ACC00256,CUST08099,BR028,Current,2025-07-09,41944.3,Active
ACC00405,CUST09041,BR031,Salary,2024-07-21,50496.75,Closed
ACC00495,CUST08526,BR025,Current,2023-10-21,87588.53,Closed
ACC01357,CUST03228,BR029,Salary,2025-04-08,97138.56,Active
ACC10565,CUST03717,BR016,Savings,2026-05-28,76935.63,Active
ACC04282,CUST09390,BR018,Current,2026-04-09,42559.35,Dormant
ACC06936,CUST01363,BR039,Savings,2024-12-04,18728.17,Active
ACC09907,CUST02098,BR049,Savings,2023-10-15,25081.56,Active
ACC01691,CUST09985,BR017,Savings,2025-07-06,30197.07,Dormant
ACC02797,CUST09309,BR003,Current,2025-08-24,27516.46,Active
ACC09183,CUST09107,BR013,Current,2026-08-29,50757.36,Dormant
ACC07130,CUST09628,BR031,Salary,2023-09-11,73491.53,Dormant
ACC10162,CUST08032,BR040,Salary,2026-03-24,60980.66,Active
ACC03433,CUST00132,BR046,Current,2025-04-10,83151.28,Active
ACC08781,CUST09403,BR010,Savings,2025-10-23,85549.49,Dormant
ACC07492,CUST04638,BR011,Salary,2025-05-13,47981.36,Dormant
ACC06406,CUST01610,BR021,Current,2026-04-29,25301.56,Closed
ACC11070,CUST01210,BR035,Savings,2025-01-29,96816.66,Dormant
ACC06282,CUST03111,BR025,Savings,2024-10-01,71178.13,Dormant
ACC05820,CUST01249,BR011,Salary,2024-05-10,73131.48,Dormant
ACC09067,CUST07875,BR047,Current,2024-11-13,44051.07,Dormant
ACC02825,CUST03697,BR041,Savings,2024-08-11,54624.98,Active
ACC05426,CUST00419,BR006,Savings,2023-12-26,75593.54,Closed
ACC07403,CUST09977,BR006,Current,2023-12-20,73662.02,Dormant
ACC05766,CUST06790,BR026,Salary,2026-01-11,99775.43,Active
ACC01701,CUST01496,BR048,Salary,2024-06-01,59452.32,Active
ACC05954,CUST05126,BR030,Savings,2025-12-27,8445.48,Dormant
ACC07592,CUST07860,BR046,Current,2025-08-14,-89743.81,Active
ACC05694,CUST06470,BR037,Savings,2026-08-26,77481.61,Active
ACC11352,CUST05308,BR041,Current,2026-03-07,33320.33,Active
ACC03291,CUST04049,BR037,Salary,2024-01-19,-16308.46,Closed
ACC07778,CUST01722,BR029,Savings,2024-11-12,95225.91,Closed
ACC11496,CUST02791,BR049,Savings,2025-09-17,32198.66,Closed
ACC01820,CUST08713,BR046,Savings,2026-03-25,2669.8,Closed
ACC08567,CUST08310,BR026,Savings,2024-07-06,32881.52,Active
ACC02968,CUST03801,BR025,Savings,2024-10-12,12721.62,Active
ACC09015,CUST07931,BR028,Salary,2026-05-26,48512.13,Dormant
ACC06204,CUST05439,BR037,Current,2025-06-09,31575.9,Closed
ACC07573,CUST06760,BR005,Salary,2026-04-13,75884.1,Dormant
ACC02842,CUST05866,BR010,Current,2024-08-17,65587.49,Closed
ACC07022,CUST05852,BR049,Savings,2025-10-14,64537.03,Closed
ACC07924,CUST02782,BR041,Current,2024-03-29,5655.9,Closed
ACC06688,CUST05864,BR039,Current,2024-07-15,8234.6,Closed
ACC11880,CUST08463,BR002,Salary,2024-05-20,83008.0,Dormant
ACC05310,CUST07864,BR037,Current,2023-10-15,54764.04,Dormant
ACC02217,CUST03670,BR005,Current,2026-01-12,39083.99,Active
ACC04607,CUST07946,BR042,Current,2025-01-17,71176.69,Dormant
ACC11901,CUST04174,BR012,Current,2025-03-25,64318.25,Active
ACC06985,CUST04381,BR003,Savings,2025-04-27,24511.06,Dormant
ACC03657,CUST05043,BR041,Savings,2023-09-21,64161.88,Closed
ACC06829,CUST02344,BR024,Savings,2024-04-06,37004.52,Active
ACC04451,CUST08242,BR020,Salary,2025-05-15,51278.44,Active
ACC10262,CUST09031,BR026,Current,2023-10-03,64749.36,Dormant
ACC04855,CUST08828,BR038,Salary,2025-08-30,82095.75,Dormant
ACC10671,CUST03507,BR003,Current,2025-11-07,59260.01,Dormant
ACC00348,CUST09327,BR029,Salary,2025-11-29,5066.44,Active
ACC10216,CUST04455,BR003,Salary,2023-09-09,51725.56,Dormant
ACC01539,CUST07687,BR035,Current,2026-08-10,44522.7,Dormant
ACC00667,CUST05357,BR007,Salary,2024-07-26,75421.62,Active
ACC05357,CUST03672,BR008,Current,2023-10-26,94677.48,Closed
ACC02550,CUST08937,BR023,Savings,2024-08-06,64835.5,Active
ACC06517,CUST09180,BR041,Salary,2025-01-25,95437.14,Dormant
ACC06400,CUST06243,BR038,Current,2025-11-02,27025.45,Closed
ACC02983,CUST06707,BR009,Salary,2025-11-30,18961.77,Dormant
ACC03536,CUST01105,BR042,Savings,2025-12-23,60580.43,Closed
ACC09268,CUST02318,BR015,Savings,2026-07-21,73851.72,Dormant
ACC06815,CUST06605,BR027,Savings,2025-12-29,15722.88,Active
ACC10588,CUST08481,BR005,Current,2024-12-03,20886.22,Closed
ACC05554,CUST00141,BR025,Salary,2025-04-19,52969.45,Active
ACC09848,CUST01626,BR034,Savings,2023-12-13,42002.48,Active
ACC11895,CUST07113,BR039,Salary,2026-01-07,59764.36,Active
ACC02059,CUST06523,BR046,Savings,2023-11-05,96574.71,Active
ACC02228,CUST06971,BR018,Savings,2026-02-18,44383.63,Closed
ACC01849,CUST07755,BR015,Salary,2024-01-18,68481.29,Active
ACC11781,CUST03351,BR003,Savings,2024-03-09,96649.46,Active
ACC08178,CUST06043,BR030,Savings,2026-07-14,49023.05,Active
ACC04639,CUST00691,BR029,Salary,2024-03-25,73977.11,Active
ACC06794,CUST08057,BR000,Current,2025-02-20,31856.78,Active
ACC05166,CUST04850,BR007,Current,2026-08-20,64522.83,Dormant
ACC06284,CUST03118,BR041,Salary,2023-09-28,39679.31,Active
ACC11579,CUST05883,BR032,Savings,2026-02-21,89994.4,Active
ACC06574,CUST06104,BR020,Salary,2024-08-11,84465.52,Active
ACC07039,CUST00668,BR033,Salary,2026-05-12,81269.85,Closed
ACC06891,CUST06642,BR018,Savings,2025-06-11,41659.74,Closed
ACC07117,CUST00815,BR014,Savings,2024-03-28,55129.7,Active
ACC02847,CUST03312,BR003,Salary,2026-01-20,94761.23,Dormant
ACC09157,CUST00537,BR007,Savings,2025-07-27,10588.7,Active
ACC05254,CUST08164,BR000,Current,2026-06-13,5754.17,Active
ACC08008,CUST02918,BR014,Savings,2024-06-14,80255.52,Dormant
ACC01766,CUST02573,BR006,Salary,2023-12-05,38845.48,Closed
ACC01489,CUST02178,BR023,Savings,2025-05-24,73193.51,Dormant
ACC01704,CUST04875,BR010,Current,2026-08-15,80383.49,Dormant
ACC01965,CUST05469,BR002,Savings,2023-11-07,48088.07,Closed
ACC01257,CUST08376,BR032,Salary,2026-01-05,79455.93,Closed
ACC08851,CUST09794,BR047,Salary,2024-06-09,57667.03,Active
ACC01273,CUST07777,BR020,Current,2024-02-21,3329.9,Active
ACC11572,CUST03956,BR011,Savings,2024-06-27,49567.11,Active
ACC09418,CUST01309,BR004,Salary,2024-06-15,21963.86,Active
ACC06941,CUST07125,BR020,Salary,2025-08-25,64747.42,Closed
ACC05289,CUST99999,BR015,Savings,2024-05-26,60067.69,Dormant
ACC02573,CUST05606,BR004,Savings,2025-09-11,16716.52,Closed
ACC11862,CUST05882,BR019,Savings,2025-06-30,37022.28,Active
ACC00459,CUST09773,BR040,Current,2025-06-10,73231.02,Active
ACC07453,CUST09669,BR013,Salary,2025-12-12,12613.12,Active
ACC11960,CUST04645,BR031,Current,2025-06-19,63715.19,Active
ACC11178,CUST04283,BR030,Salary,2023-10-15,26507.56,Dormant
ACC11994,CUST03216,BR005,Salary,2025-11-07,-40457.96,Active
ACC00983,CUST00369,BR005,Salary,2026-08-11,87336.68,Active
ACC04125,CUST08452,BR004,Salary,2025-01-15,61212.01,Active
ACC11359,CUST03359,BR003,Salary,2025-02-24,12361.03,Dormant
ACC08034,CUST08365,BR030,Salary,2024-07-05,37483.75,Closed
ACC09504,CUST04202,BR044,Savings,2024-01-27,15425.38,Closed
ACC09379,CUST04300,BR005,Current,2024-06-28,80525.15,Closed
ACC10471,CUST04065,BR034,Savings,2026-04-29,23632.13,Dormant
ACC07819,CUST05131,BR000,Current,2023-11-06,52887.28,Active
ACC02155,CUST03458,BR024,Salary,2024-01-06,12111.83,Dormant
ACC03189,CUST00214,BR042,Savings,2024-10-30,33027.79,Dormant
ACC09695,CUST09547,BR019,Salary,2026-06-08,36442.17,Closed
ACC07404,CUST08684,BR035,Current,2025-02-19,97121.66,Active
ACC04376,CUST03307,BR034,Savings,2023-11-01,76165.45,Active
ACC04350,CUST03049,BR023,Savings,2023-12-13,79447.68,Closed
ACC00583,CUST00403,BR018,Current,2024-08-22,35216.47,Active
ACC03018,CUST01368,BR001,Savings,2024-11-27,19174.22,Active
ACC09019,CUST05667,BR015,Savings,2026-02-04,56548.3,Dormant
ACC09182,CUST03825,BR034,Current,2024-05-15,41539.56,Active
ACC09662,CUST06579,BR015,Salary,2026-05-15,54078.82,Active
ACC06660,CUST09099,BR006,Salary,2024-10-26,32408.76,Active
ACC02097,CUST05479,BR003,Current,2024-01-09,4523.19,Dormant
ACC04375,CUST05750,BR014,Salary,2025-05-14,79975.99,Active
ACC02276,CUST03010,BR004,Savings,2024-05-05,84747.76,Closed
ACC08956,CUST05191,BR044,Savings,2025-03-26,94638.89,Active
ACC01618,CUST06249,BR000,Salary,2024-05-10,35355.15,Dormant
ACC11794,CUST07221,BR037,Current,2024-07-25,9308.16,Dormant
ACC00975,CUST05820,BR005,Current,2024-12-04,50361.25,Closed
ACC04814,CUST00390,BR024,Current,2024-03-04,35848.55,Closed
ACC03134,CUST08563,BR013,Current,2024-01-20,55428.32,Active
ACC10414,CUST06152,BR049,Current,2026-05-08,13397.09,Active
ACC01125,CUST04594,BR034,Current,2024-07-01,89556.91,Closed
ACC07521,CUST07401,BR011,Savings,2026-06-27,82773.17,Active
ACC04075,CUST06839,BR047,Savings,2025-04-25,16295.54,Dormant
ACC00111,CUST02679,BR005,Salary,2026-06-23,44367.58,Dormant
ACC02099,CUST00214,BR007,Savings,2026-04-01,34945.0,Closed
ACC08483,CUST03961,BR047,Savings,2024-11-06,70410.13,Closed
ACC05298,CUST05924,BR047,Salary,2024-08-05,93701.81,Dormant
ACC06459,CUST06076,BR029,Current,2024-01-11,28136.12,Dormant
ACC10393,CUST09293,BR005,Salary,2024-01-14,58632.61,Closed
ACC04867,CUST02270,BR023,Savings,2023-11-19,77444.21,Active
ACC00205,CUST07048,BR027,Current,2025-06-27,73624.03,Dormant
ACC00118,CUST00052,BR007,Salary,2024-04-12,26100.61,Closed
ACC05129,CUST00097,BR011,Salary,2025-06-26,82852.68,Closed
ACC05978,CUST00076,BR022,Savings,2024-10-16,54773.56,Dormant
ACC10406,CUST05975,BR024,Current,2026-05-08,36247.8,Dormant
ACC09938,CUST09878,BR018,Savings,2025-12-15,14586.46,Active
ACC04134,CUST06083,BR049,Salary,2026-01-31,3449.19,Active
ACC06021,CUST07000,BR015,Savings,2025-11-20,59698.18,Active
ACC00072,CUST04879,BR042,Salary,2025-08-13,12664.18,Closed
ACC05646,CUST02718,BR016,Salary,2025-08-13,63072.91,Closed
ACC05640,CUST00718,BR040,Salary,2026-06-29,71535.83,Active
ACC05427,CUST07666,BR033,Salary,2024-07-05,67084.54,Dormant
ACC02646,CUST02348,BR010,Savings,2024-02-04,32504.35,Dormant
ACC03407,CUST02555,BR045,Savings,2026-05-28,41606.88,Active
ACC05386,CUST01282,BR018,Salary,2024-07-31,25648.8,Active
ACC00776,CUST07926,BR019,Current,2026-08-06,24960.21,Active
ACC06772,CUST09362,BR017,Salary,2025-10-09,21925.28,Dormant
ACC07876,CUST07616,BR027,Savings,2026-05-19,30505.74,Dormant
ACC11942,CUST00599,BR032,Savings,2024-03-25,89965.84,Active
ACC02419,CUST06663,BR008,Current,2024-04-08,2387.16,Active
ACC05709,CUST01226,BR000,Savings,2023-09-17,13624.59,Dormant
ACC08653,CUST08483,BR000,Savings,2026-06-29,87767.54,Active
ACC03635,CUST07788,BR004,Savings,2023-11-28,22554.64,Closed
ACC06392,CUST02843,BR041,Salary,2025-08-07,9996.28,Active
ACC11360,CUST07044,BR000,Salary,2024-04-17,85628.54,Dormant
ACC11313,CUST02802,BR049,Savings,2025-03-23,62580.43,Dormant
ACC06953,CUST00264,BR047,Current,2024-01-27,17957.14,Active
ACC03596,CUST09483,BR028,Salary,2024-10-30,24803.36,Active
ACC06307,CUST03437,BR000,Savings,2024-03-16,90958.84,Active
ACC05355,CUST08771,BR007,Current,2025-05-14,35025.62,Active
ACC04940,CUST00519,BR016,Salary,2024-09-29,31388.21,Dormant
ACC09310,CUST06508,BR003,Current,2024-08-03,86480.33,Closed
ACC09099,CUST03617,BR022,Current,2024-01-27,71148.32,Dormant
ACC05641,CUST02285,BR038,Salary,2025-11-10,3146.72,Active
ACC10939,CUST01117,BR028,Savings,2024-06-19,73180.47,Dormant
ACC01154,CUST03759,BR044,Current,2026-08-27,84883.52,Active
ACC08462,CUST05291,BR000,Savings,2024-11-30,774.59,Closed
ACC05510,CUST03100,BR040,Savings,2024-05-23,31429.4,Closed
ACC05518,CUST02345,BR024,Salary,2026-06-29,42855.68,Closed
ACC10867,CUST00641,BR042,Salary,2024-12-04,58555.5,Active
ACC04345,CUST06949,BR038,Savings,2025-08-31,36421.7,Dormant
ACC01670,CUST07522,BR025,Current,2025-10-20,89727.8,Active
ACC11685,CUST00122,BR027,Salary,2026-02-19,51999.82,Active
ACC09744,CUST09889,BR037,Salary,2026-01-21,99522.88,Closed
ACC06846,CUST09418,BR021,Current,2025-06-08,56538.26,Closed
ACC11674,CUST00680,BR041,Salary,2025-07-26,95646.34,Dormant
ACC09589,CUST03925,BR043,Salary,2024-02-21,45354.92,Dormant
ACC08721,CUST00374,BR002,Current,2024-02-27,2443.77,Closed
ACC05997,CUST05143,BR007,Savings,2024-11-16,2089.59,Dormant
ACC11208,CUST08965,BR007,Salary,2024-01-29,11114.88,Closed
ACC03184,CUST05407,BR007,Salary,2024-05-29,64357.74,Active
ACC07167,CUST02214,BR014,Savings,2024-06-07,-8263.9,Closed
ACC05248,CUST06448,BR003,Current,2024-12-08,60223.36,Active
ACC00941,CUST04753,BR020,Savings,2026-03-23,85351.13,Active
ACC06478,CUST06940,BR024,Salary,2024-02-13,70763.62,Closed
ACC03988,CUST08527,BR012,Current,2024-12-24,52475.21,Active
ACC10704,CUST00856,BR041,Savings,2024-10-08,63353.84,Closed
ACC06473,CUST04879,BR041,Salary,2024-12-24,90115.19,Closed
ACC08324,CUST99999,BR001,Salary,2025-12-10,32158.11,Active
ACC01466,CUST00295,BR048,Current,2025-06-23,87664.07,Active
ACC10048,CUST99999,BR011,Current,2025-02-14,75954.04,Closed
ACC11760,CUST06295,BR008,Savings,2024-02-10,53466.95,Active
ACC09112,CUST07878,BR000,Salary,2024-06-07,98623.23,Active
ACC09151,CUST06952,BR045,Salary,2026-09-01,59992.01,Closed
ACC07910,CUST00727,BR022,Savings,2026-02-24,36864.63,Dormant
ACC07016,CUST05558,BR005,Current,2025-08-21,87212.15,Active
ACC03644,CUST05931,BR039,Salary,2026-09-06,90569.88,Dormant
ACC01797,CUST02271,BR026,Current,2023-12-14,70003.57,Closed
ACC10210,CUST09839,BR017,Savings,2023-09-10,65194.71,Dormant
ACC00726,CUST03374,BR010,Salary,2025-09-08,29951.3,Dormant
ACC03183,CUST06380,BR015,Current,2025-11-26,92016.58,Dormant
ACC05994,CUST03688,BR026,Current,2025-04-09,47597.24,Dormant
ACC07830,CUST07212,BR045,Current,2025-10-10,52656.71,Closed
ACC00557,CUST04959,BR020,Savings,2024-07-31,41911.15,Dormant
ACC08622,CUST05106,BR001,Current,2024-04-11,49291.9,Closed
ACC09795,CUST01803,BR045,Salary,2024-12-05,49309.06,Active
ACC06977,CUST05180,BR003,Salary,2024-03-18,3188.33,Closed
ACC11821,CUST06726,BR014,Current,2025-10-09,99927.23,Dormant
ACC09487,CUST02447,BR010,Current,2026-08-08,27349.77,Active
ACC08689,CUST02301,BR033,Savings,2026-02-23,96769.88,Dormant
ACC04714,CUST09121,BR049,Current,2025-12-16,55672.23,Dormant
ACC10106,CUST02544,BR025,Salary,2024-07-24,99816.11,Dormant
ACC03748,CUST08555,BR020,Salary,2026-01-04,71856.41,Active
ACC03733,CUST01581,BR005,Current,2024-03-02,41884.23,Closed
ACC10879,CUST04310,BR023,Current,2025-05-08,92911.61,Active
ACC03927,CUST03428,BR000,Current,2025-10-12,16359.61,Dormant
ACC02270,CUST08468,BR005,Salary,2024-02-01,30077.23,Active
ACC08966,CUST08426,BR001,Salary,2023-11-21,97509.02,Closed
ACC05060,CUST07440,BR006,Current,2023-09-15,74351.13,Closed
ACC06421,CUST01162,BR045,Savings,2025-01-22,62150.53,Dormant
ACC08325,CUST07298,BR013,Savings,2026-01-08,48710.12,Closed
ACC05676,CUST06258,BR026,Savings,2026-04-03,81143.51,Active
ACC08435,CUST07643,BR002,Savings,2024-07-07,56876.71,Active
ACC00474,CUST01661,BR013,Savings,2024-07-15,54485.82,Closed
ACC04695,CUST08483,BR009,Savings,2025-08-11,7229.67,Closed
ACC07324,CUST02278,BR005,Savings,2025-07-02,3301.21,Closed
ACC09887,CUST03963,BR024,Current,2024-07-11,6603.19,Closed
ACC05824,CUST05057,BR037,Savings,2025-03-10,26672.02,Active
ACC05311,CUST08819,BR042,Savings,2025-08-22,32349.93,Dormant
ACC00635,CUST04174,BR037,Salary,2024-09-27,35055.19,Dormant
ACC04635,CUST05157,BR005,Savings,2024-06-16,79844.57,Closed
ACC11144,CUST02574,BR034,Salary,2024-09-04,96487.1,Active
ACC03012,CUST09950,BR006,Salary,2025-06-08,94949.44,Closed
ACC08245,CUST07641,BR037,Current,2026-09-04,56859.87,Closed
ACC04205,CUST00985,BR044,Salary,2026-02-06,7223.27,Closed
ACC03551,CUST06779,BR019,Current,2026-06-23,22360.33,Closed
ACC06184,CUST09280,BR040,Current,2025-11-29,19463.97,Closed
ACC07142,CUST07690,BR006,Current,2025-03-05,91735.92,Active
ACC06852,CUST09664,BR024,Savings,2024-06-26,5389.88,Active
ACC05378,CUST01012,BR018,Savings,2023-09-16,64024.75,Active
ACC03384,CUST00981,BR000,Savings,2026-03-16,6810.42,Dormant
ACC01058,CUST08655,BR041,Current,2025-10-17,50124.56,Dormant
ACC04323,CUST05369,BR020,Current,2024-01-14,68046.02,Dormant
ACC09263,CUST08844,BR016,Current,2024-03-09,69999.65,Closed
ACC08225,CUST04018,BR023,Current,2025-08-31,26266.13,Closed
ACC03943,CUST05456,BR039,Savings,2024-04-03,57172.3,Active
ACC07499,CUST08214,BR013,Savings,2026-01-02,8477.64,Closed
ACC08030,CUST04797,BR006,Current,2026-06-29,12835.81,Dormant
ACC09955,CUST08741,BR016,Savings,2024-07-04,13451.77,Dormant
ACC00353,CUST08583,BR003,Current,2025-01-09,70338.98,Active
ACC02109,CUST06508,BR040,Savings,2024-12-28,3073.11,Closed
ACC02910,CUST00974,BR002,Savings,2025-02-07,26296.44,Active
ACC01399,CUST04915,BR041,Salary,2025-10-08,68845.39,Active
ACC10429,CUST08836,BR007,Salary,2025-07-21,39026.88,Active
ACC05275,CUST04915,BR005,Salary,2025-11-19,89135.13,Closed
ACC03199,CUST01542,BR042,Savings,2024-12-17,95354.59,Active
ACC04750,CUST00659,BR010,Current,2025-10-09,28615.04,Closed
ACC05857,CUST04069,BR045,Savings,2024-12-09,44014.33,Active
ACC01032,CUST00776,BR012,Salary,2024-10-31,89583.87,Active
ACC07370,CUST05404,BR003,Current,2023-12-19,64246.74,Closed
ACC04211,CUST02289,BR031,Salary,2024-08-17,26391.78,Active
ACC02460,CUST09394,BR003,Savings,2026-02-22,65396.17,Active
ACC07135,CUST03416,BR002,Salary,2024-03-10,53260.7,Active
ACC05621,CUST06457,BR047,Salary,2026-01-31,76170.29,Closed
ACC08446,CUST07437,BR046,Savings,2025-07-04,62153.36,Dormant
ACC10446,CUST07616,BR024,Salary,2024-12-20,17653.15,Active
ACC03452,CUST02219,BR004,Salary,2024-05-25,27974.22,Dormant
ACC08722,CUST00241,BR008,Savings,2025-11-24,21451.32,Dormant
ACC11156,CUST07992,BR037,Savings,2025-04-12,34784.99,Dormant
ACC06893,CUST09753,BR002,Savings,2026-07-17,26126.47,Dormant
ACC02029,CUST09453,BR007,Current,2026-05-23,89897.1,Closed
ACC03781,CUST08855,BR006,Current,2024-07-20,29318.93,Active
ACC07469,CUST06222,BR041,Current,2024-01-25,46254.6,Dormant
ACC08098,CUST06523,BR007,Savings,2025-08-20,70653.5,Active
ACC01266,CUST06376,BR022,Salary,2026-08-16,38235.26,Active
ACC03445,CUST03545,BR049,Current,2025-10-04,-96192.76,Closed
ACC07147,CUST06997,BR017,Current,2026-05-31,98195.32,Dormant
ACC03604,CUST08290,BR000,Salary,2025-10-01,33645.68,Dormant
ACC01631,CUST05391,BR009,Savings,2024-01-13,65255.12,Closed
ACC01310,CUST04450,BR010,Current,2024-12-31,87199.91,Active
ACC07447,CUST06108,BR014,Current,2026-05-24,37619.72,Active
ACC07433,CUST99999,BR005,Salary,2026-03-26,21915.17,Closed
ACC10542,CUST04341,BR005,Salary,2024-06-29,54157.11,Closed
ACC08672,CUST01051,BR005,Current,2026-07-16,50324.43,Dormant
ACC06434,CUST02328,BR029,Savings,2024-07-18,86436.62,Dormant
ACC00277,CUST02115,BR011,Current,2024-06-20,25965.93,Closed
ACC11646,CUST06225,BR000,Salary,2025-05-10,9335.53,Dormant
ACC04405,CUST07788,BR049,Current,2026-01-20,11937.75,Active
ACC11044,CUST01321,BR030,Current,2023-11-23,23173.56,Dormant
ACC02337,CUST05829,BR028,Salary,2024-04-14,35115.45,Dormant
ACC09156,CUST09414,BR029,Savings,2024-09-10,17913.23,Dormant
ACC05420,CUST03773,BR028,Current,2026-07-17,41514.54,Dormant
ACC06844,CUST07825,BR044,Current,2025-01-16,90522.39,Closed
ACC04879,CUST08355,BR020,Current,2025-04-09,3781.91,Dormant
ACC07712,CUST05879,BR012,Salary,2026-07-24,55030.73,Active
ACC09764,CUST01081,BR036,Salary,2025-10-03,35746.85,Closed
ACC03079,CUST00815,BR018,Savings,2026-08-07,37138.9,Dormant
ACC06141,CUST06078,BR040,Savings,2025-12-05,88282.42,Closed
ACC05625,CUST00042,BR038,Salary,2024-11-22,24355.27,Active
ACC11094,CUST00636,BR000,Current,2025-08-21,88697.66,Dormant
ACC07489,CUST02297,BR040,Current,2025-07-10,24896.05,Active
ACC02036,CUST04150,BR013,Current,2025-02-25,77529.61,Closed
ACC10033,CUST01104,BR048,Salary,2024-08-08,13525.54,Active
ACC04310,CUST00381,BR000,Current,2024-01-23,2948.99,Active
ACC07019,CUST08736,BR020,Savings,2025-12-31,72228.44,Dormant
ACC07857,CUST07005,BR004,Current,2025-08-23,26302.15,Dormant
ACC09734,CUST04613,BR045,Savings,2024-07-14,67811.02,Closed
ACC06471,CUST08289,BR001,Savings,2023-11-11,85411.63,Active
ACC11567,CUST07621,BR004,Current,2024-01-23,62008.36,Dormant
ACC02168,CUST01373,BR037,Salary,2025-10-23,16099.35,Active
ACC08797,CUST05155,BR003,Salary,2025-08-15,39525.42,Closed
ACC07611,CUST03635,BR005,Savings,2026-02-23,65680.41,Active
ACC04679,CUST06125,BR043,Current,2025-02-22,76824.75,Active
ACC01876,CUST06307,BR020,Savings,2024-05-06,44546.45,Active
ACC09991,CUST07579,BR015,Salary,2024-03-24,83738.79,Dormant
ACC04033,CUST07437,BR032,Current,2023-12-18,80242.33,Closed
ACC10933,CUST03264,BR005,Current,2024-06-13,7792.17,Dormant
ACC06933,CUST08587,BR034,Savings,2026-05-15,70550.89,Active
ACC10638,CUST07047,BR034,Current,2026-08-22,74718.7,Active
ACC10031,CUST09124,BR006,Current,2024-12-26,26784.94,Dormant
ACC00145,CUST07193,BR020,Savings,2025-09-05,16326.85,Closed
ACC05690,CUST00839,BR035,Salary,2025-09-26,48961.36,Dormant
ACC00543,CUST08181,BR007,Current,2024-07-03,53503.98,Dormant
ACC05828,CUST01747,BR005,Current,2026-03-07,41692.08,Dormant
ACC06626,CUST06434,BR026,Current,2025-07-10,63008.11,Closed
ACC01946,CUST04461,BR016,Salary,2025-03-05,50911.6,Closed
ACC02651,CUST06950,BR046,Current,2024-09-28,76974.8,Dormant
ACC05341,CUST09396,BR014,Savings,2023-11-18,77311.35,Dormant
ACC07380,CUST03847,BR025,Salary,2026-02-17,68399.27,Closed
ACC08298,CUST09874,BR031,Savings,2025-12-28,11271.32,Dormant
ACC03437,CUST00285,BR049,Salary,2025-05-04,70110.77,Active
ACC03823,CUST04483,BR013,Current,2024-10-30,1303.27,Closed
ACC06327,CUST01472,BR049,Salary,2025-05-15,25640.29,Closed
ACC09181,CUST08996,BR032,Current,2024-02-11,63183.82,Active
ACC05002,CUST04731,BR013,Current,2025-08-17,95301.56,Dormant
ACC10779,CUST05715,BR023,Salary,2024-04-27,24876.92,Dormant
ACC00545,CUST04746,BR001,Salary,2026-07-07,53983.18,Active
ACC08522,CUST04494,BR031,Salary,2023-10-23,15367.07,Active
ACC03478,CUST02467,BR023,Current,2024-01-15,82934.41,Dormant
ACC05087,CUST08076,BR018,Current,2025-02-22,-29256.3,Closed
ACC03147,CUST01524,BR017,Current,2025-03-22,3176.96,Active
ACC10646,CUST09948,BR030,Savings,2026-04-22,11047.37,Dormant
ACC00071,CUST09324,BR028,Salary,2024-11-13,26473.51,Closed
ACC06103,CUST04286,BR024,Current,2025-06-13,67858.07,Closed
ACC11697,CUST00062,BR021,Savings,2024-06-14,47506.06,Active
ACC05675,CUST07614,BR009,Salary,2024-03-29,33873.76,Dormant
ACC04022,CUST05300,BR013,Salary,2025-05-23,53664.28,Closed
ACC01177,CUST06756,BR024,Current,2024-02-10,23926.28,Active
ACC11481,CUST09978,BR025,Salary,2023-10-04,98984.85,Active
ACC11307,CUST04228,BR030,Salary,2025-04-29,21487.44,Closed
ACC06332,CUST09653,BR043,Salary,2026-08-17,51339.41,Dormant
ACC02621,CUST09848,BR015,Savings,2024-11-05,42794.54,Dormant
ACC04875,CUST02606,BR016,Salary,2025-07-19,34219.9,Closed
ACC10904,CUST07149,BR039,Salary,2024-11-09,52526.99,Closed
ACC03917,CUST02208,BR020,Savings,2025-02-10,44740.31,Dormant
ACC07376,CUST06776,BR040,Current,2024-05-31,53536.77,Closed
ACC09686,CUST04512,BR025,Salary,2026-01-15,61386.95,Dormant
ACC00352,CUST03739,BR014,Savings,2026-07-15,60948.92,Closed
ACC08301,CUST02292,BR016,Savings,2025-02-28,57479.91,Active
ACC08655,CUST04529,BR011,Savings,2026-03-18,53418.02,Active
ACC07711,CUST08570,BR000,Current,2025-08-25,94586.6,Active
ACC03565,CUST00959,BR039,Current,2024-10-30,48711.47,Dormant
ACC10757,CUST02373,BR005,Savings,2025-02-01,15706.23,Closed
ACC09439,CUST06704,BR049,Salary,2025-08-23,87839.42,Closed
ACC05031,CUST03134,BR045,Salary,2024-05-21,19584.58,Closed
ACC04239,CUST09032,BR008,Current,2023-11-22,51581.11,Dormant
ACC07576,CUST06822,BR043,Salary,2025-09-11,37993.08,Dormant
ACC05136,CUST07155,BR019,Savings,2023-11-30,40543.49,Dormant
ACC00269,CUST05092,BR030,Current,2024-02-25,62270.01,Closed
ACC04480,CUST08838,BR021,Current,2024-08-02,18925.75,Dormant
ACC03585,CUST05537,BR048,Current,2026-05-22,9157.16,Closed
ACC01595,CUST05748,BR019,Salary,2024-06-15,38023.95,Dormant
ACC11043,CUST09382,BR046,Current,2023-09-16,95483.17,Active
ACC06371,CUST06778,BR021,Savings,2025-10-01,54227.45,Active
ACC11778,CUST01767,BR003,Current,2024-03-19,62193.98,Closed
ACC03398,CUST06616,BR048,Salary,2025-03-30,60418.71,Closed
ACC06280,CUST08099,BR049,Savings,2024-06-17,13979.21,Closed
ACC08386,CUST03180,BR018,Salary,2026-01-04,60348.61,Active
ACC11086,CUST04796,BR048,Salary,2024-06-04,55339.05,Dormant
ACC01923,CUST02631,BR012,Salary,2024-07-15,50967.41,Dormant
ACC04164,CUST09019,BR049,Savings,2026-09-07,60813.69,Closed
ACC01468,CUST07131,BR033,Savings,2024-03-03,3023.5,Dormant
ACC02515,CUST05502,BR038,Savings,2024-09-25,6310.04,Closed
ACC03345,CUST09989,BR032,Savings,2025-03-03,12437.54,Closed
ACC01567,CUST00335,BR034,Current,2026-02-22,71207.23,Active
ACC09160,CUST03904,BR028,Current,2025-05-11,64399.73,Dormant
ACC05291,CUST02350,BR027,Current,2025-12-15,81732.39,Dormant
ACC09706,CUST09409,BR014,Current,2025-07-20,30649.17,Closed
ACC10754,CUST08686,BR011,Salary,2025-02-08,36526.83,Active
ACC07368,CUST06350,BR009,Salary,2025-10-05,2240.88,Active
ACC09399,CUST07551,BR038,Savings,2024-03-01,86696.21,Dormant
ACC06477,CUST05940,BR017,Salary,2024-02-06,14614.62,Dormant
ACC00791,CUST09951,BR043,Salary,2025-06-22,58537.93,Dormant
ACC10398,CUST04500,BR015,Current,2025-06-28,59338.39,Active
ACC09773,CUST04869,BR004,Salary,2025-11-17,70809.88,Active
ACC08683,CUST08028,BR004,Salary,2026-04-18,85607.55,Active
ACC06272,CUST08328,BR000,Current,2024-01-11,5526.25,Dormant
ACC10549,CUST08887,BR034,Current,2026-08-19,24226.18,Closed
ACC04516,CUST01876,BR047,Savings,2024-09-18,20282.66,Closed
ACC04014,CUST08720,BR018,Salary,2024-02-14,21510.06,Closed
ACC09325,CUST06827,BR043,Salary,2026-07-17,21483.89,Closed
ACC09859,CUST01702,BR039,Salary,2024-12-11,67313.78,Active
ACC11151,CUST09667,BR010,Savings,2024-09-21,74761.18,Active
ACC09812,CUST05494,BR009,Current,2025-02-20,41942.83,Dormant
ACC00357,CUST05013,BR045,Current,2024-03-30,59171.6,Active
ACC02668,CUST05394,BR018,Current,2023-12-14,7918.02,Closed
ACC01277,CUST05975,BR047,Savings,2025-03-19,52394.67,Closed
ACC01597,CUST06505,BR007,Current,2026-09-04,78017.61,Active
ACC05639,CUST09221,BR016,Salary,2026-05-04,75510.11,Dormant
ACC06860,CUST05724,BR027,Savings,2026-04-06,11394.23,Dormant
ACC02390,CUST08144,BR001,Salary,2025-03-25,71844.22,Active
ACC08734,CUST07187,BR019,Savings,2025-04-28,66823.33,Dormant
ACC06920,CUST07345,BR039,Salary,2025-11-25,84688.91,Dormant
ACC07450,CUST08560,BR025,Current,2026-07-01,33305.45,Dormant
ACC05797,CUST06311,BR046,Salary,2026-05-30,65111.98,Closed
ACC11220,CUST03222,BR009,Savings,2024-07-11,19708.6,Dormant
ACC06316,CUST09734,BR014,Salary,2024-08-12,68794.45,Closed
ACC11663,CUST02862,BR040,Savings,2024-02-07,66739.64,Dormant
ACC04341,CUST07951,BR021,Savings,2025-08-01,14980.18,Closed
ACC06904,CUST03338,BR046,Savings,2024-09-26,6141.14,Active
ACC08136,CUST04653,BR010,Current,2024-11-15,20823.35,Closed
ACC01426,CUST02581,BR044,Salary,2026-06-01,69600.38,Dormant
ACC08288,CUST04867,BR028,Salary,2024-04-25,76779.12,Dormant
ACC07402,CUST07331,BR005,Savings,2025-04-27,95079.46,Active
ACC00945,CUST05568,BR030,Savings,2025-04-21,13756.36,Dormant
ACC04570,CUST07005,BR039,Savings,2026-07-26,99445.36,Dormant
ACC04462,CUST08565,BR027,Salary,2025-01-04,7776.46,Dormant
ACC05802,CUST02281,BR009,Salary,2026-06-25,68906.06,Active
ACC11516,CUST08031,BR006,Salary,2024-05-27,1107.09,Dormant
ACC05199,CUST05218,BR028,Salary,2024-03-12,21614.02,Closed
ACC05397,CUST03286,BR000,Current,2024-10-05,78391.29,Dormant
ACC10633,CUST06230,BR010,Savings,2024-03-30,77332.8,Active
ACC05150,CUST03744,BR048,Current,2025-12-27,62509.76,Closed
ACC07086,CUST07127,BR021,Salary,2025-09-09,91332.62,Dormant
ACC01918,CUST03464,BR001,Salary,2025-04-24,43978.66,Dormant
ACC04148,CUST99999,BR027,Current,2024-08-13,85449.42,Dormant
ACC06219,CUST08692,BR026,Salary,2025-11-19,69479.07,Dormant
ACC11250,CUST05032,BR013,Savings,2024-01-16,48032.46,Closed
ACC09482,CUST06292,BR043,Savings,2024-03-14,53676.87,Active
ACC04565,CUST06570,BR022,Salary,2025-08-22,80804.75,Closed
ACC11251,CUST05373,BR034,Salary,2024-12-18,18522.93,Dormant
ACC11649,CUST04448,BR027,Current,2026-07-28,29012.16,Closed
ACC04519,CUST04928,BR011,Savings,2026-03-19,53041.19,Active
ACC11414,CUST04817,BR042,Savings,2023-10-25,16274.1,Active
ACC01890,CUST99999,BR001,Current,2024-05-05,60418.91,Dormant
ACC10328,CUST06260,BR045,Savings,2024-02-28,97061.26,Dormant
ACC05793,CUST99999,BR037,Current,2024-11-27,30229.46,Closed
ACC04216,CUST00287,BR000,Current,2024-04-14,23247.6,Active
ACC05366,CUST04653,BR009,Salary,2026-05-20,31342.43,Dormant
ACC01500,CUST00559,BR012,Current,2023-12-20,98881.03,Active
ACC08329,CUST05898,BR042,Salary,2026-02-06,33269.12,Dormant
ACC04520,CUST04001,BR004,Current,2025-08-01,12782.28,Dormant
ACC01216,CUST00238,BR023,Savings,2025-07-29,75574.91,Closed
ACC11425,CUST99999,BR019,Savings,2026-07-08,6347.1,Active
ACC08953,CUST05876,BR030,Salary,2024-05-24,9129.57,Active
ACC04646,CUST06714,BR033,Savings,2024-01-25,84168.14,Dormant
ACC11442,CUST03943,BR006,Savings,2025-04-06,19947.06,Dormant
ACC11754,CUST02976,BR005,Savings,2026-06-06,72648.43,Dormant
ACC07398,CUST99999,BR011,Current,2024-09-21,10113.83,Active
ACC02538,CUST06034,BR016,Current,2025-05-13,-3183.97,Closed
ACC06288,CUST07738,BR037,Current,2025-07-28,47137.92,Active
ACC02220,CUST04561,BR022,Current,2024-01-20,83248.14,Active
ACC07580,CUST06003,BR023,Savings,2024-01-08,46386.65,Active
ACC05601,CUST01941,BR006,Salary,2023-10-13,909.26,Dormant
ACC10290,CUST05555,BR034,Savings,2025-03-10,21223.89,Active
ACC09480,CUST02344,BR006,Salary,2026-06-21,97002.3,Dormant
ACC10191,CUST03792,BR009,Salary,2024-03-22,19838.67,Dormant
ACC09971,CUST09619,BR031,Salary,2025-04-04,77105.75,Dormant
ACC11951,CUST08991,BR005,Current,2025-04-19,7330.1,Dormant
ACC06088,CUST06496,BR046,Savings,2024-08-28,11615.37,Closed
ACC01992,CUST03214,BR001,Savings,2026-05-03,13759.74,Active
ACC04372,CUST02060,BR003,Current,2025-09-17,30779.78,Closed
ACC04299,CUST05019,BR039,Savings,2024-02-05,36576.34,Active
ACC09873,CUST02619,BR012,Salary,2026-08-31,40312.24,Dormant
ACC01253,CUST04465,BR031,Salary,2023-09-23,3844.12,Active
ACC06803,CUST09456,BR045,Salary,2026-05-07,46872.77,Active
ACC03338,CUST02070,BR033,Current,2025-03-03,15766.98,Closed
ACC08055,CUST09270,BR016,Current,2024-02-18,91803.79,Closed
ACC03375,CUST03827,BR038,Current,2024-06-24,51132.84,Dormant
ACC09659,CUST05720,BR017,Salary,2025-02-08,27004.79,Dormant
ACC00448,CUST99999,BR003,Current,2024-09-30,78052.62,Closed
ACC00002,CUST00748,BR001,Current,2023-10-17,40430.63,Dormant
ACC02111,CUST07993,BR017,Current,2026-04-02,68398.58,Closed
ACC10009,CUST00352,BR001,Salary,2025-06-04,91557.05,Dormant
ACC11243,CUST04040,BR027,Savings,2026-04-12,33123.74,Dormant
ACC09758,CUST00616,BR044,Current,2024-03-04,49240.19,Active
ACC06993,CUST06982,BR040,Salary,2024-05-31,95941.82,Active
ACC00655,CUST09769,BR048,Salary,2025-04-26,39714.4,Closed
ACC02536,CUST02908,BR049,Savings,2025-12-30,93363.45,Dormant
ACC10305,CUST01756,BR005,Savings,2023-10-09,50812.13,Closed
ACC03548,CUST00708,BR028,Current,2025-06-09,77827.39,Active
ACC04360,CUST07126,BR012,Salary,2026-03-13,58148.62,Dormant
ACC09865,CUST01736,BR032,Current,2024-12-24,97350.18,Closed
ACC00191,CUST05170,BR033,Current,2024-01-09,88994.12,Dormant
ACC06339,CUST00635,BR018,Savings,2024-09-29,25688.33,Active
ACC09514,CUST04855,BR032,Salary,2025-11-14,78878.03,Closed
ACC10615,CUST01588,BR007,Savings,2025-04-19,26235.58,Closed
ACC10841,CUST03764,BR002,Savings,2024-06-27,95046.25,Active
ACC02309,CUST09079,BR049,Salary,2023-12-31,36931.89,Closed
ACC00835,CUST06562,BR033,Savings,2024-11-11,35739.88,Active
ACC02203,CUST07642,BR023,Salary,2025-03-23,16360.13,Closed
ACC08946,CUST05271,BR043,Current,2026-07-23,93780.92,Active
ACC05362,CUST05810,BR021,Salary,2024-04-07,70839.74,Active
ACC04963,CUST08385,BR003,Current,2024-11-14,7940.84,Closed
ACC01458,CUST04676,BR001,Salary,2024-09-12,76146.64,Dormant
ACC10088,CUST01956,BR040,Current,2024-01-19,51146.16,Dormant
ACC01214,CUST08235,BR026,Savings,2026-09-06,18401.46,Closed
ACC04865,CUST03573,BR035,Current,2024-03-07,47818.09,Dormant
ACC11622,CUST00661,BR008,Savings,2024-11-06,61482.25,Active
ACC00989,CUST00101,BR000,Current,2024-07-12,54050.76,Active
ACC00529,CUST06841,BR019,Current,2025-01-08,37641.22,Dormant
ACC06680,CUST04351,BR005,Current,2025-03-05,39827.77,Dormant
ACC02360,CUST06021,BR001,Savings,2025-11-02,40978.21,Dormant
ACC05290,CUST08485,BR017,Current,2025-12-22,64349.3,Closed
ACC03489,CUST04030,BR029,Current,2025-08-19,8317.87,Active
ACC09435,CUST06998,BR019,Salary,2025-01-23,95314.17,Active
ACC09806,CUST00736,BR000,Savings,2024-07-18,71965.11,Dormant
ACC09545,CUST03069,BR020,Current,2024-01-05,68221.14,Dormant
ACC08100,CUST07255,BR044,Current,2026-05-17,19849.02,Active
ACC05190,CUST05509,BR030,Salary,2024-07-05,22837.24,Closed
ACC08698,CUST02558,BR036,Salary,2024-02-09,32109.92,Active
ACC04882,CUST01167,BR003,Salary,2024-03-03,51460.7,Active
ACC09243,CUST06195,BR042,Savings,2026-04-16,27994.53,Active
ACC07513,CUST06942,BR005,Current,2024-03-22,22015.61,Active
ACC00253,CUST00354,BR018,Current,2024-02-02,39063.81,Closed
ACC10252,CUST09200,BR008,Savings,2025-08-12,45438.28,Closed
ACC02830,CUST09530,BR028,Savings,2024-09-06,31476.61,Closed
ACC01364,CUST04609,BR014,Salary,2026-01-28,12706.41,Closed
ACC07060,CUST07294,BR006,Current,2024-06-11,83858.35,Closed
ACC07233,CUST01894,BR001,Salary,2024-07-18,79066.8,Dormant
ACC05984,CUST09762,BR037,Current,2025-09-10,73903.73,Closed
ACC05778,CUST00623,BR031,Savings,2026-03-29,28981.32,Active
ACC05026,CUST02061,BR028,Savings,2025-11-27,6450.94,Active
ACC00100,CUST09898,BR044,Current,2023-12-04,52997.43,Active
ACC02122,CUST06834,BR045,Savings,2024-11-08,81220.65,Dormant
ACC06299,CUST05475,BR043,Current,2026-08-02,39940.84,Active
ACC04355,CUST02362,BR002,Salary,2024-01-20,75503.58,Closed
ACC09085,CUST06831,BR013,Savings,2024-01-27,7825.94,Dormant
ACC11804,CUST00862,BR025,Savings,2024-12-15,77177.55,Active
ACC11765,CUST04378,BR042,Current,2025-05-30,42702.35,Closed
ACC07301,CUST04167,BR042,Salary,2024-11-03,5053.86,Active
ACC05831,CUST06266,BR001,Salary,2023-10-02,97190.02,Closed
ACC09165,CUST08171,BR042,Current,2024-12-14,34668.94,Active
ACC11008,CUST05961,BR033,Savings,2024-06-10,49836.39,Active
ACC06080,CUST07646,BR027,Current,2026-05-16,35003.04,Closed
ACC08127,CUST05870,BR005,Salary,2024-08-30,17490.17,Dormant
ACC06567,CUST01918,BR023,Savings,2024-09-04,17586.47,Active
ACC04343,CUST01067,BR043,Salary,2024-10-22,74724.15,Closed
ACC04439,CUST06294,BR043,Current,2025-09-12,14919.69,Closed
ACC01612,CUST07425,BR039,Savings,2025-12-11,93805.13,Active
ACC07337,CUST09911,BR049,Salary,2025-02-06,5973.86,Closed
ACC02098,CUST04676,BR048,Current,2025-07-08,58968.76,Active
ACC03355,CUST03157,BR032,Savings,2024-03-05,27767.27,Closed
ACC07828,CUST09322,BR034,Salary,2023-09-14,18553.26,Active
ACC04460,CUST05351,BR037,Savings,2025-02-14,40895.48,Dormant
ACC07726,CUST02433,BR042,Salary,2023-09-22,65376.47,Closed
ACC08264,CUST08764,BR021,Salary,2025-09-08,27987.51,Active
ACC11678,CUST01960,BR045,Savings,2024-04-20,92945.34,Active
ACC03239,CUST06649,BR026,Savings,2025-10-10,10412.37,Active
ACC10902,CUST05169,BR009,Savings,2026-08-07,78569.72,Dormant
ACC08740,CUST07103,BR013,Salary,2025-07-29,4804.86,Dormant
ACC03037,CUST09288,BR041,Savings,2024-01-09,57594.97,Active
ACC11416,CUST04223,BR014,Savings,2024-09-07,31868.53,Active
ACC04150,CUST09784,BR039,Savings,2025-12-04,51033.78,Closed
ACC00867,CUST09275,BR007,Salary,2026-01-10,45683.48,Active
ACC09166,CUST05603,BR033,Current,2024-07-31,84309.7,Closed
ACC11356,CUST04721,BR021,Current,2024-02-25,94080.64,Active
ACC09771,CUST06191,BR039,Current,2024-04-30,86664.74,Active
ACC09333,CUST09218,BR016,Current,2024-12-21,11096.46,Closed
ACC11105,CUST07929,BR014,Current,2025-06-08,21530.08,Active
ACC02523,CUST02455,BR017,Savings,2024-07-26,92841.23,Closed
ACC10690,CUST04077,BR017,Current,2023-11-04,34443.96,Closed
ACC00379,CUST03721,BR007,Savings,2024-11-24,52187.53,Active
ACC07248,CUST08005,BR016,Salary,2024-02-08,56336.16,Closed
ACC11119,CUST01365,BR014,Savings,2025-05-04,94577.2,Closed
ACC09403,CUST05656,BR001,Savings,2024-02-01,73980.5,Active
ACC06656,CUST09639,BR031,Savings,2025-12-01,62761.76,Active
ACC02508,CUST00591,BR015,Savings,2026-08-01,21226.99,Active
ACC00619,CUST08797,BR040,Salary,2025-08-30,37554.25,Dormant
ACC03569,CUST05034,BR034,Current,2025-08-11,75814.18,Closed
ACC10547,CUST08043,BR015,Current,2025-09-04,26744.2,Active
ACC11705,CUST01485,BR004,Salary,2024-04-26,10463.72,Dormant
ACC08559,CUST05841,BR049,Current,2025-03-15,48519.71,Dormant
ACC11736,CUST09137,BR035,Savings,2024-03-16,69115.05,Closed
ACC02193,CUST07459,BR021,Savings,2025-03-01,73572.39,Active
ACC09596,CUST07337,BR005,Savings,2023-09-29,77315.2,Closed
ACC05021,CUST01566,BR038,Salary,2025-02-20,79790.85,Dormant
ACC09749,CUST04787,BR046,Savings,2025-03-16,10468.45,Dormant
ACC05202,CUST05796,BR001,Savings,2025-07-05,2179.3,Closed
ACC00054,CUST02754,BR027,Savings,2026-01-13,7701.15,Dormant
ACC05036,CUST00696,BR034,Current,2024-10-08,52392.02,Active
ACC11147,CUST08147,BR014,Salary,2024-03-19,22781.25,Active
ACC03280,CUST09906,BR008,Savings,2025-12-17,81290.48,Closed
ACC09958,CUST04064,BR042,Salary,2024-02-08,48192.84,Dormant
ACC06730,CUST04282,BR040,Current,2023-12-11,17305.84,Active
ACC10017,CUST09942,BR036,Salary,2024-05-04,63879.3,Active
ACC04280,CUST06034,BR016,Savings,2026-06-20,38623.74,Active
ACC07935,CUST04415,BR007,Salary,2023-12-17,93294.84,Closed
ACC05017,CUST07408,BR005,Current,2024-02-07,62035.62,Active
ACC11894,CUST07625,BR023,Savings,2026-08-06,82622.55,Closed
ACC00926,CUST06611,BR040,Savings,2024-01-02,5931.73,Active
ACC06237,CUST00405,BR009,Salary,2026-04-25,10098.08,Active
ACC10745,CUST02730,BR040,Current,2024-11-11,1761.5,Active
ACC00621,CUST04532,BR005,Current,2025-12-12,25802.34,Active
ACC09235,CUST01329,BR000,Salary,2025-05-12,72260.95,Closed
ACC07691,CUST02584,BR045,Current,2025-01-11,24182.33,Closed
ACC05224,CUST06968,BR040,Current,2026-02-14,36018.89,Closed
ACC05985,CUST07473,BR022,Current,2026-04-18,3027.38,Closed
ACC01709,CUST02528,BR007,Savings,2024-09-20,82191.56,Dormant
ACC04808,CUST03636,BR022,Current,2025-06-20,10580.18,Closed
ACC11670,CUST06381,BR017,Current,2026-06-21,66938.44,Active
ACC03148,CUST05017,BR014,Current,2024-02-21,69648.68,Closed
ACC07953,CUST00590,BR018,Savings,2024-04-09,99500.96,Dormant
ACC00909,CUST01974,BR027,Savings,2025-10-10,88776.08,Closed
ACC05414,CUST07079,BR013,Savings,2024-07-11,53646.59,Active
ACC11179,CUST03514,BR021,Current,2024-08-29,63643.51,Closed
ACC02172,CUST00752,BR003,Salary,2024-03-09,91644.54,Closed
ACC10835,CUST05987,BR036,Savings,2025-04-23,24418.81,Active
ACC11391,CUST01358,BR032,Current,2026-02-05,25954.96,Active
ACC01074,CUST01711,BR035,Salary,2025-12-29,95731.48,Dormant
ACC08488,CUST05312,BR013,Current,2026-02-07,77755.98,Dormant
ACC05071,CUST02215,BR001,Current,2024-06-04,54230.83,Dormant
ACC07243,CUST08170,BR009,Savings,2025-09-29,11744.25,Dormant
ACC02545,CUST01982,BR002,Salary,2025-02-28,48813.82,Active
ACC11171,CUST07634,BR020,Salary,2025-01-14,39821.7,Active
ACC00338,CUST02076,BR016,Savings,2024-09-25,-80133.87,Closed
ACC04241,CUST01903,BR025,Salary,2025-07-20,51231.28,Dormant
ACC09476,CUST05792,BR007,Savings,2025-05-04,25944.9,Active
ACC08344,CUST07920,BR033,Salary,2026-04-27,90809.49,Closed
ACC06696,CUST06080,BR011,Current,2026-04-30,41695.35,Closed
ACC03065,CUST08290,BR043,Salary,2026-06-06,60651.2,Closed
ACC06814,CUST07516,BR044,Savings,2025-08-06,65358.54,Closed
ACC05423,CUST07880,BR035,Savings,2024-02-11,96802.16,Dormant
ACC03343,CUST07647,BR013,Current,2025-11-26,91818.74,Dormant
ACC03680,CUST06436,BR003,Savings,2023-12-24,28554.13,Active
ACC00512,CUST04386,BR015,Current,2026-02-20,68786.96,Dormant
ACC03581,CUST06075,BR008,Salary,2026-03-01,50824.9,Dormant
ACC06401,CUST09262,BR040,Savings,2025-04-19,5372.65,Active
ACC04467,CUST07451,BR034,Current,2024-02-08,80113.07,Active
ACC01693,CUST05337,BR015,Savings,2025-05-29,66666.05,Closed
ACC05723,CUST05511,BR018,Current,2024-02-21,33189.28,Dormant
ACC01988,CUST99999,BR031,Current,2023-11-22,88430.65,Closed
ACC05506,CUST02303,BR010,Savings,2026-07-04,14352.27,Dormant
ACC05151,CUST00351,BR020,Salary,2023-10-29,80287.06,Active
ACC07605,CUST09439,BR033,Savings,2024-12-24,15597.45,Dormant
ACC10265,CUST07776,BR002,Salary,2026-06-09,69545.79,Closed
ACC07500,CUST09856,BR039,Savings,2024-08-02,67382.95,Active
ACC00332,CUST06845,BR019,Savings,2023-12-23,88077.13,Dormant
ACC07848,CUST02005,BR003,Salary,2025-05-23,32014.34,Closed
ACC00740,CUST07249,BR031,Salary,2026-05-01,32591.68,Dormant
ACC08678,CUST08944,BR023,Savings,2026-02-25,57890.85,Closed
ACC01613,CUST00537,BR029,Savings,2024-08-08,65375.41,Active
ACC00614,CUST09735,BR005,Salary,2026-01-21,88136.12,Dormant
ACC08480,CUST02067,BR034,Current,2023-09-19,17474.57,Closed
ACC07333,CUST09842,BR021,Savings,2025-08-01,35657.67,Active
ACC07182,CUST99999,BR041,Savings,2025-02-10,28533.91,Dormant
ACC09305,CUST00577,BR033,Salary,2024-04-02,89493.17,Active
ACC02612,CUST04531,BR028,Current,2024-11-24,43762.92,Active
ACC11122,CUST02691,BR031,Savings,2024-04-02,1801.89,Active
ACC07444,CUST01935,BR042,Salary,2024-08-12,86482.1,Active
ACC06158,CUST06328,BR011,Savings,2026-03-14,8060.19,Dormant
ACC08518,CUST03144,BR018,Current,2025-10-12,2982.71,Active
ACC03653,CUST06925,BR015,Current,2025-11-23,82609.23,Active
ACC03471,CUST08885,BR033,Salary,2025-06-05,43609.03,Dormant
ACC03949,CUST04870,BR033,Salary,2023-12-14,7821.36,Dormant
ACC01264,CUST04464,BR001,Savings,2026-05-28,81592.44,Dormant
ACC11190,CUST05851,BR048,Savings,2024-08-19,21883.0,Active
ACC05106,CUST04111,BR006,Current,2024-12-03,23748.78,Closed
ACC06137,CUST02347,BR012,Current,2025-07-28,10570.77,Active
ACC06373,CUST01644,BR005,Current,2026-01-24,95275.23,Dormant
ACC11591,CUST00157,BR005,Savings,2024-03-23,35934.78,Dormant
ACC03123,CUST01583,BR002,Current,2025-10-10,49464.16,Active
ACC04736,CUST04168,BR045,Salary,2024-05-25,24673.72,Closed
ACC11533,CUST05951,BR035,Salary,2025-01-28,66184.28,Dormant
ACC05046,CUST00637,BR004,Salary,2024-02-23,65956.31,Dormant
ACC03929,CUST01207,BR007,Savings,2024-04-17,46731.71,Dormant
ACC02853,CUST09916,BR000,Savings,2026-01-19,92443.7,Closed
ACC08978,CUST00989,BR037,Current,2023-12-22,10472.06,Active
ACC01155,CUST07976,BR023,Savings,2024-09-13,99758.35,Closed
ACC01225,CUST09633,BR015,Salary,2025-03-18,28407.52,Active
ACC08133,CUST04330,BR018,Current,2026-03-15,44892.0,Active
ACC05525,CUST09648,BR039,Savings,2024-09-03,97419.78,Dormant
ACC07411,CUST09739,BR013,Current,2025-02-21,85740.55,Dormant
ACC00925,CUST01529,BR002,Current,2025-10-11,11115.3,Active
ACC00779,CUST05642,BR016,Salary,2026-02-04,17532.98,Dormant
ACC03793,CUST05420,BR048,Salary,2026-08-29,75769.82,Dormant
ACC11975,CUST09878,BR020,Salary,2024-12-26,86842.51,Closed
ACC01582,CUST07381,BR006,Savings,2025-07-06,46999.27,Active
ACC06948,CUST04388,BR034,Current,2025-11-20,34777.25,Active
ACC02800,CUST04840,BR041,Salary,2024-11-10,63484.28,Closed
ACC00593,CUST05688,BR004,Salary,2025-06-13,18020.55,Dormant
ACC08504,CUST01563,BR006,Savings,2023-10-20,44073.9,Active
ACC02881,CUST05689,BR042,Current,2025-12-10,71357.18,Active
ACC03535,CUST05619,BR034,Salary,2026-03-24,7738.78,Dormant
ACC06972,CUST09135,BR019,Current,2024-10-01,22354.82,Closed
ACC08026,CUST09977,BR019,Salary,2025-11-05,58206.89,Active
ACC09502,CUST07895,BR006,Savings,2026-03-29,37029.99,Active
ACC01157,CUST00898,BR033,Salary,2025-04-25,31285.41,Closed
ACC07003,CUST02588,BR026,Current,2024-12-30,52713.81,Closed
ACC10097,CUST05563,BR034,Salary,2025-09-17,21474.79,Dormant
ACC11636,CUST00618,BR022,Savings,2026-09-01,42896.22,Closed
ACC01142,CUST03500,BR042,Current,2024-04-26,2811.06,Active
ACC11549,CUST06696,BR020,Current,2025-02-06,36999.43,Closed
ACC07397,CUST04900,BR037,Current,2026-04-30,42561.65,Closed
ACC07164,CUST09698,BR000,Salary,2026-02-08,37039.91,Active
ACC05077,CUST05829,BR003,Salary,2026-04-07,27677.42,Active
ACC02263,CUST00804,BR019,Current,2026-01-11,52984.89,Closed
ACC11483,CUST00325,BR023,Salary,2025-03-21,3887.07,Closed
ACC03118,CUST09238,BR011,Salary,2025-01-28,11833.62,Active
ACC09735,CUST06247,BR007,Current,2024-05-08,1079.16,Dormant
ACC06354,CUST05695,BR047,Current,2024-02-22,47592.43,Dormant
ACC03308,CUST08302,BR031,Current,2024-02-20,82762.88,Closed
ACC10641,CUST02220,BR041,Current,2026-03-28,14569.66,Closed
ACC05485,CUST06689,BR026,Savings,2026-01-12,22219.45,Closed
ACC02428,CUST06636,BR018,Salary,2025-01-30,91799.49,Active
ACC01091,CUST06100,BR019,Current,2025-07-20,67513.24,Dormant
ACC05430,CUST06812,BR018,Current,2025-08-09,15746.58,Active
ACC00803,CUST03970,BR046,Salary,2024-11-01,34929.62,Dormant
ACC01979,CUST08327,BR014,Savings,2026-01-08,37981.38,Dormant
ACC06579,CUST00239,BR040,Current,2025-10-06,76662.86,Dormant
ACC07208,CUST05468,BR023,Salary,2026-02-11,12689.7,Closed
ACC06022,CUST02076,BR036,Salary,2025-12-16,2551.87,Dormant
ACC02744,CUST09921,BR033,Salary,2025-05-16,15683.18,Dormant
ACC05853,CUST01034,BR027,Savings,2024-02-21,23888.41,Closed
ACC06489,CUST07412,BR032,Salary,2024-06-12,67106.48,Active
ACC09990,CUST03762,BR000,Salary,2025-11-02,73733.22,Dormant
ACC00724,CUST09849,BR008,Savings,2024-10-04,46006.03,Closed
ACC03413,CUST00095,BR007,Salary,2026-03-08,48704.9,Closed
ACC00519,CUST07290,BR011,Current,2025-12-23,97787.4,Dormant
ACC00586,CUST99999,BR045,Salary,2023-10-16,10090.91,Closed
ACC06832,CUST09173,BR039,Savings,2026-06-24,63120.38,Dormant
ACC03286,CUST05092,BR009,Salary,2025-03-20,83361.94,Dormant
ACC08144,CUST04147,BR006,Current,2024-08-19,53633.93,Closed
ACC05367,CUST04041,BR030,Savings,2024-04-19,37940.47,Closed
ACC03472,CUST07527,BR043,Current,2026-08-07,38585.78,Active
ACC00163,CUST09906,BR039,Current,2024-10-22,47654.52,Closed
ACC04012,CUST02371,BR037,Savings,2024-02-03,55722.75,Active
ACC03808,CUST07056,BR024,Salary,2024-06-07,31578.44,Active
ACC04689,CUST08449,BR002,Savings,2026-05-16,26671.01,Closed
ACC02145,CUST00097,BR019,Savings,2025-04-25,93839.48,Closed
ACC01503,CUST06912,BR000,Savings,2026-05-05,65889.06,Closed
ACC09488,CUST05360,BR046,Savings,2026-04-03,87756.27,Active
ACC11076,CUST06635,BR040,Salary,2024-07-26,38526.23,Dormant
ACC01106,CUST07832,BR017,Savings,2024-08-23,27558.11,Active
ACC01028,CUST05288,BR032,Salary,2026-02-18,83962.35,Dormant
ACC11064,CUST00718,BR044,Current,2024-05-26,48387.01,Active
ACC01770,CUST01781,BR015,Salary,2025-01-03,85553.71,Active
ACC10247,CUST04837,BR045,Savings,2025-01-15,94032.64,Active
ACC08423,CUST06750,BR032,Savings,2024-08-19,8585.21,Closed
ACC01671,CUST04573,BR020,Savings,2025-07-08,99097.75,Active
ACC07127,CUST02279,BR037,Savings,2024-09-04,71629.42,Active
ACC04168,CUST09106,BR015,Salary,2025-03-28,88230.31,Active
ACC11367,CUST09901,BR036,Current,2024-05-27,7678.48,Dormant
ACC09302,CUST09648,BR036,Current,2024-01-20,50576.03,Dormant
ACC02742,CUST03777,BR043,Salary,2024-12-30,15028.03,Dormant
ACC04514,CUST03551,BR011,Savings,2026-08-02,27155.61,Closed
ACC10264,CUST09232,BR036,Salary,2024-04-03,91004.62,Active
ACC05407,CUST00279,BR008,Current,2026-01-09,3654.95,Dormant
ACC04752,CUST08027,BR000,Savings,2024-06-27,66936.32,Active
ACC03233,CUST05108,BR041,Current,2024-06-10,29951.05,Dormant
ACC06624,CUST01689,BR009,Current,2024-01-26,54599.17,Dormant
ACC05359,CUST03474,BR003,Savings,2024-05-08,695.22,Active
ACC09229,CUST06737,BR020,Savings,2024-11-19,86031.94,Active
ACC00877,CUST02211,BR027,Salary,2024-07-04,9575.82,Dormant
ACC01998,CUST06515,BR004,Current,2025-12-19,97247.0,Active
ACC00787,CUST01095,BR037,Savings,2025-11-02,90388.48,Closed
ACC06835,CUST00274,BR001,Salary,2025-01-14,56030.61,Active
ACC10378,CUST05529,BR010,Savings,2025-10-17,4615.7,Active
ACC02726,CUST04753,BR028,Current,2026-03-02,7394.18,Closed
ACC11303,CUST06523,BR037,Savings,2025-04-02,10184.54,Closed
ACC10288,CUST09500,BR019,Salary,2026-07-19,57560.37,Closed
ACC06094,CUST07050,BR024,Salary,2026-04-06,54010.26,Dormant
ACC06551,CUST00911,BR040,Savings,2026-01-16,89553.77,Active
ACC01796,CUST06694,BR028,Salary,2024-04-30,50431.1,Dormant
ACC02822,CUST05778,BR046,Salary,2025-07-21,79286.86,Dormant
ACC08557,CUST07373,BR044,Savings,2025-06-21,23082.48,Active
ACC11424,CUST07517,BR015,Salary,2023-09-20,86428.15,Dormant
ACC10099,CUST03334,BR045,Salary,2023-10-07,14995.63,Active
ACC02089,CUST09933,BR016,Salary,2025-10-18,78152.16,Closed
ACC06892,CUST03315,BR027,Savings,2024-08-19,64896.12,Active
ACC07931,CUST03359,BR000,Salary,2025-08-17,14220.55,Closed
ACC05536,CUST05841,BR028,Current,2025-09-07,-93903.92,Dormant
ACC09718,CUST01167,BR010,Salary,2025-05-07,27966.78,Active
ACC08880,CUST03900,BR023,Current,2026-03-15,70545.9,Closed
ACC03504,CUST01824,BR030,Current,2024-08-13,50625.66,Dormant
ACC06100,CUST08270,BR047,Current,2026-03-08,14110.92,Closed
ACC04951,CUST03388,BR022,Savings,2023-09-27,19317.99,Dormant
ACC01784,CUST02921,BR007,Salary,2025-08-27,23253.17,Active
ACC09336,CUST03933,BR009,Savings,2025-04-07,42903.38,Active
ACC00811,CUST06793,BR007,Savings,2025-01-21,81752.53,Closed
ACC10959,CUST01853,BR044,Current,2024-03-15,94700.56,Dormant
ACC09455,CUST02772,BR035,Current,2024-03-27,39548.83,Active
ACC11708,CUST02684,BR043,Savings,2024-09-23,11754.01,Dormant
ACC11981,CUST07117,BR014,Current,2024-01-06,61597.82,Closed
ACC00441,CUST00787,BR000,Salary,2023-11-12,61101.36,Active
ACC11224,CUST01805,BR041,Savings,2026-04-07,13337.63,Dormant
ACC02001,CUST06649,BR027,Current,2025-11-17,66665.61,Active
ACC11520,CUST00808,BR019,Current,2026-07-04,29054.0,Active
ACC05779,CUST05246,BR038,Current,2025-07-16,26141.63,Closed
ACC06238,CUST06390,BR040,Salary,2025-08-12,17303.77,Active
ACC02567,CUST00869,BR049,Savings,2026-05-27,4392.0,Active
ACC03106,CUST00468,BR043,Savings,2025-10-25,47702.53,Active
ACC10251,CUST08974,BR001,Current,2024-10-19,42294.6,Closed
ACC09432,CUST05932,BR036,Savings,2025-04-11,68968.5,Closed
ACC10024,CUST08495,BR020,Current,2025-10-02,74023.65,Dormant
ACC02663,CUST07734,BR006,Current,2024-10-19,85389.66,Dormant
ACC00738,CUST01090,BR010,Savings,2024-07-14,4375.29,Dormant
ACC09704,CUST02426,BR019,Salary,2025-09-06,55712.4,Closed
ACC02866,CUST03875,BR049,Current,2024-12-17,24721.38,Active
ACC11628,CUST06936,BR013,Current,2024-12-04,53425.49,Active
ACC06462,CUST01450,BR013,Savings,2023-12-12,54949.58,Dormant
ACC05663,CUST02974,BR002,Savings,2024-02-05,66325.55,Dormant
ACC02582,CUST02791,BR049,Current,2025-09-16,88083.88,Dormant
ACC04657,CUST05539,BR035,Current,2025-08-29,38538.56,Active
ACC10413,CUST03501,BR019,Salary,2026-03-17,52811.59,Active
ACC03945,CUST08760,BR036,Savings,2025-05-13,51248.01,Closed
ACC03869,CUST05471,BR007,Savings,2025-06-16,43035.22,Dormant
ACC04394,CUST03581,BR014,Salary,2026-08-05,45730.26,Closed
ACC07361,CUST99999,BR018,Salary,2025-05-10,12398.42,Closed
ACC01886,CUST07741,BR013,Savings,2026-04-26,4164.83,Active
ACC02333,CUST04648,BR002,Savings,2024-03-17,26767.36,Active
ACC06407,CUST05095,BR038,Current,2024-09-13,65398.82,Closed
ACC01195,CUST01453,BR012,Savings,2026-07-22,17440.36,Dormant
ACC08720,CUST04671,BR019,Salary,2025-09-01,58850.3,Closed
ACC02722,CUST09224,BR013,Salary,2025-07-26,93775.3,Dormant
ACC11797,CUST00871,BR034,Savings,2024-01-23,16610.48,Active
ACC04758,CUST03701,BR044,Savings,2024-03-30,57328.1,Active
ACC03288,CUST01704,BR043,Savings,2025-12-21,49408.15,Closed
ACC07061,CUST03383,BR041,Current,2024-05-16,69953.46,Dormant
ACC01430,CUST01985,BR019,Current,2023-11-26,89354.99,Dormant
ACC02799,CUST01144,BR000,Current,2024-05-06,21147.71,Closed
ACC04145,CUST99999,BR004,Current,2023-12-05,55496.82,Dormant
ACC03178,CUST01906,BR017,Current,2025-05-03,30868.12,Closed
ACC01779,CUST03850,BR013,Current,2024-01-27,86050.84,Active
ACC10596,CUST04628,BR017,Salary,2024-07-14,77870.0,Dormant
ACC05093,CUST07165,BR039,Savings,2026-04-01,56504.57,Active
ACC07782,CUST07833,BR000,Savings,2025-02-06,78252.77,Dormant
ACC07751,CUST08488,BR007,Current,2024-03-13,70621.63,Active
ACC06838,CUST00577,BR017,Current,2025-12-14,12306.26,Dormant
ACC06286,CUST08102,BR028,Savings,2024-09-29,50198.93,Dormant
ACC05700,CUST02245,BR020,Savings,2025-09-19,16841.52,Dormant
ACC04765,CUST00656,BR003,Salary,2025-03-31,17970.58,Active
ACC11822,CUST01290,BR039,Salary,2026-08-23,8889.59,Closed
ACC01883,CUST04732,BR038,Salary,2023-11-06,67260.32,Active
ACC06066,CUST01126,BR028,Savings,2025-11-09,35713.71,Active
ACC03642,CUST02751,BR017,Salary,2026-06-23,78307.39,Closed
ACC10548,CUST01456,BR004,Savings,2026-03-28,95340.7,Active
ACC03902,CUST06411,BR013,Current,2026-03-16,44136.06,Active
ACC03844,CUST06469,BR041,Salary,2024-05-10,52930.65,Active
ACC02539,CUST08871,BR001,Savings,2025-02-26,66405.53,Active
ACC02986,CUST04709,BR026,Salary,2026-07-13,91574.06,Closed
ACC09273,CUST03891,BR044,Savings,2024-07-01,50855.68,Active
ACC07517,CUST08845,BR022,Salary,2026-06-12,43733.37,Closed
ACC01749,CUST05429,BR037,Current,2026-08-02,88510.88,Active
ACC06534,CUST06368,BR019,Current,2025-05-17,10565.77,Closed
ACC01847,CUST06692,BR000,Current,2024-03-27,75108.7,Dormant
ACC02522,CUST01879,BR046,Current,2026-09-08,51164.73,Active
ACC04912,CUST08521,BR033,Current,2024-03-29,37202.6,Closed
ACC06695,CUST99999,BR006,Current,2024-09-20,9591.25,Closed
ACC06045,CUST03755,BR003,Current,2026-01-26,84399.23,Dormant
ACC04488,CUST01743,BR045,Current,2023-12-19,49286.22,Dormant
ACC11189,CUST02208,BR045,Current,2026-08-25,57953.7,Dormant
ACC02350,CUST01228,BR007,Salary,2024-05-13,38076.27,Dormant
ACC04739,CUST03109,BR043,Savings,2024-12-15,90242.48,Active
ACC09778,CUST99999,BR027,Salary,2025-07-20,29341.2,Active
ACC02629,CUST09871,BR002,Salary,2024-06-24,49927.83,Active
ACC07327,CUST06337,BR023,Salary,2026-09-07,50819.75,Closed
ACC04304,CUST04038,BR023,Current,2025-10-10,4622.41,Closed
ACC01392,CUST02739,BR001,Salary,2025-12-26,2822.2,Active
ACC03311,CUST03834,BR014,Current,2024-10-14,73142.86,Dormant
ACC04055,CUST00870,BR016,Current,2024-08-07,5133.56,Dormant
ACC02158,CUST05232,BR025,Salary,2025-12-09,31551.27,Closed
ACC03689,CUST04371,BR020,Current,2024-08-04,66309.6,Active
ACC10283,CUST02250,BR044,Savings,2024-01-07,22432.1,Dormant
ACC10590,CUST06421,BR030,Current,2024-07-06,68821.56,Closed
ACC00154,CUST01581,BR034,Salary,2024-10-27,57848.88,Active
ACC09050,CUST08357,BR008,Current,2024-07-03,36841.12,Closed
ACC00075,CUST08310,BR043,Current,2024-05-18,50324.09,Active
ACC03908,CUST08279,BR033,Savings,2023-09-18,56471.76,Dormant
ACC00789,CUST04357,BR011,Savings,2025-02-20,45878.59,Active
ACC00833,CUST00158,BR036,Current,2026-03-23,83281.78,Active
ACC08907,CUST09077,BR036,Salary,2024-09-22,78975.55,Active
ACC02018,CUST05105,BR006,Savings,2025-03-22,8575.36,Closed
ACC09539,CUST08496,BR011,Salary,2025-11-29,-96390.45,Closed
ACC09037,CUST04727,BR035,Savings,2025-06-10,91051.55,Active
ACC11164,CUST09202,BR023,Current,2023-11-06,82545.82,Dormant
ACC09894,CUST08144,BR009,Current,2024-03-22,18221.71,Dormant
ACC11371,CUST04932,BR006,Current,2023-12-26,18081.25,Closed
ACC05664,CUST99999,BR042,Current,2024-06-10,49506.56,Active
ACC00218,CUST02401,BR003,Savings,2024-03-14,69582.28,Closed
ACC06365,CUST09378,BR039,Current,2026-08-14,82720.72,Closed
ACC04961,CUST03040,BR019,Current,2024-09-17,33302.07,Closed
ACC02462,CUST03022,BR042,Current,2023-11-27,7818.6,Dormant
ACC09787,CUST06415,BR028,Savings,2025-11-05,43675.29,Active
ACC09871,CUST08296,BR006,Salary,2026-04-14,8061.83,Closed
ACC08612,CUST03110,BR013,Current,2025-08-24,22110.39,Closed
ACC06548,CUST00170,BR043,Salary,2023-10-12,38914.0,Closed
ACC08697,CUST09969,BR008,Current,2023-09-15,37455.13,Closed
ACC06077,CUST03530,BR010,Salary,2026-05-31,33895.56,Closed
ACC05875,CUST02834,BR027,Salary,2026-03-08,43051.02,Dormant
ACC05425,CUST09625,BR000,Savings,2026-04-28,48388.71,Active
ACC11160,CUST05660,BR007,Savings,2024-05-01,83526.74,Dormant
ACC11353,CUST08927,BR033,Savings,2024-12-30,23978.38,Active
ACC02315,CUST01338,BR021,Savings,2025-09-30,71448.91,Active
ACC08715,CUST07960,BR033,Salary,2024-08-27,69559.2,Dormant
ACC04474,CUST04624,BR010,Salary,2025-06-17,52763.28,Closed
ACC03622,CUST05878,BR038,Current,2026-06-14,62155.14,Dormant
ACC02713,CUST05092,BR039,Savings,2026-01-06,99014.76,Closed
ACC00710,CUST05563,BR028,Salary,2024-04-06,23529.62,Closed
ACC07843,CUST09344,BR022,Salary,2025-12-18,23214.66,Closed
ACC01958,CUST07077,BR018,Savings,2023-10-22,90461.98,Active
ACC00317,CUST07854,BR002,Savings,2023-12-12,86019.58,Dormant
ACC02940,CUST07154,BR032,Current,2025-01-18,14485.71,Dormant
ACC00344,CUST08446,BR016,Savings,2025-06-21,57981.7,Active
ACC06911,CUST01579,BR013,Current,2025-05-13,23976.7,Active
ACC00204,CUST09341,BR022,Savings,2026-04-08,73983.06,Active
ACC03458,CUST09731,BR033,Salary,2025-08-09,42021.94,Active
ACC07256,CUST04188,BR008,Current,2025-11-28,58028.01,Closed
ACC05312,CUST02551,BR047,Salary,2025-02-05,32701.95,Closed
ACC06210,CUST03725,BR023,Salary,2026-06-08,51783.99,Closed
ACC01929,CUST07242,BR014,Savings,2025-09-24,94432.23,Dormant
ACC06597,CUST06419,BR014,Current,2024-08-26,40861.13,Active
ACC03152,CUST00247,BR018,Savings,2025-07-30,59042.69,Closed
ACC05337,CUST07747,BR046,Current,2026-06-01,44508.78,Active
ACC09532,CUST02579,BR014,Savings,2025-09-19,31392.81,Closed
ACC10006,CUST06080,BR014,Salary,2025-04-04,23615.85,Dormant
ACC06598,CUST05406,BR028,Current,2026-06-19,33364.41,Active
ACC11654,CUST03090,BR015,Savings,2023-12-29,44465.78,Active
ACC07657,CUST03159,BR009,Current,2024-09-12,16030.28,Active
ACC05814,CUST08917,BR033,Current,2026-07-22,67954.03,Active
ACC10193,CUST06584,BR003,Salary,2026-02-07,78646.42,Dormant
ACC01717,CUST00648,BR047,Salary,2025-02-17,60435.52,Active
ACC11824,CUST06520,BR021,Current,2025-11-28,51787.21,Dormant
ACC11935,CUST01511,BR016,Current,2026-07-27,66080.62,Active
ACC10013,CUST07154,BR027,Salary,2026-02-13,32997.96,Dormant
ACC03164,CUST00841,BR005,Savings,2025-06-03,98803.14,Dormant
ACC05027,CUST02353,BR041,Salary,2025-04-11,35879.05,Closed
ACC01119,CUST00126,BR000,Savings,2025-09-11,18355.14,Closed
ACC10806,CUST03251,BR021,Salary,2024-03-26,85291.67,Closed
ACC11734,CUST08187,BR022,Savings,2024-03-08,41056.15,Active
ACC08929,CUST99999,BR017,Savings,2025-06-24,50539.5,Dormant
ACC02945,CUST09794,BR021,Current,2023-11-19,62251.02,Active
ACC06828,CUST09017,BR004,Salary,2025-11-30,52182.61,Active
ACC03801,CUST07021,BR007,Current,2025-08-13,70544.85,Closed
ACC05009,CUST03641,BR020,Savings,2026-01-26,31247.85,Closed
ACC11798,CUST07762,BR013,Salary,2026-01-29,25709.32,Active
ACC06121,CUST00681,BR007,Salary,2023-12-01,75726.12,Active
ACC01654,CUST09315,BR039,Salary,2024-12-31,80719.62,Dormant
ACC03611,CUST07631,BR047,Salary,2025-08-22,10318.15,Closed
ACC07113,CUST01730,BR030,Salary,2025-12-03,22685.84,Active
ACC05352,CUST06220,BR001,Savings,2024-11-19,21583.07,Dormant
ACC01021,CUST06054,BR005,Salary,2025-01-21,60201.64,Active
ACC02580,CUST09221,BR044,Current,2025-06-02,90764.94,Active
ACC10423,CUST02403,BR037,Current,2025-02-08,85947.4,Active
ACC00513,CUST02359,BR042,Current,2024-06-30,48975.58,Dormant
ACC05011,CUST02515,BR013,Current,2026-03-28,94163.36,Active
ACC02520,CUST00447,BR029,Savings,2024-12-14,21042.26,Dormant
ACC01952,CUST03861,BR014,Current,2025-04-11,99536.56,Dormant
ACC04484,CUST08038,BR039,Current,2025-04-11,25299.04,Closed
ACC00846,CUST09438,BR004,Salary,2026-08-16,1960.58,Active
ACC00252,CUST08743,BR010,Salary,2024-06-30,81817.25,Active
ACC02015,CUST08531,BR042,Savings,2026-07-13,68257.25,Active
ACC09047,CUST08421,BR002,Savings,2024-09-13,73703.48,Dormant
ACC10428,CUST04703,BR000,Savings,2026-04-28,73024.63,Active
ACC06095,CUST05118,BR006,Savings,2026-06-06,5210.01,Closed
ACC00908,CUST00558,BR011,Current,2026-05-26,61896.89,Dormant
ACC07331,CUST05026,BR042,Salary,2026-08-16,89180.35,Closed
ACC08251,CUST09826,BR004,Current,2025-10-30,66202.47,Closed
ACC02409,CUST02581,BR030,Salary,2025-03-29,87732.71,Active
ACC09300,CUST08803,BR024,Salary,2026-06-10,10973.4,Dormant
ACC07134,CUST01748,BR046,Savings,2026-05-07,24755.73,Closed
ACC07206,CUST09973,BR041,Savings,2025-12-16,49641.23,Active
ACC00156,CUST02163,BR040,Current,2025-02-18,13130.78,Closed
ACC10787,CUST00297,BR004,Salary,2026-03-08,6557.52,Closed
ACC07399,CUST08784,BR031,Current,2026-01-07,70065.23,Dormant
ACC05633,CUST06496,BR002,Current,2024-08-14,8320.18,Active
ACC04778,CUST00298,BR028,Current,2026-06-20,19145.09,Dormant
ACC00101,CUST04071,BR023,Salary,2024-08-29,29653.19,Closed
ACC10310,CUST02057,BR045,Savings,2024-01-26,-74373.46,Closed
ACC01432,CUST04174,BR006,Salary,2024-09-21,73821.75,Dormant
ACC05572,CUST07229,BR042,Salary,2024-04-11,73117.92,Active
ACC10368,CUST06028,BR002,Savings,2026-06-14,45082.42,Active
ACC04795,CUST08431,BR002,Current,2026-05-15,69094.01,Closed
ACC07564,CUST01878,BR006,Savings,2026-08-16,43416.37,Dormant
ACC09964,CUST09989,BR017,Current,2023-12-14,28221.0,Dormant
ACC09213,CUST02986,BR033,Salary,2024-09-30,22900.1,Closed
ACC08070,CUST01249,BR042,Savings,2025-06-20,9510.56,Active
ACC00885,CUST06971,BR032,Savings,2025-09-30,63438.67,Dormant
ACC08599,CUST07147,BR014,Salary,2024-05-06,82857.59,Dormant
ACC02126,CUST09208,BR004,Savings,2026-07-17,8732.04,Closed
ACC08119,CUST03946,BR005,Savings,2024-12-10,19714.52,Closed
ACC06974,CUST03957,BR007,Salary,2026-08-18,26341.25,Dormant
ACC02363,CUST05671,BR000,Savings,2024-08-08,64667.09,Active
ACC06470,CUST05664,BR035,Current,2025-12-08,956.51,Closed
ACC02446,CUST04393,BR003,Salary,2025-02-04,55549.29,Active
ACC09244,CUST03543,BR019,Salary,2026-05-09,30768.18,Dormant
ACC02975,CUST05468,BR033,Salary,2024-05-28,18641.76,Closed
ACC11661,CUST02926,BR009,Savings,2026-01-07,21433.88,Closed
ACC04663,CUST01019,BR044,Current,2026-02-26,24591.02,Dormant
ACC09610,CUST04944,BR044,Savings,2026-08-16,5068.56,Active
ACC10460,CUST04840,BR044,Salary,2026-04-24,60257.46,Dormant
ACC06304,CUST06974,BR018,Salary,2023-11-13,81636.4,Closed
ACC01138,CUST03822,BR001,Savings,2026-03-08,67191.4,Dormant
ACC04584,CUST05775,BR015,Salary,2024-11-21,85432.23,Closed
ACC02954,CUST01805,BR005,Current,2025-06-18,56716.53,Active
ACC11464,CUST08719,BR036,Salary,2025-12-11,45261.49,Active
ACC06994,CUST06650,BR004,Current,2025-02-10,47687.63,Dormant
ACC10717,CUST02639,BR012,Savings,2025-11-12,99478.96,Active
ACC04353,CUST03907,BR033,Current,2026-07-11,95427.95,Closed
ACC06106,CUST04527,BR031,Salary,2023-10-14,50964.13,Dormant
ACC05140,CUST00438,BR001,Savings,2024-10-27,83084.94,Active
ACC02896,CUST06720,BR018,Savings,2024-10-30,60500.57,Dormant
ACC08665,CUST00007,BR015,Savings,2024-02-05,19575.38,Dormant
ACC02574,CUST09321,BR045,Current,2024-02-12,78133.22,Dormant
ACC05927,CUST04974,BR049,Salary,2024-01-08,36401.45,Closed
ACC08436,CUST05261,BR031,Salary,2025-10-09,60060.72,Active
ACC03681,CUST09427,BR002,Savings,2025-12-11,64094.5,Closed
ACC09868,CUST01499,BR014,Salary,2023-09-21,94215.29,Closed
ACC11125,CUST06126,BR027,Savings,2026-05-22,59187.79,Closed
ACC08928,CUST99999,BR019,Salary,2025-11-16,16851.95,Dormant
ACC06827,CUST05422,BR049,Salary,2026-09-08,82225.3,Active
ACC01252,CUST08693,BR042,Current,2026-07-10,99960.04,Closed
ACC05511,CUST07873,BR001,Savings,2025-11-15,57775.27,Dormant
ACC03283,CUST09667,BR018,Salary,2025-06-19,64332.87,Active
ACC11005,CUST06097,BR049,Savings,2023-10-07,57025.16,Dormant
ACC06345,CUST04722,BR016,Current,2025-02-15,79586.54,Active
ACC09100,CUST01623,BR030,Savings,2024-09-12,24935.22,Active
ACC11980,CUST03356,BR037,Salary,2024-01-10,14977.44,Active
ACC04851,CUST06038,BR018,Salary,2024-09-02,89614.9,Closed
ACC05201,CUST09686,BR000,Savings,2023-11-11,18308.14,Dormant
ACC08902,CUST08629,BR025,Savings,2025-03-17,58406.35,Dormant
ACC11103,CUST09139,BR017,Savings,2023-12-22,83492.13,Active
ACC10558,CUST07448,BR016,Savings,2024-05-18,98163.44,Closed
ACC05258,CUST09036,BR044,Current,2025-02-27,79223.27,Closed
ACC01536,CUST04134,BR011,Current,2024-10-08,8253.75,Closed
ACC06283,CUST99999,BR006,Salary,2025-04-23,67716.15,Closed
ACC05744,CUST01746,BR014,Savings,2025-04-06,91200.09,Closed
ACC07599,CUST02983,BR003,Current,2024-12-09,68601.46,Closed
ACC06737,CUST08324,BR026,Current,2025-08-31,14210.75,Closed
ACC02935,CUST09502,BR026,Current,2025-11-13,54628.33,Dormant
ACC09660,CUST00493,BR034,Savings,2023-09-21,22748.22,Closed
ACC10843,CUST08523,BR047,Salary,2024-02-24,32048.97,Closed
ACC09072,CUST07455,BR021,Savings,2023-11-13,40757.99,Active
ACC05200,CUST08427,BR018,Savings,2025-04-16,71471.91,Active
ACC05041,CUST01239,BR002,Current,2025-05-11,43398.39,Active
ACC01147,CUST00816,BR028,Savings,2025-02-06,98853.39,Dormant
ACC08468,CUST01210,BR043,Savings,2026-03-25,88644.41,Dormant
ACC10783,CUST00165,BR047,Salary,2024-07-31,24258.05,Closed
ACC10653,CUST03708,BR026,Savings,2024-09-26,86288.42,Active
ACC08238,CUST04870,BR040,Salary,2025-02-10,2790.44,Active
ACC07093,CUST07588,BR048,Savings,2025-06-12,72687.31,Dormant
ACC02572,CUST01660,BR027,Salary,2025-02-03,82184.24,Dormant
ACC10381,CUST03419,BR007,Savings,2023-11-15,18016.72,Active
ACC04092,CUST02009,BR026,Salary,2025-10-28,3970.34,Closed
ACC00869,CUST03025,BR008,Current,2025-03-08,89119.66,Closed
ACC03347,CUST08730,BR032,Savings,2024-02-07,17372.46,Active
ACC11325,CUST04395,BR002,Salary,2024-04-24,6578.72,Closed
ACC02535,CUST09309,BR028,Salary,2026-07-26,12868.68,Active
ACC00859,CUST03397,BR002,Salary,2026-07-06,16153.64,Closed
ACC04302,CUST99999,BR031,Current,2026-02-13,47091.48,Closed
ACC10041,CUST01755,BR009,Salary,2023-11-17,91398.49,Closed
ACC03941,CUST04305,BR046,Salary,2024-02-04,82778.58,Closed
ACC06944,CUST09625,BR019,Salary,2024-12-09,6243.93,Dormant
ACC01921,CUST01345,BR031,Savings,2025-06-20,87763.15,Dormant
ACC04835,CUST06560,BR013,Savings,2024-09-07,95251.41,Dormant
ACC06211,CUST09787,BR030,Current,2025-05-06,85219.02,Active
ACC02844,CUST07395,BR000,Savings,2024-12-18,34839.29,Closed
ACC01062,CUST01053,BR039,Savings,2026-01-10,66478.65,Closed
ACC04696,CUST08568,BR019,Salary,2024-11-06,32946.92,Active
ACC02436,CUST04358,BR043,Savings,2025-02-12,7855.87,Closed
ACC02439,CUST06162,BR045,Salary,2025-12-13,40848.93,Active
ACC08900,CUST04717,BR036,Salary,2025-07-05,21539.17,Closed
ACC00483,CUST07311,BR035,Savings,2025-05-19,64384.3,Closed
ACC00057,CUST07024,BR048,Salary,2026-04-26,75698.86,Closed
ACC06414,CUST04927,BR010,Savings,2025-12-01,97380.4,Active
ACC00746,CUST09655,BR043,Current,2024-03-04,82409.96,Closed
ACC04476,CUST07561,BR043,Salary,2026-06-07,28624.17,Active
ACC03076,CUST09699,BR016,Salary,2024-11-03,97502.22,Closed
ACC09204,CUST05543,BR044,Savings,2025-05-23,80797.11,Active
ACC11459,CUST00897,BR034,Current,2025-05-25,26536.63,Dormant
ACC08124,CUST07240,BR016,Savings,2024-05-29,3524.18,Active
ACC09574,CUST08102,BR023,Current,2025-01-08,57347.76,Closed
ACC05914,CUST01931,BR012,Current,2024-07-15,54898.24,Closed
ACC00693,CUST06688,BR007,Savings,2026-07-14,76745.67,Closed
ACC00917,CUST05464,BR008,Savings,2025-02-19,3525.09,Closed
ACC09196,CUST03132,BR030,Salary,2026-06-01,74678.26,Closed
ACC04960,CUST04804,BR043,Current,2025-01-19,35220.76,Active
ACC00473,CUST09688,BR045,Savings,2024-08-19,42675.41,Dormant
ACC08550,CUST99999,BR015,Salary,2026-08-20,87560.74,Dormant
ACC06575,CUST03810,BR044,Savings,2024-01-06,83067.05,Dormant
ACC10930,CUST07225,BR024,Current,2024-06-07,69149.31,Closed
ACC05462,CUST01922,BR049,Current,2024-02-25,88441.66,Dormant
ACC10433,CUST01233,BR020,Current,2026-02-24,39389.74,Closed
ACC04677,CUST03719,BR005,Current,2024-04-09,30586.81,Closed
ACC02592,CUST00488,BR018,Salary,2026-06-18,81448.11,Closed
ACC05230,CUST04260,BR018,Savings,2024-08-15,66901.36,Closed
ACC10851,CUST99999,BR047,Salary,2024-02-18,65453.12,Active
ACC05729,CUST01484,BR007,Salary,2024-10-18,39647.12,Closed
ACC02175,CUST00149,BR025,Salary,2026-09-06,14826.51,Closed
ACC10325,CUST00103,BR019,Current,2024-07-09,87128.88,Active
ACC05157,CUST00654,BR017,Current,2026-01-28,31010.85,Active
ACC06147,CUST02692,BR004,Current,2025-01-26,44123.45,Dormant
ACC08374,CUST03982,BR004,Savings,2024-05-18,28548.72,Dormant
ACC01061,CUST09145,BR049,Current,2025-05-23,39560.79,Active
ACC05883,CUST04457,BR047,Salary,2024-08-16,66187.52,Closed
ACC08395,CUST07371,BR037,Current,2026-07-10,33056.18,Closed
ACC07609,CUST06125,BR009,Savings,2026-05-13,78987.62,Closed
ACC05098,CUST07566,BR005,Savings,2026-01-06,46547.31,Dormant
ACC05111,CUST09842,BR002,Savings,2026-06-14,38760.41,Closed
ACC04988,CUST08482,BR004,Current,2023-11-03,52588.09,Active
ACC06056,CUST08853,BR007,Salary,2026-02-21,41277.57,Closed
ACC05584,CUST07380,BR023,Salary,2025-03-24,62704.24,Closed
ACC05574,CUST06812,BR041,Current,2024-05-23,79729.56,Active
ACC01192,CUST05420,BR004,Savings,2026-06-14,39359.49,Closed
ACC06751,CUST09418,BR004,Salary,2025-05-01,84638.87,Active
ACC08566,CUST04734,BR037,Savings,2025-11-15,500.55,Active
ACC04004,CUST08769,BR046,Savings,2024-10-17,28432.73,Dormant
ACC10964,CUST07851,BR018,Current,2025-01-27,41771.29,Active
ACC02711,CUST99999,BR005,Current,2024-03-01,52127.26,Active
ACC11587,CUST08596,BR000,Salary,2025-06-28,86249.85,Dormant
ACC04158,CUST09874,BR040,Savings,2024-06-10,2551.01,Active
ACC10894,CUST07491,BR042,Current,2025-09-15,-49875.7,Closed
ACC04817,CUST09207,BR007,Salary,2024-07-13,68179.69,Dormant
ACC00182,CUST00973,BR025,Salary,2025-10-07,38319.25,Dormant
ACC02697,CUST07965,BR011,Salary,2025-12-22,69628.37,Closed
ACC08863,CUST02122,BR005,Salary,2026-02-08,24627.37,Dormant
ACC07971,CUST09498,BR034,Salary,2024-09-21,63195.18,Closed
ACC09626,CUST07404,BR035,Current,2024-07-30,12423.5,Closed
ACC10499,CUST02329,BR000,Current,2025-07-30,31392.56,Closed
ACC02238,CUST05556,BR013,Salary,2025-02-25,33274.31,Closed
ACC00651,CUST03073,BR024,Current,2024-01-12,88151.87,Closed
ACC06116,CUST06712,BR039,Savings,2024-02-16,32579.15,Dormant
ACC05618,CUST00952,BR044,Current,2025-11-19,88353.24,Closed
ACC11835,CUST07019,BR008,Salary,2023-11-05,14917.41,Dormant
ACC10427,CUST08235,BR005,Salary,2026-03-29,46214.03,Closed
ACC10298,CUST03697,BR036,Current,2024-03-20,34132.21,Dormant
ACC04428,CUST02016,BR024,Salary,2024-02-12,39027.69,Closed
ACC02928,CUST04964,BR009,Salary,2025-09-02,84121.96,Closed
ACC06519,CUST08306,BR033,Salary,2025-06-10,68170.96,Dormant
ACC04412,CUST07158,BR003,Salary,2023-09-28,57109.79,Active
ACC08656,CUST09033,BR000,Salary,2023-12-10,7310.55,Closed
ACC09903,CUST04888,BR040,Current,2025-11-26,49354.7,Closed
ACC00307,CUST09699,BR004,Salary,2026-01-19,56515.44,Dormant
ACC00345,CUST08391,BR018,Current,2026-06-26,31250.99,Closed
ACC01712,CUST06915,BR029,Savings,2025-05-23,58968.92,Active
ACC03759,CUST03452,BR026,Current,2023-11-09,61573.49,Dormant
ACC00013,CUST06604,BR011,Salary,2023-10-28,40870.1,Active
ACC07745,CUST06483,BR042,Savings,2026-03-19,33745.8,Active
ACC06318,CUST08678,BR028,Savings,2024-09-09,44264.55,Active
ACC11679,CUST06205,BR029,Savings,2024-07-30,69198.35,Dormant
ACC08013,CUST04631,BR019,Current,2024-12-19,1716.8,Active
ACC06738,CUST00071,BR046,Savings,2026-06-22,22720.66,Closed
ACC10320,CUST09673,BR008,Salary,2025-10-13,14786.73,Dormant
ACC07518,CUST00295,BR000,Salary,2023-10-03,93306.94,Active
ACC05821,CUST04399,BR039,Savings,2024-01-21,96881.41,Closed
ACC08150,CUST02990,BR001,Savings,2023-11-16,97721.64,Closed
ACC10228,CUST05095,BR000,Savings,2025-11-09,62120.39,Dormant
ACC03740,CUST05366,BR024,Salary,2023-09-27,809.53,Active
ACC04099,CUST08304,BR006,Savings,2026-03-24,70288.58,Active
ACC08452,CUST03695,BR029,Salary,2025-02-25,45692.27,Active
ACC05704,CUST02581,BR039,Savings,2026-03-26,1870.69,Dormant
ACC06320,CUST06774,BR027,Current,2025-07-14,62774.66,Closed
ACC04697,CUST03452,BR032,Salary,2024-07-30,7686.05,Active
ACC09890,CUST00320,BR033,Current,2023-11-05,94416.69,Dormant
ACC04023,CUST01568,BR014,Salary,2025-04-09,13895.51,Closed
ACC11273,CUST00154,BR026,Savings,2024-06-29,87502.87,Active
ACC04700,CUST07246,BR041,Savings,2024-05-12,33011.86,Active
ACC00227,CUST07028,BR026,Current,2026-03-11,48637.43,Closed
ACC09739,CUST09100,BR004,Savings,2025-06-16,38572.55,Dormant
ACC05924,CUST02243,BR023,Current,2024-05-08,18506.82,Closed
ACC11608,CUST02510,BR017,Salary,2025-08-17,95307.5,Active
ACC09965,CUST02884,BR045,Current,2025-06-30,80235.37,Dormant
ACC04693,CUST08298,BR017,Salary,2023-12-08,22969.22,Dormant
ACC00668,CUST08036,BR041,Salary,2025-06-22,30694.37,Dormant
ACC02420,CUST01724,BR031,Savings,2025-02-07,88546.63,Dormant
ACC05788,CUST04149,BR046,Salary,2025-04-28,31023.62,Dormant
ACC10917,CUST03365,BR019,Savings,2025-08-23,33426.77,Closed
ACC05245,CUST04083,BR047,Current,2025-02-05,8929.05,Closed
ACC00428,CUST02354,BR024,Current,2023-09-24,9532.59,Dormant
ACC11755,CUST01636,BR020,Current,2026-09-04,30437.39,Active
ACC11973,CUST08295,BR042,Current,2026-05-23,16802.97,Active
ACC05035,CUST03416,BR034,Current,2024-02-22,81383.93,Closed
ACC05718,CUST01608,BR003,Current,2024-07-24,90339.83,Active
ACC00939,CUST02125,BR038,Savings,2025-06-16,23364.75,Dormant
ACC11163,CUST01503,BR009,Salary,2026-06-02,82404.14,Active
ACC08163,CUST01536,BR000,Salary,2024-09-16,14352.41,Active
ACC10700,CUST01822,BR040,Savings,2025-04-16,17261.76,Dormant
ACC09827,CUST00972,BR017,Savings,2024-08-28,58180.87,Closed
ACC00935,CUST03175,BR009,Current,2024-01-19,67857.31,Closed
ACC10598,CUST05716,BR048,Salary,2024-11-23,54214.42,Dormant
ACC08723,CUST00620,BR042,Savings,2024-04-07,6652.16,Dormant
ACC04497,CUST01968,BR004,Current,2024-07-04,75427.18,Dormant
ACC01386,CUST05682,BR004,Salary,2024-04-06,92811.34,Dormant
ACC01575,CUST04022,BR043,Salary,2025-03-05,64881.29,Dormant
ACC10150,CUST01178,BR029,Current,2025-05-06,18394.35,Dormant
ACC06578,CUST09584,BR009,Savings,2024-06-03,10169.98,Active
ACC00064,CUST07611,BR022,Salary,2026-07-02,59597.43,Dormant
ACC06553,CUST04416,BR004,Current,2026-01-20,77604.18,Closed
ACC01660,CUST03034,BR000,Savings,2023-09-20,28400.28,Dormant
ACC10430,CUST03327,BR007,Current,2024-02-04,10520.6,Dormant
ACC00356,CUST07541,BR018,Savings,2025-05-15,95836.0,Dormant
ACC01573,CUST06290,BR031,Savings,2024-08-22,80949.71,Active
ACC00768,CUST05232,BR035,Current,2024-01-05,54980.04,Dormant
ACC07259,CUST03785,BR020,Salary,2025-01-04,41215.1,Active
ACC11522,CUST09804,BR033,Savings,2024-09-17,67693.5,Dormant
ACC01088,CUST03918,BR013,Current,2026-01-09,1101.25,Active
ACC02046,CUST09319,BR005,Savings,2026-01-04,92028.16,Active
ACC01460,CUST04733,BR011,Salary,2025-01-23,83406.11,Active
ACC07069,CUST07816,BR035,Current,2026-02-14,27008.63,Active
ACC11071,CUST06643,BR041,Current,2025-01-22,91842.84,Dormant
ACC07559,CUST05338,BR010,Current,2026-09-07,60838.29,Active
ACC03854,CUST03202,BR034,Savings,2023-09-28,63684.4,Closed
ACC10915,CUST03216,BR031,Savings,2026-02-09,38583.27,Active
ACC10256,CUST06426,BR044,Current,2025-01-20,10296.79,Dormant
ACC00508,CUST09904,BR008,Salary,2026-04-07,46954.98,Dormant
ACC11143,CUST06085,BR035,Savings,2023-09-29,69653.48,Dormant
ACC00517,CUST04165,BR033,Salary,2023-09-11,5318.08,Dormant
ACC00151,CUST08764,BR048,Salary,2024-03-04,14034.63,Active
ACC01867,CUST07920,BR000,Salary,2025-03-25,9844.84,Active
ACC08414,CUST02408,BR012,Current,2025-03-17,72261.19,Active
ACC04234,CUST09624,BR007,Savings,2023-12-23,10354.51,Active
ACC09297,CUST09894,BR006,Savings,2025-04-05,60265.48,Closed
ACC02641,CUST05243,BR004,Savings,2025-11-17,-76323.33,Active
ACC05713,CUST02867,BR004,Current,2024-03-10,74275.22,Closed
ACC01333,CUST08933,BR040,Savings,2024-03-05,59846.34,Active
ACC03846,CUST01741,BR031,Current,2024-02-15,49346.7,Closed
ACC00117,CUST02692,BR020,Salary,2024-10-24,74158.29,Active
ACC03150,CUST09760,BR016,Salary,2023-09-17,2293.41,Active
ACC01842,CUST08758,BR029,Salary,2025-01-02,91144.2,Active
ACC04989,CUST09055,BR024,Salary,2026-01-21,12670.19,Dormant
ACC09966,CUST05629,BR019,Salary,2024-03-29,71996.95,Closed
ACC07628,CUST04255,BR042,Current,2026-04-22,64562.64,Dormant
ACC04654,CUST07352,BR002,Salary,2024-10-17,35676.12,Dormant
ACC05602,CUST08378,BR003,Current,2024-09-21,77721.55,Dormant
ACC05212,CUST08870,BR030,Savings,2025-09-02,86821.19,Active
ACC10683,CUST02676,BR036,Salary,2025-09-13,3130.77,Closed
ACC00610,CUST00830,BR015,Savings,2026-08-25,20837.76,Active
ACC07800,CUST06026,BR035,Salary,2024-08-13,77437.63,Active
ACC11485,CUST02152,BR017,Savings,2025-01-26,4001.92,Closed
ACC08984,CUST01470,BR047,Current,2025-03-01,63074.34,Dormant
ACC05112,CUST04549,BR031,Current,2024-06-11,11030.13,Closed
ACC08703,CUST09990,BR009,Savings,2026-08-28,78483.88,Closed
ACC06707,CUST01589,BR025,Savings,2025-02-05,48455.73,Active
ACC11436,CUST09083,BR000,Salary,2025-10-02,65500.85,Closed
ACC01902,CUST99999,BR037,Salary,2025-07-30,37242.25,Dormant
ACC01831,CUST03854,BR027,Savings,2024-11-23,3537.16,Active
ACC09711,CUST00817,BR000,Salary,2026-08-08,17530.86,Closed
ACC10918,CUST02417,BR001,Salary,2025-08-27,50085.42,Dormant
ACC08006,CUST07649,BR041,Salary,2023-11-06,12836.73,Active
ACC01855,CUST08565,BR013,Current,2024-03-25,38703.17,Dormant
ACC02466,CUST06391,BR007,Current,2025-12-01,42089.81,Dormant
ACC03898,CUST08284,BR003,Savings,2026-05-03,31398.41,Dormant
ACC08814,CUST01373,BR048,Savings,2025-04-25,85160.56,Closed
ACC05014,CUST02840,BR045,Current,2025-03-26,41715.79,Closed
ACC10484,CUST00236,BR021,Salary,2024-02-15,66742.0,Dormant
ACC09635,CUST09459,BR032,Current,2024-07-01,808.25,Dormant
ACC02463,CUST07487,BR005,Current,2026-03-03,29097.85,Active
ACC00861,CUST09594,BR005,Current,2025-04-04,59423.92,Dormant
ACC02304,CUST04931,BR030,Savings,2024-09-23,65929.4,Dormant
ACC04053,CUST05442,BR048,Current,2024-06-03,99403.9,Closed
ACC10318,CUST05526,BR030,Savings,2023-11-05,65934.74,Closed
ACC10682,CUST05437,BR027,Savings,2025-10-16,60671.28,Active
ACC05198,CUST07173,BR005,Current,2025-11-15,82239.67,Active
ACC08265,CUST07696,BR000,Savings,2025-12-13,93543.34,Closed
ACC09456,CUST08675,BR012,Current,2024-08-02,47093.07,Dormant
ACC03477,CUST01717,BR031,Savings,2024-05-25,38542.94,Closed
ACC00703,CUST00779,BR033,Savings,2026-03-16,12871.49,Closed
ACC11782,CUST01271,BR036,Savings,2024-06-15,11575.21,Dormant
ACC11881,CUST00060,BR043,Current,2025-06-21,93817.79,Active
ACC04398,CUST09442,BR048,Savings,2024-04-25,82822.8,Active
ACC06512,CUST03067,BR044,Salary,2026-03-28,49971.7,Closed
ACC03770,CUST04446,BR016,Savings,2024-01-15,15685.82,Closed
ACC09494,CUST02438,BR048,Current,2025-11-13,55768.95,Active
ACC11860,CUST09033,BR022,Salary,2024-10-07,79788.44,Active
ACC05435,CUST00653,BR026,Salary,2026-08-21,49785.87,Active
ACC08033,CUST07095,BR020,Savings,2023-11-30,75320.6,Active
ACC11737,CUST01872,BR010,Savings,2025-10-07,78664.16,Closed
ACC02991,CUST01772,BR029,Current,2026-05-15,45272.51,Active
ACC03028,CUST02400,BR023,Salary,2024-04-27,51628.05,Active
ACC00899,CUST07713,BR031,Current,2025-12-16,35711.1,Dormant
ACC11181,CUST03078,BR026,Savings,2025-02-22,40523.96,Closed
ACC01953,CUST04621,BR022,Current,2024-09-09,67104.42,Closed
ACC00334,CUST06682,BR019,Current,2024-09-08,7863.46,Dormant
ACC10874,CUST04976,BR001,Current,2025-11-22,23871.99,Dormant
ACC00426,CUST02275,BR032,Current,2025-07-04,11837.59,Dormant
ACC01756,CUST09883,BR022,Savings,2025-01-12,55324.55,Closed
ACC10358,CUST08271,BR017,Current,2025-12-14,48822.03,Dormant
ACC00171,CUST01376,BR042,Salary,2025-11-05,74735.09,Active
ACC01037,CUST01774,BR014,Current,2025-11-23,61140.25,Closed
ACC09330,CUST08582,BR010,Savings,2025-10-31,41192.95,Active
ACC07330,CUST02458,BR034,Current,2026-05-13,77865.96,Active
ACC07893,CUST06087,BR033,Current,2025-08-06,50127.56,Active
ACC06294,CUST00139,BR004,Salary,2025-11-26,29887.56,Active
ACC03864,CUST05086,BR039,Savings,2026-06-23,73738.83,Dormant
ACC08275,CUST04314,BR016,Salary,2024-06-27,86053.43,Closed
ACC06875,CUST01966,BR014,Savings,2026-04-05,29885.19,Closed
ACC04433,CUST08433,BR003,Salary,2024-10-23,85022.07,Active
ACC01448,CUST03019,BR047,Current,2024-03-28,30113.29,Dormant
ACC02706,CUST99999,BR017,Current,2025-12-07,33054.11,Dormant
ACC02959,CUST01667,BR042,Salary,2024-08-31,66695.5,Closed
ACC08005,CUST00219,BR027,Savings,2026-08-18,24295.93,Dormant
ACC03888,CUST02784,BR045,Savings,2025-01-29,62731.48,Dormant
ACC01561,CUST02176,BR024,Savings,2023-11-27,94686.26,Active
ACC03163,CUST09247,BR023,Salary,2025-11-13,6915.02,Active
ACC08608,CUST09990,BR049,Savings,2026-01-12,65601.59,Dormant
ACC09400,CUST02853,BR019,Current,2024-04-25,74800.14,Dormant
ACC08589,CUST04025,BR026,Current,2024-04-08,20579.51,Closed
ACC07635,CUST07551,BR005,Current,2024-06-06,95202.92,Closed
ACC08217,CUST03685,BR001,Savings,2023-12-03,32174.56,Dormant
ACC11941,CUST08862,BR042,Current,2026-03-17,2198.01,Active
ACC00984,CUST08661,BR046,Current,2024-09-05,28492.91,Closed
ACC00754,CUST02838,BR036,Savings,2026-04-07,99127.23,Active
ACC05787,CUST00295,BR028,Savings,2023-11-06,8444.77,Dormant
ACC07395,CUST00504,BR038,Current,2025-06-12,98779.03,Closed
ACC00742,CUST08088,BR012,Salary,2024-09-13,84855.53,Dormant
ACC09630,CUST07651,BR002,Savings,2026-06-14,49207.91,Active
ACC03041,CUST09393,BR021,Savings,2026-02-02,51877.24,Dormant
ACC08330,CUST03146,BR022,Current,2024-03-31,1392.05,Closed
ACC08554,CUST03015,BR038,Salary,2023-11-30,49937.09,Dormant
ACC11266,CUST02158,BR017,Current,2025-09-24,68298.06,Active
ACC08305,CUST06497,BR032,Salary,2023-10-12,17065.7,Active
ACC10164,CUST00407,BR021,Savings,2024-09-10,35763.75,Closed
ACC10121,CUST99999,BR020,Savings,2024-06-15,58516.23,Closed
ACC07224,CUST04779,BR018,Savings,2025-08-11,69056.25,Closed
ACC09861,CUST07618,BR014,Salary,2025-05-25,65822.81,Closed
ACC06847,CUST09845,BR034,Salary,2024-12-23,70752.23,Dormant
ACC00950,CUST01794,BR034,Savings,2025-07-06,82747.79,Dormant
ACC07771,CUST03568,BR013,Current,2025-07-03,44276.49,Closed
ACC00362,CUST03134,BR020,Current,2025-01-12,21070.16,Active
ACC00689,CUST00124,BR025,Savings,2025-10-02,30177.24,Closed
ACC00403,CUST05698,BR005,Salary,2024-08-01,-32272.03,Dormant
ACC03108,CUST03969,BR047,Salary,2023-12-01,69795.91,Closed
ACC10117,CUST02110,BR005,Salary,2025-10-11,92021.3,Dormant
ACC08506,CUST08752,BR006,Current,2024-05-05,43287.8,Closed
ACC10286,CUST07943,BR023,Savings,2026-07-18,52830.38,Active
ACC07769,CUST07111,BR029,Current,2025-08-13,-96187.76,Active
ACC06448,CUST07294,BR049,Savings,2026-03-14,40967.39,Dormant
ACC07099,CUST06677,BR005,Savings,2023-12-08,64033.23,Active
ACC03894,CUST99999,BR013,Current,2024-07-16,79949.93,Closed
ACC03144,CUST08995,BR027,Savings,2024-05-05,83347.94,Active
ACC01851,CUST09234,BR043,Current,2026-01-24,31172.57,Closed
ACC07959,CUST09663,BR043,Savings,2025-02-11,-76717.8,Closed
ACC04313,CUST04808,BR000,Salary,2026-05-07,34719.35,Active
ACC10225,CUST06488,BR039,Salary,2026-05-18,42876.74,Dormant
ACC09576,CUST01438,BR026,Salary,2025-08-15,1176.1,Active
ACC01624,CUST06947,BR033,Savings,2024-01-18,56569.84,Dormant
ACC08586,CUST04917,BR044,Salary,2025-03-08,73576.1,Dormant
ACC11053,CUST04841,BR024,Salary,2025-06-25,86149.09,Active
ACC05171,CUST01172,BR005,Savings,2025-06-17,32992.5,Dormant
ACC03215,CUST07586,BR022,Savings,2025-05-15,31223.19,Closed
ACC04043,CUST07881,BR030,Salary,2023-11-26,35551.85,Active
ACC06874,CUST01385,BR004,Savings,2025-10-28,80378.73,Closed
ACC07475,CUST03955,BR024,Current,2024-03-25,57336.83,Closed
ACC08584,CUST04705,BR026,Current,2025-12-17,94921.07,Dormant
ACC10380,CUST09319,BR016,Savings,2025-11-20,26286.95,Dormant
ACC00496,CUST06510,BR038,Current,2024-03-06,99450.52,Active
ACC09053,CUST09171,BR013,Current,2025-01-03,95375.76,Closed
ACC00141,CUST05942,BR041,Savings,2023-12-16,46356.59,Dormant
ACC04843,CUST09362,BR034,Salary,2025-10-15,22288.36,Active
ACC04501,CUST04347,BR039,Salary,2023-10-30,70404.22,Active
ACC08676,CUST07645,BR045,Salary,2024-04-22,4185.29,Closed
ACC04561,CUST07191,BR029,Salary,2024-11-09,13371.24,Closed
ACC00970,CUST99999,BR026,Current,2025-06-04,34304.21,Active
ACC00943,CUST02771,BR013,Current,2024-08-24,35748.1,Dormant
ACC10128,CUST04456,BR022,Current,2024-01-28,5227.82,Closed
ACC03395,CUST03336,BR001,Savings,2024-02-14,36968.18,Dormant
ACC08044,CUST07360,BR036,Current,2023-12-01,1147.35,Dormant
ACC06802,CUST08681,BR024,Savings,2026-04-17,75487.78,Closed
ACC08651,CUST08815,BR046,Savings,2024-02-23,73095.05,Active
ACC05292,CUST09651,BR012,Savings,2023-09-20,29213.4,Active
ACC01179,CUST07969,BR027,Current,2025-08-18,85660.19,Active
ACC06069,CUST02151,BR045,Savings,2024-01-08,43084.21,Closed
ACC02841,CUST02309,BR027,Current,2025-11-26,26576.06,Closed
ACC05215,CUST09665,BR031,Current,2024-05-04,71994.36,Closed
ACC02704,CUST02176,BR012,Current,2025-12-03,44164.59,Dormant
ACC02504,CUST05294,BR044,Current,2025-02-21,24104.61,Dormant
ACC08516,CUST08975,BR041,Savings,2025-06-18,90095.0,Active
ACC06988,CUST05693,BR046,Salary,2024-05-14,22091.55,Closed
ACC05513,CUST08263,BR033,Current,2025-08-02,38536.12,Dormant
ACC00398,CUST00415,BR008,Current,2026-01-15,74040.9,Active
ACC11355,CUST07669,BR049,Current,2024-01-25,39028.94,Closed
ACC00341,CUST08482,BR028,Savings,2023-11-09,42372.08,Dormant
ACC09081,CUST06260,BR044,Current,2025-06-02,39654.75,Active
ACC05768,CUST08448,BR009,Savings,2026-08-26,70766.14,Active
ACC11604,CUST08625,BR011,Current,2024-12-13,89707.44,Closed
ACC08182,CUST09304,BR041,Salary,2025-08-22,9242.23,Dormant
ACC06253,CUST02397,BR007,Current,2024-10-31,37584.6,Active
ACC04909,CUST04737,BR039,Current,2026-04-15,97647.73,Dormant
ACC02682,CUST02950,BR004,Salary,2024-12-10,35733.39,Dormant
ACC07598,CUST08882,BR041,Savings,2025-03-10,86987.14,Dormant
ACC08911,CUST03491,BR018,Current,2025-01-05,50203.01,Active
ACC00731,CUST05393,BR007,Current,2024-08-22,28889.28,Closed
ACC03735,CUST02429,BR039,Savings,2025-10-24,55120.48,Closed
ACC07150,CUST04751,BR008,Current,2024-11-19,36273.14,Closed
ACC11930,CUST03726,BR028,Savings,2024-05-31,10502.99,Active
ACC10422,CUST04292,BR047,Salary,2023-12-02,26363.96,Closed
ACC05442,CUST02392,BR021,Current,2025-07-05,79151.59,Dormant
ACC08827,CUST02071,BR012,Salary,2025-09-01,95124.66,Active
ACC11394,CUST04304,BR015,Salary,2024-07-17,22944.75,Active
ACC06773,CUST03360,BR024,Current,2025-05-12,45000.31,Active
ACC10035,CUST07780,BR010,Salary,2025-10-07,16203.99,Dormant
ACC04135,CUST05615,BR039,Current,2024-04-16,66175.79,Dormant
ACC09292,CUST09562,BR042,Current,2024-10-19,56013.37,Active
ACC02988,CUST07614,BR001,Savings,2023-09-18,-3247.83,Active
ACC08180,CUST03166,BR049,Current,2024-05-17,23309.38,Closed
ACC09993,CUST05020,BR022,Salary,2025-08-20,64178.93,Active
ACC07317,CUST05443,BR041,Savings,2025-09-09,41535.6,Dormant
ACC05108,CUST06008,BR005,Current,2025-02-26,87231.64,Active
ACC04015,CUST06757,BR019,Salary,2024-04-13,40177.16,Dormant
ACC00061,CUST07658,BR044,Savings,2026-09-07,94581.58,Active
ACC04786,CUST03297,BR005,Salary,2024-03-18,14948.91,Closed
ACC00210,CUST03898,BR031,Current,2025-01-05,58162.68,Closed
ACC06600,CUST07951,BR001,Savings,2023-09-26,91774.73,Closed
ACC03378,CUST06877,BR004,Salary,2025-07-11,50030.78,Closed
ACC02339,CUST05792,BR025,Savings,2023-11-26,92716.93,Active
ACC03151,CUST06085,BR001,Savings,2024-12-30,59705.57,Closed
ACC02110,CUST00802,BR005,Savings,2025-08-01,21827.23,Closed
ACC11497,CUST09159,BR005,Current,2026-06-27,49635.07,Active
ACC11056,CUST01555,BR047,Current,2025-02-13,90020.94,Dormant
ACC06297,CUST06155,BR017,Current,2025-09-12,53736.21,Active
ACC05590,CUST07303,BR046,Savings,2025-02-02,4417.85,Closed
ACC03893,CUST08482,BR040,Savings,2025-04-04,87648.56,Dormant
ACC03272,CUST01843,BR043,Salary,2025-06-27,42893.01,Closed
ACC09242,CUST01695,BR019,Salary,2026-06-10,8411.77,Active
ACC08141,CUST04115,BR029,Savings,2025-01-29,1336.64,Dormant
ACC11993,CUST00256,BR011,Savings,2026-07-26,58272.82,Dormant
ACC02312,CUST00080,BR012,Salary,2024-05-11,20961.7,Active
ACC01565,CUST09635,BR045,Current,2025-03-08,52068.84,Closed
ACC09901,CUST00041,BR034,Current,2026-01-13,78005.36,Active
ACC04539,CUST05409,BR030,Current,2026-06-10,62228.0,Closed
ACC11773,CUST06166,BR025,Savings,2023-12-17,53907.03,Active
ACC00119,CUST09102,BR018,Current,2024-09-26,51120.93,Dormant
ACC01236,CUST00399,BR020,Salary,2024-06-06,34237.47,Active
ACC07985,CUST07792,BR003,Current,2024-06-13,581.05,Dormant
ACC05979,CUST06598,BR033,Current,2024-06-25,68253.37,Active
ACC11514,CUST00948,BR000,Savings,2026-01-08,75681.26,Dormant
ACC00381,CUST02957,BR030,Salary,2025-07-20,69180.81,Closed
ACC06500,CUST01991,BR039,Salary,2026-07-08,12206.52,Dormant
ACC03989,CUST05154,BR030,Current,2026-09-07,64500.19,Closed
ACC03546,CUST07196,BR015,Savings,2024-02-03,18248.61,Active
ACC10285,CUST01264,BR047,Current,2023-10-27,97849.25,Active
ACC10998,CUST02505,BR005,Current,2024-09-19,48430.42,Dormant
ACC03542,CUST04934,BR018,Current,2026-02-14,83437.4,Active
ACC05239,CUST05820,BR035,Savings,2025-05-27,92226.65,Closed
ACC09304,CUST01144,BR001,Salary,2025-09-06,73946.62,Active
ACC03778,CUST02939,BR031,Current,2025-01-02,52188.96,Dormant
ACC09103,CUST01395,BR034,Savings,2025-01-07,45104.98,Active
ACC06164,CUST04059,BR043,Salary,2025-07-15,85525.3,Active
ACC06873,CUST08362,BR024,Savings,2024-04-04,41875.59,Active
ACC09973,CUST04586,BR035,Savings,2025-12-04,91900.22,Closed
ACC07471,CUST05520,BR000,Savings,2023-09-21,32917.07,Dormant
ACC04273,CUST99999,BR006,Savings,2025-02-14,93535.56,Closed
ACC07954,CUST05027,BR025,Salary,2025-01-20,30855.74,Active
ACC09755,CUST07176,BR024,Current,2023-12-16,29755.9,Dormant
ACC06840,CUST05718,BR015,Salary,2024-06-21,3152.44,Active
ACC11011,CUST09370,BR036,Savings,2025-12-17,38135.88,Closed
ACC03005,CUST03238,BR048,Salary,2025-09-28,15209.46,Active
ACC10331,CUST00938,BR024,Savings,2025-10-25,70541.54,Active
ACC04197,CUST08931,BR029,Savings,2026-08-13,6342.93,Closed
ACC03991,CUST02013,BR004,Current,2026-04-03,41260.59,Dormant
ACC03610,CUST08343,BR039,Current,2026-05-08,91478.73,Closed
ACC10134,CUST01028,BR018,Savings,2024-04-19,90708.93,Dormant
ACC11480,CUST05224,BR008,Savings,2025-01-21,81714.58,Active
ACC10522,CUST07795,BR005,Savings,2025-04-03,34494.97,Active
ACC08950,CUST02548,BR005,Savings,2025-10-29,55084.47,Active
ACC10778,CUST05144,BR049,Current,2025-11-13,75459.62,Dormant
ACC04591,CUST03410,BR024,Salary,2024-11-11,2776.36,Closed
ACC05593,CUST04801,BR040,Savings,2026-07-23,57159.72,Active
ACC02932,CUST02298,BR003,Current,2024-12-31,86006.48,Closed
ACC10208,CUST03622,BR000,Savings,2025-08-10,19933.82,Active
ACC01949,CUST00022,BR031,Savings,2023-11-30,55661.28,Dormant
ACC03838,CUST08680,BR031,Current,2025-03-21,13313.49,Closed
ACC05153,CUST03596,BR004,Salary,2025-08-12,62079.78,Closed
ACC02587,CUST07649,BR004,Salary,2025-01-19,83162.56,Active
ACC08716,CUST08786,BR006,Salary,2025-06-03,88959.6,Closed
ACC07627,CUST08709,BR007,Current,2024-04-01,30361.02,Closed
ACC02345,CUST02808,BR010,Current,2024-05-14,39434.18,Active
ACC08296,CUST03358,BR013,Savings,2025-06-17,11456.62,Closed
ACC07238,CUST06730,BR019,Savings,2025-09-27,3055.19,Closed
ACC01911,CUST09402,BR037,Salary,2024-07-06,44619.12,Active
ACC08370,CUST04344,BR028,Savings,2024-04-25,99112.4,Active
ACC11350,CUST09164,BR040,Savings,2026-06-27,21668.51,Closed
ACC02481,CUST05269,BR018,Salary,2025-06-20,37798.73,Closed
ACC04953,CUST04986,BR000,Savings,2024-05-09,8683.25,Closed
ACC06360,CUST05009,BR017,Savings,2026-06-06,70697.85,Dormant
ACC08303,CUST06684,BR005,Current,2025-07-29,42113.7,Closed
ACC07378,CUST09409,BR033,Salary,2025-03-03,95752.79,Dormant
ACC00152,CUST08974,BR001,Current,2026-08-03,70729.78,Closed
ACC10100,CUST01600,BR000,Salary,2024-03-13,95347.52,Closed
ACC11972,CUST09181,BR012,Current,2024-12-26,63366.17,Active
ACC10190,CUST03935,BR048,Savings,2026-06-17,60992.62,Active
ACC01905,CUST01455,BR009,Current,2025-08-06,35685.94,Closed
ACC02452,CUST05521,BR022,Current,2026-08-12,45523.74,Dormant
ACC10619,CUST00825,BR038,Salary,2024-07-31,13139.08,Closed
ACC04741,CUST00677,BR005,Salary,2025-08-17,65070.46,Closed
ACC00934,CUST02535,BR048,Salary,2024-12-23,48365.73,Active
ACC11344,CUST05869,BR033,Savings,2025-07-03,25068.09,Dormant
ACC08076,CUST08052,BR009,Current,2025-01-27,35224.6,Dormant
ACC09701,CUST05938,BR016,Savings,2024-05-16,93489.68,Dormant
ACC11886,CUST07909,BR010,Salary,2023-10-19,31864.49,Active
ACC10416,CUST05908,BR022,Salary,2024-10-01,95485.71,Active
ACC03572,CUST05270,BR035,Current,2024-01-31,14807.15,Closed
ACC10184,CUST06297,BR032,Salary,2026-01-16,32802.42,Closed
ACC00241,CUST01230,BR015,Salary,2026-07-14,64655.14,Dormant
ACC06244,CUST01772,BR003,Savings,2025-01-19,83708.71,Closed
ACC02264,CUST01320,BR043,Salary,2024-11-08,55451.41,Dormant
ACC02607,CUST07810,BR011,Savings,2024-12-15,32451.06,Closed
ACC04686,CUST09854,BR024,Salary,2024-01-12,49810.58,Active
ACC05057,CUST08249,BR047,Savings,2025-10-31,10496.42,Dormant
ACC05897,CUST05807,BR014,Salary,2024-01-31,68185.24,Dormant
ACC01496,CUST09350,BR005,Savings,2024-01-12,70627.83,Dormant
ACC08074,CUST07085,BR027,Salary,2024-08-31,54255.38,Dormant
ACC11274,CUST00046,BR000,Salary,2023-09-15,55640.84,Dormant
ACC10160,CUST06360,BR029,Current,2024-07-19,22326.16,Active
ACC04113,CUST08158,BR016,Current,2024-09-17,57019.93,Active
ACC05661,CUST01395,BR020,Savings,2024-04-28,66800.94,Dormant
ACC04675,CUST01140,BR010,Salary,2023-12-01,24499.24,Active
ACC04528,CUST07983,BR030,Salary,2024-10-14,51296.64,Dormant
ACC11241,CUST01002,BR025,Savings,2025-06-26,8651.55,Dormant
ACC07334,CUST07581,BR041,Salary,2026-04-23,-6464.35,Closed
ACC02695,CUST08040,BR028,Savings,2026-01-09,88919.78,Active
ACC04829,CUST03223,BR019,Savings,2026-01-07,26436.51,Active
ACC06144,CUST02701,BR001,Savings,2023-11-02,37469.16,Dormant
ACC01909,CUST02898,BR004,Current,2025-01-01,56273.59,Active
ACC01244,CUST00114,BR012,Savings,2026-03-02,54362.34,Active
ACC03186,CUST05361,BR049,Current,2025-04-22,26727.12,Active
ACC04650,CUST01750,BR043,Current,2024-12-29,41728.77,Closed
ACC11102,CUST09606,BR012,Current,2023-11-16,41277.94,Dormant
ACC02661,CUST99999,BR046,Savings,2026-02-14,61802.57,Dormant
ACC06125,CUST04340,BR036,Salary,2024-01-16,74241.51,Active
ACC11560,CUST03258,BR031,Current,2026-01-28,69498.62,Active
ACC08279,CUST08687,BR046,Savings,2025-05-07,42687.87,Closed
ACC08097,CUST05703,BR025,Savings,2024-04-07,34658.19,Active
ACC11467,CUST09784,BR028,Savings,2024-09-29,16534.34,Dormant
ACC04704,CUST06639,BR036,Salary,2026-04-20,98527.82,Closed
ACC01519,CUST00962,BR003,Savings,2026-06-22,38404.54,Active
ACC05564,CUST04456,BR042,Salary,2025-05-31,82144.04,Dormant
ACC05855,CUST07229,BR036,Salary,2023-12-30,62839.61,Closed
ACC00656,CUST06161,BR046,Current,2026-08-22,71113.39,Dormant
ACC04647,CUST02356,BR011,Savings,2024-08-19,10915.67,Closed
ACC08661,CUST09281,BR000,Salary,2023-12-20,64661.44,Dormant
ACC11610,CUST04807,BR027,Current,2026-03-31,81693.48,Active
ACC09029,CUST01861,BR016,Savings,2026-08-08,71038.92,Closed
ACC00889,CUST06430,BR022,Current,2026-03-24,52393.53,Active
ACC00560,CUST00052,BR013,Savings,2026-04-08,5487.58,Active
ACC09745,CUST01332,BR000,Savings,2023-11-21,20183.16,Closed
ACC02022,CUST02745,BR003,Savings,2025-11-05,6351.53,Closed
ACC10188,CUST05055,BR038,Savings,2024-09-25,2288.74,Closed
ACC10734,CUST01739,BR003,Savings,2024-10-25,51453.65,Closed
ACC05552,CUST01963,BR012,Savings,2025-04-16,62907.29,Closed
ACC02902,CUST02044,BR011,Savings,2023-12-31,54792.59,Active
ACC07425,CUST02587,BR009,Current,2025-01-26,29044.75,Closed
ACC02407,CUST06124,BR032,Salary,2025-02-16,62420.37,Closed
ACC01279,CUST00043,BR047,Savings,2024-12-11,70235.02,Dormant
ACC02620,CUST04079,BR006,Salary,2025-09-05,65065.39,Dormant
ACC08743,CUST01247,BR021,Current,2025-06-02,77485.53,Active
ACC05681,CUST05866,BR023,Current,2025-07-10,10356.04,Dormant
ACC10470,CUST00652,BR024,Savings,2025-07-05,48021.99,Active
ACC05651,CUST02225,BR000,Salary,2025-04-18,90513.73,Dormant
ACC06073,CUST06319,BR015,Current,2025-08-29,93984.27,Closed
ACC04498,CUST06971,BR011,Salary,2024-07-16,38175.82,Dormant
ACC07273,CUST00630,BR038,Savings,2025-01-05,17278.88,Active
ACC05638,CUST09198,BR019,Savings,2024-06-17,44782.73,Closed
ACC11475,CUST03092,BR000,Current,2025-06-11,31530.4,Dormant
ACC01169,CUST04800,BR004,Savings,2025-10-17,23374.4,Dormant
ACC10692,CUST04302,BR012,Current,2024-08-15,93216.02,Active
ACC04833,CUST05568,BR038,Current,2025-09-24,12768.77,Closed
ACC03227,CUST07123,BR047,Salary,2025-01-19,20971.75,Closed
ACC02296,CUST02159,BR032,Salary,2023-10-26,50669.88,Dormant
ACC05922,CUST02160,BR021,Savings,2026-04-26,13937.28,Active
ACC09882,CUST05109,BR016,Current,2025-07-26,44308.23,Closed
ACC03731,CUST01839,BR020,Savings,2025-10-16,75065.18,Active
ACC04638,CUST09780,BR047,Salary,2025-09-09,66980.97,Active
ACC10456,CUST04822,BR000,Current,2024-12-10,31194.93,Closed
ACC10437,CUST03048,BR036,Salary,2023-10-30,70706.17,Dormant
ACC07970,CUST02832,BR000,Current,2025-07-21,28016.56,Closed
ACC04173,CUST01423,BR021,Salary,2025-05-15,28974.42,Closed
ACC04832,CUST07720,BR000,Current,2026-08-13,16246.83,Dormant
ACC00060,CUST04768,BR049,Current,2024-07-03,94598.28,Closed
ACC09921,CUST02146,BR043,Salary,2025-11-05,19913.24,Dormant
ACC01663,CUST05769,BR021,Savings,2024-08-02,5438.62,Dormant
ACC06416,CUST00166,BR012,Savings,2025-10-20,95317.37,Dormant
ACC03222,CUST09903,BR025,Current,2025-07-08,44796.16,Active
ACC01116,CUST03943,BR018,Salary,2024-11-06,72320.07,Dormant
ACC03577,CUST06542,BR035,Current,2025-04-04,82899.46,Dormant
ACC00884,CUST05844,BR020,Savings,2024-08-10,38899.89,Closed
ACC02754,CUST02991,BR002,Savings,2023-12-17,82361.36,Dormant
ACC10585,CUST09840,BR016,Salary,2026-01-17,87126.28,Dormant
ACC05668,CUST00599,BR031,Current,2023-11-08,51055.32,Active
ACC04634,CUST05000,BR047,Savings,2026-01-23,89914.26,Closed
ACC08848,CUST09198,BR014,Savings,2025-08-23,71836.6,Active
ACC04543,CUST01350,BR020,Current,2024-10-31,83884.54,Dormant
ACC00582,CUST07485,BR011,Salary,2025-01-03,8404.85,Dormant
ACC03231,CUST07242,BR041,Salary,2025-09-22,963.23,Active
ACC04318,CUST03102,BR010,Savings,2023-10-18,25096.16,Active
ACC11323,CUST05962,BR027,Current,2025-08-16,46268.39,Closed
ACC05771,CUST04014,BR003,Current,2024-05-15,45988.92,Closed
ACC10463,CUST01693,BR018,Salary,2026-03-28,795.21,Closed
ACC09359,CUST03377,BR000,Salary,2025-10-23,2914.82,Closed
ACC02147,CUST09202,BR009,Salary,2023-10-29,91030.17,Active
ACC10645,CUST08658,BR024,Salary,2023-11-19,7191.19,Dormant
ACC01105,CUST03799,BR006,Salary,2024-01-31,28205.23,Closed
ACC09314,CUST03515,BR047,Current,2024-10-11,68743.12,Dormant
ACC00688,CUST07078,BR037,Savings,2025-07-17,97247.7,Closed
ACC00193,CUST06123,BR047,Savings,2025-10-02,82867.52,Dormant
ACC08084,CUST07413,BR032,Current,2024-01-01,29886.55,Dormant
ACC10865,CUST04450,BR005,Savings,2024-07-24,42151.91,Dormant
ACC03719,CUST04116,BR009,Current,2026-06-27,52624.04,Closed
ACC09879,CUST09147,BR021,Current,2026-05-05,69425.16,Active
ACC03266,CUST01530,BR008,Savings,2026-05-19,33016.55,Dormant
ACC02391,CUST03932,BR031,Current,2026-01-15,23903.47,Dormant
ACC02095,CUST04885,BR004,Savings,2024-01-15,90779.97,Dormant
ACC04562,CUST00981,BR000,Current,2025-06-28,56617.08,Dormant
ACC03473,CUST07839,BR044,Savings,2025-10-11,11118.0,Closed
ACC09671,CUST04616,BR000,Current,2025-10-05,52108.64,Closed
ACC04188,CUST01253,BR039,Savings,2026-08-21,60283.82,Dormant
ACC01400,CUST07416,BR012,Savings,2026-04-22,19639.07,Active
ACC00444,CUST00500,BR016,Current,2023-11-09,72854.42,Dormant
ACC03935,CUST05622,BR031,Salary,2025-06-11,16106.8,Active
ACC06886,CUST04696,BR045,Salary,2024-08-25,71174.4,Active
ACC05448,CUST01260,BR015,Savings,2026-05-31,42794.93,Dormant
ACC02934,CUST08844,BR018,Current,2025-03-20,16015.24,Dormant
ACC02035,CUST05643,BR036,Savings,2023-12-22,39156.78,Closed
ACC03825,CUST02970,BR003,Current,2023-10-24,81652.14,Dormant
ACC06422,CUST05366,BR015,Salary,2025-06-06,41989.51,Dormant
ACC09385,CUST04591,BR047,Current,2025-09-08,98962.05,Closed
ACC00946,CUST99999,BR031,Savings,2025-08-08,1033.25,Closed
ACC06235,CUST05704,BR002,Current,2026-05-25,80430.45,Active
ACC02474,CUST05157,BR047,Current,2026-02-14,52945.31,Dormant
ACC07915,CUST09499,BR035,Salary,2025-10-07,45263.06,Dormant
ACC01942,CUST02810,BR020,Salary,2025-07-19,23247.8,Dormant
ACC11420,CUST03857,BR016,Salary,2024-02-12,26234.4,Active
ACC00148,CUST06540,BR040,Salary,2026-01-15,46061.23,Closed
ACC11466,CUST01298,BR036,Current,2026-08-30,33602.3,Active
ACC04557,CUST03082,BR045,Savings,2024-10-05,14161.6,Active
ACC07916,CUST00262,BR033,Savings,2026-06-20,42473.47,Dormant
ACC05436,CUST00261,BR013,Savings,2026-03-04,58292.81,Active
ACC06092,CUST01015,BR002,Savings,2024-12-04,67562.94,Closed
ACC00229,CUST05650,BR001,Current,2023-09-20,85415.62,Dormant
ACC05434,CUST04110,BR027,Savings,2024-12-26,81168.8,Dormant
ACC02596,CUST03245,BR005,Savings,2023-11-05,33429.81,Active
ACC05382,CUST09855,BR036,Savings,2025-12-21,-87804.48,Active
ACC05326,CUST08908,BR038,Salary,2025-08-09,71484.1,Closed
ACC02675,CUST01018,BR013,Savings,2026-08-09,72000.68,Dormant
ACC06386,CUST07496,BR039,Savings,2026-03-27,33121.54,Dormant
ACC05340,CUST02532,BR033,Current,2026-03-06,96512.01,Active
ACC05214,CUST00587,BR017,Salary,2023-11-10,47324.41,Dormant
ACC07602,CUST08947,BR049,Current,2023-11-02,9549.15,Dormant
ACC00618,CUST00156,BR012,Current,2024-04-03,65968.47,Active
ACC07315,CUST00551,BR024,Salary,2024-03-29,47216.94,Dormant
ACC02394,CUST04916,BR033,Current,2025-05-01,71758.11,Dormant
ACC01461,CUST00185,BR043,Savings,2023-10-03,22197.23,Active
ACC06887,CUST00843,BR003,Savings,2023-10-29,90956.97,Closed
ACC08933,CUST00435,BR003,Salary,2025-09-07,50464.23,Active
ACC02679,CUST04069,BR023,Current,2026-08-16,13338.38,Closed
ACC11249,CUST05270,BR038,Savings,2025-07-03,81634.46,Closed
ACC09016,CUST04616,BR000,Current,2025-12-14,69494.65,Active
ACC06004,CUST09271,BR025,Salary,2024-08-29,83283.38,Dormant
ACC03963,CUST07239,BR028,Savings,2024-09-05,94550.62,Active
ACC00995,CUST04784,BR039,Current,2024-04-27,19663.47,Closed
ACC06374,CUST05467,BR004,Current,2024-12-09,89764.98,Active
ACC04453,CUST03957,BR024,Salary,2026-08-16,70453.32,Active
ACC02376,CUST07625,BR010,Salary,2023-09-21,93644.54,Active
ACC00672,CUST06391,BR031,Savings,2023-10-09,92920.17,Dormant
ACC06507,CUST02227,BR010,Salary,2025-11-01,95372.88,Closed
ACC00321,CUST00035,BR035,Salary,2026-03-04,9405.31,Active
ACC11986,CUST03415,BR030,Current,2023-12-07,35648.67,Closed
ACC10910,CUST05488,BR000,Salary,2025-05-21,55816.54,Active
ACC01580,CUST08856,BR005,Savings,2026-02-16,66116.21,Dormant
ACC02495,CUST04105,BR019,Salary,2025-01-25,6454.8,Active
ACC09543,CUST01486,BR031,Current,2023-11-22,82941.65,Active
ACC01302,CUST08065,BR034,Savings,2026-06-29,97583.2,Dormant
ACC01665,CUST06889,BR017,Savings,2024-10-09,6994.56,Active
ACC00292,CUST07369,BR035,Savings,2025-06-01,40829.81,Dormant
ACC06115,CUST09949,BR030,Current,2025-05-17,99969.87,Closed
ACC05346,CUST03048,BR015,Salary,2024-02-20,8095.64,Dormant
ACC10047,CUST00087,BR046,Salary,2025-08-11,48914.77,Active
ACC05631,CUST03372,BR003,Current,2025-09-26,81988.22,Closed
ACC07582,CUST04804,BR033,Savings,2026-05-20,91427.15,Dormant
ACC08633,CUST00759,BR013,Savings,2026-08-22,52449.09,Dormant
ACC02030,CUST99999,BR040,Current,2025-05-01,30258.57,Closed
ACC03051,CUST00276,BR010,Savings,2024-02-01,11327.98,Active
ACC01622,CUST05429,BR025,Current,2026-02-06,72042.15,Active
ACC03213,CUST09579,BR043,Salary,2024-12-25,33586.57,Active
ACC00028,CUST08397,BR018,Current,2025-08-06,35995.26,Active
ACC03195,CUST05911,BR008,Salary,2024-05-25,20817.81,Closed
ACC05269,CUST06425,BR007,Savings,2024-03-03,6495.6,Dormant
ACC10275,CUST08069,BR040,Savings,2026-08-25,96071.59,Active
ACC00723,CUST03238,BR046,Savings,2025-06-24,7302.9,Dormant
ACC06234,CUST02904,BR010,Savings,2024-02-27,69872.01,Closed
ACC06444,CUST05473,BR016,Savings,2025-10-09,87801.4,Closed
ACC10905,CUST99999,BR001,Savings,2024-07-18,95963.46,Closed
ACC09585,CUST01790,BR019,Savings,2024-01-08,52983.1,Dormant
ACC11454,CUST07600,BR019,Salary,2025-02-03,66028.63,Closed
ACC03707,CUST07586,BR009,Savings,2024-09-27,94503.31,Active
ACC04761,CUST07023,BR006,Salary,2026-03-13,32701.9,Dormant
ACC03950,CUST01444,BR023,Salary,2025-07-15,35341.55,Closed
ACC02049,CUST07638,BR018,Salary,2024-06-06,73002.55,Dormant
ACC08222,CUST03316,BR001,Current,2024-02-28,9228.22,Active
ACC08082,CUST04224,BR047,Current,2025-04-14,29433.57,Active
ACC00797,CUST07891,BR001,Savings,2025-08-23,51727.9,Active
ACC02079,CUST01545,BR014,Current,2025-02-05,24935.55,Active
ACC02204,CUST08021,BR018,Salary,2025-11-07,95772.64,Active
ACC00033,CUST08656,BR003,Current,2026-08-28,19686.7,Dormant
ACC10997,CUST09523,BR038,Current,2026-06-25,51833.59,Active
ACC11922,CUST05669,BR031,Savings,2026-09-01,81477.05,Closed
ACC02349,CUST05666,BR000,Savings,2024-06-29,82036.63,Dormant
ACC00674,CUST06841,BR024,Savings,2025-04-21,39948.58,Active
ACC08057,CUST07190,BR037,Current,2025-12-21,4774.86,Active
ACC07864,CUST04546,BR035,Current,2025-04-27,25630.69,Closed
ACC11167,CUST08166,BR019,Current,2025-07-29,99005.8,Closed
ACC00663,CUST08547,BR003,Savings,2025-12-29,1682.7,Dormant
ACC00813,CUST05742,BR001,Savings,2024-01-21,30259.33,Dormant
ACC08404,CUST03559,BR030,Current,2024-04-12,57138.33,Dormant
ACC08968,CUST09794,BR002,Savings,2026-02-15,39444.21,Active
ACC08962,CUST08152,BR017,Savings,2025-12-19,30351.97,Closed
ACC10722,CUST03139,BR028,Salary,2025-09-04,50697.7,Dormant
ACC05167,CUST09928,BR043,Savings,2026-07-07,98173.9,Active
ACC11810,CUST00412,BR005,Salary,2023-09-09,23076.38,Closed
ACC01086,CUST02272,BR030,Salary,2024-07-21,81835.88,Closed
ACC03172,CUST09335,BR002,Savings,2026-03-26,50380.51,Active
ACC08054,CUST05728,BR000,Savings,2023-11-15,79451.72,Dormant
ACC04058,CUST00713,BR026,Current,2024-11-16,13948.8,Active
ACC05061,CUST04946,BR047,Salary,2025-12-10,57488.07,Active
ACC01350,CUST09417,BR018,Salary,2025-04-03,3209.23,Active
ACC09856,CUST02662,BR035,Savings,2026-05-17,22305.56,Closed
ACC09389,CUST06036,BR040,Current,2025-07-17,2625.63,Dormant
ACC06565,CUST09983,BR000,Savings,2026-03-01,88404.76,Dormant
ACC00686,CUST04899,BR046,Salary,2024-08-14,60215.19,Dormant
ACC07647,CUST04586,BR021,Savings,2025-12-06,79691.1,Dormant
ACC05206,CUST01584,BR036,Salary,2024-03-29,20169.07,Active
ACC07996,CUST09640,BR037,Current,2024-04-18,32679.09,Active
ACC10132,CUST03001,BR007,Current,2024-05-27,71390.84,Dormant
ACC01205,CUST06775,BR004,Savings,2024-09-07,82774.44,Closed
ACC10994,CUST01299,BR021,Current,2023-12-24,50313.21,Dormant
ACC00615,CUST07301,BR008,Current,2024-09-30,3973.9,Dormant
ACC07040,CUST04013,BR000,Salary,2026-01-22,92092.75,Active
ACC04722,CUST09451,BR019,Salary,2026-07-26,40884.97,Closed
ACC03160,CUST01979,BR028,Savings,2025-08-06,73822.4,Dormant
ACC08197,CUST00428,BR033,Current,2023-09-11,60517.16,Dormant
ACC08972,CUST06407,BR007,Savings,2024-01-29,10155.08,Active
ACC02895,CUST01312,BR042,Savings,2023-11-28,33441.94,Active
ACC06932,CUST01058,BR001,Salary,2025-11-18,92122.07,Closed
ACC09884,CUST00588,BR033,Current,2025-02-26,14199.77,Closed
ACC06747,CUST00082,BR005,Savings,2024-02-23,46395.9,Active
ACC06538,CUST06418,BR008,Current,2026-03-22,7804.5,Closed
ACC05961,CUST07803,BR045,Salary,2025-08-19,76623.71,Closed
ACC09527,CUST05724,BR013,Savings,2024-01-17,23903.39,Closed
ACC09221,CUST05561,BR049,Salary,2025-08-10,20660.99,Dormant
ACC07963,CUST07826,BR026,Current,2024-04-15,56047.13,Closed
ACC04760,CUST01306,BR034,Salary,2023-10-13,52997.19,Active
ACC02058,CUST08359,BR042,Current,2025-08-19,51824.67,Active
ACC04972,CUST03151,BR002,Salary,2024-01-09,93961.38,Dormant
ACC08419,CUST06651,BR034,Current,2026-06-01,51704.07,Dormant
ACC09601,CUST03225,BR042,Current,2026-08-18,66203.4,Dormant
ACC06395,CUST06928,BR034,Salary,2025-12-28,53308.69,Closed
ACC07922,CUST03787,BR003,Current,2026-09-02,9156.97,Active
ACC04227,CUST06972,BR035,Salary,2025-02-11,71699.38,Closed
ACC11733,CUST06881,BR036,Current,2024-03-13,9295.53,Dormant
ACC03742,CUST08438,BR008,Salary,2025-01-12,40406.23,Dormant
ACC03008,CUST00787,BR002,Salary,2023-10-03,84209.66,Active
ACC03558,CUST03751,BR042,Salary,2024-09-27,4838.24,Active
ACC01813,CUST00000,BR017,Savings,2025-03-27,70129.5,Dormant
ACC08860,CUST03413,BR042,Salary,2025-05-05,84377.74,Closed
ACC01197,CUST07832,BR047,Current,2025-04-21,3822.36,Active
ACC11018,CUST09496,BR046,Current,2024-11-06,89668.59,Dormant
ACC05484,CUST02263,BR004,Current,2023-11-04,64834.54,Active
ACC09741,CUST04914,BR008,Salary,2024-12-23,67185.22,Closed
ACC04102,CUST09863,BR019,Current,2024-11-18,24257.26,Active
ACC06983,CUST00715,BR038,Current,2024-01-19,-74999.5,Closed
ACC02457,CUST00298,BR032,Current,2024-10-25,36207.84,Closed
ACC05314,CUST07838,BR000,Savings,2024-01-22,47585.76,Active
ACC11780,CUST05689,BR041,Current,2026-06-28,38856.47,Closed
ACC05562,CUST04820,BR016,Current,2024-08-20,42817.89,Active
ACC00062,CUST04925,BR014,Current,2023-12-26,31096.53,Dormant
ACC00137,CUST09643,BR032,Salary,2024-05-14,21303.88,Dormant
ACC09438,CUST05279,BR006,Savings,2024-01-12,39185.15,Dormant
ACC04991,CUST00816,BR000,Savings,2023-09-09,26233.23,Active
ACC03379,CUST01035,BR026,Salary,2025-05-15,48602.64,Closed
ACC09234,CUST01065,BR046,Salary,2024-06-17,23310.86,Active
ACC11777,CUST09864,BR042,Savings,2026-06-17,38524.21,Dormant
ACC00631,CUST06642,BR024,Current,2024-05-13,50027.01,Dormant
ACC07934,CUST03792,BR000,Salary,2026-03-15,2395.49,Dormant
ACC09207,CUST09097,BR015,Salary,2024-12-26,12243.0,Active
ACC03776,CUST09012,BR026,Current,2024-11-13,48727.92,Dormant
ACC06419,CUST07076,BR042,Salary,2026-04-18,80575.11,Closed
ACC06057,CUST04290,BR004,Salary,2026-02-19,32314.19,Closed
ACC03132,CUST99999,BR026,Savings,2026-07-01,73473.89,Dormant
ACC02298,CUST06738,BR000,Salary,2026-05-10,36530.16,Closed
ACC02404,CUST99999,BR021,Current,2024-02-06,38420.21,Dormant
ACC05786,CUST07566,BR000,Savings,2026-04-12,9319.44,Active
ACC11225,CUST07141,BR035,Salary,2024-09-29,22828.04,Dormant
ACC07056,CUST00965,BR027,Savings,2024-01-23,9497.82,Active
ACC08061,CUST00155,BR028,Salary,2025-10-01,81092.31,Closed
ACC05096,CUST07011,BR005,Savings,2024-12-16,57607.64,Dormant
ACC11618,CUST03252,BR010,Current,2024-12-31,27205.35,Active
ACC09299,CUST09473,BR017,Current,2026-08-06,8547.21,Closed
ACC04182,CUST05578,BR017,Salary,2026-05-29,7945.85,Active
ACC11390,CUST04915,BR005,Salary,2025-08-09,75857.89,Closed
ACC08906,CUST01069,BR017,Salary,2026-07-02,50892.53,Dormant
ACC10541,CUST99999,BR014,Savings,2025-02-20,22640.75,Closed
ACC04959,CUST08074,BR004,Savings,2025-10-11,17733.75,Closed
ACC10383,CUST05293,BR009,Salary,2023-11-20,77011.22,Closed
ACC05297,CUST02312,BR008,Savings,2026-05-13,52198.81,Closed
ACC03907,CUST07824,BR014,Current,2024-04-29,93728.41,Active
ACC07438,CUST01402,BR000,Current,2025-01-29,12540.0,Closed
ACC02857,CUST06091,BR006,Salary,2026-06-04,74853.26,Closed
ACC06014,CUST08788,BR032,Salary,2025-09-12,10153.99,Active
ACC02241,CUST02338,BR025,Salary,2026-05-29,52896.54,Active
ACC02214,CUST07483,BR011,Salary,2026-02-14,3807.41,Dormant
ACC11614,CUST00978,BR028,Savings,2026-09-05,67899.08,Active
ACC09265,CUST06569,BR036,Savings,2025-12-03,43804.39,Dormant
ACC04285,CUST01882,BR016,Current,2023-12-01,33253.18,Active
ACC04571,CUST03063,BR000,Salary,2025-11-25,34560.46,Closed
ACC06854,CUST02124,BR007,Savings,2024-03-31,71194.08,Closed
ACC01087,CUST05669,BR045,Savings,2024-10-27,69687.23,Dormant
ACC04095,CUST09764,BR001,Current,2024-11-02,96504.96,Active
ACC08002,CUST08249,BR018,Salary,2024-09-14,53572.23,Active
ACC05483,CUST04064,BR035,Current,2024-08-04,61047.12,Closed
ACC05494,CUST00840,BR045,Savings,2024-08-20,31924.03,Closed
ACC01643,CUST09012,BR005,Savings,2024-03-03,43151.0,Dormant
ACC00251,CUST06691,BR000,Savings,2025-06-02,41699.68,Closed
ACC07110,CUST07185,BR030,Salary,2026-04-11,57115.0,Active
ACC11784,CUST01552,BR032,Savings,2026-08-23,4809.94,Active
ACC00657,CUST09557,BR033,Salary,2024-05-03,15200.98,Dormant
ACC09113,CUST09613,BR009,Salary,2024-08-06,63570.32,Dormant
ACC11589,CUST01797,BR040,Current,2025-03-29,98907.76,Closed
ACC10814,CUST08158,BR020,Savings,2025-06-21,19087.48,Active
ACC10369,CUST00818,BR041,Current,2023-11-28,26447.85,Dormant
ACC00871,CUST08937,BR041,Current,2025-08-13,87676.36,Closed
ACC07939,CUST05944,BR033,Salary,2026-03-21,24957.96,Active
ACC00679,CUST04388,BR038,Savings,2025-05-06,32558.35,Closed
ACC10847,CUST03677,BR045,Salary,2026-05-28,85405.67,Active
ACC03400,CUST08194,BR048,Current,2024-07-11,3767.25,Dormant
ACC11758,CUST03690,BR017,Savings,2026-02-12,1693.67,Closed
ACC04771,CUST04118,BR036,Savings,2025-12-17,95201.58,Active
ACC11051,CUST05015,BR039,Salary,2024-01-28,35889.76,Active
ACC00539,CUST02059,BR008,Savings,2026-08-27,75635.12,Closed
ACC02685,CUST06892,BR034,Current,2024-08-17,69236.24,Dormant
ACC05686,CUST01948,BR035,Salary,2026-08-27,57772.14,Closed
ACC07428,CUST02896,BR020,Salary,2025-07-31,91538.65,Closed
ACC06586,CUST02887,BR001,Salary,2024-12-18,42111.39,Active
ACC04087,CUST08089,BR027,Savings,2025-09-23,31952.65,Dormant
ACC00719,CUST08858,BR000,Savings,2025-01-28,61111.54,Closed
ACC00670,CUST00052,BR007,Current,2026-03-04,47386.23,Closed
ACC03799,CUST07373,BR002,Savings,2025-07-14,9260.08,Dormant
ACC03167,CUST06371,BR011,Current,2024-01-26,10830.8,Closed
ACC01224,CUST08466,BR004,Salary,2024-12-07,20956.17,Closed
ACC07298,CUST06442,BR021,Savings,2025-03-06,76944.12,Dormant
ACC10081,CUST08345,BR003,Salary,2026-05-14,18069.61,Active
ACC11809,CUST08669,BR045,Current,2026-06-27,48768.59,Active
ACC11950,CUST02927,BR018,Salary,2024-04-17,86184.88,Closed
ACC06712,CUST04421,BR000,Salary,2026-01-04,82547.17,Active
ACC09512,CUST01091,BR010,Savings,2024-01-31,53693.47,Closed
ACC04667,CUST04155,BR022,Current,2024-07-07,28132.24,Active
ACC04721,CUST07859,BR007,Current,2023-10-06,99973.34,Active
ACC09700,CUST05905,BR011,Savings,2023-10-11,94416.55,Active
ACC05774,CUST06128,BR000,Salary,2023-09-17,33861.92,Closed
ACC03812,CUST01818,BR012,Salary,2026-09-02,63472.15,Dormant
ACC02977,CUST08740,BR045,Salary,2026-01-05,24010.63,Closed
ACC11819,CUST09380,BR000,Savings,2024-04-13,93760.68,Active
ACC06526,CUST00951,BR017,Savings,2026-01-03,23192.9,Active
ACC00477,CUST04834,BR034,Current,2024-12-26,90419.39,Active
ACC05069,CUST00721,BR006,Current,2026-08-18,5119.5,Closed
ACC06397,CUST06503,BR041,Current,2025-08-14,5757.31,Closed
ACC03928,CUST07356,BR049,Salary,2023-12-11,33257.5,Closed
ACC05372,CUST09981,BR031,Current,2023-09-26,27281.06,Closed
ACC01210,CUST03710,BR037,Savings,2024-01-27,8401.12,Closed
ACC09597,CUST01237,BR000,Salary,2024-06-01,87472.89,Closed
ACC03768,CUST08199,BR038,Current,2026-09-03,93376.94,Active
ACC02477,CUST09154,BR046,Current,2024-07-01,24481.75,Dormant
ACC11934,CUST02159,BR040,Salary,2025-02-26,59609.68,Active
ACC07478,CUST03145,BR002,Savings,2025-04-04,65157.3,Closed
ACC04002,CUST09642,BR016,Current,2026-07-26,70284.17,Dormant
ACC03772,CUST01498,BR016,Salary,2025-12-20,61588.79,Closed
ACC04117,CUST06508,BR031,Savings,2024-08-14,67581.65,Active
ACC07875,CUST04788,BR000,Salary,2024-01-18,72954.93,Active
ACC05800,CUST06415,BR043,Savings,2023-09-25,87537.8,Active
ACC06535,CUST07181,BR000,Salary,2023-09-09,48070.89,Active
ACC04074,CUST03861,BR005,Salary,2024-11-16,57605.34,Closed
ACC11110,CUST08091,BR016,Current,2025-12-19,75375.27,Active
ACC07221,CUST09334,BR005,Salary,2025-10-20,3448.57,Active
ACC01023,CUST01092,BR015,Savings,2024-10-01,6149.68,Active
ACC04769,CUST04704,BR001,Current,2026-05-30,94147.45,Dormant
ACC02636,CUST01362,BR010,Savings,2024-06-07,85123.77,Closed
ACC06883,CUST01082,BR000,Savings,2024-04-09,41473.92,Active
ACC01661,CUST05055,BR037,Salary,2024-07-22,51361.8,Dormant
ACC06002,CUST01341,BR017,Salary,2026-02-19,88478.62,Closed
ACC04300,CUST09259,BR042,Salary,2023-11-25,68520.66,Closed
ACC11372,CUST01726,BR027,Current,2026-08-25,6611.71,Active
ACC03821,CUST01577,BR032,Salary,2025-04-08,7270.88,Active
ACC06403,CUST06442,BR027,Current,2023-10-08,80273.91,Dormant
ACC09420,CUST09108,BR006,Savings,2024-01-06,90695.15,Dormant
ACC03235,CUST01701,BR000,Current,2025-01-16,9155.25,Active
ACC11828,CUST06935,BR023,Salary,2025-11-10,23407.71,Dormant
ACC09163,CUST09074,BR015,Salary,2024-01-27,71414.84,Active
ACC04978,CUST05726,BR018,Current,2025-10-22,92405.77,Closed
ACC03856,CUST06158,BR041,Current,2023-11-19,58009.87,Active
ACC03777,CUST01791,BR001,Current,2024-01-16,42637.76,Dormant
ACC06678,CUST03864,BR041,Savings,2024-12-25,73722.39,Active
ACC11887,CUST01164,BR017,Current,2026-04-03,11362.09,Active
ACC08526,CUST04360,BR008,Savings,2023-12-21,11020.65,Dormant
ACC04233,CUST05171,BR045,Current,2026-08-20,80696.85,Closed
ACC10863,CUST04935,BR005,Salary,2025-04-30,17600.19,Active
ACC01372,CUST03339,BR005,Current,2026-09-02,75431.8,Closed
ACC07542,CUST07527,BR015,Savings,2024-06-23,75333.34,Active
ACC10563,CUST08340,BR007,Salary,2024-08-14,29236.33,Active
ACC05932,CUST07712,BR043,Salary,2023-09-19,61963.97,Dormant
ACC04956,CUST00416,BR011,Current,2025-10-18,19971.07,Closed
ACC04153,CUST09464,BR015,Salary,2025-02-05,36882.12,Closed
ACC11150,CUST06175,BR025,Salary,2025-07-05,65130.34,Closed
ACC04330,CUST01900,BR035,Savings,2026-07-01,84608.99,Active
ACC11027,CUST09505,BR015,Current,2024-08-09,82072.35,Active
ACC06916,CUST08918,BR017,Salary,2025-12-02,40293.12,Active
ACC06070,CUST06229,BR032,Savings,2025-04-22,69201.36,Active
ACC07100,CUST01088,BR016,Salary,2024-02-25,49831.79,Dormant
ACC00533,CUST00841,BR030,Current,2025-11-04,50610.34,Closed
ACC04257,CUST04755,BR035,Savings,2025-08-10,81582.18,Closed
ACC00967,CUST00516,BR009,Savings,2024-01-03,6241.2,Dormant
ACC01282,CUST00504,BR005,Savings,2023-10-13,33429.37,Active
ACC03749,CUST07938,BR013,Current,2026-08-04,48157.21,Closed
ACC10077,CUST05228,BR005,Savings,2024-01-24,16841.28,Closed
ACC02610,CUST04506,BR019,Savings,2024-02-22,62513.92,Dormant
ACC07442,CUST08556,BR035,Salary,2023-12-13,13693.19,Closed
ACC05118,CUST99999,BR021,Current,2024-03-06,26010.34,Active
ACC00306,CUST05210,BR040,Savings,2026-08-26,9930.12,Dormant
ACC09344,CUST00492,BR023,Salary,2025-10-30,92389.12,Closed
ACC10407,CUST08351,BR039,Salary,2026-05-07,94173.24,Active
ACC09985,CUST09567,BR001,Salary,2026-08-14,20732.4,Active
ACC11518,CUST00649,BR004,Salary,2024-03-06,42696.93,Closed
ACC02870,CUST08960,BR011,Current,2025-09-13,99893.91,Closed
ACC10861,CUST06529,BR006,Salary,2024-07-14,32441.4,Dormant
ACC01208,CUST02933,BR020,Current,2024-11-28,31809.85,Dormant
ACC04984,CUST04448,BR004,Savings,2023-10-06,72064.4,Dormant
ACC09712,CUST08391,BR045,Savings,2025-02-16,88813.4,Active
ACC06524,CUST07741,BR024,Savings,2024-09-16,1209.19,Dormant
ACC01132,CUST00205,BR021,Current,2025-02-17,68314.63,Dormant
ACC07997,CUST09110,BR044,Current,2026-05-29,56631.99,Active
ACC07041,CUST08002,BR012,Salary,2024-07-27,41523.81,Closed
ACC09398,CUST00690,BR019,Salary,2025-10-13,74954.14,Closed
ACC01005,CUST04813,BR024,Current,2025-07-22,26881.27,Active
ACC10181,CUST04267,BR010,Savings,2024-09-06,99350.49,Dormant
ACC08508,CUST06649,BR035,Salary,2024-12-18,65565.49,Active
ACC05523,CUST06386,BR031,Salary,2024-08-13,42082.83,Active
ACC00960,CUST01297,BR007,Salary,2024-10-24,64964.08,Active
ACC09437,CUST00383,BR019,Savings,2023-10-23,95784.3,Closed
ACC02234,CUST06368,BR043,Salary,2025-08-08,31125.42,Closed
ACC01727,CUST01847,BR038,Savings,2024-07-06,60014.22,Closed
ACC03446,CUST03131,BR012,Savings,2026-05-23,24515.41,Dormant
ACC02524,CUST08788,BR017,Savings,2026-08-16,39500.96,Active
ACC03447,CUST07210,BR044,Salary,2025-12-21,76328.52,Active
ACC01163,CUST07553,BR008,Savings,2026-09-08,28694.22,Closed
ACC07837,CUST08291,BR032,Savings,2023-09-14,12974.4,Active
ACC10095,CUST06323,BR043,Savings,2025-11-27,65986.54,Dormant
ACC06719,CUST07571,BR039,Salary,2026-08-23,2492.32,Active
ACC09811,CUST00826,BR028,Current,2025-09-13,44847.76,Closed
ACC00575,CUST00814,BR005,Current,2026-07-06,31149.61,Closed
ACC04784,CUST07171,BR043,Salary,2025-07-30,90794.46,Dormant
ACC09581,CUST04128,BR032,Current,2025-02-20,92359.98,Closed
ACC06980,CUST03814,BR031,Salary,2025-08-07,69668.17,Closed
ACC07783,CUST08864,BR035,Current,2023-12-11,82385.1,Dormant
ACC10015,CUST05438,BR014,Salary,2023-11-10,59218.81,Active
ACC02043,CUST09571,BR005,Current,2024-04-03,50568.23,Active
ACC04983,CUST09207,BR008,Salary,2026-06-19,42178.0,Dormant
ACC09339,CUST00100,BR006,Savings,2023-11-11,12133.23,Closed
ACC09246,CUST05882,BR019,Savings,2024-01-25,40790.64,Dormant
ACC02728,CUST09408,BR028,Salary,2024-01-28,9716.17,Dormant
ACC08932,CUST05155,BR004,Savings,2026-08-25,97355.42,Active
ACC10675,CUST06603,BR034,Salary,2025-08-30,-33423.25,Closed
ACC08230,CUST03528,BR005,Salary,2024-06-07,72322.44,Dormant
ACC07426,CUST00912,BR036,Salary,2026-01-18,76549.05,Closed
ACC11170,CUST08415,BR016,Current,2024-11-14,48623.72,Dormant
ACC01286,CUST08538,BR005,Savings,2023-09-21,63991.25,Dormant
ACC05493,CUST04385,BR003,Salary,2025-05-10,29714.87,Closed
ACC08931,CUST04726,BR045,Savings,2023-10-10,27013.01,Dormant
ACC05816,CUST05451,BR042,Salary,2025-03-20,36488.39,Closed
ACC11309,CUST05652,BR047,Current,2024-09-26,81947.26,Dormant
ACC11739,CUST01321,BR047,Savings,2026-07-13,25506.28,Closed
ACC02160,CUST08455,BR035,Current,2025-05-19,49092.76,Active
ACC08668,CUST07702,BR015,Savings,2024-07-24,76403.74,Active
ACC10772,CUST03698,BR043,Current,2025-05-31,64568.35,Closed
ACC03121,CUST01058,BR032,Salary,2024-11-06,22102.95,Dormant
ACC00376,CUST08340,BR002,Current,2023-12-24,68187.13,Active
ACC05599,CUST09834,BR000,Salary,2026-06-10,8890.8,Closed
ACC07204,CUST08801,BR041,Savings,2025-04-13,23680.51,Dormant
ACC11046,CUST04523,BR032,Savings,2024-07-18,28649.89,Dormant
ACC11558,CUST06667,BR032,Savings,2026-06-20,63928.36,Active
ACC06086,CUST03169,BR000,Salary,2024-05-17,71720.54,Active
ACC03804,CUST09515,BR012,Savings,2023-12-03,35219.83,Dormant
ACC03550,CUST01567,BR025,Savings,2024-11-12,81704.7,Closed
ACC00313,CUST07815,BR017,Savings,2024-08-12,32192.6,Active
ACC10597,CUST08920,BR022,Salary,2024-07-12,71654.76,Active
ACC06637,CUST06439,BR000,Salary,2025-05-21,46781.98,Closed
ACC07913,CUST06731,BR004,Salary,2023-11-05,38972.89,Active
ACC00982,CUST04963,BR000,Current,2023-12-28,76032.57,Closed
ACC03383,CUST05820,BR002,Savings,2025-08-07,32100.87,Active
ACC05823,CUST01393,BR015,Savings,2025-05-21,9824.19,Active
ACC10758,CUST08762,BR034,Savings,2024-10-01,57050.98,Dormant
ACC09950,CUST04924,BR010,Current,2024-09-27,25683.67,Dormant
ACC03078,CUST01272,BR009,Salary,2024-01-02,77420.55,Active
ACC01269,CUST04985,BR038,Salary,2024-12-21,48919.95,Closed
ACC09497,CUST09776,BR000,Current,2025-07-31,84193.25,Dormant
ACC06048,CUST06050,BR047,Current,2025-02-24,18805.19,Active
ACC00681,CUST06936,BR024,Savings,2025-12-23,53715.39,Closed
ACC09219,CUST04207,BR043,Current,2025-06-07,31720.03,Dormant
ACC05558,CUST05503,BR016,Savings,2024-01-07,95101.42,Dormant
ACC02500,CUST06301,BR002,Current,2025-01-08,29088.88,Dormant
ACC02551,CUST01993,BR005,Salary,2024-07-18,63681.22,Closed
ACC04231,CUST06283,BR010,Savings,2024-07-30,31370.14,Active
ACC09387,CUST06059,BR029,Salary,2024-05-20,74107.08,Active
ACC09825,CUST07811,BR036,Salary,2025-12-09,29592.49,Closed
ACC08699,CUST06425,BR037,Salary,2024-08-06,67292.42,Active
ACC06301,CUST09665,BR031,Current,2025-01-22,23162.0,Dormant
ACC07936,CUST09495,BR029,Savings,2024-02-21,30743.19,Dormant
ACC11426,CUST05411,BR019,Current,2026-03-01,95326.53,Active
ACC03431,CUST08820,BR016,Salary,2024-03-08,70340.83,Dormant
ACC04070,CUST01854,BR000,Salary,2026-01-11,3115.85,Dormant
ACC01963,CUST00827,BR023,Current,2024-04-22,76845.21,Dormant
ACC02252,CUST07328,BR037,Current,2024-05-21,61174.36,Dormant
ACC06878,CUST01547,BR039,Current,2025-04-11,39353.49,Dormant
ACC03043,CUST08503,BR032,Salary,2026-08-27,79060.28,Active
ACC06420,CUST01129,BR015,Current,2024-11-21,72401.54,Closed
ACC03751,CUST09389,BR036,Savings,2025-09-09,3736.7,Dormant
ACC02731,CUST03538,BR027,Current,2023-12-04,75242.53,Dormant
ACC08306,CUST08397,BR034,Current,2024-12-04,26961.61,Closed
ACC05893,CUST01918,BR002,Current,2026-09-01,28857.82,Dormant
ACC00649,CUST07686,BR049,Current,2025-01-17,88643.37,Active
ACC07401,CUST00100,BR042,Current,2025-09-27,98833.94,Dormant
ACC04770,CUST08446,BR019,Savings,2024-10-10,39548.94,Dormant
ACC10668,CUST08673,BR007,Current,2025-11-07,23713.5,Closed
ACC05110,CUST08531,BR045,Salary,2024-04-02,24403.75,Closed
ACC01075,CUST03182,BR032,Savings,2025-08-26,85680.89,Closed
ACC07756,CUST08102,BR000,Current,2026-06-24,6791.28,Active
ACC02377,CUST08966,BR009,Current,2024-02-22,35373.39,Closed
ACC01090,CUST08906,BR048,Current,2024-11-29,4671.79,Active
ACC09732,CUST05137,BR002,Salary,2024-03-27,91069.61,Dormant
ACC09998,CUST05343,BR013,Salary,2024-03-10,51402.98,Closed
ACC06306,CUST08177,BR001,Savings,2025-11-26,94388.41,Active
ACC00382,CUST09438,BR006,Current,2025-12-30,65660.24,Active
ACC04540,CUST01369,BR039,Current,2024-08-23,42605.9,Active
ACC04582,CUST07950,BR005,Savings,2026-03-19,68738.64,Active
ACC07792,CUST05710,BR006,Savings,2025-05-10,93433.71,Closed
ACC04530,CUST08121,BR017,Savings,2024-01-27,91444.54,Dormant
ACC05400,CUST06319,BR009,Savings,2024-06-16,42197.66,Active
ACC10988,CUST05069,BR021,Current,2024-04-08,95508.6,Closed
ACC11302,CUST00648,BR000,Salary,2026-08-13,18697.8,Closed
ACC00853,CUST06478,BR040,Current,2024-12-09,55684.83,Dormant
ACC10857,CUST04861,BR001,Salary,2026-04-03,62461.16,Active
ACC11879,CUST03107,BR006,Salary,2026-04-05,92950.73,Closed
ACC04892,CUST03674,BR011,Salary,2024-05-25,57794.85,Active
ACC10557,CUST02742,BR004,Salary,2025-01-31,27824.33,Dormant
ACC03538,CUST06198,BR032,Salary,2025-01-23,96430.43,Closed
ACC11601,CUST01089,BR005,Current,2025-08-24,39450.08,Active
ACC07235,CUST08641,BR046,Salary,2025-07-29,9926.49,Active
ACC03509,CUST06405,BR021,Current,2024-12-14,58170.63,Closed
ACC05943,CUST00383,BR000,Savings,2024-06-19,90508.05,Closed
ACC04511,CUST01096,BR033,Salary,2025-05-17,92171.12,Dormant
ACC09622,CUST04229,BR048,Savings,2023-10-03,34512.57,Closed
ACC11757,CUST04430,BR010,Salary,2024-12-15,39481.77,Active
ACC03392,CUST04363,BR035,Current,2026-09-06,18123.5,Active
ACC00895,CUST08004,BR033,Current,2025-03-22,22343.34,Active
ACC05916,CUST05989,BR029,Savings,2024-09-19,54402.18,Closed
ACC10554,CUST99999,BR005,Salary,2026-04-23,13383.88,Active
ACC03959,CUST03970,BR000,Savings,2025-01-27,70063.38,Active
ACC03840,CUST08909,BR035,Savings,2025-10-24,20502.68,Active
ACC11183,CUST06611,BR014,Current,2024-07-24,59112.56,Closed
ACC11527,CUST00395,BR016,Savings,2026-08-31,72692.22,Active
ACC10141,CUST03804,BR030,Salary,2026-07-29,77610.31,Active
ACC09189,CUST02718,BR032,Salary,2026-04-01,23747.09,Active
ACC01669,CUST05582,BR043,Current,2023-09-21,18428.54,Active
ACC05873,CUST08851,BR017,Salary,2026-08-02,63592.92,Dormant
ACC06264,CUST01211,BR000,Salary,2025-06-22,50104.02,Dormant
ACC05827,CUST07822,BR045,Savings,2025-05-30,33744.39,Closed
ACC08300,CUST03544,BR000,Salary,2025-09-14,24965.77,Closed
ACC07706,CUST04659,BR002,Savings,2024-02-08,35493.01,Active
ACC10519,CUST08260,BR016,Savings,2026-04-03,17809.74,Closed
ACC09731,CUST07789,BR018,Salary,2025-09-28,33680.12,Active
ACC07305,CUST02382,BR010,Savings,2026-02-16,81703.8,Active
ACC08597,CUST00410,BR041,Savings,2024-02-15,37245.38,Closed
ACC11593,CUST06305,BR013,Savings,2026-07-06,88073.16,Closed
ACC04898,CUST09906,BR004,Salary,2024-02-17,58107.48,Closed
ACC01123,CUST05596,BR021,Current,2024-04-20,42446.84,Active
ACC08247,CUST05406,BR009,Salary,2024-08-24,97168.25,Active
ACC01332,CUST99999,BR014,Current,2025-02-16,8125.47,Dormant
ACC07446,CUST06973,BR017,Savings,2026-02-27,70730.76,Closed
ACC00105,CUST09393,BR024,Savings,2024-10-28,3800.69,Dormant
ACC01968,CUST03351,BR002,Savings,2026-08-25,93604.69,Active
ACC05815,CUST00381,BR045,Savings,2023-11-04,72962.84,Active
ACC04834,CUST99999,BR019,Salary,2025-02-03,27296.99,Dormant
ACC08469,CUST04825,BR029,Savings,2024-01-20,13101.14,Dormant
ACC04513,CUST04236,BR002,Salary,2024-03-19,83114.42,Active
ACC11556,CUST01957,BR045,Current,2025-04-16,87006.47,Dormant
ACC05480,CUST03204,BR027,Savings,2026-02-24,98667.98,Dormant
ACC05025,CUST01653,BR007,Salary,2026-01-06,40165.11,Active
ACC04592,CUST05330,BR009,Salary,2026-05-31,92166.48,Closed
ACC10445,CUST07590,BR005,Savings,2023-12-03,30891.08,Active
ACC03541,CUST03214,BR033,Savings,2024-12-01,2729.56,Dormant
ACC11748,CUST08501,BR025,Savings,2026-08-21,34582.24,Active
ACC04362,CUST99999,BR023,Salary,2026-01-15,-85672.31,Closed
ACC11000,CUST03140,BR033,Savings,2024-04-13,98825.06,Dormant
ACC04076,CUST08387,BR007,Savings,2024-04-09,51995.41,Dormant
ACC10230,CUST07883,BR031,Savings,2023-11-18,94322.74,Closed
ACC02218,CUST03198,BR002,Salary,2024-03-28,84382.0,Dormant
ACC05889,CUST02539,BR046,Current,2025-03-10,55575.63,Closed
ACC09563,CUST09051,BR049,Savings,2024-03-03,44205.55,Closed
ACC03499,CUST03910,BR020,Savings,2025-03-31,62408.76,Closed
ACC09613,CUST05590,BR047,Current,2026-07-23,38573.83,Active
ACC08432,CUST04658,BR036,Salary,2024-01-22,37836.22,Dormant
ACC05635,CUST05752,BR047,Current,2026-03-30,89261.3,Dormant
ACC00068,CUST06616,BR025,Current,2024-09-04,76929.64,Dormant
ACC04783,CUST03028,BR008,Salary,2025-06-17,82743.45,Dormant
ACC09283,CUST06797,BR033,Salary,2024-11-21,84164.41,Closed
ACC10716,CUST04050,BR006,Savings,2025-08-31,62876.95,Dormant
ACC10968,CUST04911,BR002,Salary,2024-10-05,68403.88,Active
ACC01381,CUST03927,BR005,Current,2025-10-13,73491.29,Closed
ACC08060,CUST04022,BR039,Salary,2023-10-24,21738.88,Closed
ACC04426,CUST07074,BR039,Current,2024-02-20,30384.29,Active
ACC08671,CUST06884,BR036,Salary,2024-06-22,56067.23,Closed
ACC10154,CUST01493,BR008,Savings,2025-06-11,78982.7,Dormant
ACC11048,CUST03656,BR044,Current,2025-04-12,50088.33,Dormant
ACC00396,CUST01134,BR005,Savings,2024-03-06,44941.18,Active
ACC01706,CUST06668,BR020,Current,2024-01-23,69911.65,Active
ACC08674,CUST09578,BR035,Savings,2023-10-24,41130.15,Closed
ACC04605,CUST08402,BR018,Current,2025-05-28,66660.06,Dormant
ACC09717,CUST00891,BR005,Salary,2024-12-07,11120.83,Dormant
ACC09356,CUST00051,BR008,Salary,2025-01-07,57154.87,Closed
ACC03998,CUST02430,BR000,Current,2025-03-14,9229.66,Active
ACC05890,CUST07130,BR006,Salary,2025-11-19,19302.07,Dormant
ACC00078,CUST00258,BR000,Salary,2024-07-30,13691.0,Active
ACC01457,CUST04846,BR013,Current,2025-03-18,5796.11,Dormant
ACC02566,CUST08176,BR008,Salary,2024-08-24,28389.04,Dormant
ACC01508,CUST00549,BR017,Savings,2025-04-22,49951.6,Active
ACC11084,CUST00098,BR046,Salary,2025-03-15,68916.45,Dormant
ACC00310,CUST03642,BR029,Savings,2024-05-06,15225.36,Dormant
ACC03330,CUST07726,BR000,Salary,2023-10-17,91935.13,Dormant
ACC02883,CUST03839,BR048,Current,2025-05-04,71522.15,Dormant
ACC01311,CUST06216,BR029,Salary,2025-07-24,64367.81,Dormant
ACC07431,CUST01500,BR020,Current,2025-05-31,9740.59,Dormant
ACC08110,CUST07072,BR047,Salary,2024-11-17,40503.06,Closed
ACC00302,CUST04050,BR003,Savings,2024-10-24,42471.97,Dormant
ACC06777,CUST09531,BR014,Savings,2026-08-07,86146.61,Active
ACC03671,CUST00118,BR036,Salary,2025-01-07,37194.29,Active
ACC00130,CUST03242,BR005,Current,2025-11-08,4217.88,Closed
ACC11206,CUST07900,BR038,Savings,2024-07-22,42454.82,Dormant
ACC04861,CUST04173,BR028,Salary,2025-03-21,43888.03,Dormant
ACC04396,CUST01932,BR011,Current,2024-07-18,76980.46,Closed
ACC01322,CUST08838,BR024,Salary,2024-04-01,10692.65,Closed
ACC07023,CUST00194,BR010,Current,2024-09-12,17117.84,Active
ACC00993,CUST01919,BR043,Current,2024-08-23,17096.77,Active
ACC00501,CUST00257,BR047,Salary,2023-11-07,10803.52,Closed
ACC03831,CUST02899,BR018,Salary,2024-10-21,96213.33,Dormant
ACC11331,CUST03609,BR023,Salary,2024-05-16,68127.4,Active
ACC09621,CUST01322,BR000,Current,2024-02-29,90139.8,Closed
ACC05567,CUST08382,BR013,Salary,2025-10-04,9952.8,Closed
ACC08049,CUST08278,BR028,Savings,2025-07-15,99160.24,Closed
ACC03356,CUST04632,BR030,Salary,2023-10-14,24277.17,Active
ACC07390,CUST05757,BR047,Savings,2024-12-21,19288.46,Active
ACC08077,CUST01245,BR030,Savings,2024-08-27,13578.07,Dormant
ACC02475,CUST05974,BR008,Current,2026-09-01,73515.28,Closed
ACC10673,CUST01616,BR014,Salary,2025-10-22,4580.57,Dormant
ACC11337,CUST01786,BR028,Savings,2025-05-18,34010.59,Active
ACC08805,CUST00398,BR013,Salary,2024-04-05,90501.77,Active
ACC06289,CUST00212,BR028,Salary,2024-09-26,19970.26,Active
ACC08067,CUST01631,BR029,Savings,2026-03-17,75015.13,Active
ACC05403,CUST03464,BR003,Salary,2023-12-02,80805.75,Closed
ACC08249,CUST02385,BR000,Salary,2025-03-09,93473.46,Active
ACC07920,CUST04287,BR032,Salary,2023-11-19,70804.79,Closed
ACC04250,CUST09069,BR021,Savings,2024-02-13,791.94,Closed
ACC09441,CUST05509,BR048,Salary,2025-09-23,34327.3,Closed
ACC04632,CUST09823,BR044,Salary,2024-05-30,75521.35,Dormant
ACC01189,CUST09595,BR008,Current,2026-05-04,5663.78,Dormant
ACC01293,CUST99999,BR019,Savings,2024-08-31,10900.17,Dormant
ACC07906,CUST04784,BR046,Current,2025-08-21,62923.53,Dormant
ACC06869,CUST01554,BR033,Salary,2025-03-20,95133.98,Dormant
ACC00401,CUST07989,BR010,Salary,2024-11-19,7895.72,Closed
ACC07923,CUST06468,BR019,Salary,2026-06-12,12227.22,Dormant
ACC01640,CUST09312,BR011,Salary,2024-11-06,78240.61,Closed
ACC02367,CUST00774,BR027,Savings,2023-11-26,62812.54,Closed
ACC02759,CUST01661,BR025,Savings,2023-10-28,13747.83,Dormant
ACC00804,CUST04679,BR045,Salary,2026-04-22,6233.53,Closed
ACC00110,CUST02731,BR005,Current,2024-08-04,31431.58,Active
ACC06178,CUST01573,BR037,Salary,2025-06-10,92303.3,Dormant
ACC10900,CUST04540,BR024,Current,2024-07-20,63383.76,Closed
ACC01549,CUST01791,BR025,Salary,2026-01-20,67056.94,Active
ACC01491,CUST07715,BR001,Savings,2026-08-09,47615.63,Closed
ACC05549,CUST08300,BR021,Savings,2026-01-01,44532.21,Closed
ACC00796,CUST02699,BR030,Savings,2026-05-23,34641.99,Closed
ACC02848,CUST02779,BR012,Current,2026-03-16,32334.91,Active
ACC06123,CUST07357,BR032,Savings,2025-05-17,62667.2,Active
ACC07242,CUST02396,BR019,Savings,2025-02-18,22253.93,Closed
ACC06543,CUST08144,BR012,Savings,2023-09-19,10713.97,Closed
ACC01497,CUST06758,BR014,Savings,2025-01-21,74272.66,Active
ACC04086,CUST02534,BR037,Salary,2025-03-19,61829.77,Closed
ACC06200,CUST08692,BR017,Current,2023-09-20,91245.99,Active
ACC06902,CUST02521,BR012,Current,2025-01-25,66756.73,Active
ACC06202,CUST03952,BR046,Savings,2025-04-11,30362.43,Active
ACC11253,CUST07772,BR041,Current,2025-12-21,42187.36,Closed
ACC08211,CUST05424,BR027,Salary,2026-02-18,81123.59,Dormant
ACC03397,CUST99999,BR036,Savings,2024-06-25,50098.55,Active
ACC04975,CUST09134,BR009,Salary,2026-02-15,27625.05,Closed
ACC07746,CUST08549,BR009,Current,2026-06-25,65544.79,Active
ACC03936,CUST06859,BR012,Savings,2026-09-01,94950.46,Closed
ACC08490,CUST03342,BR034,Savings,2024-07-14,43176.81,Dormant
ACC00940,CUST05042,BR020,Savings,2026-04-07,33000.07,Closed
ACC00233,CUST07277,BR046,Current,2024-08-29,96224.82,Active
ACC08745,CUST06840,BR037,Current,2025-07-04,54725.74,Dormant
ACC08864,CUST04884,BR018,Savings,2026-07-23,74371.62,Dormant
ACC02456,CUST02129,BR005,Salary,2025-09-15,19137.72,Closed
ACC00996,CUST04143,BR032,Current,2024-10-25,76345.57,Closed
ACC10056,CUST04491,BR007,Current,2025-08-25,41977.55,Active
ACC00284,CUST05584,BR031,Salary,2024-02-08,97254.47,Closed
ACC00828,CUST01682,BR030,Salary,2024-08-03,98866.72,Dormant
ACC11153,CUST01433,BR046,Savings,2024-01-10,92503.32,Dormant
ACC02062,CUST01193,BR046,Salary,2023-11-16,62636.41,Active
ACC05894,CUST00094,BR004,Savings,2024-10-22,15979.02,Dormant
ACC09005,CUST09384,BR025,Current,2026-05-11,20425.82,Dormant
ACC03873,CUST06989,BR039,Current,2026-02-12,65529.06,Closed
ACC00106,CUST06612,BR003,Savings,2023-12-20,56956.46,Closed
ACC04955,CUST07592,BR019,Current,2025-09-07,15067.99,Dormant
ACC06780,CUST00516,BR033,Current,2026-05-07,36216.61,Dormant
ACC04072,CUST02050,BR005,Salary,2023-12-12,58949.31,Active
ACC06273,CUST06623,BR047,Savings,2024-04-22,4122.97,Active
ACC08717,CUST05825,BR020,Current,2024-03-02,4829.79,Dormant
ACC01585,CUST03453,BR028,Current,2026-04-19,78072.3,Dormant
ACC05921,CUST09248,BR024,Salary,2024-09-30,57743.78,Active
ACC09064,CUST08971,BR036,Savings,2024-04-07,79606.16,Active
ACC02913,CUST00777,BR041,Salary,2024-08-03,50154.41,Closed
ACC06924,CUST05703,BR001,Current,2023-11-13,41476.52,Active
ACC02715,CUST01796,BR032,Salary,2024-07-19,44159.19,Closed
ACC10854,CUST08627,BR003,Savings,2024-06-10,90447.28,Active
ACC06243,CUST09592,BR024,Current,2024-06-26,50029.1,Closed
ACC11107,CUST02799,BR047,Savings,2026-03-27,71914.31,Active
ACC03618,CUST01487,BR017,Current,2025-07-04,87239.97,Dormant
ACC08652,CUST01581,BR048,Current,2023-10-29,54293.58,Active
ACC02303,CUST07468,BR000,Salary,2025-09-28,71677.68,Dormant
ACC07265,CUST08091,BR029,Current,2025-09-03,87356.27,Active
ACC00623,CUST08277,BR040,Salary,2026-03-22,94804.86,Dormant
ACC02385,CUST03041,BR026,Savings,2025-05-23,30777.52,Closed
ACC04393,CUST01652,BR013,Salary,2024-01-08,97856.09,Active
ACC01544,CUST06305,BR012,Salary,2024-01-31,2385.44,Closed
ACC05296,CUST02793,BR032,Salary,2026-07-16,35170.71,Dormant
ACC03575,CUST05041,BR043,Savings,2024-11-14,-29499.08,Active
ACC05368,CUST03495,BR000,Salary,2024-12-15,61357.68,Active
ACC01171,CUST07206,BR010,Current,2024-03-23,41222.64,Closed
ACC04971,CUST08164,BR010,Current,2024-09-08,4973.16,Dormant
ACC11664,CUST05811,BR026,Current,2024-03-30,7796.23,Closed
ACC06476,CUST99999,BR000,Current,2025-11-23,81046.26,Active
ACC11123,CUST00931,BR007,Current,2025-02-05,5575.96,Closed
ACC06890,CUST03023,BR034,Savings,2024-11-01,68223.32,Closed
ACC06748,CUST09969,BR037,Savings,2023-10-08,42015.58,Dormant
ACC09026,CUST02841,BR021,Savings,2024-04-25,47375.33,Closed
ACC09251,CUST99999,BR000,Savings,2024-05-28,57388.34,Closed
ACC08675,CUST09740,BR004,Current,2024-01-28,3980.64,Dormant
ACC04556,CUST05643,BR033,Savings,2024-08-21,7949.77,Active
ACC08782,CUST00356,BR002,Salary,2024-11-14,52414.13,Dormant
ACC00990,CUST04277,BR007,Salary,2025-06-30,97381.25,Active
ACC09829,CUST05691,BR023,Savings,2025-07-06,46492.3,Active
ACC02793,CUST00604,BR011,Current,2025-12-13,21214.4,Closed
ACC03931,CUST00486,BR024,Current,2024-01-31,93802.47,Active
ACC02281,CUST09968,BR006,Savings,2025-02-14,52177.82,Active
ACC02292,CUST07807,BR031,Salary,2026-02-13,82674.93,Closed
ACC05808,CUST03604,BR025,Savings,2025-11-10,14957.09,Active
ACC07354,CUST04091,BR026,Salary,2025-09-08,71546.74,Closed
ACC01030,CUST03568,BR033,Savings,2023-10-11,64472.65,Dormant
ACC08308,CUST07748,BR031,Salary,2023-12-15,41286.93,Closed
ACC03081,CUST04490,BR033,Salary,2025-12-30,7879.91,Active
ACC00965,CUST09897,BR004,Salary,2024-06-05,7864.99,Closed
ACC06836,CUST00133,BR026,Savings,2023-12-23,84008.7,Dormant
ACC04286,CUST02662,BR026,Salary,2024-02-13,92474.21,Dormant
ACC02140,CUST08142,BR010,Salary,2023-12-22,11287.77,Dormant
ACC04069,CUST08435,BR008,Salary,2025-06-10,79217.0,Dormant
ACC06871,CUST05065,BR001,Current,2026-08-12,97008.93,Active
ACC07170,CUST99999,BR024,Current,2025-02-14,87051.03,Closed
ACC09215,CUST04460,BR042,Savings,2026-06-13,57927.36,Active
ACC09892,CUST01372,BR035,Current,2025-02-09,46864.5,Dormant
ACC01262,CUST08800,BR017,Salary,2026-03-09,25497.52,Closed
ACC03718,CUST01341,BR015,Current,2023-10-20,44682.76,Closed
ACC00280,CUST07693,BR027,Current,2024-10-01,47416.79,Dormant
ACC00636,CUST06664,BR038,Savings,2026-05-26,73485.88,Active
ACC06146,CUST03446,BR034,Current,2025-03-16,32103.31,Active
ACC09839,CUST01911,BR021,Salary,2023-09-24,90516.83,Active
ACC10940,CUST09436,BR011,Salary,2026-08-29,31341.51,Closed
ACC06362,CUST03078,BR032,Savings,2025-07-21,73687.07,Dormant
ACC04401,CUST00387,BR002,Salary,2025-01-17,26949.81,Dormant
ACC07759,CUST07040,BR037,Savings,2024-06-22,9805.57,Active
ACC01239,CUST00509,BR000,Salary,2025-04-25,54518.05,Dormant
ACC04666,CUST00331,BR000,Savings,2025-09-11,52913.74,Active
ACC00921,CUST07362,BR018,Current,2025-09-20,2619.33,Closed
ACC06363,CUST02180,BR015,Savings,2024-07-04,13569.33,Closed
ACC03380,CUST03909,BR036,Current,2023-10-24,37109.89,Dormant
ACC06207,CUST04316,BR020,Current,2025-05-14,66846.23,Dormant
ACC07544,CUST05109,BR048,Current,2026-04-05,15510.91,Closed
ACC09155,CUST02523,BR000,Savings,2025-12-17,48970.88,Closed
ACC09159,CUST09677,BR016,Salary,2023-09-21,46788.06,Dormant
ACC07160,CUST07862,BR012,Current,2026-08-09,72482.93,Active
ACC11999,CUST09927,BR020,Salary,2026-08-08,9901.3,Dormant
ACC10110,CUST01047,BR027,Current,2024-01-18,50679.28,Active
ACC00847,CUST03742,BR022,Salary,2025-09-17,66218.95,Active
ACC06959,CUST08996,BR011,Current,2026-01-04,35177.78,Closed
ACC09550,CUST02892,BR029,Salary,2025-06-30,73832.25,Active
ACC04986,CUST01591,BR047,Salary,2025-05-27,75504.03,Dormant
ACC08270,CUST02677,BR046,Salary,2026-04-30,15876.53,Closed
ACC01768,CUST01851,BR015,Current,2025-11-05,26843.89,Active
ACC00482,CUST00326,BR004,Savings,2024-07-05,44468.3,Dormant
ACC10049,CUST07742,BR046,Current,2025-04-17,42854.91,Closed
ACC06760,CUST03016,BR001,Savings,2024-01-23,5230.15,Closed
ACC05844,CUST05691,BR014,Savings,2024-07-07,81580.16,Dormant
ACC00169,CUST00724,BR005,Current,2024-12-15,42603.46,Dormant
ACC11966,CUST00288,BR026,Savings,2025-10-28,84766.82,Closed
ACC05411,CUST08855,BR020,Savings,2023-12-22,71735.83,Dormant
ACC05952,CUST06122,BR003,Salary,2025-06-27,59396.05,Closed
ACC07672,CUST03159,BR042,Current,2025-05-20,50741.89,Active
ACC05773,CUST06123,BR005,Salary,2026-05-23,3712.96,Active
ACC01100,CUST03305,BR010,Salary,2025-01-03,76947.37,Dormant
ACC10213,CUST01669,BR013,Current,2024-12-01,38960.66,Active
ACC06411,CUST03956,BR021,Current,2025-12-24,50849.45,Active
ACC10759,CUST00677,BR005,Current,2024-12-22,10714.29,Closed
ACC08262,CUST03638,BR029,Savings,2025-12-05,93316.29,Dormant
ACC02732,CUST03260,BR032,Salary,2025-08-13,6423.16,Dormant
ACC07847,CUST09569,BR036,Salary,2024-12-22,64637.02,Dormant
ACC04371,CUST01423,BR043,Salary,2024-09-09,35261.84,Closed
ACC05962,CUST09712,BR036,Salary,2024-03-13,98575.76,Active
ACC02434,CUST06896,BR033,Salary,2024-12-16,73438.19,Closed
ACC09668,CUST05815,BR005,Savings,2026-01-17,89208.52,Active
ACC09808,CUST04292,BR002,Savings,2025-06-15,76041.4,Active
ACC04824,CUST02157,BR036,Current,2026-09-05,15881.79,Dormant
ACC00024,CUST09095,BR039,Salary,2026-09-02,38956.35,Active
ACC05895,CUST01885,BR001,Current,2024-09-28,99259.91,Dormant
ACC04645,CUST05194,BR022,Salary,2026-06-21,85277.64,Active
ACC09507,CUST07238,BR000,Savings,2026-04-19,73024.72,Active
ACC10030,CUST07445,BR048,Savings,2023-11-23,64932.85,Active
ACC11803,CUST09159,BR004,Salary,2025-11-03,63091.27,Dormant
ACC02295,CUST09077,BR014,Savings,2026-05-28,78987.76,Dormant
ACC00669,CUST05285,BR042,Savings,2025-05-06,28047.66,Dormant
ACC06686,CUST09172,BR002,Savings,2023-11-17,28305.79,Closed
ACC05376,CUST01832,BR018,Savings,2024-03-18,20352.5,Active
ACC10529,CUST99999,BR005,Salary,2023-12-07,35962.51,Active
ACC02033,CUST01814,BR004,Current,2023-10-04,20530.79,Dormant
ACC05007,CUST00860,BR036,Savings,2025-08-14,85112.82,Closed
ACC11369,CUST08957,BR024,Savings,2023-09-11,42754.74,Dormant
ACC11293,CUST01972,BR030,Current,2026-02-03,70992.24,Dormant
ACC08538,CUST00111,BR008,Current,2024-03-12,77208.24,Closed
ACC02701,CUST99999,BR015,Current,2026-07-31,82117.82,Active
ACC09653,CUST09456,BR035,Salary,2024-09-19,99423.32,Closed
ACC00031,CUST05622,BR035,Salary,2023-09-19,97643.13,Active
ACC07168,CUST09855,BR002,Salary,2024-07-06,84702.73,Active
ACC11666,CUST06229,BR047,Savings,2026-02-26,93092.2,Closed
ACC02308,CUST06165,BR000,Savings,2025-08-13,67799.5,Active
ACC00232,CUST06239,BR012,Salary,2023-12-09,43963.15,Active
ACC04590,CUST09599,BR034,Current,2025-02-12,92930.59,Active
ACC06506,CUST01005,BR013,Savings,2025-05-24,51377.51,Active
ACC05030,CUST01795,BR002,Current,2023-11-19,36597.21,Closed
ACC09211,CUST00224,BR003,Savings,2024-02-28,62365.17,Active
ACC05712,CUST05878,BR035,Savings,2025-11-28,67793.52,Closed
ACC02588,CUST01821,BR026,Salary,2024-11-25,86313.44,Active
ACC02357,CUST09681,BR005,Current,2023-10-15,89433.8,Active
ACC01986,CUST03652,BR004,Savings,2024-12-19,95753.18,Closed
ACC11638,CUST05036,BR037,Salary,2024-06-13,959.05,Dormant
ACC06663,CUST08835,BR028,Current,2026-08-07,72489.38,Dormant
ACC08738,CUST03692,BR024,Savings,2025-01-05,70594.68,Active
ACC03802,CUST09361,BR015,Current,2026-04-17,70166.13,Closed
ACC05608,CUST04498,BR034,Current,2024-04-05,23014.78,Active
ACC07310,CUST05589,BR000,Savings,2026-04-18,12805.43,Active
ACC06254,CUST07309,BR042,Savings,2024-03-21,89930.32,Dormant
ACC01297,CUST05174,BR043,Current,2026-05-24,34205.51,Dormant
ACC00998,CUST02600,BR015,Savings,2023-12-28,99741.57,Active
ACC08218,CUST04084,BR038,Current,2025-11-16,82493.42,Dormant
ACC02212,CUST00543,BR036,Savings,2025-03-22,14775.99,Dormant
ACC06813,CUST04227,BR048,Savings,2025-02-01,55052.56,Active
ACC10515,CUST06587,BR048,Salary,2024-04-22,30441.46,Active
ACC11594,CUST05228,BR006,Salary,2026-03-31,25902.0,Dormant
ACC06310,CUST04667,BR006,Savings,2026-05-27,60366.04,Active
ACC06173,CUST03225,BR043,Savings,2024-08-26,15385.48,Closed
ACC05022,CUST05644,BR035,Salary,2025-03-13,17905.89,Active
ACC02755,CUST01500,BR016,Savings,2025-12-27,73776.95,Closed
ACC09694,CUST01777,BR048,Savings,2026-05-03,13985.58,Active
ACC08412,CUST02147,BR024,Savings,2024-08-16,86993.0,Closed
ACC05217,CUST07031,BR027,Savings,2026-03-24,79054.99,Closed
ACC06474,CUST08640,BR015,Current,2024-01-08,94968.73,Dormant
ACC08679,CUST01323,BR039,Savings,2025-03-02,86439.78,Closed
ACC03530,CUST09542,BR005,Salary,2023-12-10,31665.09,Closed
ACC10634,CUST03666,BR022,Savings,2024-06-29,6596.97,Closed
ACC00819,CUST09836,BR048,Salary,2026-04-14,79688.5,Active
ACC01164,CUST00583,BR011,Savings,2025-04-23,86151.72,Active
ACC00942,CUST09007,BR049,Salary,2026-04-26,50044.89,Active
ACC04410,CUST02225,BR004,Current,2025-11-24,38796.57,Closed
ACC05697,CUST00699,BR014,Current,2025-06-30,21222.42,Dormant
ACC01010,CUST08347,BR022,Savings,2026-08-30,9074.79,Closed
ACC04776,CUST08215,BR004,Savings,2026-07-03,91167.9,Closed
ACC04174,CUST07110,BR015,Current,2026-03-07,70710.91,Active
ACC00948,CUST09001,BR026,Salary,2024-12-13,60698.07,Active
ACC03900,CUST05775,BR003,Salary,2025-08-29,45938.24,Dormant
ACC03829,CUST04725,BR045,Savings,2025-11-30,23855.62,Closed
ACC07292,CUST99999,BR043,Current,2026-05-03,58511.6,Active
ACC03568,CUST03701,BR027,Salary,2025-04-13,35644.12,Dormant
ACC11503,CUST00888,BR049,Savings,2024-07-08,57160.41,Active
ACC02011,CUST07316,BR004,Salary,2026-02-11,50537.36,Active
ACC05966,CUST05324,BR007,Savings,2025-01-11,68911.9,Active
ACC05408,CUST09214,BR022,Current,2023-12-31,59356.42,Closed
ACC09641,CUST02394,BR020,Savings,2025-06-25,67090.38,Closed
ACC07064,CUST99999,BR007,Savings,2026-04-15,60781.55,Closed
ACC02529,CUST02101,BR018,Salary,2025-03-03,32763.67,Dormant
ACC10816,CUST09095,BR022,Savings,2026-08-09,4894.36,Dormant
ACC07384,CUST09988,BR006,Savings,2025-05-31,52198.06,Dormant
ACC10912,CUST09041,BR000,Current,2024-09-26,58189.45,Closed
ACC10258,CUST03720,BR044,Current,2024-08-01,62541.4,Closed
ACC06372,CUST04548,BR000,Salary,2025-07-19,20034.86,Active
ACC06351,CUST07020,BR001,Salary,2024-05-05,53718.26,Dormant
ACC08718,CUST01948,BR037,Current,2025-01-09,42011.07,Active
ACC02012,CUST08104,BR032,Savings,2025-06-17,20743.58,Closed
ACC03228,CUST09279,BR049,Salary,2026-04-03,34266.1,Dormant
ACC03359,CUST04097,BR013,Current,2024-02-25,51848.09,Dormant
ACC09838,CUST01773,BR010,Salary,2024-04-22,96773.04,Dormant
ACC10944,CUST05872,BR045,Salary,2026-08-29,55351.52,Closed
ACC07278,CUST05282,BR004,Salary,2024-07-04,95429.72,Closed
ACC06322,CUST00513,BR002,Savings,2023-10-02,72382.92,Closed
ACC05063,CUST08128,BR040,Salary,2026-01-15,7454.66,Closed
ACC06308,CUST09599,BR022,Current,2024-10-06,48547.36,Active
ACC11719,CUST09838,BR010,Salary,2025-04-14,93141.68,Dormant
ACC09759,CUST01913,BR035,Savings,2026-04-25,98712.85,Active
ACC00414,CUST01854,BR016,Savings,2026-05-21,2605.96,Closed
ACC02873,CUST09324,BR005,Salary,2024-12-19,1512.29,Dormant
ACC00666,CUST06772,BR000,Salary,2023-12-14,22418.47,Dormant
ACC09059,CUST02806,BR048,Current,2026-06-09,56136.61,Active
ACC06216,CUST09856,BR011,Salary,2025-06-25,88527.75,Dormant
ACC11855,CUST04527,BR046,Current,2026-06-14,21798.71,Active
ACC11616,CUST02670,BR037,Current,2026-03-27,78107.73,Closed
ACC01394,CUST08523,BR045,Savings,2026-03-09,67951.84,Closed
ACC04527,CUST06858,BR045,Current,2024-05-20,90988.11,Dormant
ACC00386,CUST09860,BR032,Savings,2026-06-20,26392.29,Dormant
ACC06530,CUST09161,BR044,Salary,2024-10-07,27075.75,Closed
ACC01241,CUST01258,BR008,Savings,2026-08-05,44593.65,Closed
ACC06978,CUST05608,BR013,Salary,2024-01-28,96654.35,Dormant
ACC07937,CUST07362,BR013,Savings,2024-03-04,55466.8,Active
ACC04651,CUST03261,BR029,Salary,2025-06-23,21908.12,Active
ACC01736,CUST09180,BR025,Salary,2024-07-11,8590.15,Dormant
ACC00128,CUST02602,BR036,Salary,2024-08-14,28380.19,Dormant
ACC01974,CUST08667,BR024,Savings,2024-01-10,21382.83,Closed
ACC02583,CUST04715,BR021,Current,2025-09-19,82470.74,Closed
ACC11537,CUST05688,BR040,Savings,2024-10-13,83872.56,Closed
ACC08949,CUST07394,BR018,Savings,2025-10-19,81932.28,Active
ACC10257,CUST07381,BR005,Current,2025-02-20,56265.11,Dormant
ACC10266,CUST05073,BR027,Salary,2023-09-12,38492.64,Closed
ACC01428,CUST03659,BR005,Current,2026-03-24,90191.11,Dormant
ACC04914,CUST05878,BR012,Savings,2025-10-06,46989.48,Active
ACC04641,CUST06613,BR031,Savings,2026-01-24,50648.04,Active
ACC06167,CUST03481,BR016,Current,2026-05-29,7427.44,Closed
ACC06617,CUST01462,BR027,Current,2023-11-26,19109.71,Dormant
ACC03791,CUST00742,BR031,Salary,2023-12-20,69925.93,Dormant
ACC02403,CUST09475,BR037,Savings,2024-03-26,84797.93,Dormant
ACC08177,CUST09490,BR027,Savings,2025-09-23,91998.14,Closed
ACC08875,CUST08704,BR004,Savings,2025-11-04,38268.53,Dormant
ACC06921,CUST00892,BR031,Salary,2024-02-25,98817.7,Closed
ACC03394,CUST09878,BR018,Current,2026-02-21,57611.45,Closed
ACC09355,CUST00220,BR037,Current,2024-03-08,96076.38,Dormant
ACC07630,CUST03145,BR039,Salary,2024-11-09,1187.8,Closed
ACC10592,CUST04459,BR038,Savings,2026-03-06,62899.5,Dormant
ACC09412,CUST07853,BR025,Current,2026-03-06,79549.83,Closed
ACC09570,CUST05728,BR048,Savings,2024-01-16,79353.45,Closed
ACC00478,CUST99999,BR040,Current,2024-08-27,3449.14,Closed
ACC03625,CUST04644,BR003,Current,2024-11-07,22764.52,Dormant
ACC11276,CUST02109,BR005,Current,2025-10-25,58984.01,Dormant
ACC03985,CUST02382,BR003,Salary,2024-01-27,98008.09,Closed
ACC02381,CUST08178,BR002,Savings,2025-03-30,72105.52,Active
ACC09928,CUST99999,BR020,Savings,2024-12-14,90975.63,Active
ACC01081,CUST01786,BR020,Savings,2026-05-03,61201.8,Active
ACC08711,CUST09073,BR006,Current,2025-04-20,26618.05,Closed
ACC10375,CUST08733,BR034,Salary,2026-07-31,34885.69,Dormant
ACC08151,CUST00438,BR040,Savings,2023-11-10,8341.98,Dormant
ACC02628,CUST08124,BR014,Current,2024-10-12,75656.33,Active
ACC02872,CUST09590,BR035,Salary,2024-08-24,48690.47,Active
ACC05968,CUST04274,BR018,Savings,2023-09-22,29526.07,Active
ACC09743,CUST08433,BR014,Salary,2024-07-30,91974.44,Dormant
ACC00595,CUST03957,BR000,Salary,2026-02-19,6448.27,Closed
ACC05583,CUST00514,BR000,Current,2024-05-10,23085.5,Dormant
ACC07943,CUST09398,BR039,Current,2024-07-19,97176.31,Closed
ACC02820,CUST01236,BR019,Salary,2023-11-16,62949.47,Active
ACC07596,CUST06330,BR031,Savings,2025-02-04,92444.44,Active
ACC11025,CUST06785,BR043,Salary,2026-07-23,66115.41,Dormant
ACC11868,CUST09352,BR017,Current,2026-05-14,98774.19,Dormant
ACC03342,CUST04701,BR038,Salary,2024-07-26,11780.02,Dormant
ACC10657,CUST07487,BR027,Current,2024-03-23,88654.88,Dormant
ACC01160,CUST05960,BR044,Savings,2023-11-15,17549.35,Closed
ACC08936,CUST05899,BR009,Salary,2025-01-12,93974.56,Closed
ACC06252,CUST02365,BR008,Current,2024-11-20,39689.69,Closed
ACC02485,CUST03838,BR038,Savings,2024-07-21,26124.78,Closed
ACC11938,CUST02071,BR001,Salary,2026-03-20,81057.89,Dormant
ACC03505,CUST99999,BR033,Savings,2025-06-30,31235.31,Dormant
ACC03047,CUST02658,BR003,Savings,2024-01-12,1573.46,Closed
ACC03685,CUST08601,BR043,Current,2026-06-14,47402.22,Active
ACC11924,CUST99999,BR015,Salary,2024-11-20,61110.2,Dormant
ACC11655,CUST04495,BR043,Salary,2025-12-06,24839.9,Dormant
ACC03737,CUST04849,BR040,Current,2026-03-19,64809.78,Closed
ACC09250,CUST00839,BR010,Savings,2026-09-02,62845.61,Closed
ACC06523,CUST06100,BR011,Savings,2026-04-11,38047.13,Dormant
ACC08416,CUST05152,BR021,Current,2025-01-27,68266.7,Active
ACC04504,CUST05684,BR030,Salary,2025-03-21,28785.62,Active
ACC10736,CUST04974,BR013,Current,2024-01-04,15325.09,Dormant
ACC01335,CUST05841,BR000,Current,2024-01-03,68733.36,Active
ACC01215,CUST03964,BR009,Savings,2024-02-12,42773.77,Closed
ACC06029,CUST01997,BR031,Savings,2023-11-22,14927.91,Dormant
ACC09392,CUST02384,BR014,Salary,2023-11-11,97962.22,Active
ACC02560,CUST00963,BR023,Current,2026-03-08,53046.66,Closed
ACC10219,CUST02651,BR017,Savings,2024-11-06,38701.03,Closed
ACC06754,CUST07440,BR020,Current,2025-11-06,44941.82,Closed
ACC06385,CUST03735,BR008,Salary,2024-11-09,55461.71,Closed
ACC06925,CUST08221,BR005,Current,2024-09-24,35492.38,Active
ACC10978,CUST00679,BR037,Salary,2025-08-26,35929.3,Active
ACC07470,CUST01487,BR008,Salary,2026-03-02,57843.66,Closed
ACC05702,CUST03391,BR005,Current,2024-01-17,7156.91,Closed
ACC09106,CUST06515,BR006,Savings,2025-05-06,51237.13,Dormant
ACC05052,CUST03583,BR017,Salary,2024-03-18,40822.01,Dormant
ACC11413,CUST05762,BR044,Current,2025-02-21,93213.82,Closed
ACC09956,CUST09273,BR032,Savings,2025-03-23,61653.57,Dormant
ACC01966,CUST02314,BR038,Current,2024-11-27,56757.25,Dormant
ACC06491,CUST03194,BR034,Salary,2026-01-23,12542.53,Closed
ACC06715,CUST99999,BR046,Current,2026-01-08,91168.94,Active
ACC10741,CUST02902,BR002,Savings,2025-11-13,22212.18,Dormant
ACC07118,CUST02359,BR026,Salary,2026-04-20,11568.3,Dormant
ACC11330,CUST06195,BR017,Savings,2026-07-04,24858.1,Dormant
ACC05722,CUST07906,BR005,Current,2025-03-24,54902.17,Closed
ACC06779,CUST06565,BR015,Savings,2025-03-14,74521.43,Active
ACC00838,CUST00713,BR026,Current,2025-11-19,75616.45,Dormant
ACC11173,CUST09323,BR014,Current,2023-11-09,98365.41,Active
ACC04532,CUST00825,BR027,Current,2023-10-21,67595.41,Dormant
ACC08890,CUST02001,BR022,Salary,2023-11-18,56712.97,Closed
ACC11535,CUST06833,BR008,Savings,2024-11-17,12652.43,Closed
ACC05383,CUST08517,BR008,Current,2026-01-06,33267.13,Active
ACC02438,CUST07717,BR000,Salary,2025-11-08,96107.0,Closed
ACC00757,CUST03194,BR047,Current,2024-05-20,54084.41,Closed
ACC01936,CUST04862,BR040,Savings,2024-01-17,44702.27,Active
ACC03909,CUST03152,BR025,Current,2025-06-06,-84367.82,Closed
ACC00184,CUST04777,BR025,Current,2024-02-29,26317.73,Closed
ACC07474,CUST09192,BR021,Savings,2025-05-28,2722.6,Active
ACC07024,CUST01185,BR016,Savings,2024-08-10,67195.85,Active
ACC10725,CUST03458,BR023,Current,2025-04-01,72705.51,Closed
ACC00947,CUST03419,BR032,Salary,2025-07-27,28418.18,Dormant
ACC01888,CUST07042,BR007,Savings,2026-03-24,77508.83,Dormant
ACC09051,CUST01505,BR036,Salary,2023-10-22,4997.02,Active
ACC06525,CUST06028,BR016,Current,2026-01-30,41716.72,Closed
ACC02886,CUST04779,BR031,Salary,2024-07-20,28891.18,Active
ACC01809,CUST99999,BR040,Savings,2025-12-01,35538.71,Closed
ACC06239,CUST05364,BR026,Salary,2024-11-04,98274.16,Active
ACC04320,CUST02744,BR048,Savings,2024-05-31,25030.65,Dormant
ACC05830,CUST03590,BR010,Savings,2025-11-21,19963.77,Active
ACC06809,CUST00672,BR031,Savings,2024-05-03,45730.57,Dormant
ACC09548,CUST07425,BR029,Savings,2024-02-23,49165.71,Dormant
ACC07646,CUST05614,BR028,Current,2024-06-15,33881.92,Dormant
ACC09567,CUST08435,BR021,Savings,2024-06-18,49131.46,Dormant
ACC11771,CUST07429,BR022,Savings,2025-12-10,88924.81,Active
ACC01315,CUST04205,BR020,Salary,2024-03-31,23176.1,Closed
ACC08293,CUST09567,BR025,Salary,2026-05-10,83879.47,Closed
ACC05519,CUST04114,BR035,Current,2024-04-23,37140.23,Closed
ACC11411,CUST02211,BR021,Salary,2024-11-11,25862.18,Closed
ACC05064,CUST01677,BR035,Salary,2025-07-12,48778.82,Closed
ACC07014,CUST08327,BR031,Current,2024-10-06,66009.76,Closed
ACC09623,CUST02770,BR019,Current,2026-08-25,1360.06,Closed
ACC05255,CUST02433,BR009,Savings,2023-09-22,13751.46,Closed
ACC06232,CUST04565,BR034,Current,2024-04-08,67060.41,Dormant
ACC03562,CUST01235,BR040,Salary,2024-04-16,29432.63,Dormant
ACC03268,CUST02653,BR001,Savings,2024-09-18,39241.4,Closed
ACC01720,CUST06649,BR018,Savings,2024-05-27,13475.19,Active
ACC00258,CUST08974,BR035,Salary,2025-06-28,56861.95,Active
ACC05371,CUST03322,BR023,Salary,2025-04-10,57737.7,Dormant
ACC04208,CUST06720,BR002,Savings,2026-04-01,10167.39,Dormant
ACC01204,CUST07257,BR038,Savings,2023-12-24,33396.0,Active
ACC01499,CUST02270,BR009,Current,2024-04-26,22672.51,Active
ACC02373,CUST08816,BR012,Savings,2025-09-09,36299.2,Dormant
ACC05173,CUST00978,BR008,Current,2025-01-06,44624.84,Closed
ACC01069,CUST01524,BR037,Current,2024-03-07,6360.8,Active
ACC07755,CUST02187,BR016,Salary,2025-04-15,24976.32,Closed
ACC05969,CUST99999,BR004,Current,2023-09-27,90979.09,Closed
ACC00600,CUST08411,BR007,Savings,2025-05-21,81745.04,Closed
ACC09489,CUST01674,BR040,Current,2024-03-30,10286.27,Dormant
ACC06084,CUST07833,BR045,Current,2023-12-28,17466.38,Dormant
ACC10742,CUST04143,BR015,Current,2026-01-05,49632.27,Dormant
ACC01681,CUST05926,BR029,Salary,2025-03-12,17909.08,Dormant
ACC02575,CUST00652,BR002,Salary,2026-08-02,67667.54,Active
ACC11419,CUST09234,BR027,Savings,2026-07-20,95203.74,Closed
ACC03454,CUST05094,BR048,Savings,2024-11-30,24007.91,Dormant
ACC08919,CUST00075,BR021,Current,2024-05-29,54271.99,Closed
ACC09169,CUST03026,BR022,Salary,2026-05-16,37507.12,Closed
ACC07879,CUST06126,BR013,Current,2024-04-13,3565.46,Dormant
ACC11672,CUST08039,BR047,Current,2026-02-21,16725.19,Active
ACC08088,CUST09167,BR000,Current,2023-12-02,78395.96,Closed
ACC05155,CUST00142,BR046,Salary,2026-04-23,52870.07,Closed
ACC01956,CUST00921,BR014,Savings,2025-04-13,86029.44,Active
ACC05208,CUST08471,BR007,Salary,2026-03-04,77103.42,Dormant
ACC06389,CUST07015,BR004,Current,2023-12-24,18287.95,Dormant
ACC11358,CUST09699,BR037,Current,2026-02-14,20807.12,Dormant
ACC04993,CUST07710,BR012,Savings,2026-04-04,19754.97,Active
ACC01046,CUST09161,BR036,Current,2024-01-28,61233.52,Active
ACC07387,CUST04310,BR023,Salary,2026-01-19,54750.37,Dormant
ACC07707,CUST06337,BR012,Current,2024-10-09,88786.22,Closed
ACC03363,CUST06790,BR015,Current,2025-11-18,20956.28,Active
ACC09867,CUST06951,BR010,Current,2025-02-24,30180.27,Active
ACC07180,CUST00175,BR042,Salary,2025-08-24,91115.52,Dormant
ACC07357,CUST08390,BR032,Salary,2024-04-19,79392.82,Closed
ACC05715,CUST07407,BR012,Current,2023-09-20,27968.92,Active
ACC07919,CUST00959,BR033,Current,2026-04-26,64926.98,Active
ACC00795,CUST09289,BR023,Current,2025-03-24,26504.02,Dormant
ACC03061,CUST05824,BR006,Salary,2024-06-01,6668.99,Active
ACC06784,CUST01902,BR037,Current,2024-11-10,28565.14,Dormant
ACC04874,CUST09338,BR013,Current,2025-03-17,98596.6,Dormant
ACC03688,CUST08700,BR045,Current,2025-03-07,23889.8,Dormant
ACC00333,CUST00416,BR021,Current,2026-07-23,43125.34,Closed
ACC03415,CUST03088,BR005,Savings,2025-03-02,80413.02,Closed
ACC11788,CUST01564,BR002,Savings,2025-08-03,55138.53,Active
ACC00816,CUST05838,BR016,Salary,2024-09-21,51998.46,Dormant
ACC09293,CUST05166,BR006,Salary,2024-09-08,11942.45,Dormant
ACC07694,CUST07559,BR039,Salary,2023-11-11,80581.86,Active
ACC02769,CUST07008,BR044,Savings,2025-08-05,28895.16,Active
ACC00532,CUST04542,BR031,Savings,2024-12-18,96495.98,Active
ACC05034,CUST06599,BR047,Savings,2025-06-05,64804.14,Closed
ACC00815,CUST04576,BR004,Current,2025-08-09,99799.27,Dormant
ACC10080,CUST06779,BR049,Savings,2026-02-13,61918.75,Closed
ACC09056,CUST08975,BR046,Savings,2026-01-25,24468.82,Dormant
ACC09288,CUST08861,BR012,Current,2025-06-04,14174.7,Closed
ACC04487,CUST01600,BR006,Salary,2024-05-12,26147.89,Closed
ACC01020,CUST02996,BR027,Current,2025-07-11,63487.77,Active
ACC10209,CUST08115,BR008,Savings,2023-11-12,89414.6,Active
ACC04716,CUST09248,BR023,Salary,2025-04-10,78681.39,Active
ACC01352,CUST04723,BR028,Salary,2026-07-19,28702.5,Closed
ACC04367,CUST01216,BR014,Savings,2025-12-18,55678.79,Closed
ACC04010,CUST09292,BR048,Salary,2026-01-10,36080.68,Dormant
ACC03017,CUST01717,BR014,Savings,2025-12-19,23751.19,Dormant
ACC06343,CUST06975,BR009,Savings,2026-08-09,5119.89,Active
ACC08692,CUST09626,BR028,Current,2024-08-11,43722.33,Dormant
ACC04154,CUST06267,BR048,Current,2026-04-20,64398.87,Closed
ACC09546,CUST09828,BR010,Salary,2023-11-18,29249.4,Dormant
ACC05247,CUST08664,BR025,Salary,2025-03-22,23439.39,Active
ACC04976,CUST09528,BR001,Current,2025-08-05,90802.81,Closed
ACC02128,CUST06257,BR047,Savings,2025-06-01,87827.94,Dormant
ACC00987,CUST08424,BR004,Current,2026-03-13,10848.84,Active
ACC03332,CUST05976,BR020,Current,2024-02-18,66302.55,Active
ACC08987,CUST03421,BR005,Salary,2024-12-20,82373.29,Closed
ACC01248,CUST00588,BR047,Savings,2026-05-26,59949.57,Closed
ACC10196,CUST08707,BR009,Savings,2024-01-17,45823.1,Closed
ACC07785,CUST04988,BR049,Savings,2024-10-24,73469.28,Closed
ACC05142,CUST07488,BR039,Salary,2024-11-27,22420.94,Closed
ACC07612,CUST06437,BR038,Savings,2024-05-28,11056.34,Active
ACC11955,CUST04312,BR035,Current,2026-05-28,13734.79,Dormant
ACC01751,CUST01225,BR039,Current,2026-06-03,86550.68,Active
ACC02053,CUST08800,BR011,Salary,2025-09-21,79223.08,Closed
ACC03327,CUST09515,BR042,Salary,2025-10-25,46989.62,Dormant
ACC03827,CUST04190,BR006,Current,2025-07-06,41513.35,Dormant
ACC00268,CUST05840,BR021,Salary,2025-02-17,35217.16,Dormant
ACC05789,CUST03920,BR044,Current,2025-05-23,4076.81,Active
ACC09410,CUST06388,BR005,Salary,2026-01-30,91296.39,Active
ACC08921,CUST01577,BR025,Current,2025-12-23,41545.26,Active
ACC01463,CUST01324,BR038,Current,2024-10-25,9908.82,Active
ACC00499,CUST01962,BR022,Savings,2026-02-26,17069.12,Active
ACC04549,CUST06492,BR031,Current,2023-09-22,15123.1,Active
ACC02688,CUST01364,BR036,Salary,2025-09-20,71133.2,Dormant
ACC01040,CUST00114,BR001,Current,2024-11-14,24338.97,Active
ACC07803,CUST99999,BR002,Savings,2024-02-21,43376.03,Closed
ACC05301,CUST07408,BR016,Current,2024-02-17,16699.63,Dormant
ACC03276,CUST05830,BR030,Savings,2026-03-25,10776.13,Closed
ACC00274,CUST01939,BR011,Current,2025-08-05,75806.5,Closed
ACC07487,CUST04682,BR022,Salary,2023-10-27,15306.43,Closed
ACC00211,CUST00530,BR030,Current,2025-05-20,79055.47,Closed
ACC11374,CUST09880,BR010,Salary,2025-12-02,50861.55,Active
ACC06528,CUST07626,BR026,Salary,2025-04-13,19847.65,Active
ACC10756,CUST08641,BR024,Current,2026-07-23,11991.21,Active
ACC08139,CUST01892,BR042,Salary,2024-09-26,33719.33,Active
ACC09261,CUST03200,BR006,Savings,2024-05-30,90495.25,Dormant
ACC02877,CUST02755,BR006,Salary,2026-01-29,60866.05,Active
ACC11884,CUST00026,BR019,Savings,2025-07-13,20706.27,Active
ACC07676,CUST02829,BR041,Salary,2025-12-14,35167.06,Dormant
ACC04505,CUST05339,BR005,Current,2026-09-07,26742.75,Active
ACC02182,CUST06135,BR043,Savings,2024-07-15,48960.91,Closed
ACC11913,CUST06283,BR008,Salary,2024-03-18,75911.4,Dormant
ACC00986,CUST99999,BR007,Salary,2026-05-06,25716.08,Active
ACC08451,CUST09634,BR009,Salary,2024-11-24,44836.59,Closed
ACC05835,CUST08752,BR049,Current,2026-01-09,75447.5,Dormant
ACC04662,CUST08547,BR044,Salary,2026-03-03,28353.96,Closed
ACC07364,CUST04333,BR000,Savings,2026-07-08,25006.69,Closed
ACC11812,CUST06885,BR016,Current,2024-12-18,53495.95,Closed
ACC02019,CUST06085,BR033,Salary,2023-12-23,82700.8,Dormant
ACC01096,CUST07867,BR015,Current,2026-05-14,97676.73,Active
ACC11703,CUST08046,BR023,Savings,2026-03-18,5166.81,Active
ACC10859,CUST07789,BR035,Salary,2023-10-20,10839.69,Dormant
ACC04059,CUST05940,BR042,Salary,2025-08-01,30347.23,Dormant
ACC02738,CUST04756,BR049,Salary,2023-12-07,63632.67,Closed
ACC03410,CUST01771,BR027,Salary,2025-05-04,38945.41,Closed
ACC04209,CUST08975,BR042,Current,2025-01-15,74592.5,Closed
ACC02740,CUST03524,BR001,Salary,2025-08-27,45756.75,Active
ACC06404,CUST02770,BR005,Savings,2026-04-28,91182.98,Closed
ACC02224,CUST03295,BR027,Salary,2025-09-21,92254.53,Active
ACC01527,CUST05522,BR014,Current,2025-02-16,38976.42,Active
ACC11974,CUST06878,BR035,Current,2024-01-22,5808.03,Active
ACC01550,CUST07538,BR039,Salary,2023-12-11,61839.67,Active
ACC01345,CUST02309,BR017,Savings,2023-09-30,8800.72,Dormant
ACC05777,CUST03475,BR013,Salary,2025-09-10,89963.15,Active
ACC03603,CUST00136,BR045,Current,2026-02-04,79238.38,Active
ACC00449,CUST03882,BR000,Salary,2026-07-11,75433.42,Dormant
ACC09031,CUST05230,BR008,Savings,2025-07-16,87294.33,Closed
ACC09830,CUST07455,BR023,Savings,2025-06-12,19988.37,Closed
ACC07349,CUST07427,BR016,Current,2025-08-16,31010.68,Closed
ACC11332,CUST02586,BR005,Savings,2023-09-28,89596.02,Dormant
ACC03023,CUST00929,BR044,Salary,2025-07-08,13210.44,Dormant
ACC00375,CUST09549,BR037,Savings,2025-03-04,68462.75,Closed
ACC06930,CUST01624,BR030,Salary,2026-01-22,71812.5,Dormant
ACC05139,CUST09080,BR003,Salary,2024-07-15,45702.73,Active
ACC03476,CUST02946,BR024,Salary,2025-10-07,75100.47,Dormant
ACC01713,CUST02965,BR003,Current,2025-11-30,82717.51,Closed
ACC00785,CUST01002,BR010,Current,2025-04-06,88933.31,Closed
ACC01980,CUST05476,BR046,Salary,2026-04-11,55791.27,Active
ACC02102,CUST07662,BR045,Savings,2024-12-08,74949.33,Closed
ACC01101,CUST03040,BR032,Savings,2026-01-11,86805.23,Closed
ACC03297,CUST08239,BR016,Salary,2024-05-24,3527.64,Active
ACC06796,CUST08582,BR013,Savings,2026-06-25,49636.24,Active
ACC08134,CUST01350,BR000,Salary,2025-09-13,93694.4,Active
ACC05648,CUST00459,BR013,Current,2026-03-14,71257.13,Dormant
ACC02811,CUST00873,BR012,Savings,2024-02-12,78844.17,Dormant
ACC09503,CUST06257,BR031,Salary,2025-06-27,26707.8,Active
ACC04325,CUST02963,BR006,Salary,2024-03-06,6472.25,Active
ACC06632,CUST03305,BR031,Salary,2024-01-15,29788.89,Closed
ACC07589,CUST02889,BR024,Current,2025-12-18,66631.75,Closed
ACC04418,CUST00759,BR014,Salary,2024-03-01,6971.33,Closed
ACC00684,CUST05627,BR039,Current,2024-08-16,51670.54,Closed
ACC10790,CUST08311,BR005,Current,2025-08-25,4613.69,Active
ACC10410,CUST01359,BR027,Current,2025-09-23,78690.39,Dormant
ACC07534,CUST04961,BR016,Current,2025-08-14,66805.48,Closed
ACC02994,CUST03590,BR026,Savings,2024-04-30,48825.18,Dormant
ACC09021,CUST02465,BR025,Salary,2023-12-11,58982.98,Dormant
ACC11677,CUST09500,BR017,Savings,2024-12-04,60697.04,Closed
ACC10493,CUST04194,BR046,Current,2025-11-07,71954.12,Closed
ACC04013,CUST08204,BR049,Current,2025-08-26,80284.31,Active
ACC05784,CUST01654,BR028,Salary,2025-04-07,79351.45,Dormant
ACC08172,CUST06067,BR041,Current,2024-12-11,79084.35,Active
ACC06099,CUST09989,BR010,Salary,2025-03-26,7654.21,Closed
ACC06278,CUST08479,BR021,Savings,2025-12-30,47998.05,Closed
ACC08246,CUST07158,BR002,Current,2024-07-30,8354.56,Closed
ACC11009,CUST03422,BR043,Salary,2024-12-08,39914.23,Dormant
ACC08793,CUST08836,BR033,Savings,2025-09-30,98704.33,Active
ACC03376,CUST07177,BR024,Salary,2026-05-30,56480.74,Closed
ACC11229,CUST00058,BR040,Savings,2025-08-05,30547.27,Active
ACC07308,CUST05294,BR038,Current,2023-12-28,23001.6,Active
ACC07625,CUST04048,BR002,Savings,2024-11-13,62653.22,Active
ACC11747,CUST02726,BR011,Savings,2024-11-07,60856.09,Dormant
ACC01753,CUST09854,BR037,Savings,2026-05-06,64800.2,Closed
ACC09323,CUST06892,BR048,Current,2025-03-12,67594.95,Dormant
ACC05837,CUST00466,BR035,Current,2026-01-24,44062.92,Active
ACC03725,CUST02031,BR019,Savings,2024-06-28,1871.88,Dormant
ACC03279,CUST02042,BR010,Savings,2025-05-23,60220.51,Active
ACC00311,CUST02979,BR013,Salary,2024-06-29,52787.76,Closed
ACC03669,CUST08738,BR043,Savings,2024-02-15,22453.76,Active
ACC10644,CUST03283,BR032,Salary,2024-09-22,85185.21,Dormant
ACC11595,CUST04554,BR039,Current,2026-03-14,35669.37,Dormant
ACC08624,CUST03607,BR035,Salary,2026-03-25,5077.92,Closed
ACC07507,CUST05981,BR037,Current,2025-04-28,86394.93,Closed
ACC11034,CUST00507,BR044,Salary,2026-07-04,84822.05,Active
ACC08587,CUST01979,BR009,Salary,2024-04-19,35410.24,Dormant
ACC00026,CUST08687,BR014,Salary,2025-06-21,67747.55,Active
ACC01546,CUST04642,BR049,Savings,2024-02-06,31388.08,Active
ACC03135,CUST01165,BR005,Salary,2026-04-26,24472.1,Closed
ACC10707,CUST06246,BR035,Salary,2024-04-04,14561.56,Dormant
ACC03348,CUST03655,BR027,Current,2025-07-20,9522.13,Closed
ACC06263,CUST02089,BR013,Salary,2025-02-21,87664.2,Closed
ACC00324,CUST08425,BR001,Salary,2025-12-12,21790.65,Active
ACC08501,CUST07501,BR045,Savings,2026-01-24,60500.31,Closed
ACC11500,CUST09677,BR022,Current,2025-04-28,23708.99,Active
ACC02287,CUST07479,BR037,Salary,2026-06-01,29923.06,Active
ACC01932,CUST06960,BR033,Salary,2024-02-15,86523.47,Dormant
ACC09982,CUST08619,BR030,Savings,2026-05-24,6101.97,Closed
ACC08649,CUST02864,BR046,Current,2023-11-14,41864.35,Active
ACC00643,CUST01141,BR006,Savings,2025-07-23,69759.62,Dormant
ACC10958,CUST06648,BR016,Current,2026-01-14,27157.0,Active
ACC03196,CUST00363,BR012,Current,2025-07-15,25201.23,Active
ACC09922,CUST05168,BR018,Salary,2025-03-12,70562.04,Active
ACC01016,CUST09617,BR017,Savings,2025-07-20,71040.62,Dormant
ACC01772,CUST07393,BR022,Salary,2025-08-11,56806.75,Closed
ACC09190,CUST03271,BR013,Savings,2026-01-06,48659.85,Dormant
ACC11609,CUST03111,BR008,Salary,2024-04-25,8995.73,Dormant
ACC10947,CUST07697,BR014,Current,2024-05-11,27050.55,Closed
ACC00371,CUST08970,BR016,Current,2024-08-05,60783.75,Dormant
ACC10237,CUST08018,BR048,Salary,2025-05-15,80131.7,Active
ACC02532,CUST01940,BR026,Savings,2024-11-29,59011.58,Closed
ACC02745,CUST99999,BR002,Current,2024-10-08,19614.07,Closed
ACC08807,CUST03707,BR000,Savings,2024-02-10,4734.0,Active
ACC08741,CUST02743,BR033,Current,2024-08-24,69688.85,Dormant
ACC08943,CUST05249,BR006,Salary,2025-10-06,84981.15,Active
ACC03022,CUST01497,BR000,Current,2026-07-22,90346.48,Closed
ACC06068,CUST04198,BR017,Current,2025-08-03,93734.42,Closed
ACC03107,CUST06165,BR048,Current,2025-02-27,29480.47,Active
ACC03040,CUST08573,BR006,Current,2025-08-22,39279.87,Dormant
ACC08934,CUST09282,BR047,Current,2026-03-10,85719.53,Dormant
ACC11629,CUST00831,BR023,Salary,2026-09-06,74975.04,Dormant
ACC11865,CUST09123,BR042,Current,2025-12-19,24923.59,Active
ACC06558,CUST02817,BR018,Savings,2023-11-06,9809.11,Active
ACC04485,CUST09967,BR046,Current,2023-12-05,31660.25,Closed
ACC11328,CUST07593,BR020,Salary,2026-04-01,47478.41,Dormant
ACC08784,CUST01783,BR030,Savings,2026-03-19,45210.3,Active
ACC11979,CUST04981,BR037,Salary,2026-05-21,75618.59,Closed
ACC04415,CUST04640,BR015,Savings,2026-03-09,66401.89,Dormant
ACC04690,CUST04705,BR006,Current,2024-06-09,37024.5,Active
ACC00874,CUST07270,BR000,Savings,2024-10-03,46597.1,Closed
ACC00567,CUST04386,BR049,Current,2024-08-05,17198.3,Closed
ACC00592,CUST06548,BR032,Salary,2025-08-16,93625.41,Dormant
ACC08069,CUST09460,BR028,Savings,2025-01-27,17585.6,Dormant
ACC00339,CUST04669,BR044,Current,2026-02-24,67142.7,Active
ACC08042,CUST09050,BR043,Current,2026-07-16,54277.8,Active
ACC10424,CUST01021,BR040,Savings,2025-11-24,81227.95,Active
ACC05456,CUST00761,BR030,Savings,2025-08-28,62668.64,Closed
ACC05144,CUST07332,BR044,Current,2024-10-02,78923.81,Closed
ACC03663,CUST06355,BR018,Current,2024-04-01,57972.29,Closed
ACC11033,CUST00995,BR032,Current,2026-05-31,46507.44,Dormant
ACC10674,CUST08953,BR005,Savings,2025-11-23,92901.24,Closed
ACC10985,CUST01135,BR034,Salary,2023-09-25,83123.52,Closed
ACC09147,CUST06439,BR047,Savings,2026-01-14,67715.6,Closed
ACC00729,CUST01052,BR011,Current,2023-11-28,42152.19,Active
ACC08194,CUST07135,BR001,Salary,2025-08-30,82522.25,Active
ACC02828,CUST08966,BR020,Current,2025-10-30,45974.22,Dormant
ACC01267,CUST07473,BR003,Salary,2024-10-01,97371.17,Active
ACC00176,CUST05016,BR023,Salary,2024-05-16,78163.6,Closed
ACC11488,CUST08387,BR007,Savings,2024-09-05,50410.9,Active
ACC09631,CUST08538,BR037,Savings,2024-09-18,53275.61,Closed
ACC01176,CUST06612,BR049,Savings,2025-07-23,85212.03,Dormant
ACC02088,CUST00189,BR013,Current,2024-06-25,42682.34,Closed
ACC09652,CUST01279,BR000,Salary,2026-03-06,29840.84,Active
ACC02833,CUST00950,BR009,Salary,2026-02-22,38851.87,Dormant
ACC07197,CUST01579,BR008,Savings,2025-02-05,15329.47,Active
ACC04419,CUST03075,BR011,Salary,2025-06-13,49542.61,Closed
ACC03533,CUST09469,BR022,Current,2025-12-13,38069.32,Dormant
ACC07503,CUST03558,BR035,Current,2025-09-15,38305.46,Active
ACC09152,CUST03782,BR023,Savings,2025-03-25,3207.23,Active
ACC11292,CUST06157,BR044,Salary,2025-04-28,8627.37,Closed
ACC11240,CUST08165,BR023,Savings,2025-07-25,46261.97,Dormant
ACC08473,CUST01967,BR021,Savings,2025-09-15,80370.05,Closed
ACC10676,CUST09187,BR014,Salary,2024-06-13,91350.45,Active
ACC10967,CUST08287,BR015,Current,2024-05-22,9222.29,Closed
ACC04344,CUST00847,BR038,Salary,2025-07-23,48759.56,Closed
ACC00394,CUST99999,BR023,Savings,2024-04-04,11514.21,Closed
ACC04278,CUST04350,BR021,Salary,2023-10-27,58400.56,Closed
ACC09044,CUST04425,BR006,Salary,2026-03-30,91523.46,Dormant
ACC01226,CUST05022,BR042,Savings,2025-04-13,43214.25,Dormant
ACC01860,CUST08341,BR025,Salary,2024-02-01,42360.25,Active
ACC10536,CUST00618,BR036,Savings,2024-07-08,62285.78,Closed
ACC03939,CUST03824,BR034,Savings,2024-01-18,49055.04,Dormant
ACC02927,CUST06356,BR032,Savings,2025-04-22,89567.46,Closed
ACC10232,CUST00666,BR011,Current,2025-12-16,94043.51,Closed
ACC04616,CUST08769,BR006,Savings,2025-05-29,33413.39,Closed
ACC11977,CUST06308,BR024,Savings,2025-01-06,57292.03,Dormant
ACC07287,CUST06340,BR033,Salary,2024-04-27,22474.56,Dormant
ACC03116,CUST05766,BR035,Current,2026-03-22,62203.65,Closed
ACC02783,CUST08532,BR037,Salary,2025-12-08,39778.72,Active
ACC08540,CUST05370,BR008,Salary,2025-11-13,78049.59,Closed
ACC08801,CUST05361,BR002,Salary,2025-10-08,37949.3,Dormant
ACC00694,CUST09794,BR042,Savings,2026-07-30,39630.73,Active
ACC05950,CUST99999,BR045,Salary,2023-12-02,22542.53,Active
ACC04089,CUST05380,BR024,Salary,2025-09-30,63406.56,Active
ACC08606,CUST05644,BR000,Savings,2025-12-03,34951.37,Closed
ACC02501,CUST00790,BR029,Savings,2024-06-04,70625.28,Dormant
ACC02511,CUST01579,BR042,Savings,2024-10-23,82668.78,Dormant
ACC08980,CUST05426,BR019,Salary,2025-12-11,17082.16,Dormant
ACC02149,CUST05843,BR024,Salary,2024-05-04,82078.99,Closed
ACC01983,CUST01641,BR000,Savings,2024-02-28,45809.09,Active
ACC09208,CUST02070,BR020,Savings,2025-01-08,85198.1,Closed
ACC06427,CUST08833,BR010,Savings,2025-11-29,86665.1,Dormant
ACC02334,CUST05109,BR036,Salary,2024-10-28,13232.17,Dormant
ACC05939,CUST09768,BR038,Current,2025-10-12,8243.45,Dormant
ACC02354,CUST04506,BR009,Current,2025-10-22,5351.43,Closed
ACC06293,CUST02186,BR000,Savings,2024-02-01,31640.21,Dormant
ACC02494,CUST01695,BR001,Savings,2026-01-27,6280.62,Closed
ACC11989,CUST05403,BR000,Salary,2026-01-16,58634.2,Active
ACC05764,CUST05545,BR014,Savings,2025-05-23,75331.24,Closed
ACC01299,CUST09710,BR036,Current,2026-04-30,60647.61,Closed
ACC03664,CUST02471,BR020,Salary,2025-09-20,36417.66,Dormant
ACC03282,CUST05278,BR014,Salary,2026-08-18,67184.36,Active
ACC03895,CUST99999,BR021,Current,2024-12-04,18617.05,Closed
ACC04512,CUST05195,BR035,Savings,2026-05-23,26462.18,Dormant
ACC04601,CUST03151,BR016,Salary,2025-11-20,45874.92,Closed
ACC05912,CUST01971,BR039,Current,2024-06-30,16306.32,Dormant
ACC08507,CUST04495,BR017,Salary,2024-10-21,32707.79,Active
ACC06031,CUST03136,BR036,Savings,2024-02-09,1443.59,Active
ACC10235,CUST03172,BR018,Current,2024-12-19,22972.87,Active
ACC07804,CUST07128,BR021,Current,2025-07-25,99378.34,Active
ACC03962,CUST02281,BR010,Current,2024-11-04,23743.18,Dormant
ACC01815,CUST02439,BR024,Savings,2024-11-21,70787.66,Dormant
ACC11211,CUST02108,BR044,Current,2026-01-08,42724.9,Closed
ACC10280,CUST00700,BR048,Salary,2024-01-13,84677.74,Dormant
ACC04684,CUST05091,BR026,Savings,2025-01-12,7894.43,Closed
ACC11427,CUST00434,BR036,Salary,2023-11-13,19159.35,Dormant
ACC05733,CUST09474,BR005,Savings,2025-03-30,47887.29,Closed
ACC07868,CUST09703,BR034,Salary,2026-08-25,33842.42,Dormant
ACC07901,CUST03698,BR023,Savings,2024-03-10,43199.19,Active
ACC03234,CUST07153,BR024,Savings,2025-05-19,9094.25,Active
ACC09733,CUST09370,BR028,Savings,2024-06-04,61358.41,Dormant
ACC11692,CUST04203,BR004,Salary,2024-05-27,39500.69,Active
ACC07911,CUST09862,BR020,Savings,2024-09-04,17663.66,Active
ACC06226,CUST08541,BR012,Savings,2025-12-13,98894.31,Active
ACC10189,CUST09094,BR036,Current,2026-01-17,8348.49,Active
ACC06728,CUST00427,BR031,Savings,2024-10-09,37486.44,Dormant
ACC06946,CUST06529,BR017,Salary,2023-12-02,15787.76,Closed
ACC10735,CUST06053,BR020,Savings,2026-06-07,10266.4,Active
ACC06502,CUST07074,BR038,Current,2024-02-17,18274.88,Dormant
ACC02441,CUST07265,BR026,Salary,2026-01-30,2421.72,Active
ACC00133,CUST06288,BR029,Salary,2023-11-21,60795.63,Dormant
ACC09564,CUST00676,BR046,Salary,2026-07-02,80887.91,Closed
ACC01832,CUST07871,BR042,Current,2024-10-04,85863.0,Dormant
ACC05972,CUST03390,BR043,Salary,2025-04-20,21743.57,Closed
ACC03914,CUST02695,BR020,Salary,2026-05-23,61540.03,Active
ACC02690,CUST04534,BR028,Salary,2025-08-15,64295.69,Dormant
ACC10022,CUST00361,BR014,Salary,2024-12-23,36485.82,Dormant
ACC06020,CUST00231,BR014,Salary,2026-05-15,20526.67,Closed
ACC06741,CUST02126,BR049,Current,2025-05-04,19348.3,Active
ACC05054,CUST01538,BR048,Salary,2025-08-19,52157.19,Closed
ACC11523,CUST09546,BR025,Current,2024-09-21,45307.3,Active
ACC02933,CUST04256,BR042,Savings,2024-10-19,12636.46,Closed
ACC02393,CUST03032,BR045,Current,2024-01-01,2450.56,Dormant
ACC05795,CUST07345,BR020,Savings,2023-12-07,33807.1,Closed
ACC05680,CUST03287,BR006,Savings,2026-06-13,72738.43,Active
ACC05505,CUST05310,BR008,Current,2023-09-25,91274.01,Active
ACC00506,CUST04229,BR006,Savings,2025-01-08,17756.32,Active
ACC07750,CUST00260,BR037,Salary,2024-03-16,51126.87,Active
ACC06340,CUST03338,BR013,Savings,2024-05-10,22747.35,Closed
ACC02368,CUST07924,BR021,Salary,2024-11-19,43660.45,Dormant
ACC05476,CUST01556,BR045,Salary,2025-11-04,88147.23,Dormant
ACC10702,CUST08301,BR025,Salary,2024-05-10,21841.15,Closed
ACC03543,CUST02426,BR043,Savings,2024-10-28,6044.16,Active
ACC04078,CUST04786,BR042,Salary,2024-07-14,48195.88,Dormant
ACC03629,CUST06190,BR001,Current,2024-10-01,92000.88,Active
ACC08791,CUST08424,BR010,Current,2026-04-02,38962.54,Active
ACC10291,CUST01479,BR039,Savings,2025-04-15,72059.34,Active
ACC09373,CUST06096,BR016,Salary,2024-04-30,48221.74,Active
ACC06271,CUST04202,BR021,Current,2025-02-03,49585.74,Dormant
ACC00922,CUST06699,BR005,Savings,2024-03-04,3277.03,Closed
ACC01447,CUST07328,BR000,Salary,2024-04-20,14698.69,Active
ACC03986,CUST07972,BR021,Current,2024-05-10,15772.11,Active
ACC01354,CUST08404,BR031,Savings,2026-03-05,14587.34,Closed
ACC08417,CUST08679,BR025,Current,2023-12-03,63004.88,Closed
ACC06399,CUST04048,BR027,Savings,2026-05-27,46360.18,Closed
ACC06604,CUST01959,BR019,Savings,2023-12-02,73828.07,Active
ACC02635,CUST09488,BR002,Current,2024-07-05,82373.47,Closed
ACC00035,CUST99999,BR048,Savings,2025-02-18,41761.05,Dormant
ACC07258,CUST07764,BR005,Salary,2023-09-15,53567.27,Active
ACC04821,CUST02877,BR045,Current,2025-11-29,39093.29,Dormant
ACC07667,CUST04584,BR016,Salary,2024-10-23,46551.14,Dormant
ACC00848,CUST08006,BR037,Current,2026-06-08,510.97,Closed
ACC04152,CUST08399,BR004,Salary,2023-09-10,56680.3,Dormant
ACC01363,CUST01258,BR001,Savings,2026-04-28,3229.16,Closed
ACC02903,CUST03791,BR000,Savings,2024-06-27,23013.1,Dormant
ACC04772,CUST02200,BR021,Savings,2026-05-04,92611.03,Active
ACC01109,CUST01961,BR028,Current,2024-03-09,81175.58,Active
ACC04047,CUST02435,BR005,Salary,2025-05-14,69049.1,Dormant
ACC02317,CUST06860,BR037,Current,2024-07-21,19730.29,Active
ACC08930,CUST03320,BR017,Current,2024-10-27,36001.77,Dormant
ACC10153,CUST06328,BR014,Savings,2024-04-17,26977.36,Active
ACC11704,CUST03436,BR004,Current,2025-07-13,38374.28,Dormant
ACC08273,CUST01038,BR024,Salary,2026-08-20,56916.47,Active
ACC03853,CUST01698,BR000,Savings,2023-11-16,45193.05,Active
ACC10583,CUST06964,BR042,Salary,2025-03-17,56135.57,Dormant
ACC02164,CUST99999,BR026,Savings,2024-09-30,70036.49,Dormant
ACC11074,CUST07035,BR009,Current,2024-06-29,54138.31,Active
ACC08021,CUST08527,BR018,Current,2025-12-10,27193.68,Dormant
ACC01133,CUST03930,BR019,Salary,2025-11-05,70535.42,Active
ACC04804,CUST01924,BR037,Savings,2026-05-03,63123.28,Active
ACC05353,CUST07694,BR000,Salary,2025-07-19,5532.58,Closed
ACC10052,CUST09149,BR001,Savings,2024-04-02,8747.4,Active
ACC09663,CUST00118,BR009,Current,2025-07-10,29485.68,Active
ACC05547,CUST01791,BR047,Savings,2024-10-22,56099.19,Active
ACC10895,CUST04520,BR035,Salary,2024-05-12,73097.87,Active
ACC10333,CUST06690,BR044,Salary,2024-05-30,48628.83,Dormant
ACC09573,CUST07496,BR031,Current,2024-12-14,94085.85,Closed
ACC04671,CUST00302,BR007,Savings,2025-04-23,93936.24,Closed
ACC05463,CUST05234,BR036,Salary,2024-06-08,19220.4,Active
ACC03677,CUST00876,BR037,Salary,2026-06-01,81037.54,Closed
ACC00160,CUST02268,BR017,Savings,2024-05-11,7435.62,Closed
ACC04579,CUST08277,BR024,Salary,2025-04-12,49604.86,Active
ACC09721,CUST03534,BR040,Savings,2026-06-18,98642.64,Closed
ACC03517,CUST08514,BR035,Salary,2024-09-11,4113.32,Dormant
ACC02136,CUST06104,BR001,Savings,2026-07-28,70723.79,Closed
ACC11992,CUST02849,BR034,Savings,2025-06-28,77388.83,Dormant
ACC06710,CUST06188,BR027,Savings,2024-08-03,48403.21,Closed
ACC04149,CUST05301,BR006,Savings,2023-10-09,22794.67,Active
ACC04683,CUST05185,BR015,Salary,2024-04-18,27080.32,Dormant
ACC02790,CUST02897,BR006,Salary,2026-07-21,34258.64,Closed
ACC09017,CUST02170,BR017,Current,2026-04-20,23205.71,Active
ACC05132,CUST09031,BR042,Salary,2024-02-21,17130.27,Dormant
ACC11983,CUST00512,BR025,Salary,2024-02-01,89747.34,Closed
ACC07856,CUST00820,BR026,Savings,2024-01-11,61682.22,Active
ACC11540,CUST05336,BR032,Savings,2026-07-16,24152.21,Active
ACC01615,CUST07816,BR023,Current,2025-06-22,58177.06,Dormant
ACC01658,CUST07043,BR036,Savings,2026-03-28,25496.94,Closed
ACC02223,CUST08196,BR036,Current,2025-05-19,24070.72,Active
ACC11902,CUST00796,BR025,Salary,2025-02-08,58274.28,Dormant
ACC09556,CUST05666,BR020,Current,2024-10-06,47047.26,Dormant
ACC01605,CUST03251,BR012,Salary,2026-06-26,9627.88,Closed
ACC00261,CUST01266,BR011,Salary,2023-12-02,94442.71,Active
ACC08121,CUST06284,BR027,Savings,2024-05-09,99396.09,Dormant
ACC07042,CUST01136,BR047,Savings,2023-11-23,88935.03,Closed
ACC03953,CUST04420,BR029,Savings,2024-09-10,15264.34,Active
ACC05508,CUST04922,BR005,Current,2026-04-19,25589.18,Closed
ACC10666,CUST01478,BR007,Salary,2023-12-18,27510.62,Dormant
ACC11605,CUST04639,BR041,Savings,2024-08-14,7250.53,Closed
ACC06402,CUST07279,BR004,Savings,2024-06-23,9124.32,Closed
ACC01064,CUST08217,BR014,Current,2025-08-15,30043.27,Dormant
ACC08794,CUST07742,BR024,Savings,2025-11-11,38021.56,Dormant
ACC04084,CUST05921,BR035,Current,2023-10-09,8313.51,Dormant
ACC01731,CUST99999,BR024,Current,2024-04-25,91007.64,Active
ACC05188,CUST09411,BR040,Salary,2026-04-03,53233.95,Active
ACC04143,CUST07448,BR029,Savings,2023-11-06,49523.21,Active
ACC04558,CUST06034,BR031,Salary,2026-04-11,60316.51,Dormant
ACC09415,CUST05667,BR033,Savings,2023-09-15,93439.07,Dormant
ACC02370,CUST07143,BR006,Salary,2026-03-25,21661.3,Dormant
ACC05074,CUST06831,BR001,Savings,2025-05-02,54250.8,Dormant
ACC11749,CUST01459,BR017,Salary,2024-02-02,67756.67,Active
ACC06872,CUST06893,BR020,Savings,2025-09-18,62874.65,Dormant
ACC06781,CUST06467,BR029,Current,2024-12-21,99845.4,Active
ACC05204,CUST02982,BR010,Savings,2026-01-20,38010.38,Dormant
ACC08792,CUST06811,BR031,Savings,2025-05-29,-71376.16,Dormant
ACC06447,CUST02449,BR010,Current,2026-09-02,37567.59,Active
ACC04482,CUST01826,BR046,Salary,2025-09-30,41396.93,Closed
ACC10797,CUST06210,BR007,Current,2025-06-18,56122.52,Closed
ACC04016,CUST09813,BR020,Salary,2024-03-15,13443.12,Active
ACC05653,CUST03814,BR022,Current,2024-04-01,26528.16,Active
ACC08767,CUST03874,BR046,Salary,2026-08-23,73518.56,Active
ACC04235,CUST09468,BR039,Savings,2025-03-06,45837.09,Active
ACC11645,CUST07628,BR026,Salary,2026-01-07,54688.91,Active
ACC00404,CUST04669,BR001,Current,2025-02-22,33310.43,Closed
ACC04699,CUST07555,BR022,Savings,2026-02-20,38911.75,Closed
ACC10667,CUST09029,BR035,Savings,2024-05-26,33894.67,Closed
ACC01746,CUST03533,BR046,Savings,2026-01-31,34115.14,Dormant
ACC00273,CUST06424,BR005,Savings,2025-12-20,44492.01,Active
ACC00330,CUST07583,BR022,Salary,2023-12-24,45500.14,Active
ACC09115,CUST07682,BR016,Current,2025-07-22,2178.37,Dormant
ACC04065,CUST06662,BR006,Current,2024-09-24,35446.93,Dormant
ACC04840,CUST06052,BR002,Salary,2024-02-27,63995.38,Active
ACC08059,CUST06029,BR035,Current,2024-05-11,67325.67,Dormant
ACC01834,CUST05423,BR049,Salary,2026-04-02,38155.91,Closed
ACC07193,CUST06778,BR032,Current,2023-10-08,17118.0,Active
ACC09915,CUST00241,BR030,Salary,2025-11-01,8455.29,Active
ACC06175,CUST05869,BR024,Salary,2025-07-26,31128.87,Dormant
ACC02880,CUST06113,BR012,Salary,2026-01-21,2803.06,Active
ACC03251,CUST03076,BR017,Current,2026-01-03,11599.73,Dormant
ACC09463,CUST03466,BR045,Savings,2026-01-05,89590.47,Active
ACC05999,CUST04201,BR035,Current,2024-06-14,56229.25,Closed
ACC01120,CUST00114,BR032,Salary,2024-09-21,93584.37,Closed
ACC04434,CUST00418,BR048,Salary,2025-04-26,99179.69,Dormant
ACC07721,CUST04414,BR008,Savings,2024-06-14,11509.26,Dormant
ACC02667,CUST00719,BR035,Salary,2024-09-10,30137.52,Dormant
ACC11776,CUST03360,BR000,Current,2025-12-24,56867.45,Closed
ACC00773,CUST07385,BR040,Current,2024-02-14,60957.55,Closed
ACC07593,CUST04493,BR003,Savings,2025-11-13,78897.88,Dormant
ACC00812,CUST09098,BR012,Salary,2024-09-24,28624.16,Active
ACC05667,CUST09856,BR019,Current,2026-03-28,94783.9,Dormant
ACC00416,CUST09091,BR012,Current,2024-11-11,26872.9,Closed
ACC05971,CUST09047,BR005,Salary,2024-08-01,96084.05,Active
ACC02509,CUST08662,BR026,Savings,2026-06-04,20512.94,Dormant
ACC03302,CUST04174,BR019,Savings,2026-06-07,9118.71,Closed
ACC07860,CUST03021,BR003,Salary,2024-07-20,86468.86,Closed
ACC11001,CUST07292,BR035,Current,2025-09-09,86623.56,Closed
ACC01614,CUST08977,BR002,Current,2025-04-15,16277.24,Dormant
ACC08551,CUST01586,BR015,Current,2024-04-06,73787.05,Closed
ACC01110,CUST09778,BR020,Salary,2026-06-11,7365.98,Active
ACC10747,CUST00889,BR037,Salary,2024-02-08,61344.64,Dormant
ACC04224,CUST09908,BR000,Salary,2024-01-24,55389.41,Closed
ACC10203,CUST06418,BR032,Salary,2024-05-27,83823.05,Closed
ACC07990,CUST09209,BR042,Salary,2025-06-16,19074.06,Dormant
ACC05487,CUST01794,BR043,Savings,2025-12-31,43348.89,Active
ACC11597,CUST02436,BR023,Salary,2024-02-21,77652.4,Dormant
ACC06947,CUST00095,BR029,Salary,2026-08-15,98993.32,Active
ACC11731,CUST99999,BR007,Salary,2025-04-01,1081.07,Active
ACC11559,CUST08546,BR007,Savings,2026-06-02,35393.31,Closed
ACC01710,CUST06122,BR004,Savings,2025-07-16,39272.0,Dormant
ACC05237,CUST05782,BR017,Current,2025-12-30,59184.4,Dormant
ACC07137,CUST01370,BR024,Savings,2026-04-21,45397.55,Dormant
ACC05852,CUST05065,BR016,Savings,2025-11-03,2997.19,Closed
ACC11512,CUST02950,BR009,Current,2024-12-20,23626.79,Dormant
ACC07525,CUST01346,BR043,Salary,2024-04-09,75454.02,Dormant
ACC07062,CUST01125,BR031,Salary,2026-07-19,1939.62,Closed
ACC08729,CUST06636,BR034,Savings,2023-11-11,82070.33,Active
ACC05542,CUST03480,BR018,Savings,2024-02-16,76833.52,Active
ACC01787,CUST04980,BR010,Savings,2023-11-11,8169.66,Dormant
ACC07888,CUST02459,BR042,Current,2025-12-26,74685.61,Dormant
ACC10518,CUST03705,BR033,Salary,2024-12-31,1710.06,Active
ACC06424,CUST06697,BR008,Current,2025-01-21,94848.72,Active
ACC00516,CUST07760,BR000,Savings,2025-07-17,23438.24,Dormant
ACC03867,CUST08179,BR023,Savings,2025-01-20,68980.89,Closed
ACC00554,CUST05974,BR033,Savings,2023-09-09,37635.86,Dormant
ACC02995,CUST05679,BR005,Salary,2023-09-23,13671.11,Closed
ACC10949,CUST02713,BR042,Current,2026-05-11,75532.27,Closed
ACC07374,CUST00871,BR015,Savings,2025-09-21,71795.59,Dormant
ACC01786,CUST05345,BR031,Salary,2026-01-17,62499.51,Dormant
ACC05259,CUST09295,BR000,Savings,2025-08-01,72108.47,Closed
ACC02243,CUST00408,BR041,Current,2024-06-17,18035.17,Closed
ACC05724,CUST07840,BR046,Savings,2024-05-06,9999.0,Active
ACC06998,CUST03595,BR016,Salary,2024-05-17,51635.22,Active
ACC11055,CUST04768,BR000,Current,2023-10-01,98201.06,Active
ACC08449,CUST08860,BR036,Salary,2025-04-10,48224.97,Active
ACC11726,CUST03407,BR043,Savings,2025-04-24,63898.42,Active
ACC07283,CUST09359,BR026,Savings,2025-07-25,83550.08,Closed
ACC02630,CUST02088,BR002,Savings,2023-09-30,59558.23,Active
ACC03155,CUST05178,BR037,Savings,2024-02-14,43103.81,Active
ACC03269,CUST01803,BR043,Savings,2024-10-05,71781.79,Closed
ACC04922,CUST06945,BR034,Current,2025-01-09,76077.43,Closed
ACC06276,CUST06681,BR002,Current,2025-05-10,1430.59,Dormant
ACC06050,CUST05233,BR048,Current,2025-06-09,49852.14,Dormant
ACC06855,CUST08371,BR000,Savings,2024-06-21,31174.2,Dormant
ACC00224,CUST00917,BR038,Savings,2026-03-10,56386.46,Active
ACC05907,CUST03646,BR034,Salary,2024-08-13,83514.91,Closed
ACC00685,CUST02302,BR042,Salary,2025-10-06,76762.3,Dormant
ACC08831,CUST09063,BR037,Salary,2025-10-21,38065.99,Dormant
ACC07352,CUST07531,BR047,Salary,2026-06-06,66438.5,Dormant
ACC10411,CUST00307,BR044,Current,2025-07-11,3285.78,Dormant
ACC11192,CUST07580,BR005,Current,2025-04-23,62323.26,Closed
ACC03513,CUST06080,BR026,Current,2025-03-03,30608.6,Closed
ACC08235,CUST01920,BR016,Current,2026-01-27,84495.76,Dormant
ACC11433,CUST09000,BR023,Current,2026-04-02,25427.21,Active
ACC10467,CUST01562,BR022,Savings,2025-08-13,39780.59,Dormant
ACC04147,CUST00107,BR009,Salary,2026-03-31,63718.5,Dormant
ACC04887,CUST08534,BR027,Salary,2025-04-30,76772.06,Closed
ACC02359,CUST04994,BR036,Current,2025-05-11,41438.56,Active
ACC06666,CUST07152,BR033,Salary,2024-03-01,78429.73,Dormant
ACC09569,CUST07055,BR032,Current,2023-11-18,9157.67,Closed
ACC11836,CUST07962,BR005,Current,2024-06-27,10865.79,Active
ACC10487,CUST07590,BR044,Salary,2023-12-22,61835.43,Dormant
ACC09953,CUST06641,BR016,Current,2025-11-19,71969.61,Closed
ACC00432,CUST01757,BR011,Current,2024-04-27,72428.56,Dormant
ACC11238,CUST04171,BR016,Salary,2024-05-26,51316.47,Dormant
ACC03974,CUST00898,BR042,Salary,2025-01-08,84765.35,Closed
ACC05957,CUST03281,BR026,Savings,2025-03-01,80620.61,Dormant
ACC03521,CUST06991,BR000,Current,2025-03-06,39869.62,Closed
ACC03131,CUST09466,BR043,Current,2026-03-07,28075.71,Dormant
ACC03185,CUST09872,BR031,Salary,2026-08-08,40170.1,Active
ACC10091,CUST05883,BR030,Savings,2025-12-28,2075.15,Active
ACC11340,CUST03910,BR016,Current,2025-11-22,81423.69,Closed
ACC00234,CUST06304,BR000,Current,2023-12-22,36850.69,Closed
ACC05174,CUST06869,BR044,Salary,2026-01-13,64408.66,Closed
ACC10239,CUST09971,BR015,Salary,2024-03-18,91701.71,Dormant
ACC11751,CUST05736,BR018,Current,2024-06-16,92984.32,Dormant
ACC02617,CUST09840,BR040,Current,2025-10-15,82158.46,Active
ACC01788,CUST01969,BR043,Savings,2025-08-07,4967.58,Active
ACC10833,CUST02050,BR004,Salary,2026-02-16,55310.87,Closed
ACC01471,CUST04528,BR005,Salary,2025-08-05,14756.67,Closed
ACC07639,CUST04507,BR013,Savings,2025-08-02,16513.76,Dormant
ACC07323,CUST04597,BR022,Salary,2024-01-20,93892.82,Dormant
ACC06643,CUST03321,BR027,Current,2026-08-28,36818.91,Active
ACC06452,CUST02858,BR030,Current,2024-08-16,2524.22,Closed
ACC07574,CUST01214,BR007,Salary,2024-01-24,74190.48,Dormant
ACC09287,CUST00578,BR003,Current,2024-06-15,41112.32,Dormant
ACC01343,CUST02134,BR004,Current,2024-01-27,50475.56,Closed
ACC02987,CUST07780,BR036,Salary,2023-11-23,58963.81,Dormant
ACC06292,CUST03945,BR036,Savings,2025-08-24,74429.44,Dormant
ACC11917,CUST02726,BR009,Savings,2026-03-11,77767.55,Active
ACC10505,CUST01712,BR042,Current,2024-03-25,53394.71,Dormant
ACC08916,CUST00547,BR000,Current,2024-12-25,40667.57,Closed
ACC04255,CUST02956,BR036,Savings,2024-08-24,57431.1,Active
ACC01910,CUST02186,BR041,Current,2025-09-06,80455.62,Active
ACC03140,CUST00079,BR017,Savings,2024-10-29,68593.28,Dormant
ACC06415,CUST00299,BR047,Current,2026-08-05,44377.37,Dormant
ACC03708,CUST09194,BR019,Salary,2024-11-12,82821.32,Closed
ACC00380,CUST02057,BR019,Savings,2024-05-11,63746.19,Active
ACC04232,CUST06898,BR038,Salary,2024-09-30,31951.0,Active
ACC07148,CUST01651,BR044,Savings,2024-07-17,38823.45,Active
ACC04382,CUST00964,BR021,Savings,2026-04-29,89587.51,Active
ACC08338,CUST02719,BR030,Salary,2023-11-21,44369.24,Active
ACC09313,CUST02619,BR044,Savings,2026-03-24,52654.1,Closed
ACC11354,CUST03830,BR041,Salary,2025-06-09,99320.49,Active
ACC09136,CUST04815,BR029,Current,2024-12-30,51168.29,Closed
ACC04045,CUST03769,BR034,Salary,2026-02-16,54333.4,Active
ACC08839,CUST07015,BR014,Salary,2023-10-06,78559.82,Active
ACC11845,CUST08908,BR013,Salary,2025-03-19,1359.28,Closed
ACC11172,CUST08234,BR014,Savings,2026-06-04,25094.95,Closed
ACC02614,CUST03875,BR042,Current,2026-06-01,50637.87,Active
ACC08684,CUST06234,BR032,Salary,2024-09-18,14248.19,Dormant
ACC01639,CUST09612,BR047,Current,2025-06-13,16954.27,Active
ACC09069,CUST02265,BR025,Salary,2026-01-11,17515.0,Dormant
ACC02181,CUST04690,BR023,Savings,2025-10-11,19207.32,Active
ACC00467,CUST05611,BR049,Savings,2024-05-13,46768.16,Dormant
ACC00932,CUST05604,BR038,Current,2024-04-27,52778.5,Closed
ACC08364,CUST09997,BR011,Savings,2024-07-23,57651.2,Active
ACC02120,CUST04740,BR030,Current,2026-04-21,77824.84,Active
ACC09756,CUST08358,BR025,Salary,2025-02-14,83777.44,Dormant
ACC06793,CUST07273,BR013,Savings,2024-05-01,81294.39,Dormant
ACC11714,CUST03684,BR030,Current,2024-12-22,3513.28,Dormant
ACC01093,CUST03043,BR004,Salary,2025-09-30,65698.5,Closed
ACC10490,CUST06728,BR042,Current,2026-02-15,40938.69,Closed
ACC00305,CUST00286,BR041,Current,2025-06-27,83847.26,Closed
ACC08041,CUST09540,BR005,Current,2024-05-14,9029.49,Dormant
ACC05351,CUST07674,BR002,Savings,2024-01-21,44844.66,Closed
ACC06049,CUST09590,BR049,Current,2023-10-09,52250.21,Dormant
ACC07145,CUST05033,BR004,Savings,2024-08-03,57446.9,Dormant
ACC00538,CUST08784,BR032,Savings,2025-05-26,60597.89,Dormant
ACC04036,CUST00001,BR038,Savings,2025-07-28,87408.59,Active
ACC04554,CUST04778,BR037,Savings,2026-03-30,93846.88,Closed
ACC08188,CUST06227,BR002,Salary,2024-04-11,40955.61,Active
ACC06305,CUST07955,BR035,Savings,2026-01-09,55790.71,Active
ACC00613,CUST01002,BR000,Savings,2023-11-26,63848.95,Closed
ACC10314,CUST06385,BR032,Current,2024-08-17,81251.22,Active
ACC04564,CUST04769,BR001,Salary,2025-03-03,87436.66,Closed
ACC11563,CUST08584,BR032,Salary,2024-08-21,24754.77,Closed
ACC01819,CUST08268,BR034,Savings,2026-07-29,87919.75,Active
ACC07007,CUST08792,BR011,Salary,2026-05-09,75995.29,Closed
ACC02577,CUST09965,BR021,Salary,2023-09-17,54882.34,Active
ACC06625,CUST06698,BR023,Savings,2024-08-18,-95801.06,Closed
ACC02644,CUST04155,BR027,Current,2025-05-23,39767.74,Active
ACC04389,CUST03391,BR036,Savings,2024-07-04,81835.66,Active
ACC06894,CUST03014,BR033,Savings,2024-07-20,43756.84,Closed
ACC00492,CUST09840,BR011,Salary,2026-07-30,9767.48,Closed
ACC01481,CUST05006,BR035,Salary,2026-06-28,60532.39,Closed
ACC02063,CUST04440,BR043,Savings,2024-07-14,14232.45,Closed
ACC11898,CUST08242,BR026,Current,2025-02-01,98838.1,Active
ACC01823,CUST07921,BR015,Current,2026-06-10,65294.79,Dormant
ACC00136,CUST01243,BR000,Current,2026-05-10,81771.8,Dormant
ACC05524,CUST07859,BR033,Salary,2025-10-05,31713.22,Dormant
ACC10743,CUST04410,BR019,Savings,2026-06-04,587.73,Closed
ACC06771,CUST01321,BR032,Salary,2025-02-08,73294.01,Closed
ACC07994,CUST99999,BR027,Savings,2024-03-24,91943.35,Closed
ACC08600,CUST05697,BR024,Savings,2025-10-29,31537.07,Dormant
ACC04724,CUST08226,BR000,Salary,2026-05-09,14599.96,Active
ACC04317,CUST04997,BR028,Current,2024-02-06,72631.47,Closed
ACC08646,CUST03620,BR035,Salary,2023-10-08,54275.27,Closed
ACC05131,CUST03345,BR045,Current,2025-11-29,40137.81,Closed
ACC09880,CUST06025,BR002,Current,2026-04-26,82166.34,Active
ACC09646,CUST05383,BR035,Savings,2026-09-04,35694.5,Dormant
ACC10817,CUST07014,BR004,Current,2025-05-27,4487.56,Closed
ACC03817,CUST08972,BR022,Savings,2025-11-29,59499.47,Closed
ACC11278,CUST07299,BR040,Savings,2025-10-11,21707.93,Dormant
ACC07339,CUST00646,BR024,Current,2026-07-17,48829.12,Active
ACC00225,CUST09915,BR034,Current,2026-01-16,42379.4,Closed
ACC05569,CUST04215,BR021,Savings,2026-04-04,55093.06,Active
ACC00971,CUST05207,BR018,Salary,2025-08-08,39017.55,Active
ACC01331,CUST08482,BR042,Savings,2024-12-10,38523.52,Closed
ACC11117,CUST04542,BR025,Current,2026-05-16,10863.31,Dormant
ACC04745,CUST03454,BR047,Current,2025-02-14,42087.03,Closed
ACC05541,CUST04622,BR020,Salary,2025-01-24,95336.72,Closed
ACC11329,CUST03226,BR048,Current,2026-02-23,10976.61,Closed
ACC04294,CUST06087,BR044,Current,2024-10-25,67994.22,Dormant
ACC05104,CUST05075,BR006,Salary,2024-07-30,28679.95,Dormant
ACC03323,CUST06727,BR033,Current,2025-08-28,29799.02,Active
ACC08250,CUST05032,BR009,Salary,2024-10-28,87988.12,Dormant
ACC01000,CUST05681,BR000,Current,2024-05-23,54655.05,Active
ACC05878,CUST06886,BR034,Savings,2024-03-07,-79377.33,Active
ACC00855,CUST07282,BR046,Salary,2025-05-29,23338.52,Closed
ACC03982,CUST02527,BR047,Salary,2025-08-28,83982.68,Closed
ACC01115,CUST05800,BR029,Salary,2026-09-08,40267.75,Active
ACC08282,CUST09698,BR016,Current,2024-01-06,11608.34,Active
ACC08967,CUST00109,BR003,Savings,2024-12-13,13617.4,Active
ACC03055,CUST07522,BR028,Current,2026-01-14,51393.11,Dormant
ACC05443,CUST08610,BR016,Salary,2024-05-27,36978.42,Dormant
ACC02050,CUST07296,BR005,Savings,2026-08-07,7541.98,Dormant
ACC08705,CUST09993,BR019,Current,2024-06-22,53731.92,Dormant
ACC07545,CUST08177,BR032,Salary,2023-09-20,46404.08,Closed
ACC04441,CUST03760,BR041,Salary,2024-06-02,20837.64,Closed
ACC10371,CUST99999,BR002,Current,2025-07-11,37293.9,Active
ACC05143,CUST06644,BR043,Current,2026-08-05,31815.46,Dormant
ACC07644,CUST09413,BR007,Savings,2024-09-09,8271.47,Dormant
ACC11219,CUST03869,BR041,Current,2024-05-21,65478.35,Active
ACC09822,CUST99999,BR006,Savings,2026-07-08,71683.04,Dormant
ACC07826,CUST01144,BR000,Salary,2025-05-08,58656.44,Active
ACC05172,CUST07475,BR004,Current,2026-08-08,25573.16,Closed
ACC11550,CUST07392,BR029,Savings,2024-08-21,76254.1,Active
ACC06811,CUST05748,BR046,Savings,2025-01-06,10595.01,Dormant
ACC07096,CUST06652,BR029,Current,2026-08-24,74001.74,Dormant
ACC00267,CUST02314,BR040,Current,2025-05-26,6011.16,Dormant
ACC06246,CUST06189,BR023,Current,2024-05-02,10619.38,Closed
ACC06698,CUST05981,BR018,Salary,2024-11-28,20677.36,Closed
ACC00183,CUST09053,BR042,Current,2023-10-09,83915.39,Active
ACC08046,CUST06812,BR010,Salary,2025-03-27,81548.87,Closed
ACC09989,CUST05121,BR014,Salary,2024-04-20,28773.23,Closed
ACC00830,CUST05328,BR027,Current,2024-10-14,84434.65,Dormant
ACC01699,CUST03862,BR005,Salary,2023-10-11,66598.01,Dormant
ACC01719,CUST09892,BR013,Salary,2025-02-07,63321.84,Closed
ACC09459,CUST03519,BR031,Current,2024-11-21,95393.07,Closed
ACC01056,CUST01973,BR028,Savings,2025-06-09,36052.29,Closed
ACC11385,CUST07117,BR020,Savings,2024-07-12,68685.55,Closed
ACC00283,CUST01634,BR042,Salary,2026-01-10,37406.9,Active
ACC09084,CUST03109,BR032,Salary,2026-06-26,99850.38,Active
ACC00323,CUST02071,BR032,Current,2025-10-29,69437.16,Active
ACC04622,CUST03929,BR007,Current,2025-02-23,12868.68,Active
ACC10919,CUST02708,BR013,Current,2026-02-19,25142.06,Closed
ACC02530,CUST07212,BR019,Salary,2026-01-26,72519.64,Active
ACC01791,CUST02868,BR018,Savings,2024-06-27,69850.52,Dormant
ACC11662,CUST09549,BR020,Savings,2025-05-12,72383.73,Dormant
ACC01964,CUST02273,BR030,Savings,2024-04-09,23672.11,Closed
ACC05053,CUST01720,BR019,Savings,2025-08-08,57167.01,Dormant
ACC06321,CUST03499,BR045,Savings,2025-01-25,94931.19,Active
ACC09853,CUST07373,BR018,Current,2024-04-30,43583.49,Active
ACC09984,CUST00652,BR045,Salary,2025-07-23,38029.82,Dormant
ACC04800,CUST08792,BR016,Current,2024-02-12,6650.99,Dormant
ACC00826,CUST02246,BR027,Savings,2024-06-17,29977.12,Active
ACC01082,CUST03866,BR022,Salary,2025-10-22,4287.79,Active
ACC01181,CUST04088,BR047,Current,2024-04-19,93247.61,Active
ACC00524,CUST07514,BR046,Current,2025-07-09,33128.0,Closed
ACC04131,CUST05788,BR011,Current,2026-09-01,62364.14,Active
ACC07036,CUST01535,BR024,Current,2026-01-06,82127.66,Closed
ACC08505,CUST02752,BR023,Salary,2023-09-12,36368.27,Active
ACC04711,CUST06602,BR017,Salary,2025-04-26,13594.75,Active
ACC08798,CUST09832,BR048,Salary,2024-02-23,72819.83,Closed
ACC00883,CUST00840,BR008,Savings,2024-07-02,68387.1,Active
ACC05460,CUST00407,BR002,Current,2025-10-04,58650.83,Dormant
ACC03212,CUST05205,BR049,Salary,2024-04-06,22626.97,Dormant
ACC07988,CUST03447,BR021,Current,2026-03-19,29362.57,Closed
ACC04523,CUST00682,BR037,Savings,2026-03-08,58527.15,Closed
ACC07467,CUST06041,BR031,Salary,2025-07-15,17361.45,Closed
ACC06368,CUST08454,BR035,Salary,2024-04-05,31633.07,Dormant
ACC00050,CUST07199,BR022,Salary,2025-12-20,38393.17,Active
ACC09101,CUST03123,BR036,Current,2026-03-28,2348.27,Dormant
ACC11995,CUST08952,BR046,Savings,2024-04-07,63787.47,Active
ACC02763,CUST03344,BR042,Current,2024-04-06,41221.6,Dormant
ACC02879,CUST06216,BR023,Savings,2025-06-17,94466.55,Closed
ACC04933,CUST09158,BR020,Current,2025-11-29,66904.17,Dormant
ACC09765,CUST07418,BR013,Savings,2024-10-13,80268.03,Active
ACC01724,CUST09622,BR042,Salary,2024-03-04,63657.08,Closed
ACC11923,CUST05374,BR016,Salary,2026-02-13,74827.18,Dormant
ACC11415,CUST09978,BR019,Salary,2026-03-06,46849.29,Closed
ACC00856,CUST06789,BR015,Salary,2026-08-18,51476.86,Dormant
ACC03020,CUST08206,BR025,Savings,2025-10-28,41490.26,Active
ACC09228,CUST06893,BR009,Current,2025-01-29,29829.67,Active
ACC08869,CUST06204,BR014,Current,2025-12-24,87600.31,Dormant
ACC00242,CUST07705,BR027,Savings,2025-10-02,6274.04,Dormant
ACC03919,CUST08565,BR000,Current,2026-06-26,96186.94,Closed
ACC01137,CUST07347,BR016,Salary,2024-12-15,8645.51,Closed
ACC11129,CUST00800,BR009,Savings,2025-09-26,81329.63,Active
ACC07805,CUST05331,BR046,Salary,2024-10-15,77193.3,Dormant
ACC11235,CUST09771,BR016,Salary,2025-03-20,70204.38,Active
ACC05466,CUST04395,BR031,Current,2024-01-14,60592.59,Active
ACC03918,CUST01826,BR032,Salary,2023-09-11,73687.56,Active
ACC10289,CUST08825,BR039,Savings,2024-03-18,69215.73,Dormant
ACC09378,CUST01534,BR031,Salary,2023-11-30,34308.29,Closed
ACC10094,CUST03699,BR029,Current,2026-02-10,3488.76,Closed
ACC05179,CUST06988,BR004,Current,2026-04-30,55869.99,Closed
ACC01708,CUST08490,BR018,Savings,2024-02-20,58729.62,Active
ACC06546,CUST05128,BR006,Current,2024-08-07,3915.57,Closed
ACC06857,CUST09562,BR022,Current,2026-04-16,45554.87,Dormant
ACC01126,CUST07976,BR022,Current,2026-03-28,33557.77,Closed
ACC04042,CUST02380,BR010,Savings,2025-08-25,18794.73,Active
ACC08196,CUST05694,BR035,Current,2026-05-19,6823.63,Dormant
ACC09035,CUST05162,BR034,Savings,2026-05-20,93342.96,Closed
ACC09978,CUST00293,BR035,Salary,2025-05-14,2021.59,Closed
ACC07930,CUST05894,BR024,Current,2024-02-07,98591.12,Closed
ACC08768,CUST06074,BR004,Salary,2026-03-14,96148.95,Dormant
ACC03709,CUST04271,BR022,Salary,2026-06-06,98487.78,Dormant
ACC04779,CUST06242,BR044,Current,2023-10-09,40218.66,Dormant
ACC08314,CUST08410,BR034,Salary,2025-06-09,2277.08,Closed
ACC10975,CUST06178,BR011,Current,2026-05-28,55089.47,Closed
ACC08685,CUST04885,BR010,Savings,2025-11-01,38881.9,Dormant
ACC01421,CUST06218,BR029,Savings,2024-03-16,16000.41,Closed
ACC07225,CUST02963,BR023,Current,2024-12-22,47969.52,Closed
ACC07700,CUST05468,BR000,Savings,2026-04-14,88172.87,Active
ACC04947,CUST00562,BR042,Current,2024-04-26,40028.43,Closed
ACC07892,CUST08431,BR023,Salary,2025-12-16,31917.85,Active
ACC02670,CUST07470,BR012,Salary,2024-03-10,9739.8,Dormant
ACC10242,CUST08855,BR012,Salary,2024-11-16,14115.02,Closed
ACC02599,CUST03351,BR025,Savings,2024-06-08,49405.47,Active
ACC03444,CUST06606,BR011,Salary,2024-06-23,85563.63,Active
ACC01652,CUST06673,BR032,Current,2025-12-05,79891.32,Active
ACC01533,CUST01796,BR018,Salary,2025-07-02,5624.12,Dormant
ACC06785,CUST06396,BR012,Savings,2023-12-14,11651.07,Active
ACC04122,CUST00697,BR045,Current,2024-06-08,86373.28,Closed
ACC06650,CUST04973,BR034,Savings,2025-05-15,30345.42,Dormant
ACC04206,CUST04789,BR017,Savings,2023-10-29,4888.96,Dormant
ACC06940,CUST08102,BR012,Current,2024-11-26,57911.49,Closed
ACC05497,CUST02333,BR036,Savings,2024-04-03,20704.28,Closed
ACC05080,CUST04577,BR004,Current,2025-04-28,95749.92,Closed
ACC00720,CUST06472,BR005,Current,2025-02-14,61131.69,Closed
ACC04293,CUST01921,BR024,Salary,2025-12-26,26311.67,Active
ACC08908,CUST07238,BR034,Savings,2024-09-27,3376.54,Active
ACC02973,CUST09673,BR017,Current,2024-05-27,99703.8,Dormant
ACC08363,CUST00230,BR019,Current,2024-06-21,67571.92,Closed
ACC10869,CUST04493,BR011,Salary,2025-12-01,54817.52,Closed
ACC08351,CUST09065,BR014,Salary,2026-07-10,9683.3,Active
ACC02835,CUST06057,BR013,Savings,2026-07-19,21990.83,Active
ACC08985,CUST07417,BR012,Savings,2024-01-06,509.71,Closed
ACC03951,CUST06680,BR049,Savings,2026-07-04,62582.45,Dormant
ACC11944,CUST05874,BR026,Savings,2023-09-23,5569.17,Closed
ACC04271,CUST03045,BR008,Salary,2026-01-05,97658.83,Closed
ACC02982,CUST02519,BR002,Current,2023-12-09,42959.22,Closed
ACC02993,CUST06191,BR022,Salary,2023-12-23,72977.92,Dormant
ACC09954,CUST02364,BR031,Savings,2026-03-01,17321.83,Active
ACC00393,CUST00920,BR027,Current,2024-02-16,89320.27,Closed
ACC06717,CUST07143,BR028,Current,2026-05-03,11171.57,Active
ACC00735,CUST08276,BR021,Current,2023-11-10,90093.74,Active
ACC02279,CUST02485,BR035,Salary,2026-05-06,87110.61,Closed
ACC10923,CUST00610,BR015,Current,2026-06-08,10194.8,Closed
ACC03082,CUST02414,BR046,Salary,2026-01-31,37784.81,Active
ACC05829,CUST08978,BR029,Savings,2024-07-16,90420.56,Closed
ACC02459,CUST04339,BR015,Salary,2026-02-23,28657.69,Active
ACC03695,CUST00503,BR030,Current,2025-07-27,71169.02,Dormant
ACC06224,CUST01652,BR028,Salary,2024-11-24,40025.14,Dormant
ACC06900,CUST06767,BR021,Savings,2025-10-09,20004.96,Active
ACC06571,CUST05596,BR028,Current,2026-02-11,57144.0,Active
ACC05492,CUST05908,BR006,Salary,2025-03-30,40075.31,Active
ACC09586,CUST03094,BR047,Salary,2026-04-04,48019.75,Active
ACC04274,CUST08698,BR023,Salary,2026-03-19,20922.81,Dormant
ACC05095,CUST07226,BR044,Salary,2025-11-12,61113.79,Dormant
ACC10008,CUST03045,BR020,Salary,2026-03-31,62254.9,Dormant
ACC10176,CUST08334,BR022,Salary,2023-12-19,51858.55,Active
ACC06006,CUST09714,BR048,Salary,2024-11-01,3865.13,Dormant
ACC07281,CUST04838,BR036,Salary,2025-12-13,4088.16,Closed
ACC10504,CUST01090,BR000,Savings,2023-12-11,8333.64,Closed
ACC03396,CUST02124,BR037,Savings,2025-12-21,56025.8,Dormant
ACC08173,CUST01512,BR039,Salary,2024-09-14,2984.62,Active
ACC09936,CUST02521,BR018,Salary,2026-05-11,52617.74,Dormant
ACC08842,CUST02838,BR049,Salary,2024-03-12,76092.22,Closed
ACC07557,CUST08326,BR000,Current,2026-02-07,63103.55,Active
ACC02103,CUST04590,BR008,Salary,2025-01-19,60354.59,Active
ACC07634,CUST99999,BR015,Salary,2026-04-04,66443.4,Active
ACC07345,CUST01604,BR017,Salary,2024-01-31,31476.96,Active
ACC01221,CUST06036,BR007,Salary,2023-11-19,75784.67,Active
ACC06113,CUST03258,BR044,Salary,2024-08-01,21008.85,Closed
ACC03816,CUST01210,BR012,Current,2025-02-28,7434.73,Closed
ACC11020,CUST06265,BR006,Current,2025-07-24,73467.33,Closed
ACC08945,CUST07727,BR048,Salary,2026-08-17,90454.21,Closed
ACC03519,CUST07482,BR033,Salary,2026-03-10,17836.23,Closed
ACC02355,CUST03831,BR016,Salary,2024-12-31,44785.08,Active
ACC11953,CUST02012,BR044,Current,2024-10-28,97326.32,Closed
ACC08888,CUST03749,BR026,Salary,2023-10-22,801.93,Closed
ACC00089,CUST04022,BR033,Current,2024-09-23,23142.48,Dormant
ACC01480,CUST05402,BR015,Current,2023-11-15,50168.39,Active
ACC05141,CUST09367,BR005,Savings,2024-05-16,18147.99,Closed
ACC03133,CUST02062,BR008,Current,2025-04-21,72439.39,Closed
ACC05465,CUST07875,BR010,Savings,2026-04-08,51445.32,Active
ACC00969,CUST05976,BR021,Current,2023-09-13,79673.9,Dormant
ACC01413,CUST01401,BR048,Savings,2025-04-01,25316.88,Dormant
ACC06054,CUST08431,BR015,Salary,2026-04-06,6638.3,Active
ACC01405,CUST06235,BR025,Savings,2025-04-06,80944.8,Active
ACC11569,CUST05369,BR040,Salary,2024-01-25,81129.68,Closed
ACC02302,CUST04521,BR021,Salary,2024-12-21,30621.53,Dormant
ACC09608,CUST00291,BR006,Savings,2026-04-24,31996.18,Closed
ACC11306,CUST07148,BR014,Savings,2026-06-16,24885.05,Active
ACC04763,CUST06677,BR026,Salary,2024-05-28,89181.55,Active
ACC06260,CUST09315,BR005,Savings,2023-10-01,2658.04,Active
ACC00870,CUST05828,BR038,Savings,2026-09-04,61404.89,Dormant
ACC10051,CUST02306,BR024,Salary,2026-04-06,87269.34,Closed
ACC08142,CUST05112,BR018,Current,2025-07-14,28914.17,Dormant
ACC00015,CUST05465,BR022,Salary,2024-02-01,88314.01,Active
ACC11529,CUST07658,BR016,Current,2024-02-19,73646.68,Dormant
ACC08031,CUST07189,BR018,Savings,2024-07-28,76371.66,Closed
ACC00275,CUST02006,BR044,Salary,2024-04-13,28321.48,Closed
ACC10812,CUST02221,BR005,Current,2025-02-17,36952.53,Dormant
ACC01161,CUST00557,BR024,Salary,2025-01-15,45525.32,Dormant
ACC02150,CUST09380,BR035,Savings,2026-07-29,69650.41,Active
ACC07406,CUST05840,BR042,Savings,2026-08-22,28351.58,Dormant
ACC05782,CUST05427,BR012,Salary,2024-10-21,65933.45,Dormant
ACC04229,CUST05241,BR046,Savings,2023-09-26,93321.07,Closed
ACC09559,CUST04055,BR012,Current,2026-03-06,53836.82,Dormant
ACC01300,CUST03434,BR011,Current,2024-10-02,47972.75,Dormant
ACC07231,CUST04104,BR015,Salary,2025-04-12,45694.81,Closed
ACC10566,CUST03617,BR039,Salary,2024-08-20,17734.69,Active
ACC09526,CUST02077,BR039,Current,2025-12-02,10241.01,Closed
ACC01600,CUST01467,BR010,Salary,2025-03-07,57005.87,Active
ACC01651,CUST05954,BR012,Savings,2025-10-03,20810.57,Closed
ACC03609,CUST08779,BR009,Savings,2024-02-10,5113.63,Closed
ACC07787,CUST09643,BR012,Salary,2025-07-24,70192.73,Dormant
ACC08200,CUST03073,BR013,Savings,2025-04-28,34563.47,Active
ACC07742,CUST07840,BR005,Current,2026-04-28,48191.05,Closed
ACC04486,CUST05252,BR010,Salary,2025-11-17,6392.73,Active
ACC10387,CUST02380,BR020,Savings,2025-08-06,44946.83,Closed
ACC08424,CUST00993,BR033,Savings,2024-11-13,51818.36,Closed
ACC05798,CUST09677,BR047,Current,2025-10-15,67506.87,Dormant
ACC03868,CUST00309,BR015,Savings,2024-09-28,34903.54,Closed
ACC00429,CUST00055,BR049,Current,2024-02-29,41034.64,Dormant
ACC11493,CUST03458,BR006,Salary,2024-01-13,94423.61,Closed
ACC08028,CUST05346,BR000,Salary,2025-08-30,22476.53,Active
ACC02985,CUST08276,BR007,Savings,2024-01-02,13362.43,Closed
ACC03491,CUST05058,BR015,Salary,2025-10-17,55253.28,Dormant
ACC09002,CUST02110,BR045,Savings,2026-01-06,59282.96,Active
ACC01191,CUST04482,BR047,Salary,2025-05-18,56641.04,Closed
ACC10494,CUST05317,BR007,Savings,2024-10-11,47605.95,Active
ACC06328,CUST06315,BR018,Current,2024-09-20,99867.92,Closed
ACC00092,CUST00397,BR046,Salary,2025-04-20,32699.49,Active
ACC00139,CUST09870,BR033,Salary,2025-06-25,66603.69,Closed
ACC05384,CUST02513,BR027,Salary,2024-01-19,82980.92,Closed
ACC11528,CUST09036,BR030,Salary,2024-01-25,28746.75,Dormant
ACC10574,CUST04920,BR038,Salary,2025-02-04,81383.16,Active
ACC11650,CUST09617,BR017,Salary,2025-09-13,68905.14,Closed
ACC02869,CUST02528,BR032,Savings,2025-12-22,-91317.48,Dormant
ACC04847,CUST08605,BR039,Current,2024-01-03,40993.62,Closed
ACC08105,CUST01070,BR031,Salary,2024-03-24,37024.62,Dormant
ACC00900,CUST03956,BR021,Current,2024-03-23,46323.39,Closed
ACC05055,CUST02813,BR004,Current,2026-06-27,4399.34,Closed
ACC06968,CUST04261,BR034,Savings,2026-03-14,61971.94,Closed
ACC07772,CUST02591,BR018,Savings,2026-08-19,71779.11,Closed
ACC11261,CUST03564,BR011,Current,2025-08-13,66142.53,Active
ACC07786,CUST08593,BR022,Current,2024-06-11,78489.62,Dormant
ACC08434,CUST08268,BR021,Savings,2025-05-13,3554.5,Dormant
ACC06231,CUST00861,BR031,Salary,2024-06-18,14118.25,Dormant
ACC01321,CUST04663,BR049,Salary,2024-07-16,69196.21,Dormant
ACC07624,CUST09869,BR021,Current,2024-01-06,-72149.85,Active
ACC08066,CUST01654,BR048,Savings,2025-07-31,35290.71,Dormant
ACC01230,CUST05794,BR007,Savings,2025-12-12,98564.95,Dormant
ACC01941,CUST99999,BR003,Savings,2024-04-24,27859.08,Closed
ACC11647,CUST06258,BR037,Current,2025-02-14,64221.07,Closed
ACC10693,CUST06802,BR014,Current,2024-07-20,97445.21,Active
ACC01740,CUST09349,BR003,Savings,2026-06-23,74858.79,Dormant
ACC08001,CUST00678,BR006,Savings,2025-06-10,49299.0,Closed
ACC02781,CUST05218,BR004,Savings,2025-12-21,60311.68,Active
ACC04910,CUST04643,BR013,Salary,2023-10-23,12223.37,Closed
ACC05791,CUST00931,BR039,Salary,2026-06-24,39780.82,Closed
ACC10444,CUST07395,BR023,Salary,2025-07-26,37469.41,Active
ACC06740,CUST07108,BR020,Salary,2023-12-21,70067.01,Dormant
ACC01938,CUST01751,BR030,Current,2024-11-05,83487.02,Closed
ACC06120,CUST07758,BR021,Savings,2026-01-07,34600.65,Dormant
ACC10579,CUST09406,BR047,Savings,2023-09-19,84707.59,Dormant
ACC10389,CUST06432,BR030,Current,2023-09-17,30256.78,Dormant
ACC09429,CUST09822,BR043,Current,2026-08-01,20270.07,Closed
ACC01948,CUST00950,BR041,Salary,2025-06-14,-75610.12,Dormant
ACC05848,CUST09547,BR008,Current,2023-09-16,90375.23,Active
ACC05319,CUST06812,BR004,Savings,2026-01-22,68453.56,Dormant
ACC10819,CUST03138,BR005,Savings,2025-12-22,81155.36,Dormant
ACC08118,CUST04484,BR025,Salary,2024-08-15,93639.53,Dormant
ACC05915,CUST04853,BR036,Salary,2024-09-07,19340.9,Closed
ACC00821,CUST02529,BR034,Savings,2025-04-19,38960.95,Dormant
ACC08844,CUST04302,BR032,Salary,2025-08-08,34050.95,Closed
ACC07701,CUST99999,BR000,Salary,2026-06-17,46840.32,Active
ACC09024,CUST00342,BR025,Savings,2025-03-27,49090.77,Active
ACC07587,CUST05210,BR023,Savings,2023-11-29,94378.61,Closed
ACC01067,CUST06143,BR048,Current,2024-10-05,67873.04,Active
ACC00422,CUST07965,BR041,Salary,2024-10-19,12322.22,Dormant
ACC02707,CUST01150,BR000,Salary,2026-09-06,42353.65,Active
ACC01551,CUST09539,BR017,Savings,2026-03-08,93757.53,Active
ACC05775,CUST09746,BR004,Savings,2024-01-28,48878.19,Active
ACC07976,CUST01932,BR002,Salary,2026-05-18,40836.21,Active
ACC03112,CUST03475,BR029,Current,2024-01-05,68303.31,Closed
ACC01317,CUST07872,BR021,Current,2024-12-10,92278.65,Dormant
ACC01207,CUST06534,BR045,Savings,2026-08-07,23660.21,Closed
ACC03498,CUST02381,BR017,Current,2025-12-30,12646.93,Closed
ACC03389,CUST06798,BR004,Salary,2024-08-07,80973.76,Active
ACC00743,CUST01943,BR048,Current,2024-03-23,1614.51,Dormant
ACC01871,CUST02757,BR003,Current,2025-02-20,7132.75,Dormant
ACC09233,CUST07895,BR007,Salary,2025-04-02,45833.85,Dormant
ACC02476,CUST07143,BR013,Salary,2024-02-26,5221.02,Closed
ACC05582,CUST09929,BR046,Current,2024-06-25,52530.56,Dormant
ACC09020,CUST04733,BR040,Salary,2026-05-09,5893.17,Active
ACC11742,CUST07457,BR024,Current,2023-10-14,16425.21,Closed
ACC07626,CUST02016,BR023,Salary,2024-10-04,51699.01,Closed
ACC00047,CUST04253,BR018,Savings,2024-10-23,33937.08,Active
ACC10004,CUST02557,BR011,Salary,2024-05-09,62652.58,Active
ACC05551,CUST00543,BR036,Salary,2024-06-05,6432.41,Dormant
ACC07821,CUST03599,BR028,Salary,2025-05-07,6278.09,Active
ACC09335,CUST00144,BR031,Current,2026-07-17,97947.09,Dormant
ACC08236,CUST04337,BR008,Savings,2024-07-23,89889.98,Closed
ACC07422,CUST03350,BR043,Savings,2026-03-16,16456.19,Closed
ACC00894,CUST05768,BR030,Salary,2024-08-27,26027.57,Dormant
ACC09078,CUST08090,BR026,Savings,2026-03-31,39148.17,Closed
ACC08258,CUST01961,BR017,Current,2025-02-26,43826.63,Dormant
ACC09833,CUST00516,BR005,Savings,2025-11-18,34600.46,Closed
ACC02129,CUST05508,BR010,Savings,2025-03-26,8437.09,Dormant
ACC10834,CUST01218,BR002,Savings,2025-05-08,34754.02,Dormant
ACC04378,CUST02296,BR003,Current,2026-02-12,70421.51,Active
ACC08812,CUST08578,BR022,Savings,2023-10-20,12919.33,Closed
ACC02135,CUST04608,BR031,Salary,2026-04-09,70107.25,Closed
ACC09034,CUST01560,BR048,Current,2023-12-18,13651.83,Closed
ACC07527,CUST08386,BR038,Savings,2025-06-16,32588.57,Active
ACC07294,CUST08013,BR048,Current,2025-11-15,23185.42,Closed
ACC07833,CUST08099,BR033,Salary,2025-05-28,20790.29,Closed
ACC08164,CUST05729,BR026,Current,2024-01-16,51565.3,Active
ACC06159,CUST06074,BR048,Salary,2026-03-25,7228.82,Active
ACC05078,CUST02868,BR012,Savings,2025-01-20,2459.55,Closed
ACC06685,CUST09560,BR001,Current,2025-07-24,12319.05,Active
ACC03324,CUST05693,BR038,Savings,2026-07-30,76879.63,Active
ACC10729,CUST06758,BR030,Salary,2025-04-24,2213.92,Dormant
ACC05268,CUST03609,BR043,Current,2025-04-23,70228.78,Dormant
ACC02265,CUST05359,BR009,Current,2024-03-21,9400.1,Dormant
ACC04939,CUST09714,BR014,Savings,2026-07-02,65948.97,Active
ACC08287,CUST00354,BR000,Current,2026-08-26,54066.54,Active
ACC08626,CUST05875,BR010,Current,2025-02-21,97961.37,Dormant
ACC00680,CUST00914,BR042,Current,2025-06-20,84509.57,Active
ACC04456,CUST01931,BR024,Salary,2025-09-16,27336.98,Active
ACC05286,CUST09486,BR037,Salary,2025-11-15,67262.73,Active
ACC07488,CUST01311,BR010,Savings,2024-09-08,66623.09,Closed
ACC09176,CUST05581,BR034,Current,2025-10-11,17435.68,Active
ACC02936,CUST02651,BR001,Savings,2025-10-20,27780.66,Active
ACC04210,CUST05075,BR040,Current,2026-04-15,89937.98,Dormant
ACC04377,CUST03586,BR004,Salary,2025-10-27,31556.98,Dormant
ACC09522,CUST00445,BR008,Current,2025-10-17,50752.28,Closed
ACC03373,CUST08022,BR004,Savings,2026-05-14,75973.06,Closed
ACC05138,CUST07797,BR001,Salary,2023-12-05,41787.9,Closed
ACC03889,CUST01388,BR000,Current,2024-01-21,4435.3,Active
ACC01874,CUST09548,BR044,Salary,2024-08-25,11090.16,Dormant
ACC01891,CUST08977,BR000,Savings,2024-05-18,5704.53,Dormant
ACC01180,CUST05707,BR021,Savings,2023-10-02,41168.23,Closed
ACC09742,CUST07972,BR025,Current,2024-09-07,66161.87,Dormant
ACC03083,CUST07218,BR045,Salary,2026-06-27,33876.62,Closed
ACC05345,CUST08038,BR007,Savings,2025-10-29,15342.88,Closed
ACC11651,CUST07153,BR000,Savings,2025-03-03,20372.09,Closed
ACC05899,CUST09912,BR043,Savings,2026-07-21,55237.06,Active
ACC09862,CUST06608,BR035,Savings,2026-08-01,11994.64,Active
ACC01887,CUST01641,BR040,Savings,2024-03-30,39679.16,Closed
ACC11026,CUST05772,BR013,Current,2025-12-13,-97760.45,Active
ACC04792,CUST06509,BR043,Current,2024-07-24,35465.56,Active
ACC11625,CUST00251,BR026,Savings,2026-05-16,19877.26,Closed
ACC02724,CUST03640,BR009,Savings,2026-07-31,27679.79,Dormant
ACC10882,CUST00585,BR037,Salary,2024-03-27,26220.27,Active
ACC09197,CUST06006,BR000,Savings,2026-06-01,88978.43,Active
ACC09266,CUST05461,BR032,Salary,2025-07-15,23976.38,Dormant
ACC03690,CUST08253,BR000,Savings,2026-05-11,57542.87,Closed
ACC08955,CUST05870,BR020,Salary,2024-12-17,48572.86,Active
ACC11506,CUST02158,BR026,Savings,2026-02-13,10055.66,Closed
ACC09620,CUST07044,BR037,Savings,2024-07-01,39081.95,Active
ACC08130,CUST02461,BR032,Current,2025-11-27,91619.45,Active
ACC08220,CUST03348,BR003,Savings,2025-03-27,20085.69,Active
ACC08052,CUST02933,BR035,Savings,2026-04-24,68656.97,Active
ACC10241,CUST02738,BR038,Savings,2026-01-20,80316.99,Dormant
ACC07396,CUST01872,BR027,Savings,2024-09-13,61394.43,Active
ACC01726,CUST04869,BR017,Current,2025-11-09,24297.89,Active
ACC04194,CUST07036,BR034,Salary,2024-06-07,58214.84,Active
ACC08700,CUST02539,BR020,Current,2025-10-31,33681.66,Dormant
ACC02557,CUST02105,BR012,Salary,2024-04-09,3234.86,Dormant
ACC05840,CUST07261,BR038,Savings,2025-03-01,38136.46,Dormant
ACC06391,CUST02473,BR042,Salary,2024-05-06,15575.12,Closed
ACC08922,CUST02280,BR026,Salary,2025-01-27,56912.18,Dormant
ACC11744,CUST08403,BR018,Current,2026-02-15,97278.13,Closed
ACC00652,CUST04309,BR021,Current,2024-04-10,33965.3,Dormant
ACC02465,CUST06508,BR005,Savings,2024-05-30,32195.94,Active
ACC03419,CUST08484,BR008,Salary,2024-06-03,37586.78,Closed
ACC07987,CUST07641,BR010,Current,2026-06-17,93103.03,Dormant
ACC04985,CUST05384,BR031,Current,2024-02-15,30385.8,Active
ACC04858,CUST02534,BR014,Current,2024-06-06,66306.69,Active
ACC07140,CUST01183,BR027,Current,2023-11-18,28464.22,Dormant
ACC08460,CUST02663,BR016,Savings,2025-06-15,20632.46,Active
ACC03724,CUST00691,BR019,Savings,2025-11-08,78709.51,Active
ACC05062,CUST02431,BR002,Salary,2023-11-23,76515.62,Closed
ACC10300,CUST02883,BR022,Salary,2025-04-06,35050.82,Closed
ACC04753,CUST01347,BR001,Savings,2024-05-22,58209.18,Dormant
ACC01962,CUST03982,BR007,Savings,2025-02-10,33728.66,Closed
ACC11954,CUST03825,BR024,Savings,2023-11-30,23504.07,Closed
ACC06795,CUST09337,BR003,Savings,2025-05-11,44661.23,Dormant
ACC03646,CUST04626,BR024,Current,2023-09-10,56635.86,Active
ACC08442,CUST08055,BR004,Savings,2026-07-10,80804.32,Dormant
ACC08016,CUST02829,BR023,Current,2023-09-16,72934.13,Active
ACC05343,CUST06067,BR046,Current,2023-12-30,95762.84,Dormant
ACC00351,CUST99999,BR022,Savings,2024-07-22,34447.42,Dormant
ACC04546,CUST04419,BR008,Salary,2025-11-14,51225.9,Dormant
ACC06943,CUST09277,BR039,Savings,2025-06-26,4124.46,Active
ACC03667,CUST01535,BR025,Salary,2025-04-26,-92435.78,Dormant
ACC00727,CUST04876,BR012,Salary,2023-10-09,31649.14,Closed
ACC06503,CUST01107,BR030,Salary,2024-05-25,78027.04,Active
ACC04421,CUST01313,BR009,Current,2024-04-26,39046.57,Dormant
ACC09521,CUST08841,BR015,Savings,2024-05-06,8812.81,Active
ACC09102,CUST04640,BR020,Salary,2024-03-16,49223.21,Active
ACC00695,CUST06503,BR027,Savings,2025-05-29,44276.06,Closed
ACC08596,CUST06745,BR011,Current,2024-05-19,99010.52,Active
ACC03412,CUST08654,BR017,Current,2025-05-10,62455.82,Dormant
ACC02084,CUST04739,BR017,Current,2025-05-22,13518.99,Closed
ACC02415,CUST02166,BR039,Current,2025-10-24,22365.35,Active
ACC01380,CUST04273,BR005,Savings,2024-12-24,74809.3,Closed
ACC04006,CUST07628,BR028,Current,2023-10-27,9468.42,Closed
ACC04755,CUST09276,BR031,Savings,2023-10-08,34700.61,Dormant
ACC05464,CUST03079,BR027,Current,2026-06-07,52449.39,Dormant
ACC03434,CUST06752,BR043,Current,2026-08-21,48990.58,Active
ACC09417,CUST99999,BR031,Salary,2026-02-11,24433.42,Closed
ACC08783,CUST04328,BR000,Savings,2026-02-28,31479.61,Dormant
ACC00561,CUST09474,BR015,Salary,2026-06-22,20056.07,Closed
ACC02487,CUST05331,BR024,Current,2025-10-27,5694.37,Dormant
ACC06595,CUST06234,BR014,Salary,2025-06-17,22783.68,Dormant
ACC00825,CUST99999,BR036,Current,2025-01-25,74833.24,Active
ACC01113,CUST05676,BR047,Current,2024-12-05,12250.13,Dormant
ACC06563,CUST00970,BR029,Savings,2024-10-24,74392.66,Closed
ACC11201,CUST01818,BR025,Current,2023-12-26,41245.94,Dormant
ACC06357,CUST05693,BR040,Current,2024-09-04,11759.0,Dormant
ACC10255,CUST03229,BR000,Savings,2026-07-03,76867.17,Closed
ACC04517,CUST05574,BR007,Salary,2025-04-09,50954.44,Closed
ACC06212,CUST06265,BR002,Current,2025-04-18,18896.21,Dormant
ACC09206,CUST03580,BR000,Current,2026-05-12,26334.3,Active
ACC08941,CUST05796,BR011,Current,2026-02-14,59538.76,Closed
ACC10342,CUST03186,BR016,Savings,2024-06-07,99693.44,Active
ACC07784,CUST01755,BR009,Salary,2024-10-14,3209.32,Closed
ACC04309,CUST01500,BR024,Savings,2025-07-04,15294.88,Closed
ACC09648,CUST01649,BR044,Salary,2025-10-01,90516.67,Active
ACC09583,CUST99999,BR041,Salary,2024-08-01,53946.5,Closed
ACC10767,CUST02822,BR040,Current,2023-09-22,63282.99,Active
ACC07952,CUST04507,BR029,Savings,2026-01-04,45444.89,Active
ACC05392,CUST06123,BR010,Current,2024-04-17,54189.67,Active
ACC09676,CUST01188,BR007,Salary,2026-04-15,44869.13,Active
ACC03806,CUST02050,BR000,Savings,2026-07-09,62139.81,Active
ACC03027,CUST05447,BR012,Savings,2025-12-01,61379.22,Active
ACC00222,CUST04301,BR007,Savings,2025-02-15,39934.9,Closed
ACC05308,CUST01511,BR049,Salary,2026-08-09,38753.87,Dormant
ACC05273,CUST07332,BR032,Savings,2024-11-21,3369.1,Closed
ACC00893,CUST09557,BR015,Savings,2024-12-12,18608.56,Closed
ACC00831,CUST04325,BR037,Current,2025-02-18,35868.07,Active
ACC08317,CUST09572,BR049,Salary,2026-06-23,35638.09,Dormant
ACC01935,CUST08396,BR011,Savings,2024-11-24,51897.85,Active
ACC01928,CUST01191,BR017,Current,2026-06-01,26140.21,Dormant
ACC11061,CUST03258,BR033,Salary,2024-08-16,88621.45,Active
ACC06744,CUST04917,BR000,Salary,2026-07-04,34844.53,Active
ACC02751,CUST08476,BR022,Salary,2025-06-28,38353.36,Closed
ACC07642,CUST04080,BR045,Current,2024-10-18,30196.61,Dormant
ACC01718,CUST07292,BR021,Salary,2024-08-18,65178.35,Active
ACC03516,CUST02647,BR022,Current,2024-03-09,51895.66,Closed
ACC08385,CUST05165,BR027,Salary,2023-09-15,56419.18,Closed
ACC08585,CUST05324,BR016,Current,2026-02-26,36547.78,Active
ACC01011,CUST00655,BR034,Savings,2025-05-26,19000.47,Closed
ACC01441,CUST04671,BR000,Current,2024-09-04,46213.22,Closed
ACC08690,CUST06097,BR005,Savings,2023-09-30,67977.48,Closed
ACC02356,CUST01267,BR003,Salary,2025-10-20,26827.65,Closed
ACC05741,CUST03152,BR040,Savings,2026-01-22,39186.27,Dormant
ACC06324,CUST09310,BR013,Salary,2024-11-10,59389.79,Active
ACC03322,CUST01161,BR040,Savings,2025-05-08,15604.64,Active
ACC07418,CUST02276,BR002,Salary,2024-01-08,46062.04,Active
ACC00493,CUST05781,BR024,Current,2025-12-19,88308.07,Dormant
ACC05973,CUST08778,BR022,Savings,2026-02-27,99743.69,Closed
ACC03503,CUST06907,BR030,Salary,2026-01-04,79962.76,Active
ACC01826,CUST03754,BR031,Salary,2025-02-02,64835.87,Dormant
ACC06096,CUST09129,BR020,Current,2025-05-15,86194.27,Closed
ACC04315,CUST08775,BR008,Current,2025-09-24,81954.9,Dormant
ACC04536,CUST09551,BR001,Salary,2026-02-13,84296.42,Closed
ACC03063,CUST03599,BR046,Salary,2025-10-24,30601.12,Dormant
ACC02105,CUST05060,BR007,Savings,2024-01-11,17571.71,Dormant
ACC01863,CUST06334,BR030,Savings,2025-06-27,33731.43,Dormant
ACC10718,CUST06275,BR040,Current,2026-04-30,60195.9,Closed
ACC04869,CUST01286,BR012,Current,2024-04-10,17923.52,Closed
ACC00164,CUST07625,BR000,Current,2025-10-25,56757.15,Active
ACC06662,CUST99999,BR033,Current,2025-01-23,35490.26,Active
ACC06689,CUST03356,BR044,Savings,2026-08-08,66404.68,Closed
ACC10071,CUST02451,BR021,Salary,2025-12-27,16337.09,Closed
ACC10852,CUST08916,BR039,Salary,2026-07-23,37032.34,Dormant
ACC05113,CUST05732,BR041,Savings,2025-10-30,90451.56,Closed
ACC02054,CUST04494,BR043,Current,2026-05-17,16491.58,Closed
ACC04846,CUST00431,BR039,Salary,2025-11-11,82643.67,Closed
ACC07648,CUST08057,BR029,Savings,2023-10-30,18658.49,Active
ACC10909,CUST03672,BR037,Savings,2023-12-17,22501.38,Closed
ACC04503,CUST07363,BR036,Savings,2023-11-26,82263.69,Active
ACC01878,CUST01615,BR024,Salary,2024-12-11,30376.85,Dormant
ACC05792,CUST05535,BR017,Savings,2025-11-26,55924.08,Active
ACC01997,CUST04565,BR037,Savings,2026-03-24,88287.96,Dormant
ACC08859,CUST02749,BR037,Salary,2025-01-06,77002.96,Active
ACC09786,CUST09073,BR000,Current,2023-11-13,41080.31,Dormant
ACC10101,CUST06773,BR005,Salary,2026-06-27,69503.7,Dormant
ACC11223,CUST03973,BR019,Savings,2024-06-09,13358.32,Dormant
ACC05657,CUST04281,BR020,Savings,2025-11-29,72645.05,Closed
ACC07458,CUST00924,BR031,Savings,2025-08-03,24438.5,Closed
ACC01403,CUST07132,BR012,Salary,2023-10-29,87335.43,Active
ACC06568,CUST09771,BR047,Current,2024-10-11,98591.52,Dormant
ACC09121,CUST02589,BR024,Savings,2025-12-15,7353.83,Dormant
ACC06612,CUST09947,BR016,Current,2025-01-28,63010.87,Active
ACC05303,CUST06837,BR000,Current,2025-12-22,50468.59,Active
ACC06635,CUST02057,BR038,Current,2023-11-24,85910.77,Dormant
ACC07311,CUST04675,BR037,Savings,2025-02-16,-29120.67,Dormant
ACC08726,CUST07667,BR026,Current,2026-09-07,16394.35,Closed
ACC11727,CUST02491,BR022,Current,2024-11-09,26110.11,Closed
ACC08166,CUST00637,BR034,Current,2023-09-28,87722.47,Dormant
ACC03790,CUST04825,BR015,Salary,2026-06-04,60191.17,Active
ACC11316,CUST05215,BR034,Current,2023-10-22,34786.98,Closed
ACC10272,CUST04249,BR023,Current,2024-06-04,89919.38,Closed
ACC08167,CUST09115,BR023,Savings,2026-08-20,34350.81,Active
ACC02659,CUST07144,BR047,Salary,2024-12-21,65055.22,Active
ACC01837,CUST00809,BR039,Salary,2024-01-13,86776.62,Dormant
ACC08964,CUST08851,BR036,Current,2024-11-28,61813.83,Active
ACC01052,CUST02369,BR006,Savings,2026-07-16,32661.74,Closed
ACC00976,CUST06694,BR024,Salary,2023-10-29,64795.92,Dormant
ACC07359,CUST99999,BR005,Current,2024-10-13,42163.23,Closed
ACC02424,CUST08450,BR014,Savings,2024-04-27,31926.06,Closed
ACC07846,CUST01026,BR028,Savings,2026-08-03,32213.16,Active
ACC03515,CUST08440,BR016,Savings,2025-07-22,50331.3,Active
ACC00534,CUST02302,BR027,Salary,2025-01-01,27951.93,Active
ACC10888,CUST03460,BR039,Salary,2024-07-25,45789.15,Closed
ACC05974,CUST08956,BR032,Salary,2024-02-12,69909.3,Active
ACC00052,CUST08819,BR044,Current,2025-04-19,25601.23,Dormant
ACC01656,CUST03538,BR005,Current,2024-08-16,65854.47,Closed
ACC07247,CUST01290,BR037,Savings,2024-04-18,69260.21,Closed
ACC11502,CUST07537,BR020,Salary,2026-04-09,77406.34,Closed
ACC10339,CUST09689,BR011,Salary,2026-08-04,64097.67,Active
ACC06134,CUST03960,BR029,Current,2024-08-30,1059.48,Active
ACC03205,CUST06051,BR004,Salary,2026-05-06,60088.92,Closed
ACC07020,CUST08975,BR028,Salary,2023-09-17,62589.67,Dormant
ACC10974,CUST05189,BR049,Current,2023-12-31,4767.32,Active
ACC10761,CUST00915,BR030,Savings,2024-11-08,23850.36,Closed
ACC08135,CUST03898,BR002,Current,2025-08-27,46564.5,Dormant
ACC05209,CUST01617,BR049,Savings,2024-10-09,81840.08,Active
ACC03717,CUST03135,BR038,Current,2026-08-16,69482.04,Closed
ACC03492,CUST04603,BR043,Salary,2026-01-09,61192.68,Active
ACC05568,CUST02959,BR005,Current,2025-09-26,2809.62,Active
ACC07820,CUST08710,BR049,Current,2026-07-07,43846.02,Dormant
ACC05320,CUST08098,BR048,Current,2023-12-27,75800.74,Active
ACC06367,CUST02138,BR027,Salary,2025-03-18,58166.87,Active
ACC06657,CUST09029,BR041,Savings,2024-09-25,97039.22,Active
ACC10576,CUST04771,BR047,Savings,2024-07-23,81323.93,Active
ACC09006,CUST04874,BR014,Savings,2026-09-05,25637.65,Active
ACC04970,CUST09954,BR031,Salary,2025-05-27,12878.72,Closed
ACC06825,CUST02926,BR034,Current,2025-01-01,67134.89,Closed
ACC05822,CUST01614,BR013,Current,2024-11-10,23616.01,Closed
ACC11764,CUST07186,BR026,Current,2024-06-22,56933.46,Dormant
ACC04568,CUST00927,BR024,Current,2025-09-02,5240.27,Closed
ACC06139,CUST07622,BR019,Salary,2024-03-23,34180.08,Dormant
ACC05576,CUST02583,BR033,Current,2024-01-06,73115.59,Active
ACC03652,CUST04587,BR005,Salary,2024-08-25,2807.01,Active
ACC01255,CUST05262,BR045,Savings,2024-11-28,10959.01,Closed
ACC04449,CUST07236,BR021,Current,2025-05-25,75051.18,Dormant
ACC08320,CUST06095,BR004,Current,2025-10-03,66054.4,Dormant
ACC05851,CUST02830,BR046,Salary,2025-06-02,9311.15,Dormant
ACC09555,CUST04023,BR043,Current,2026-02-08,26343.73,Active
ACC07740,CUST05109,BR037,Salary,2023-10-31,35535.26,Active
ACC11381,CUST07865,BR024,Salary,2025-04-13,77315.21,Closed
ACC10555,CUST08573,BR005,Savings,2024-12-17,22365.44,Dormant
ACC07877,CUST00460,BR036,Salary,2025-07-20,35664.22,Dormant
ACC05960,CUST01477,BR039,Savings,2024-06-06,95299.59,Dormant
ACC04791,CUST09611,BR049,Current,2024-05-03,32492.23,Closed
ACC00045,CUST07707,BR041,Salary,2025-02-24,1599.11,Active
ACC07216,CUST00717,BR035,Current,2025-01-09,24392.88,Closed
ACC11876,CUST02361,BR008,Salary,2026-06-26,64047.08,Active
ACC10802,CUST01879,BR005,Current,2023-10-25,15707.15,Closed
ACC01505,CUST99999,BR031,Savings,2026-03-06,47766.25,Dormant
ACC00472,CUST02022,BR017,Savings,2025-09-09,44679.65,Dormant
ACC01870,CUST03850,BR008,Current,2024-08-06,85446.0,Dormant
ACC07524,CUST04061,BR026,Salary,2024-01-18,75979.85,Dormant
ACC03613,CUST03236,BR049,Savings,2024-03-19,11374.1,Dormant
ACC03774,CUST01240,BR035,Savings,2026-04-22,72072.62,Closed
ACC03490,CUST05017,BR000,Salary,2026-02-03,59207.58,Active
ACC00264,CUST08134,BR017,Current,2026-06-08,93434.48,Dormant
ACC03351,CUST04579,BR044,Savings,2025-01-16,39157.68,Dormant
ACC02291,CUST02758,BR018,Savings,2024-08-01,32239.88,Active
ACC11920,CUST02321,BR031,Current,2025-12-08,33193.52,Active
ACC09869,CUST09173,BR010,Current,2024-11-16,98357.87,Closed
ACC09679,CUST01638,BR049,Current,2024-09-03,87590.12,Dormant
ACC05598,CUST02520,BR007,Current,2024-05-16,47907.31,Active
ACC07583,CUST04923,BR038,Salary,2025-12-24,41076.4,Closed
ACC10823,CUST02740,BR034,Current,2023-10-15,34496.04,Active
ACC00887,CUST05428,BR005,Savings,2026-03-12,55130.77,Active
ACC03190,CUST05546,BR028,Savings,2024-12-19,94378.81,Dormant
ACC08747,CUST05516,BR037,Current,2023-12-26,67934.82,Active
ACC01687,CUST08169,BR010,Current,2025-08-23,90588.77,Dormant
ACC02531,CUST09299,BR020,Current,2024-11-06,81972.53,Dormant
ACC10526,CUST04558,BR040,Current,2026-06-26,46874.45,Active
ACC04680,CUST07367,BR034,Salary,2025-06-05,68259.45,Active
ACC09836,CUST06944,BR023,Salary,2023-10-25,46625.87,Closed
ACC04801,CUST07661,BR006,Savings,2026-07-04,8611.85,Closed
ACC03287,CUST04208,BR034,Salary,2026-09-02,92189.62,Active
ACC06753,CUST03958,BR006,Current,2025-04-22,3546.02,Active
ACC07270,CUST00915,BR044,Savings,2025-01-06,63893.09,Active
ACC06646,CUST05670,BR007,Savings,2025-09-25,46910.0,Active
ACC04071,CUST01410,BR005,Current,2025-09-22,44588.64,Active
ACC01009,CUST02732,BR035,Salary,2024-12-24,35358.97,Dormant
ACC00091,CUST03768,BR025,Savings,2025-08-27,96282.85,Closed
ACC10014,CUST05008,BR013,Salary,2024-12-01,28537.77,Dormant
ACC10991,CUST01349,BR032,Savings,2025-08-30,19782.52,Closed
ACC08440,CUST99999,BR003,Savings,2025-11-11,97840.41,Active
ACC02106,CUST09766,BR049,Savings,2025-01-30,59548.45,Closed
ACC07476,CUST02732,BR022,Salary,2024-12-08,51982.82,Dormant
ACC03702,CUST01832,BR032,Current,2025-04-27,27186.37,Active
ACC02009,CUST08661,BR005,Salary,2025-03-10,54194.95,Active
ACC11682,CUST04364,BR049,Salary,2026-06-16,81648.74,Active
ACC08535,CUST09375,BR034,Salary,2026-08-09,57182.82,Closed
ACC00570,CUST00193,BR011,Current,2024-05-29,49827.39,Active
ACC11634,CUST08800,BR022,Salary,2024-08-01,55036.15,Closed
ACC09185,CUST08165,BR005,Salary,2025-11-03,23101.6,Active
ACC02343,CUST09965,BR017,Salary,2025-06-19,-33206.61,Closed
ACC03621,CUST07920,BR013,Current,2024-03-31,84839.45,Active
ACC09491,CUST03123,BR025,Current,2026-07-08,72201.34,Closed
ACC11635,CUST08187,BR022,Savings,2024-08-23,88183.71,Closed
ACC07666,CUST01448,BR007,Current,2026-06-02,61456.9,Closed
ACC09105,CUST03391,BR027,Salary,2026-03-04,13813.24,Closed
ACC03739,CUST06441,BR047,Salary,2025-12-07,69551.83,Active
ACC06010,CUST05243,BR037,Salary,2025-04-22,29069.49,Closed
ACC02402,CUST08845,BR008,Salary,2024-03-11,61835.79,Active
ACC09249,CUST07639,BR011,Salary,2024-10-19,16195.19,Active
ACC05323,CUST06687,BR044,Salary,2024-10-14,83017.58,Closed
ACC07156,CUST04798,BR015,Current,2026-01-10,13825.47,Active
ACC08439,CUST00877,BR018,Current,2026-04-05,95221.29,Closed
ACC09271,CUST08494,BR048,Salary,2024-08-22,92276.46,Dormant
ACC03676,CUST03691,BR002,Salary,2024-04-02,29516.38,Closed
ACC02201,CUST03050,BR047,Salary,2026-05-26,15037.35,Active
ACC02578,CUST07699,BR000,Savings,2026-01-10,44721.34,Closed
ACC11305,CUST02627,BR017,Current,2023-12-07,26715.94,Active
ACC06789,CUST02302,BR015,Savings,2023-10-24,56088.51,Active
ACC11030,CUST03129,BR032,Salary,2023-11-22,28480.49,Closed
ACC01636,CUST04053,BR005,Salary,2025-10-02,46191.52,Closed
ACC00010,CUST06852,BR012,Current,2024-01-22,33602.19,Dormant
ACC00782,CUST03973,BR013,Salary,2025-12-14,98270.47,Closed
ACC01592,CUST01283,BR031,Savings,2026-08-21,35234.83,Active
ACC01175,CUST03413,BR008,Savings,2024-02-11,81752.62,Active
ACC01089,CUST08701,BR045,Savings,2024-03-30,40601.72,Closed
ACC07637,CUST01462,BR017,Savings,2024-04-30,46442.42,Closed
ACC00237,CUST06509,BR043,Current,2023-12-28,42210.37,Active
ACC05186,CUST08460,BR011,Salary,2026-03-11,-35866.54,Active
ACC10791,CUST02667,BR036,Savings,2025-02-19,74628.75,Dormant
ACC08475,CUST03591,BR005,Savings,2025-02-11,66969.08,Dormant
ACC05272,CUST09490,BR031,Current,2025-12-26,20224.67,Dormant
ACC10927,CUST06128,BR049,Savings,2024-12-14,1751.96,Closed
ACC01263,CUST07444,BR034,Savings,2024-12-16,61806.49,Dormant
ACC06951,CUST08876,BR028,Salary,2026-06-08,63714.38,Dormant
ACC04248,CUST03545,BR007,Savings,2026-01-04,27785.8,Dormant
ACC06042,CUST08327,BR013,Salary,2024-10-16,98735.82,Dormant
ACC02656,CUST07169,BR029,Salary,2025-08-02,29145.13,Active
ACC08120,CUST03507,BR029,Current,2026-04-03,50236.38,Active
ACC11694,CUST04997,BR018,Savings,2024-02-05,18796.5,Closed
ACC02341,CUST03127,BR011,Salary,2025-04-27,14658.75,Dormant
ACC08849,CUST06521,BR033,Savings,2023-11-03,19060.13,Dormant
ACC05953,CUST01203,BR005,Salary,2025-09-21,72687.26,Closed
ACC10129,CUST06288,BR005,Salary,2024-03-05,61401.64,Closed
ACC02669,CUST08577,BR046,Savings,2026-07-12,18062.19,Closed
ACC10194,CUST00706,BR020,Savings,2025-06-01,85108.25,Closed
ACC03837,CUST07740,BR034,Savings,2025-11-10,81407.91,Active
ACC09804,CUST07734,BR016,Salary,2024-04-10,99924.44,Active
ACC08321,CUST05046,BR005,Current,2026-03-18,4540.64,Active
ACC00491,CUST03159,BR015,Current,2025-05-21,78601.47,Active
ACC08878,CUST08235,BR005,Savings,2024-10-22,38625.68,Closed
ACC10901,CUST05038,BR029,Salary,2025-10-28,64436.18,Active
ACC03920,CUST03825,BR046,Current,2025-04-15,37723.44,Dormant
ACC00706,CUST02576,BR020,Savings,2023-10-21,18391.65,Dormant
ACC04132,CUST01950,BR046,Salary,2025-03-08,81483.4,Dormant
ACC08340,CUST00497,BR023,Salary,2025-03-10,77204.37,Active
ACC10073,CUST05062,BR034,Salary,2026-07-16,56015.51,Active
ACC00209,CUST04018,BR000,Savings,2024-07-17,85620.09,Active
ACC10195,CUST00402,BR041,Current,2025-08-01,13813.03,Dormant
ACC11517,CUST08496,BR001,Savings,2025-08-02,80045.02,Active
ACC10691,CUST06057,BR005,Salary,2024-07-26,73292.48,Closed
ACC03158,CUST04614,BR040,Savings,2024-06-26,25222.23,Closed
ACC06013,CUST04220,BR048,Savings,2024-04-28,37594.96,Closed
ACC09200,CUST01616,BR009,Salary,2025-07-28,10680.88,Closed
ACC00683,CUST01979,BR000,Current,2026-04-03,8342.06,Dormant
ACC06621,CUST02586,BR022,Salary,2026-03-21,28438.49,Closed
ACC10981,CUST06081,BR043,Salary,2025-05-21,51693.53,Dormant
ACC05236,CUST05008,BR012,Salary,2025-06-16,83668.15,Active
ACC09571,CUST09151,BR015,Current,2025-06-16,22589.45,Dormant
ACC10825,CUST08815,BR029,Current,2023-10-29,48758.33,Closed
ACC00588,CUST03914,BR042,Savings,2024-09-23,97328.75,Active
ACC08787,CUST04308,BR040,Savings,2025-05-22,29319.05,Dormant
ACC00067,CUST08359,BR007,Salary,2024-01-10,77583.33,Active
ACC08114,CUST03770,BR043,Salary,2025-08-21,85543.88,Active
ACC09588,CUST07693,BR049,Salary,2026-07-21,90921.98,Active
ACC00044,CUST01298,BR003,Salary,2025-03-19,52841.34,Closed
ACC09445,CUST00892,BR020,Salary,2026-03-20,29730.69,Active
ACC02748,CUST04882,BR032,Salary,2026-02-23,55464.84,Active
ACC06378,CUST00545,BR021,Savings,2024-06-29,24916.5,Dormant
ACC00288,CUST07605,BR045,Current,2023-10-01,1054.22,Dormant
ACC02131,CUST03967,BR014,Savings,2026-07-30,82516.84,Closed
ACC02981,CUST03819,BR005,Savings,2026-06-02,43400.88,Active
ACC07484,CUST05174,BR032,Salary,2025-03-20,52388.75,Active
ACC04534,CUST02017,BR009,Current,2023-11-25,26419.99,Dormant
ACC01798,CUST08024,BR042,Salary,2025-08-08,45549.17,Active
ACC03485,CUST08043,BR023,Savings,2024-08-23,43033.08,Closed
ACC02176,CUST05269,BR006,Salary,2025-08-02,72578.1,Active
ACC10617,CUST06589,BR020,Current,2024-02-28,6535.63,Closed
ACC07183,CUST09719,BR038,Current,2025-08-27,34429.07,Dormant
ACC01501,CUST05902,BR016,Salary,2024-03-23,15762.65,Closed
ACC03686,CUST04664,BR004,Savings,2024-05-20,91604.57,Dormant
ACC03414,CUST05204,BR030,Savings,2024-03-04,18064.65,Dormant
ACC10384,CUST03662,BR004,Current,2024-11-13,41497.35,Dormant
ACC00475,CUST01026,BR009,Savings,2025-08-24,98217.15,Closed
ACC08274,CUST01423,BR039,Current,2023-12-19,68385.95,Active
ACC00279,CUST02369,BR006,Savings,2025-08-27,60116.9,Closed
ACC01114,CUST09079,BR033,Savings,2025-11-07,47832.15,Closed
ACC08879,CUST04181,BR035,Salary,2025-10-16,5122.94,Dormant
ACC08464,CUST04320,BR001,Salary,2025-06-28,39054.26,Dormant
ACC02230,CUST05091,BR022,Current,2024-03-21,43354.25,Active
ACC04588,CUST02839,BR000,Salary,2025-09-26,81877.11,Active
ACC00676,CUST07310,BR024,Savings,2023-09-18,75975.8,Closed
ACC04907,CUST02971,BR008,Savings,2025-04-20,27873.21,Closed
ACC06433,CUST04542,BR002,Salary,2023-10-27,96492.22,Active
ACC03843,CUST07486,BR042,Current,2025-04-02,19190.21,Closed
ACC00760,CUST09866,BR029,Salary,2026-02-23,42301.59,Dormant
ACC02151,CUST05071,BR042,Savings,2025-08-07,2928.61,Dormant
ACC11417,CUST06399,BR041,Salary,2025-09-20,35995.81,Closed
ACC03275,CUST02799,BR000,Current,2025-08-06,96556.91,Dormant
ACC00568,CUST07912,BR030,Current,2025-11-11,12898.15,Dormant
ACC00450,CUST01362,BR045,Salary,2024-02-15,26152.0,Active
ACC07546,CUST09908,BR001,Savings,2026-02-22,95125.75,Closed
ACC06261,CUST00614,BR005,Current,2025-10-14,68954.3,Closed
ACC08909,CUST01811,BR004,Savings,2024-09-07,72944.1,Dormant
ACC11792,CUST04290,BR006,Current,2024-03-27,62125.55,Dormant
ACC02638,CUST02351,BR027,Current,2026-05-28,83404.74,Closed
ACC10302,CUST00127,BR021,Savings,2025-07-30,97494.56,Active
ACC02598,CUST04563,BR003,Current,2025-06-19,82883.5,Dormant
ACC10483,CUST08305,BR042,Current,2024-02-23,62837.63,Dormant
ACC11347,CUST01123,BR004,Current,2024-12-21,68041.99,Dormant
ACC10776,CUST02155,BR042,Current,2025-09-11,73682.88,Active
ACC08477,CUST01759,BR030,Savings,2026-03-14,90521.13,Closed
ACC05935,CUST03994,BR004,Salary,2025-09-27,19115.28,Active
ACC02692,CUST09576,BR034,Current,2025-04-11,67653.36,Dormant
ACC08018,CUST04513,BR021,Savings,2024-09-09,79737.19,Closed
ACC07562,CUST04661,BR005,Savings,2026-02-26,7215.88,Active
ACC03736,CUST02674,BR026,Salary,2026-05-27,27935.76,Dormant
ACC03879,CUST09103,BR022,Savings,2024-06-13,53432.56,Dormant
ACC05604,CUST02104,BR047,Salary,2024-03-25,76240.81,Closed
ACC03019,CUST00617,BR025,Current,2023-10-05,1615.5,Closed
ACC10200,CUST08012,BR017,Savings,2024-04-17,50498.77,Closed
ACC11984,CUST09937,BR039,Savings,2024-05-22,-52202.28,Active
ACC06451,CUST07103,BR004,Savings,2025-03-31,36153.16,Active
ACC03318,CUST00964,BR043,Current,2026-02-18,61054.91,Active
ACC09878,CUST02838,BR009,Salary,2026-01-01,16185.94,Dormant
ACC01047,CUST08817,BR026,Current,2025-09-08,82315.1,Active
ACC00115,CUST08675,BR021,Salary,2025-08-21,96364.14,Active
ACC03734,CUST06701,BR005,Current,2024-09-17,68023.07,Closed
ACC05043,CUST02557,BR011,Current,2025-08-18,62345.94,Active
ACC06023,CUST00348,BR040,Salary,2025-01-11,40155.47,Active
ACC00549,CUST07855,BR025,Salary,2026-04-22,33890.83,Closed
ACC05527,CUST08856,BR018,Savings,2024-10-23,64372.45,Dormant
ACC03006,CUST05325,BR014,Savings,2026-06-29,61864.4,Dormant
ACC02525,CUST03487,BR024,Savings,2026-09-08,4813.64,Closed
ACC00854,CUST01356,BR018,Salary,2024-08-18,68011.27,Active
ACC02619,CUST00517,BR016,Current,2025-10-31,9699.77,Closed
ACC08353,CUST07334,BR041,Salary,2024-05-16,61134.51,Closed
ACC05079,CUST04425,BR009,Current,2025-10-31,7110.5,Dormant
ACC06683,CUST02201,BR043,Salary,2026-05-04,18281.52,Dormant
ACC11510,CUST04558,BR047,Savings,2025-10-21,17065.82,Closed
ACC08158,CUST06345,BR024,Savings,2025-09-22,58686.41,Active
ACC01607,CUST00438,BR036,Current,2023-12-26,37016.67,Closed
ACC10635,CUST07610,BR016,Salary,2024-07-02,64845.23,Closed
ACC07798,CUST08844,BR036,Savings,2025-12-26,2359.77,Active
ACC08960,CUST03006,BR004,Current,2026-05-23,15297.2,Dormant
ACC11322,CUST01148,BR003,Current,2026-04-06,54258.53,Closed
ACC02609,CUST00005,BR018,Salary,2026-04-02,6823.44,Closed
ACC10954,CUST04800,BR047,Current,2026-08-28,7510.48,Active
ACC00427,CUST03914,BR001,Current,2026-01-27,31886.72,Active
ACC00073,CUST03700,BR024,Savings,2026-05-23,42803.79,Closed
ACC07866,CUST07444,BR038,Salary,2024-07-01,76349.84,Closed
ACC05282,CUST00913,BR032,Savings,2024-12-12,1534.72,Dormant
ACC04583,CUST00045,BR015,Salary,2026-04-12,61803.37,Closed
ACC09406,CUST99999,BR012,Salary,2024-06-15,28636.68,Closed
ACC05813,CUST08107,BR040,Salary,2024-05-29,15591.3,Active
ACC06759,CUST07228,BR043,Current,2025-12-12,95767.72,Active
ACC05834,CUST00874,BR011,Savings,2024-01-27,92979.68,Closed
ACC08015,CUST09916,BR013,Current,2025-06-20,20207.47,Dormant
ACC03612,CUST04639,BR013,Current,2023-10-04,28287.7,Closed
ACC07763,CUST01153,BR047,Savings,2024-10-06,25118.82,Active
ACC09777,CUST08292,BR035,Current,2023-11-26,86589.31,Active
ACC05284,CUST05330,BR011,Savings,2024-07-04,21827.38,Dormant
ACC02814,CUST02672,BR042,Current,2025-08-02,21794.78,Closed
ACC08102,CUST09904,BR043,Savings,2024-10-31,20344.54,Dormant
ACC02096,CUST03925,BR003,Salary,2025-06-29,18455.44,Dormant
ACC00361,CUST04039,BR047,Salary,2025-08-19,24545.45,Active
ACC07530,CUST00645,BR000,Savings,2026-04-04,42475.29,Closed
ACC07680,CUST01779,BR048,Current,2025-05-06,10738.32,Active
ACC03972,CUST05001,BR022,Savings,2025-08-07,95473.63,Dormant
ACC08806,CUST05588,BR025,Savings,2023-10-25,15538.15,Closed
ACC05047,CUST01844,BR017,Savings,2025-06-13,84873.52,Active
ACC05058,CUST02387,BR040,Salary,2024-04-05,26595.66,Closed
ACC05092,CUST08491,BR032,Salary,2025-06-11,67915.36,Closed
ACC02678,CUST03872,BR026,Savings,2025-01-04,68393.67,Dormant
ACC01606,CUST07331,BR029,Savings,2025-05-23,17174.46,Active
ACC00102,CUST03969,BR012,Savings,2023-10-28,26611.78,Active
ACC03110,CUST03900,BR043,Current,2025-07-18,28983.88,Closed
ACC01402,CUST02512,BR028,Salary,2024-11-16,62661.15,Active
ACC11627,CUST07035,BR007,Current,2025-10-16,88840.18,Active
ACC05861,CUST04850,BR015,Savings,2024-10-13,35915.8,Dormant
ACC10021,CUST09821,BR024,Current,2025-04-12,22286.73,Active
ACC00430,CUST99999,BR025,Salary,2024-01-03,91203.52,Active
ACC06169,CUST06779,BR013,Salary,2025-01-02,12095.02,Dormant
ACC00700,CUST02643,BR013,Savings,2025-12-16,45769.88,Active
ACC09386,CUST02002,BR011,Current,2024-10-17,69249.79,Closed
ACC01190,CUST02923,BR010,Savings,2026-08-20,59563.53,Closed
ACC09790,CUST00229,BR000,Savings,2026-05-14,9043.13,Closed
ACC08670,CUST07258,BR026,Salary,2024-07-15,19556.54,Dormant
ACC00090,CUST09962,BR012,Current,2024-05-19,77894.08,Closed
ACC11607,CUST03932,BR021,Savings,2026-07-31,24882.2,Closed
ACC05888,CUST05635,BR032,Savings,2025-06-10,52991.56,Dormant
ACC08571,CUST02148,BR032,Salary,2026-03-27,8129.8,Closed
ACC10753,CUST02618,BR007,Current,2024-07-16,82352.46,Active
ACC00231,CUST01329,BR021,Salary,2026-05-16,33278.57,Active
ACC01677,CUST07356,BR048,Current,2024-08-31,43659.39,Active
ACC07779,CUST99999,BR014,Current,2023-12-14,50373.72,Closed
ACC05936,CUST08519,BR019,Current,2025-04-07,97925.54,Dormant
ACC04886,CUST05281,BR030,Current,2024-11-04,16728.25,Dormant
ACC08937,CUST04789,BR014,Savings,2025-04-17,79545.93,Active
ACC08212,CUST03948,BR017,Salary,2024-07-26,75421.75,Dormant
ACC06805,CUST05545,BR028,Savings,2024-08-27,-48134.84,Active
ACC07449,CUST07139,BR014,Savings,2024-04-23,97721.76,Closed
ACC01816,CUST07213,BR035,Salary,2025-05-02,70816.61,Closed
ACC02640,CUST05868,BR027,Current,2025-07-04,9194.0,Active
ACC06455,CUST01240,BR041,Savings,2023-09-29,3366.31,Active
ACC03860,CUST02189,BR012,Savings,2024-04-29,76016.75,Closed
ACC04163,CUST04548,BR000,Salary,2026-03-08,99061.21,Closed
ACC11997,CUST09780,BR029,Salary,2025-10-21,2778.6,Active
ACC11269,CUST01199,BR023,Current,2024-04-08,72654.9,Closed
ACC11795,CUST03450,BR018,Current,2026-06-18,77865.91,Closed
ACC01586,CUST01620,BR025,Current,2026-07-23,45362.93,Dormant
ACC11869,CUST03860,BR034,Savings,2024-10-31,9044.83,Dormant
ACC01957,CUST00992,BR001,Salary,2024-08-22,90962.84,Active
ACC01959,CUST08151,BR014,Current,2025-01-16,83169.21,Active
ACC03557,CUST00023,BR006,Savings,2025-01-21,97224.72,Active
ACC09685,CUST02134,BR011,Savings,2025-01-11,80706.14,Closed
ACC01882,CUST06653,BR000,Salary,2025-12-04,53852.81,Active
ACC04027,CUST02618,BR048,Savings,2024-01-17,67012.29,Closed
ACC09616,CUST02509,BR047,Savings,2024-01-23,28801.74,Dormant
ACC04780,CUST01662,BR016,Current,2023-11-22,83633.24,Closed
ACC04262,CUST09157,BR001,Salary,2025-01-16,23844.29,Active
ACC09544,CUST00487,BR001,Current,2026-01-11,6697.45,Closed
ACC03176,CUST08975,BR036,Savings,2024-12-05,50884.44,Active
ACC11410,CUST04237,BR032,Savings,2024-03-20,46921.67,Closed
ACC11283,CUST04019,BR048,Savings,2025-04-27,18275.84,Closed
ACC05841,CUST05092,BR000,Savings,2024-11-11,4673.73,Active
ACC06379,CUST00538,BR019,Current,2026-02-05,52627.68,Dormant
ACC08062,CUST09946,BR000,Current,2025-11-16,22366.56,Closed
ACC09933,CUST06094,BR044,Salary,2024-09-09,48088.17,Dormant
ACC03274,CUST02081,BR011,Salary,2024-01-01,57545.92,Closed
ACC03858,CUST06156,BR006,Savings,2025-03-27,21222.39,Active
ACC03171,CUST02981,BR045,Salary,2026-03-24,88094.1,Active
ACC08750,CUST04807,BR043,Savings,2025-04-01,94697.55,Dormant
ACC04935,CUST04777,BR010,Salary,2026-09-01,91884.38,Dormant
ACC02472,CUST03545,BR033,Current,2024-09-19,95924.5,Active
ACC09477,CUST08203,BR017,Salary,2025-05-26,62432.23,Active
ACC00790,CUST01035,BR026,Savings,2023-09-28,74816.38,Closed
ACC04385,CUST06853,BR002,Current,2025-08-06,35504.82,Closed
ACC08157,CUST01071,BR009,Savings,2025-05-13,9902.04,Dormant
ACC03481,CUST02031,BR021,Salary,2024-08-16,86883.52,Dormant
ACC09042,CUST00831,BR008,Salary,2024-10-11,84600.64,Active
ACC11489,CUST00158,BR000,Salary,2026-04-08,3306.52,Closed
ACC06034,CUST01524,BR000,Savings,2023-12-11,63179.04,Closed
ACC11811,CUST08793,BR005,Salary,2024-09-28,88279.59,Dormant
ACC11455,CUST00682,BR047,Salary,2024-02-11,54765.76,Dormant
ACC00933,CUST00601,BR048,Salary,2026-01-30,95680.19,Active
ACC01377,CUST02436,BR004,Salary,2024-04-13,93244.15,Closed
ACC02812,CUST01834,BR008,Salary,2026-03-19,75427.58,Closed
ACC09681,CUST03189,BR000,Salary,2025-12-07,31331.16,Dormant
ACC06145,CUST06990,BR015,Savings,2026-07-05,41318.48,Dormant
ACC04818,CUST00723,BR026,Salary,2026-04-12,24724.79,Closed
ACC00266,CUST01442,BR003,Salary,2023-12-12,4472.66,Dormant
ACC02153,CUST02483,BR000,Salary,2025-04-08,13856.09,Dormant
ACC07195,CUST09003,BR010,Salary,2026-02-21,59319.65,Dormant
ACC08889,CUST09351,BR041,Salary,2026-03-14,71243.96,Dormant
ACC09377,CUST08965,BR004,Savings,2025-07-23,61847.47,Dormant
ACC03775,CUST09762,BR040,Savings,2024-05-03,56093.29,Active
ACC04938,CUST05130,BR002,Savings,2025-07-12,87290.3,Active
ACC08749,CUST01177,BR017,Savings,2026-07-29,67698.12,Dormant
ACC09134,CUST02951,BR006,Salary,2025-09-16,35193.14,Active
ACC02808,CUST02645,BR018,Current,2024-09-16,65614.77,Closed
ACC04637,CUST06470,BR039,Savings,2024-02-07,21817.66,Active
ACC05433,CUST02786,BR038,Salary,2026-06-29,81940.61,Active
ACC04661,CUST05600,BR047,Salary,2026-05-21,68045.15,Active
ACC08970,CUST99999,BR047,Current,2024-08-24,63289.17,Active
ACC01804,CUST03846,BR043,Salary,2024-06-03,33269.07,Closed
ACC04447,CUST07568,BR025,Salary,2026-08-01,61402.71,Closed
ACC04268,CUST04023,BR005,Savings,2025-04-14,18655.33,Active
ACC11947,CUST03521,BR011,Savings,2024-05-07,30495.6,Active
ACC10594,CUST01895,BR005,Salary,2023-11-16,34411.79,Closed
ACC07753,CUST02461,BR007,Salary,2026-04-05,12055.76,Closed
ACC01678,CUST05988,BR026,Salary,2025-10-25,77302.82,Active
ACC06610,CUST04099,BR027,Current,2026-02-02,79039.18,Dormant
ACC06190,CUST02338,BR021,Savings,2023-09-21,70351.33,Dormant
ACC02070,CUST00556,BR015,Salary,2025-09-13,6599.73,Active
ACC05617,CUST02063,BR017,Current,2024-06-14,70922.45,Closed
ACC03744,CUST04617,BR041,Current,2025-05-01,51812.94,Active
ACC04081,CUST06008,BR018,Current,2024-09-30,15428.96,Active
ACC00978,CUST07196,BR040,Salary,2024-11-29,71530.37,Active
ACC09214,CUST08100,BR032,Current,2025-11-19,2610.2,Dormant
ACC06849,CUST00723,BR018,Savings,2026-05-25,91336.76,Closed
ACC04025,CUST02611,BR018,Savings,2026-05-15,12426.08,Dormant
ACC07092,CUST09560,BR005,Savings,2025-12-05,61492.8,Active
ACC04744,CUST04607,BR020,Salary,2025-12-01,82809.75,Active
ACC06549,CUST09008,BR048,Salary,2026-08-15,34290.84,Active
ACC07290,CUST09113,BR006,Savings,2024-03-04,64862.32,Dormant
ACC11996,CUST00609,BR007,Current,2025-09-23,73456.72,Closed
ACC10568,CUST08367,BR016,Current,2024-08-31,3567.86,Active
ACC09673,CUST04655,BR042,Salary,2025-10-03,56995.8,Closed
ACC09750,CUST08260,BR009,Salary,2026-07-26,62525.41,Closed
ACC01971,CUST05363,BR039,Current,2025-08-05,58396.9,Active
ACC04358,CUST01846,BR005,Salary,2025-12-28,85298.67,Active
ACC08604,CUST07236,BR026,Savings,2026-04-18,4802.68,Dormant
ACC11937,CUST03217,BR002,Salary,2026-01-12,26455.23,Dormant
ACC11718,CUST00760,BR026,Salary,2026-06-19,-79927.05,Dormant
ACC11530,CUST06270,BR026,Current,2025-07-15,18720.66,Closed
ACC02859,CUST09421,BR036,Salary,2025-04-23,34047.92,Closed
ACC04223,CUST09767,BR047,Current,2026-05-24,94266.1,Dormant
ACC00080,CUST05638,BR004,Savings,2024-10-27,70840.43,Active
ACC11644,CUST04074,BR037,Current,2023-10-12,59463.64,Closed
ACC03696,CUST00035,BR022,Salary,2024-08-11,65310.16,Active
ACC06152,CUST03657,BR022,Savings,2026-01-08,47233.54,Active
ACC05836,CUST06471,BR033,Savings,2024-11-23,78983.59,Active
ACC01587,CUST06413,BR012,Current,2026-06-03,98340.5,Active
ACC09900,CUST05660,BR018,Salary,2025-11-11,29484.03,Active
ACC03745,CUST09145,BR023,Current,2026-02-07,64708.51,Active
ACC10508,CUST00093,BR046,Savings,2025-07-17,79240.82,Active
ACC00409,CUST00491,BR011,Savings,2025-11-02,73661.96,Active
ACC09715,CUST06153,BR004,Current,2025-09-05,39379.12,Active
ACC04968,CUST04414,BR043,Salary,2026-06-04,82376.74,Dormant
ACC07622,CUST09725,BR045,Salary,2024-03-24,37619.68,Active
ACC09642,CUST00111,BR016,Salary,2023-10-12,37798.74,Closed
ACC07367,CUST06879,BR039,Current,2025-08-13,48129.34,Closed
ACC09499,CUST00605,BR040,Current,2025-09-18,58120.99,Dormant
ACC10178,CUST99999,BR046,Savings,2023-10-23,19945.82,Dormant
ACC03881,CUST01821,BR008,Salary,2025-11-18,65563.47,Active
ACC01996,CUST09780,BR002,Savings,2025-10-24,54546.2,Closed
ACC03863,CUST08836,BR047,Savings,2026-01-14,73918.9,Active
ACC08411,CUST09728,BR049,Salary,2026-04-25,1534.07,Active
ACC07143,CUST05962,BR047,Savings,2026-01-26,68766.55,Active
ACC08203,CUST09047,BR010,Savings,2025-12-11,93354.57,Dormant
ACC03980,CUST05277,BR024,Savings,2025-08-11,87539.75,Closed
ACC11221,CUST03667,BR015,Salary,2024-09-23,42034.13,Active
ACC09353,CUST03440,BR047,Current,2024-04-16,38963.51,Active
ACC07241,CUST06773,BR020,Salary,2024-06-30,74340.08,Active
ACC03782,CUST07767,BR019,Savings,2024-05-07,71095.73,Active
ACC00162,CUST03098,BR005,Savings,2023-09-14,44271.09,Closed
ACC09885,CUST04218,BR021,Salary,2026-06-12,-26403.69,Closed
ACC06166,CUST05868,BR013,Savings,2026-05-29,37142.06,Active
ACC06187,CUST02944,BR042,Savings,2024-11-27,33558.7,Active
ACC03387,CUST06288,BR010,Current,2023-09-15,58870.03,Active
ACC07409,CUST02649,BR028,Salary,2025-07-16,97236.55,Closed
ACC07764,CUST04514,BR033,Savings,2024-12-09,15598.72,Closed
ACC03880,CUST09741,BR036,Savings,2024-08-20,78116.24,Active
ACC08396,CUST07091,BR005,Salary,2024-04-24,50944.63,Active
ACC04806,CUST09720,BR026,Salary,2026-09-01,29403.25,Dormant
ACC04610,CUST09282,BR009,Current,2023-10-18,11411.87,Active
ACC07664,CUST05936,BR004,Current,2025-02-26,80464.07,Closed
ACC10832,CUST08244,BR046,Savings,2026-04-10,99245.66,Active
ACC10166,CUST09472,BR005,Savings,2025-11-07,19892.57,Active
ACC06908,CUST04064,BR027,Current,2026-04-10,35262.26,Dormant
ACC11217,CUST09625,BR014,Current,2025-09-03,37192.5,Dormant
ACC02590,CUST09777,BR020,Savings,2023-12-09,10865.72,Active
ACC04406,CUST01851,BR012,Current,2025-05-18,37270.47,Closed
ACC11909,CUST08462,BR011,Savings,2025-04-16,13618.32,Dormant
ACC00247,CUST08689,BR048,Savings,2026-02-20,91550.3,Dormant
ACC02760,CUST02712,BR036,Salary,2024-11-27,20445.32,Dormant
ACC03501,CUST00352,BR048,Savings,2023-11-12,10561.64,Closed
ACC03130,CUST06968,BR007,Salary,2026-07-30,59881.55,Dormant
ACC08935,CUST07949,BR005,Salary,2023-10-13,19934.08,Active
ACC09092,CUST01872,BR012,Salary,2024-03-14,25365.99,Dormant
ACC10593,CUST03010,BR029,Savings,2025-03-21,82445.78,Dormant
ACC03497,CUST06175,BR027,Salary,2024-10-29,82676.68,Dormant
ACC01598,CUST07667,BR046,Salary,2024-12-31,76219.76,Dormant
ACC01478,CUST02959,BR008,Current,2024-08-18,36220.29,Dormant
ACC09992,CUST05182,BR011,Savings,2025-10-01,71727.12,Active
ACC02274,CUST09735,BR024,Current,2026-03-16,6373.16,Dormant
ACC02328,CUST06471,BR012,Savings,2026-01-28,53119.92,Dormant
ACC09969,CUST04768,BR029,Salary,2025-08-02,9857.4,Active
ACC10562,CUST09296,BR005,Current,2025-10-18,32287.82,Active
ACC01307,CUST02971,BR040,Current,2026-05-10,99914.14,Active
ACC02021,CUST99999,BR027,Current,2026-01-01,58054.03,Closed
ACC08115,CUST00450,BR004,Salary,2025-06-19,74512.3,Active
ACC10652,CUST06457,BR043,Salary,2025-01-30,54784.71,Active
ACC11870,CUST04906,BR033,Current,2026-05-19,17276.31,Dormant
ACC00660,CUST02894,BR000,Savings,2025-06-14,27226.86,Dormant
ACC08204,CUST05621,BR005,Salary,2023-10-29,67726.64,Active
ACC02541,CUST00952,BR005,Savings,2024-12-03,97269.52,Active
ACC05548,CUST03105,BR020,Salary,2026-02-23,55773.98,Active
ACC10924,CUST08980,BR035,Current,2025-08-17,517.91,Closed
ACC01041,CUST03919,BR005,Savings,2024-06-16,51562.76,Active
ACC09479,CUST01103,BR016,Savings,2026-06-10,70864.8,Active
ACC02007,CUST09574,BR011,Current,2023-09-11,52605.82,Dormant
ACC06456,CUST07407,BR017,Salary,2024-07-29,47348.87,Closed
ACC03872,CUST05353,BR009,Salary,2024-01-07,47141.7,Dormant
ACC01044,CUST09094,BR014,Current,2026-05-22,63572.19,Dormant
ACC01312,CUST07364,BR044,Savings,2023-10-30,37185.09,Closed
ACC11598,CUST07627,BR022,Salary,2025-05-15,24151.48,Dormant
ACC07983,CUST07764,BR021,Current,2023-09-18,55126.44,Active
ACC06545,CUST02874,BR008,Savings,2024-08-18,98827.39,Active
ACC09736,CUST05376,BR047,Savings,2026-04-06,50135.43,Active
ACC03937,CUST08109,BR028,Current,2025-04-09,51213.17,Closed
ACC04340,CUST00389,BR000,Salary,2024-06-24,80714.58,Dormant
ACC05125,CUST06893,BR042,Savings,2025-06-18,25186.75,Dormant
ACC06554,CUST06059,BR001,Salary,2026-02-11,25666.85,Active
ACC07141,CUST08783,BR049,Current,2025-02-08,1520.39,Active
ACC07737,CUST02796,BR007,Savings,2024-11-22,97804.86,Closed
ACC10838,CUST00752,BR042,Salary,2023-12-16,23730.88,Dormant
ACC07084,CUST03584,BR029,Savings,2023-12-18,17223.61,Active
ACC05804,CUST02547,BR031,Savings,2024-11-26,11423.03,Closed
ACC10125,CUST02088,BR008,Savings,2025-01-14,67922.51,Active
ACC03052,CUST05866,BR004,Salary,2025-05-30,12316.5,Dormant
ACC06135,CUST01557,BR000,Salary,2024-09-27,13902.73,Closed
ACC09212,CUST02423,BR030,Savings,2024-05-11,26236.04,Dormant
ACC08605,CUST04794,BR014,Current,2026-08-15,37704.64,Closed
ACC02171,CUST05306,BR006,Salary,2026-01-28,53633.89,Dormant
ACC10651,CUST02174,BR046,Savings,2024-04-26,12089.96,Closed
ACC03773,CUST05856,BR003,Current,2025-12-22,1315.94,Closed
ACC00665,CUST08485,BR042,Current,2025-06-15,54388.28,Dormant
ACC10462,CUST08626,BR047,Salary,2024-09-05,51101.47,Dormant
ACC06493,CUST01876,BR046,Savings,2024-02-19,72685.03,Closed
ACC02785,CUST06596,BR049,Current,2024-08-19,90916.1,Dormant
ACC02519,CUST99999,BR002,Savings,2024-08-23,42096.13,Closed
ACC10531,CUST09868,BR049,Salary,2025-11-04,42548.76,Active
ACC04466,CUST03993,BR049,Current,2026-08-07,42391.58,Active
ACC05507,CUST05729,BR021,Current,2024-09-14,18043.32,Closed
ACC05906,CUST06105,BR024,Current,2025-03-11,10615.01,Active
ACC11035,CUST01256,BR030,Salary,2026-06-30,3193.32,Closed
ACC11275,CUST07105,BR045,Salary,2023-09-28,75069.36,Closed
ACC05611,CUST01459,BR044,Savings,2023-11-08,67455.9,Dormant
ACC11450,CUST04059,BR012,Savings,2025-04-18,11236.24,Dormant
ACC06720,CUST01081,BR035,Current,2026-08-29,3262.03,Active
ACC08080,CUST03156,BR022,Current,2025-06-10,80099.37,Closed
ACC07801,CUST07740,BR007,Current,2026-04-19,72423.53,Closed
ACC07945,CUST08993,BR025,Savings,2025-02-14,53504.55,Active
ACC11407,CUST08054,BR006,Savings,2024-12-07,89240.97,Closed
ACC04575,CUST00512,BR033,Salary,2024-02-14,64844.33,Closed
ACC03833,CUST01902,BR042,Salary,2026-05-10,12596.52,Active
ACC10732,CUST05967,BR013,Current,2025-07-26,98130.14,Active
ACC06557,CUST06805,BR042,Savings,2024-02-02,30820.81,Active
ACC06457,CUST00363,BR027,Current,2026-06-23,20992.48,Closed
ACC01410,CUST02316,BR046,Savings,2025-03-25,3599.27,Active
ACC07094,CUST09623,BR016,Salary,2025-12-02,1594.13,Active
ACC06693,CUST09542,BR020,Salary,2024-03-01,-75015.35,Closed
ACC06214,CUST06351,BR012,Savings,2024-10-21,7910.51,Active
ACC07788,CUST05173,BR017,Salary,2023-12-25,71512.72,Closed
ACC01543,CUST99999,BR038,Salary,2024-01-19,22998.14,Closed
ACC03614,CUST00467,BR032,Savings,2024-05-11,26038.95,Active
ACC01835,CUST06998,BR020,Savings,2024-04-29,33198.71,Dormant
ACC06382,CUST04421,BR017,Salary,2025-03-02,61666.37,Closed
ACC02543,CUST04509,BR017,Savings,2024-11-28,17545.92,Dormant
ACC10348,CUST05782,BR036,Salary,2024-10-16,10986.63,Active
ACC05783,CUST09767,BR010,Savings,2024-08-18,82239.56,Active
ACC02278,CUST09016,BR012,Current,2026-06-28,64653.69,Closed
ACC05629,CUST00653,BR028,Savings,2026-04-08,90392.61,Dormant
ACC00590,CUST03718,BR007,Current,2026-04-15,89565.53,Dormant
ACC01019,CUST06574,BR015,Savings,2023-11-09,74419.43,Closed
ACC08742,CUST08849,BR007,Current,2026-01-16,94507.08,Active
ACC07129,CUST00047,BR025,Savings,2024-07-05,99404.86,Dormant
ACC06221,CUST05846,BR028,Salary,2026-08-21,80836.25,Active
ACC08918,CUST06596,BR041,Savings,2025-02-14,49917.1,Dormant
ACC11893,CUST08136,BR042,Salary,2024-02-26,76530.27,Active
ACC00412,CUST03011,BR000,Savings,2023-11-26,21453.1,Active
ACC07196,CUST09136,BR011,Current,2026-08-08,74292.47,Active
ACC00168,CUST00977,BR033,Current,2026-05-07,6555.49,Dormant
ACC02117,CUST03471,BR031,Current,2025-08-03,40888.48,Active
ACC06868,CUST03618,BR012,Salary,2023-10-19,84207.04,Closed
ACC08122,CUST02254,BR033,Savings,2026-05-27,68317.03,Active
ACC11919,CUST02170,BR000,Current,2024-02-04,31102.38,Dormant
ACC10244,CUST03460,BR024,Current,2024-08-01,47996.5,Dormant
ACC01881,CUST02466,BR009,Salary,2025-12-25,21735.9,Dormant
ACC04185,CUST06782,BR002,Salary,2025-01-13,12087.25,Closed
ACC08027,CUST09051,BR022,Current,2024-08-14,56864.54,Active
ACC07174,CUST00294,BR004,Savings,2023-11-03,84916.58,Active
ACC06867,CUST08580,BR018,Savings,2026-08-11,25646.36,Active
ACC07249,CUST07719,BR008,Salary,2025-11-18,78343.67,Closed
ACC06131,CUST03289,BR030,Salary,2026-06-22,86404.03,Dormant
ACC09082,CUST07328,BR018,Current,2025-03-26,38856.7,Active
ACC06647,CUST09763,BR046,Salary,2026-01-24,89716.49,Active
ACC07075,CUST01608,BR006,Current,2023-11-03,20449.46,Active
ACC00103,CUST05891,BR016,Current,2025-01-11,58212.47,Dormant
ACC09994,CUST06221,BR028,Salary,2024-03-27,23178.51,Dormant
ACC09225,CUST02284,BR018,Savings,2024-06-04,22188.73,Dormant
ACC03750,CUST04482,BR034,Savings,2024-06-03,39518.34,Closed
ACC06640,CUST04568,BR021,Savings,2025-05-20,48958.14,Active
ACC03634,CUST03473,BR012,Current,2024-05-23,64681.68,Dormant
ACC10488,CUST08423,BR024,Savings,2026-03-18,7024.28,Closed
ACC11280,CUST02386,BR005,Savings,2025-06-15,11115.43,Dormant
ACC09983,CUST09785,BR047,Savings,2025-06-27,65450.09,Closed
ACC09195,CUST00191,BR030,Current,2023-11-28,60764.98,Active
ACC09036,CUST06125,BR018,Salary,2024-07-21,42950.21,Closed
ACC07070,CUST09680,BR020,Salary,2026-01-29,39248.78,Active
ACC06882,CUST02700,BR006,Current,2025-09-14,67753.12,Active
ACC07410,CUST06394,BR014,Savings,2026-02-06,6467.42,Active
ACC02964,CUST08094,BR008,Salary,2026-01-11,60158.08,Dormant
ACC05396,CUST02299,BR038,Current,2026-04-24,73876.62,Dormant
ACC10815,CUST09306,BR048,Savings,2025-07-01,44929.31,Closed
ACC07260,CUST03069,BR045,Salary,2023-11-16,65695.37,Closed
ACC09202,CUST04922,BR014,Salary,2024-04-07,7314.22,Dormant
ACC10351,CUST04263,BR049,Current,2025-11-29,66115.92,Active
ACC06071,CUST03001,BR043,Savings,2026-04-19,60445.05,Closed
ACC11915,CUST06655,BR029,Salary,2025-12-04,55781.95,Closed
ACC11346,CUST07979,BR004,Salary,2026-08-18,33886.78,Closed
ACC08603,CUST01092,BR019,Salary,2026-01-23,70213.76,Closed
ACC03088,CUST00104,BR017,Salary,2024-07-26,53784.18,Closed
ACC01716,CUST02765,BR018,Savings,2025-01-02,64495.79,Closed
ACC05005,CUST04338,BR009,Savings,2023-12-02,96196.98,Closed
ACC02597,CUST08427,BR000,Current,2024-06-06,3534.69,Closed
ACC08917,CUST06350,BR016,Current,2024-03-04,16050.88,Active
ACC02544,CUST02957,BR015,Salary,2024-01-09,72151.06,Closed
ACC06556,CUST08896,BR003,Salary,2024-05-06,42304.92,Active
ACC01420,CUST07495,BR013,Savings,2024-06-29,73778.51,Active
ACC11019,CUST07639,BR026,Salary,2024-05-04,55909.24,Dormant
ACC11849,CUST04765,BR022,Salary,2025-06-25,38231.25,Dormant
ACC11564,CUST07837,BR000,Current,2024-10-15,27065.38,Dormant
ACC00312,CUST03328,BR011,Current,2024-12-12,85827.09,Active
ACC01055,CUST04802,BR020,Savings,2025-02-02,33129.9,Dormant
ACC01453,CUST03688,BR011,Current,2026-07-01,56748.74,Active
ACC02432,CUST04063,BR032,Current,2025-05-11,30823.8,Active
ACC01758,CUST05349,BR004,Savings,2025-07-23,81053.22,Closed
ACC09199,CUST00096,BR031,Savings,2026-05-14,34580.76,Dormant
ACC02187,CUST05740,BR025,Current,2024-06-03,19254.14,Dormant
ACC08307,CUST05638,BR038,Current,2024-06-28,13825.61,Active
ACC04136,CUST03374,BR000,Salary,2026-01-30,41747.68,Closed
ACC02649,CUST01416,BR000,Salary,2025-09-19,2456.43,Dormant
ACC03701,CUST09617,BR022,Savings,2026-03-12,-9026.82,Active
ACC11431,CUST03613,BR026,Current,2023-09-20,31207.14,Dormant
ACC02709,CUST03981,BR029,Savings,2024-01-08,92967.8,Dormant
ACC03161,CUST03738,BR029,Savings,2026-01-21,97403.61,Active
ACC11077,CUST02439,BR022,Salary,2025-12-28,14070.03,Closed
ACC04096,CUST02454,BR032,Salary,2024-06-14,3260.35,Closed
ACC05864,CUST00280,BR020,Current,2024-10-01,86865.35,Closed
ACC06467,CUST01673,BR042,Salary,2023-12-08,28638.33,Dormant
ACC06443,CUST99999,BR026,Savings,2026-06-27,77217.4,Active
ACC10324,CUST00428,BR038,Savings,2023-09-20,27812.4,Active
ACC06690,CUST04394,BR000,Savings,2025-04-11,90130.71,Active
ACC06898,CUST02716,BR007,Savings,2025-07-22,86510.72,Closed
ACC06671,CUST02067,BR012,Savings,2025-03-03,27725.39,Closed
ACC01308,CUST06463,BR016,Salary,2026-06-09,29863.39,Dormant
ACC01411,CUST05968,BR023,Savings,2024-02-10,-89135.74,Dormant
ACC02626,CUST02070,BR014,Savings,2025-08-21,6130.79,Active
ACC01275,CUST07974,BR010,Salary,2025-04-23,60981.03,Dormant
ACC04287,CUST06265,BR012,Salary,2025-02-04,93877.4,Active
ACC07851,CUST00976,BR010,Salary,2026-06-10,91645.14,Dormant
ACC11168,CUST06676,BR046,Current,2025-01-31,65731.51,Dormant
ACC06918,CUST07533,BR020,Current,2026-09-06,7653.04,Closed
ACC04337,CUST07322,BR048,Current,2025-04-07,34256.23,Closed
ACC10794,CUST04696,BR007,Salary,2024-06-26,86132.88,Closed
ACC02792,CUST03135,BR010,Savings,2025-06-28,51963.75,Dormant
ACC07956,CUST02719,BR011,Current,2023-11-18,12241.59,Active
ACC01818,CUST06329,BR043,Savings,2025-02-15,34976.64,Active
ACC03616,CUST01028,BR037,Current,2025-08-18,61709.99,Closed
ACC10627,CUST02158,BR036,Salary,2025-12-05,59593.16,Active
ACC05637,CUST03845,BR019,Salary,2026-03-02,72696.23,Dormant
ACC03619,CUST03311,BR033,Salary,2024-07-19,80170.85,Active
ACC05701,CUST01001,BR033,Current,2024-09-04,24192.84,Closed
ACC02184,CUST02959,BR035,Salary,2024-04-06,61912.69,Closed
ACC11892,CUST06908,BR028,Salary,2025-12-12,90513.99,Closed
ACC02586,CUST08382,BR009,Salary,2024-11-28,14953.48,Dormant
ACC11126,CUST08001,BR036,Salary,2026-08-12,57765.07,Active
ACC04678,CUST03764,BR022,Current,2024-07-16,86491.5,Dormant
ACC06775,CUST00573,BR041,Salary,2023-10-07,82080.73,Dormant
ACC02623,CUST00886,BR031,Salary,2024-03-01,91932.0,Active
ACC08562,CUST01215,BR041,Current,2024-12-05,57775.27,Closed
ACC02387,CUST01134,BR009,Savings,2026-02-10,56093.36,Closed
ACC00601,CUST06481,BR025,Current,2024-09-22,60522.51,Closed
ACC10584,CUST03449,BR002,Salary,2023-10-25,1055.56,Active
ACC06648,CUST02944,BR034,Salary,2024-07-12,32107.29,Active
ACC09361,CUST06033,BR048,Savings,2025-03-22,84642.94,Closed
ACC07814,CUST07948,BR048,Current,2025-10-21,51479.77,Active
ACC07239,CUST01485,BR021,Salary,2025-10-24,22165.0,Dormant
ACC05393,CUST99999,BR040,Current,2024-05-16,75870.07,Dormant
ACC04373,CUST05776,BR022,Current,2024-12-16,64520.4,Closed
ACC03124,CUST04378,BR031,Salary,2024-08-28,9609.65,Active
ACC00647,CUST05439,BR038,Current,2024-11-04,15190.22,Active
ACC00829,CUST09536,BR018,Current,2025-03-13,7121.01,Closed
ACC03417,CUST04349,BR025,Salary,2025-08-20,82137.67,Closed
ACC05044,CUST03056,BR023,Savings,2024-07-01,87069.85,Dormant
ACC03783,CUST06710,BR010,Savings,2025-12-20,59034.64,Dormant
ACC08866,CUST99999,BR006,Salary,2026-06-30,18631.67,Closed
ACC05751,CUST08521,BR005,Savings,2025-02-24,66403.69,Dormant
ACC08957,CUST06331,BR011,Current,2025-07-17,30015.81,Active
ACC07268,CUST00453,BR047,Savings,2025-11-25,84152.54,Closed
ACC06081,CUST02091,BR030,Current,2026-04-17,63098.89,Dormant
ACC03992,CUST08643,BR048,Savings,2023-11-10,42159.91,Dormant
ACC00056,CUST04435,BR023,Salary,2026-05-12,64879.98,Active
ACC05710,CUST08171,BR000,Salary,2023-09-20,57759.33,Dormant
ACC00308,CUST09016,BR032,Current,2026-07-03,76293.98,Dormant
ACC04061,CUST03902,BR028,Savings,2023-11-01,47759.22,Active
ACC09296,CUST08280,BR002,Savings,2024-09-28,68344.04,Dormant
ACC09995,CUST05155,BR008,Salary,2026-09-07,85354.0,Dormant
ACC05865,CUST01236,BR043,Current,2026-08-22,89571.6,Closed
ACC00579,CUST01446,BR043,Current,2024-02-01,85297.36,Active
ACC07641,CUST05623,BR015,Savings,2024-06-07,46894.29,Closed
ACC05299,CUST00232,BR002,Current,2026-08-08,73648.3,Closed
ACC05458,CUST08298,BR040,Savings,2025-03-19,2531.14,Active
ACC05627,CUST06308,BR008,Savings,2024-08-10,98169.47,Active
ACC05620,CUST00975,BR030,Salary,2026-03-28,18448.89,Active
ACC02762,CUST06971,BR037,Savings,2024-06-14,85117.34,Dormant
ACC04836,CUST02466,BR036,Salary,2023-09-13,74908.51,Dormant
ACC01696,CUST04152,BR011,Current,2024-12-01,78364.97,Closed
ACC02250,CUST08151,BR004,Salary,2024-05-03,57472.8,Active
ACC11040,CUST00760,BR027,Current,2025-07-29,35449.41,Closed
ACC10601,CUST06701,BR020,Current,2024-10-20,43596.95,Dormant
ACC04604,CUST06596,BR011,Salary,2026-03-29,87512.96,Closed
ACC06251,CUST03467,BR038,Current,2024-02-14,23930.34,Active
ACC04844,CUST09084,BR042,Current,2024-04-27,58991.71,Active
ACC07744,CUST04495,BR033,Current,2023-12-06,66211.01,Active
ACC07329,CUST02316,BR012,Current,2026-03-17,24255.13,Closed
ACC10507,CUST00411,BR030,Savings,2026-03-05,38618.74,Dormant
ACC10625,CUST05778,BR037,Savings,2026-07-01,7416.14,Active
ACC03757,CUST01550,BR024,Current,2024-10-20,27776.21,Active
ACC04334,CUST09690,BR007,Current,2026-01-01,20200.51,Dormant
ACC02313,CUST02680,BR001,Current,2025-07-22,57918.34,Closed
ACC05293,CUST08822,BR006,Savings,2026-05-09,98152.09,Dormant
ACC11218,CUST01271,BR026,Savings,2025-01-04,17767.87,Active
ACC06776,CUST01512,BR048,Current,2025-02-28,84736.04,Dormant
ACC06547,CUST99999,BR002,Savings,2025-01-10,46382.27,Dormant
ACC04611,CUST99999,BR035,Current,2026-06-23,7947.46,Closed
ACC04083,CUST07044,BR013,Current,2025-12-31,59593.67,Dormant
ACC01845,CUST06497,BR033,Salary,2026-07-03,13663.4,Dormant
ACC02615,CUST08832,BR015,Salary,2025-12-30,38757.11,Active
ACC11368,CUST02623,BR041,Current,2025-10-11,82864.44,Closed
ACC05532,CUST00179,BR038,Savings,2024-07-26,16294.84,Active
ACC04949,CUST06565,BR036,Savings,2026-04-18,17338.41,Dormant
ACC06724,CUST04366,BR038,Salary,2026-03-02,89436.21,Active
ACC00771,CUST05215,BR017,Current,2026-05-10,37887.76,Closed
ACC07429,CUST05038,BR034,Current,2024-06-08,14175.52,Active
ACC03952,CUST06366,BR000,Salary,2024-03-30,19637.07,Active
ACC10173,CUST05709,BR048,Current,2025-08-31,85788.33,Closed
ACC06732,CUST02793,BR012,Current,2024-07-16,43859.18,Closed
ACC10335,CUST07562,BR014,Savings,2024-07-06,93247.89,Closed
ACC03294,CUST00605,BR005,Savings,2026-06-26,-46031.11,Active
ACC03475,CUST09952,BR031,Savings,2025-07-29,83780.35,Dormant
ACC00431,CUST05633,BR033,Savings,2026-08-17,78261.55,Active
ACC08290,CUST06263,BR015,Current,2024-04-29,88497.53,Active
ACC02000,CUST05055,BR041,Salary,2026-05-17,39785.36,Active
ACC06376,CUST08043,BR001,Current,2026-08-26,56415.2,Dormant
ACC08847,CUST07103,BR028,Current,2025-07-27,23795.5,Active
ACC00327,CUST07750,BR031,Salary,2025-11-05,46279.78,Active
ACC10292,CUST00221,BR025,Savings,2026-03-31,58949.57,Dormant
ACC11482,CUST01582,BR007,Salary,2026-05-20,75001.47,Active
ACC07468,CUST08310,BR047,Current,2025-02-24,21919.53,Dormant
ACC11725,CUST04937,BR005,Salary,2026-06-15,89242.41,Active
ACC02028,CUST01798,BR009,Salary,2023-11-15,45407.46,Dormant
ACC08291,CUST07988,BR026,Salary,2024-07-22,86502.79,Active
ACC07865,CUST02212,BR030,Current,2026-07-01,65018.67,Dormant
ACC10740,CUST08391,BR008,Current,2025-10-27,51662.77,Dormant
ACC08459,CUST09340,BR021,Savings,2025-07-30,25907.28,Active
ACC10028,CUST06440,BR010,Salary,2026-03-12,31100.48,Dormant
ACC06074,CUST05085,BR014,Salary,2026-05-17,34913.99,Closed
ACC11139,CUST04956,BR006,Salary,2024-09-04,15387.45,Dormant
ACC10340,CUST00120,BR042,Salary,2026-04-02,21484.25,Active
ACC08090,CUST07690,BR015,Current,2024-04-21,14879.02,Dormant
ACC06449,CUST08178,BR037,Savings,2024-10-10,37893.04,Dormant
ACC04160,CUST04759,BR000,Savings,2023-12-10,65598.32,Active
ACC02826,CUST04759,BR040,Savings,2023-12-05,56838.1,Dormant
ACC00365,CUST09190,BR043,Current,2025-08-20,6614.07,Closed
ACC02470,CUST00728,BR015,Current,2024-04-25,14666.04,Dormant
ACC10764,CUST01217,BR037,Savings,2024-04-10,50227.21,Active
ACC11267,CUST07654,BR003,Current,2023-12-29,88073.68,Active
ACC11575,CUST03441,BR025,Savings,2025-04-02,27002.67,Active
ACC00076,CUST02621,BR025,Savings,2025-04-06,63708.28,Closed
ACC03672,CUST06572,BR009,Savings,2025-04-01,16995.49,Dormant
ACC00172,CUST02040,BR032,Savings,2026-04-12,22688.52,Dormant
ACC11133,CUST01823,BR048,Current,2026-04-11,17330.36,Dormant
ACC03100,CUST02310,BR030,Savings,2025-12-26,33009.5,Active
ACC06097,CUST07158,BR000,Salary,2024-11-03,17471.87,Closed
ACC05693,CUST04803,BR027,Salary,2026-03-12,1263.64,Closed
ACC09976,CUST07302,BR029,Salary,2026-01-24,96316.69,Active
ACC03819,CUST08264,BR021,Savings,2024-10-15,90657.44,Active
ACC06409,CUST02744,BR025,Current,2023-12-16,-30309.18,Closed
ACC04082,CUST01390,BR034,Salary,2026-05-15,74532.29,Closed
ACC03449,CUST06491,BR045,Current,2026-06-07,3664.83,Dormant
ACC01398,CUST02986,BR021,Salary,2024-02-09,2657.16,Dormant
ACC03857,CUST01889,BR001,Salary,2025-09-10,53598.04,Closed
ACC10762,CUST04513,BR002,Salary,2024-07-01,44670.49,Active
ACC06614,CUST01690,BR008,Salary,2026-08-27,94691.68,Active
ACC06897,CUST09304,BR015,Current,2024-06-10,59059.72,Active
ACC02593,CUST09331,BR000,Current,2026-02-16,92954.42,Closed
ACC10984,CUST07604,BR043,Salary,2023-11-06,41648.38,Closed
ACC08409,CUST06630,BR025,Current,2023-10-17,58836.08,Dormant
ACC05477,CUST02904,BR004,Savings,2026-05-17,15520.0,Closed
ACC04923,CUST04078,BR038,Savings,2023-09-28,44188.82,Closed
ACC06721,CUST06427,BR028,Current,2026-07-13,52819.41,Dormant
ACC09843,CUST04443,BR008,Current,2025-02-15,9422.03,Dormant
ACC11296,CUST08930,BR017,Savings,2025-07-17,21824.76,Active
ACC10116,CUST01832,BR042,Salary,2023-11-17,56300.95,Dormant
ACC04782,CUST05719,BR028,Savings,2024-03-06,84806.27,Dormant
ACC11546,CUST04381,BR036,Current,2025-10-12,46718.85,Dormant
ACC08687,CUST03329,BR005,Current,2023-12-24,11082.56,Closed
ACC06346,CUST08551,BR003,Salary,2026-05-07,25814.12,Dormant
ACC00059,CUST06626,BR005,Salary,2026-02-21,49222.47,Dormant
ACC11137,CUST02984,BR001,Current,2025-11-10,65992.69,Active
ACC09775,CUST03492,BR034,Savings,2026-07-15,30377.28,Closed
ACC03784,CUST03191,BR047,Salary,2025-01-28,48272.24,Closed
ACC03514,CUST09903,BR048,Current,2024-01-22,98583.72,Active
ACC08634,CUST01345,BR049,Savings,2024-04-17,2426.0,Dormant
ACC05672,CUST00618,BR049,Savings,2024-01-31,95806.37,Dormant
ACC07878,CUST05399,BR030,Salary,2024-06-29,39415.54,Active
ACC04348,CUST02426,BR029,Salary,2024-10-30,99047.95,Active
ACC02723,CUST01373,BR048,Salary,2024-03-07,78726.76,Dormant
ACC00809,CUST03195,BR008,Salary,2026-03-17,94903.69,Dormant
ACC09785,CUST02562,BR018,Savings,2026-01-29,22473.62,Active
ACC08810,CUST05752,BR027,Current,2025-10-21,51799.28,Closed
ACC06937,CUST01614,BR031,Salary,2025-07-22,12801.15,Active
ACC01970,CUST09523,BR048,Savings,2025-09-06,78736.73,Closed
ACC03224,CUST03856,BR021,Salary,2026-03-20,61058.31,Dormant
ACC00246,CUST05730,BR030,Current,2026-02-12,22358.45,Dormant
ACC03968,CUST01018,BR027,Current,2024-02-25,21803.79,Closed
ACC11815,CUST09121,BR022,Salary,2024-12-07,98509.06,Closed
ACC08632,CUST07637,BR034,Savings,2024-03-26,7616.11,Active
ACC05742,CUST03852,BR028,Salary,2025-09-27,58635.65,Dormant
ACC06812,CUST99999,BR007,Salary,2026-04-06,10631.03,Dormant
ACC01323,CUST05136,BR029,Salary,2025-12-24,24833.68,Dormant
ACC08628,CUST00166,BR006,Savings,2024-12-25,82311.88,Closed
ACC09316,CUST08695,BR000,Savings,2024-02-04,65663.19,Active
ACC09141,CUST09130,BR037,Salary,2026-07-03,29823.09,Active
ACC10855,CUST05433,BR047,Savings,2023-10-28,28589.96,Dormant
ACC05866,CUST03631,BR016,Savings,2025-07-27,6753.9,Closed
ACC02448,CUST03122,BR003,Savings,2024-02-26,27999.89,Closed
ACC08123,CUST99999,BR021,Salary,2026-04-15,87924.79,Dormant
ACC06577,CUST02808,BR000,Salary,2025-09-27,45982.38,Dormant
ACC01423,CUST09767,BR042,Salary,2024-01-29,10435.85,Dormant
ACC11228,CUST07196,BR040,Current,2026-02-20,50568.19,Closed
ACC09632,CUST09888,BR036,Current,2025-07-16,69026.85,Closed
ACC06880,CUST09880,BR005,Salary,2025-05-02,7162.94,Active
ACC04172,CUST05524,BR042,Current,2026-07-03,39121.15,Closed
ACC08816,CUST02336,BR001,Salary,2026-07-30,12010.66,Active
ACC09963,CUST08114,BR028,Salary,2024-01-30,27902.93,Dormant
ACC00088,CUST05579,BR019,Current,2025-12-16,23441.4,Closed
ACC08415,CUST06861,BR000,Current,2024-01-30,41943.88,Active
ACC10472,CUST05548,BR007,Current,2026-04-27,60170.62,Closed
ACC01412,CUST01410,BR031,Salary,2026-08-09,77096.71,Closed
ACC07102,CUST07476,BR016,Savings,2026-05-13,9190.86,Closed
ACC00523,CUST02527,BR027,Current,2025-03-27,29100.84,Closed
ACC08241,CUST08928,BR033,Current,2024-03-03,33281.62,Dormant
ACC10067,CUST03320,BR033,Current,2025-05-02,68599.36,Closed
ACC09803,CUST00569,BR026,Salary,2025-02-09,96496.22,Dormant
ACC09934,CUST03342,BR022,Salary,2026-02-28,72256.85,Active
ACC02080,CUST01990,BR034,Current,2024-11-06,512.45,Active
ACC02602,CUST02140,BR044,Current,2025-10-17,34878.0,Active
ACC04642,CUST08156,BR000,Savings,2024-06-19,1619.43,Dormant
ACC07730,CUST09978,BR001,Salary,2024-02-07,34665.41,Dormant
ACC06856,CUST02853,BR000,Current,2023-10-19,85458.26,Active
ACC01162,CUST08203,BR042,Savings,2025-09-12,32259.18,Active
ACC00018,CUST07292,BR010,Salary,2025-11-02,47133.71,Closed
ACC02229,CUST07849,BR029,Salary,2024-01-01,24411.94,Closed
ACC11576,CUST03417,BR034,Current,2024-03-24,7402.55,Active
ACC00400,CUST06316,BR040,Current,2024-11-05,78113.0,Dormant
ACC09470,CUST00541,BR044,Salary,2024-09-15,4180.45,Active
ACC11658,CUST03253,BR009,Savings,2026-08-25,623.32,Active
ACC07845,CUST08804,BR044,Salary,2025-02-07,95969.61,Closed
ACC07533,CUST00335,BR023,Savings,2024-06-14,78182.25,Closed
ACC06965,CUST03159,BR029,Salary,2023-10-17,86204.32,Active
ACC03455,CUST06380,BR047,Savings,2024-04-13,8109.08,Dormant
ACC07723,CUST05016,BR020,Salary,2026-01-06,21775.75,Closed
ACC08478,CUST06445,BR037,Savings,2025-04-14,6114.14,Active
ACC01715,CUST06611,BR025,Salary,2025-05-15,59896.65,Closed
ACC00704,CUST09480,BR027,Salary,2026-02-01,24828.99,Dormant
ACC11617,CUST04092,BR021,Savings,2025-01-18,83141.39,Active
ACC01868,CUST03545,BR033,Savings,2024-12-31,99951.13,Closed
ACC02591,CUST03919,BR034,Current,2024-01-25,13993.85,Active
ACC05933,CUST99999,BR040,Salary,2025-12-28,6873.13,Closed
ACC06622,CUST08373,BR031,Savings,2026-02-18,65962.79,Active
ACC11732,CUST09761,BR009,Savings,2023-09-27,57192.17,Dormant
ACC05649,CUST04849,BR042,Salary,2023-12-24,60505.29,Closed
ACC10096,CUST07393,BR027,Current,2024-06-29,63571.01,Dormant
ACC11842,CUST01661,BR028,Salary,2026-01-13,62103.4,Closed
ACC00294,CUST02776,BR001,Current,2025-09-25,25700.45,Closed
ACC10907,CUST06826,BR018,Salary,2024-04-17,29845.15,Dormant
ACC07171,CUST06956,BR047,Savings,2026-07-19,86829.74,Closed
ACC05545,CUST06196,BR041,Savings,2026-05-20,91983.87,Active
ACC05565,CUST01193,BR020,Current,2025-03-10,24838.32,Active
ACC00116,CUST00408,BR004,Salary,2024-04-17,35562.08,Active
ACC02662,CUST01396,BR011,Current,2023-09-26,16110.72,Closed
ACC06127,CUST08233,BR025,Savings,2024-10-20,84948.19,Closed
ACC11511,CUST00851,BR040,Current,2024-01-22,58318.9,Active
ACC06486,CUST06112,BR012,Current,2024-09-29,42482.26,Dormant
ACC02506,CUST03483,BR038,Savings,2025-03-12,5661.67,Closed
ACC08581,CUST09939,BR031,Current,2026-08-13,99979.04,Dormant
ACC01937,CUST07430,BR037,Savings,2024-05-15,31459.58,Closed
ACC07457,CUST04358,BR041,Savings,2026-02-22,16240.49,Active
ACC08977,CUST99999,BR041,Savings,2024-11-06,22051.27,Active
ACC03262,CUST09688,BR043,Salary,2025-06-05,35116.2,Closed
ACC01324,CUST07884,BR026,Savings,2025-03-30,59712.1,Dormant
ACC10539,CUST06497,BR002,Salary,2024-07-17,98170.76,Active
ACC01250,CUST02493,BR010,Savings,2025-08-22,58045.81,Active
ACC09259,CUST07716,BR045,Current,2024-01-25,39170.45,Closed
ACC00717,CUST04403,BR028,Current,2024-08-02,35082.73,Closed
ACC09114,CUST03909,BR018,Savings,2024-11-08,35725.96,Active
ACC09675,CUST09250,BR021,Salary,2026-03-15,37002.17,Closed
ACC07767,CUST02366,BR046,Current,2024-01-04,19245.33,Closed
ACC06118,CUST03631,BR015,Current,2023-12-17,87362.12,Closed
ACC03606,CUST01783,BR001,Salary,2026-08-04,28313.73,Active
ACC04329,CUST03227,BR037,Savings,2025-10-07,43168.39,Active
ACC09562,CUST04876,BR000,Current,2023-10-04,62493.43,Closed
ACC11507,CUST02067,BR001,Current,2025-10-31,95341.37,Dormant
ACC10808,CUST06041,BR024,Salary,2023-09-24,88937.24,Closed
ACC02348,CUST00352,BR016,Salary,2025-01-06,53998.92,Active
ACC01596,CUST02782,BR038,Savings,2024-11-06,63321.17,Active
ACC10043,CUST05090,BR047,Salary,2025-09-25,58983.56,Closed
ACC01159,CUST07541,BR015,Salary,2025-06-08,84562.4,Closed
ACC08431,CUST04440,BR007,Salary,2026-07-18,54395.13,Active
ACC08438,CUST08161,BR023,Salary,2026-04-02,60372.94,Active
ACC09201,CUST05906,BR004,Current,2026-05-31,34015.17,Active
ACC09433,CUST01425,BR017,Salary,2026-03-14,70442.15,Dormant
ACC10180,CUST04463,BR018,Salary,2026-05-20,4788.5,Dormant
ACC03650,CUST06512,BR005,Savings,2024-04-02,71925.47,Dormant
ACC10777,CUST04359,BR040,Salary,2026-06-21,28004.66,Closed
ACC02795,CUST99999,BR028,Current,2024-08-30,30236.78,Active
ACC10220,CUST06446,BR024,Salary,2026-03-25,85485.47,Closed
ACC11345,CUST07223,BR044,Salary,2024-10-05,17635.66,Active
ACC03765,CUST05957,BR038,Current,2025-10-26,77259.66,Active
ACC01360,CUST08794,BR001,Current,2024-09-06,3218.0,Dormant
ACC09517,CUST01583,BR020,Salary,2026-07-25,36568.35,Closed
ACC09372,CUST09832,BR026,Current,2025-10-11,17770.67,Active
ACC09363,CUST07248,BR014,Savings,2024-11-21,41905.6,Closed
ACC09230,CUST05629,BR027,Savings,2024-07-13,68998.24,Active
ACC03069,CUST08522,BR019,Salary,2025-12-07,28928.07,Dormant
ACC04335,CUST04877,BR011,Savings,2025-05-03,42157.97,Active
ACC00289,CUST03823,BR036,Salary,2024-01-31,99321.03,Dormant
ACC05956,CUST03647,BR010,Salary,2025-10-28,31423.3,Active
ACC05656,CUST05687,BR015,Current,2024-07-19,72202.39,Dormant
ACC02955,CUST01922,BR000,Salary,2024-12-10,40016.12,Dormant
ACC06928,CUST07232,BR019,Savings,2025-05-15,-82037.02,Closed
ACC06927,CUST01914,BR027,Savings,2025-12-22,74070.87,Dormant
ACC11632,CUST09057,BR022,Salary,2025-02-07,24341.93,Closed
ACC09307,CUST08228,BR023,Savings,2026-08-20,79297.29,Active
ACC05746,CUST03691,BR007,Salary,2026-01-18,21354.1,Dormant
ACC08681,CUST01657,BR005,Current,2024-05-15,3877.01,Closed
ACC11566,CUST08812,BR021,Current,2024-12-04,42304.04,Dormant
ACC00977,CUST09865,BR023,Savings,2024-09-02,60165.62,Dormant
ACC00607,CUST00244,BR042,Savings,2025-06-30,91172.58,Dormant
ACC04407,CUST06869,BR046,Salary,2026-01-13,36750.11,Closed
ACC02874,CUST09785,BR048,Salary,2024-04-20,69900.06,Closed
ACC00751,CUST04872,BR041,Salary,2024-10-11,16047.7,Closed
ACC07071,CUST02538,BR016,Salary,2024-06-10,37207.13,Closed
ACC04464,CUST99999,BR003,Current,2025-10-11,57774.56,Closed
ACC11320,CUST00780,BR005,Salary,2024-04-25,93087.34,Dormant
ACC09253,CUST02185,BR017,Current,2025-05-23,85300.31,Closed
ACC06627,CUST02720,BR004,Current,2024-12-02,5474.36,Dormant
ACC05825,CUST09242,BR022,Current,2026-07-15,12724.79,Dormant
ACC03738,CUST08051,BR026,Salary,2023-12-28,20822.59,Dormant
ACC04357,CUST00602,BR046,Savings,2025-02-24,28977.27,Active
ACC10567,CUST05875,BR015,Salary,2026-08-20,38487.69,Closed
ACC08533,CUST02995,BR004,Current,2024-10-13,52286.09,Closed
ACC06995,CUST01726,BR007,Savings,2026-02-03,97125.36,Closed
ACC00701,CUST00185,BR040,Salary,2023-10-20,519.39,Dormant
ACC10837,CUST07422,BR008,Current,2025-05-07,72809.5,Dormant
ACC02770,CUST04952,BR042,Salary,2025-04-17,47343.68,Active
ACC03364,CUST05241,BR033,Salary,2024-06-06,12032.02,Dormant
ACC05122,CUST04334,BR040,Savings,2026-03-02,31501.58,Closed
ACC08682,CUST07232,BR045,Savings,2025-10-25,71008.4,Dormant
ACC08867,CUST06719,BR002,Savings,2026-01-16,87956.99,Active
ACC10724,CUST04741,BR016,Current,2025-06-05,97698.28,Closed
ACC00564,CUST01626,BR046,Savings,2025-07-26,57292.11,Active
ACC09542,CUST04898,BR010,Salary,2026-02-08,73531.79,Dormant
ACC08484,CUST00760,BR022,Savings,2025-06-13,67993.45,Active
ACC08375,CUST03409,BR034,Salary,2025-12-15,93518.96,Closed
ACC07427,CUST09386,BR018,Current,2024-02-07,93446.87,Dormant
ACC01507,CUST08642,BR019,Current,2025-01-26,64704.79,Dormant
ACC11799,CUST00928,BR049,Savings,2024-10-11,75148.92,Dormant
ACC05094,CUST04173,BR048,Savings,2026-08-31,86375.21,Active
ACC01396,CUST03253,BR046,Current,2025-06-14,86877.5,Active
ACC03925,CUST06853,BR005,Savings,2024-09-12,28547.24,Closed
ACC04366,CUST04005,BR040,Savings,2025-06-20,98039.68,Dormant
ACC02809,CUST02743,BR005,Salary,2024-07-25,95263.32,Dormant
ACC09198,CUST99999,BR035,Salary,2024-06-20,44298.88,Dormant
ACC06516,CUST00427,BR045,Savings,2026-01-10,38635.45,Active
ACC00980,CUST03787,BR026,Savings,2026-09-05,43106.06,Dormant
ACC01576,CUST07334,BR032,Savings,2026-01-20,97158.17,Closed
ACC10581,CUST07129,BR002,Savings,2023-09-24,60445.72,Dormant
ACC01094,CUST04324,BR048,Salary,2024-03-15,22825.06,Dormant
ACC02247,CUST06382,BR031,Salary,2023-12-04,25884.08,Closed
ACC10871,CUST02001,BR006,Salary,2025-08-15,56734.58,Closed
ACC06220,CUST04635,BR049,Savings,2026-04-18,82673.41,Active
ACC02207,CUST00370,BR005,Salary,2024-07-17,94183.28,Closed
ACC10278,CUST06013,BR029,Current,2025-05-11,91957.6,Active
ACC09677,CUST07180,BR001,Savings,2026-07-29,93569.22,Dormant
ACC03713,CUST05684,BR000,Savings,2026-03-30,13387.85,Closed
ACC08519,CUST01098,BR022,Current,2026-08-12,11011.1,Active
ACC06180,CUST08980,BR027,Salary,2024-05-07,90605.06,Active
ACC03249,CUST06501,BR044,Current,2024-07-15,80951.0,Active
ACC11100,CUST04569,BR036,Salary,2026-05-05,26706.25,Dormant
ACC09326,CUST03418,BR010,Current,2026-03-26,34470.26,Closed
ACC00257,CUST02114,BR022,Salary,2025-03-12,92799.95,Closed
ACC07520,CUST07645,BR013,Current,2025-10-04,72650.8,Active
ACC07981,CUST09193,BR049,Salary,2025-10-04,29271.92,Closed
ACC05342,CUST07857,BR035,Salary,2026-09-01,2509.5,Active
ACC11068,CUST05850,BR019,Savings,2025-11-13,67570.94,Active
ACC04073,CUST06298,BR005,Salary,2024-01-23,95721.37,Active
ACC07420,CUST06974,BR003,Current,2025-10-03,77309.95,Active
ACC10412,CUST05401,BR048,Current,2023-10-16,7011.53,Active
ACC02451,CUST05766,BR011,Salary,2024-12-29,83853.06,Active
ACC11029,CUST09415,BR004,Savings,2026-08-26,84587.61,Active
ACC08574,CUST05935,BR000,Current,2025-01-22,55765.98,Closed
ACC05051,CUST05720,BR000,Savings,2026-03-11,29150.96,Active
ACC10878,CUST08179,BR042,Savings,2025-06-08,28622.63,Closed
ACC05538,CUST00991,BR008,Savings,2023-11-20,7093.1,Active
ACC09298,CUST06197,BR008,Savings,2026-03-02,85992.67,Dormant
ACC07849,CUST08262,BR049,Savings,2023-12-03,11512.16,Dormant
ACC04852,CUST05923,BR028,Savings,2025-08-18,95015.81,Closed
ACC10192,CUST08850,BR015,Current,2024-12-25,69578.33,Active
ACC10046,CUST07445,BR015,Savings,2026-02-03,65606.76,Active
ACC06862,CUST06827,BR013,Current,2026-04-17,3038.01,Active
ACC11504,CUST05699,BR046,Salary,2024-04-18,27447.49,Closed
ACC08086,CUST01393,BR019,Savings,2026-03-05,96420.83,Active
ACC06931,CUST07306,BR009,Savings,2025-05-02,91664.15,Closed
ACC07886,CUST05241,BR023,Savings,2025-05-04,72663.81,Dormant
ACC01012,CUST05399,BR020,Savings,2024-11-04,19355.45,Active
ACC01048,CUST09763,BR032,Current,2025-03-02,18457.43,Active
ACC04494,CUST06623,BR010,Salary,2026-02-08,50601.5,Active
ACC05891,CUST05564,BR023,Savings,2025-12-19,35163.7,Active
ACC09549,CUST01814,BR031,Salary,2025-11-10,16236.26,Active
ACC09981,CUST09927,BR002,Salary,2025-10-22,87317.1,Dormant
ACC04403,CUST05122,BR046,Current,2024-01-22,95708.44,Closed
ACC03930,CUST00269,BR005,Savings,2024-11-16,84787.77,Closed
ACC09769,CUST05441,BR019,Savings,2026-01-21,67280.65,Dormant
ACC09419,CUST06159,BR034,Current,2025-06-16,55805.71,Dormant
ACC11759,CUST08104,BR021,Salary,2024-03-21,96929.5,Dormant
ACC04361,CUST05434,BR021,Current,2024-08-27,66083.65,Dormant
ACC03119,CUST01997,BR047,Salary,2023-10-25,65085.81,Closed
ACC01260,CUST03319,BR045,Savings,2025-07-26,27642.25,Active
ACC10372,CUST04106,BR032,Savings,2025-06-02,79999.71,Dormant
ACC03468,CUST00991,BR041,Savings,2025-11-02,89960.19,Active
ACC04838,CUST09022,BR012,Savings,2026-07-18,40399.98,Closed
ACC11899,CUST07170,BR011,Salary,2026-05-30,10789.8,Active
ACC05988,CUST99999,BR034,Current,2024-06-20,35740.92,Dormant
ACC10665,CUST07392,BR030,Current,2026-04-21,93040.59,Active
ACC03984,CUST07176,BR019,Salary,2024-03-13,71871.72,Dormant
ACC08398,CUST00011,BR048,Salary,2025-07-26,99423.69,Dormant
ACC07198,CUST01451,BR022,Salary,2025-03-11,37509.55,Dormant
ACC00206,CUST06228,BR016,Salary,2024-08-03,98526.37,Closed
ACC05049,CUST99999,BR025,Current,2026-05-19,66347.8,Dormant
ACC01395,CUST02652,BR002,Savings,2024-05-06,37515.24,Dormant
ACC05440,CUST00771,BR004,Savings,2025-03-28,48518.35,Closed
ACC01769,CUST08337,BR024,Savings,2024-01-02,70785.57,Closed
ACC05065,CUST06365,BR031,Salary,2026-03-05,32715.67,Active
ACC11234,CUST01308,BR041,Salary,2024-01-11,74492.52,Closed
ACC08601,CUST06455,BR007,Savings,2024-08-17,23761.72,Active
ACC08523,CUST05047,BR005,Current,2024-03-12,77325.65,Closed
ACC07424,CUST06659,BR004,Salary,2025-08-28,33602.72,Closed
ACC09332,CUST04199,BR002,Current,2025-04-22,11003.3,Closed
ACC08660,CUST04458,BR049,Savings,2023-11-15,64889.48,Active
ACC04181,CUST08074,BR032,Current,2025-07-18,90727.49,Active
ACC10811,CUST02691,BR015,Savings,2025-03-12,97790.34,Dormant
ACC07697,CUST05397,BR031,Savings,2026-05-26,43661.01,Dormant
ACC04408,CUST06410,BR004,Salary,2025-01-27,12668.48,Closed
ACC11867,CUST07335,BR048,Savings,2023-12-27,11024.72,Active
ACC06971,CUST00684,BR039,Current,2024-01-27,42951.6,Closed
ACC03430,CUST04955,BR017,Savings,2024-12-26,83930.47,Dormant
ACC11429,CUST07307,BR028,Salary,2024-08-01,17969.9,Dormant
ACC03525,CUST08099,BR044,Savings,2024-05-23,15851.72,Dormant
ACC08947,CUST05095,BR048,Salary,2024-07-24,59492.3,Dormant
ACC02952,CUST04693,BR028,Savings,2026-03-04,68268.56,Closed
ACC07177,CUST08090,BR048,Salary,2025-09-25,82209.78,Dormant
ACC09752,CUST07042,BR048,Savings,2024-06-06,63055.55,Closed
ACC09774,CUST02951,BR005,Savings,2026-04-04,73351.38,Active
ACC07958,CUST99999,BR004,Salary,2024-06-04,9378.09,Closed
ACC03589,CUST00413,BR016,Current,2023-12-16,12150.17,Closed
ACC06708,CUST04787,BR034,Salary,2024-07-29,9270.1,Active
ACC02681,CUST05377,BR009,Savings,2026-05-28,91500.08,Closed
ACC07761,CUST09612,BR012,Current,2026-08-24,68523.6,Dormant
ACC03208,CUST02616,BR000,Savings,2026-04-23,6657.08,Active
ACC10118,CUST09572,BR036,Salary,2023-10-15,91470.05,Closed
ACC09680,CUST03223,BR035,Savings,2023-12-12,75880.37,Active
ACC06763,CUST07545,BR018,Savings,2025-10-25,69036.73,Dormant
ACC01807,CUST00640,BR049,Savings,2025-07-20,-88151.54,Closed
ACC11574,CUST09535,BR004,Current,2026-02-14,80551.08,Dormant
ACC01735,CUST05549,BR011,Current,2024-10-10,8241.11,Dormant
ACC02499,CUST07059,BR000,Savings,2025-04-16,58343.69,Dormant
ACC08558,CUST03585,BR030,Salary,2026-05-24,13263.6,Dormant
ACC10721,CUST08792,BR022,Current,2025-08-09,40141.96,Active
ACC02559,CUST02047,BR009,Savings,2026-04-22,12052.64,Dormant
ACC11691,CUST01776,BR000,Salary,2026-07-30,99908.72,Active
ACC00443,CUST08651,BR031,Salary,2025-03-28,26388.23,Closed
ACC00347,CUST01353,BR003,Salary,2026-02-03,5255.25,Dormant
ACC10432,CUST03292,BR012,Salary,2025-08-02,16286.97,Closed
ACC06859,CUST08054,BR017,Savings,2024-10-27,539.77,Closed
ACC08576,CUST01485,BR035,Salary,2026-08-08,34927.16,Dormant
ACC11927,CUST08499,BR038,Current,2026-04-09,5501.75,Active
ACC03835,CUST06659,BR036,Salary,2025-10-18,66887.1,Active
ACC00085,CUST09228,BR044,Salary,2026-04-12,24616.46,Active
ACC11339,CUST01591,BR045,Savings,2024-01-11,98477.55,Active
ACC04243,CUST02885,BR005,Savings,2024-05-24,97901.98,Dormant
ACC01744,CUST09422,BR002,Savings,2025-10-15,33478.09,Dormant
ACC00179,CUST03317,BR045,Current,2023-09-09,93547.1,Dormant
ACC09975,CUST08456,BR021,Salary,2026-03-10,68822.41,Dormant
ACC06905,CUST01660,BR044,Salary,2025-07-04,52145.35,Dormant
ACC02152,CUST08911,BR019,Current,2025-04-07,13659.23,Closed
ACC11786,CUST06386,BR042,Current,2023-09-17,40123.81,Active
ACC08858,CUST05212,BR028,Savings,2024-04-04,87591.04,Closed
ACC04754,CUST09708,BR024,Salary,2025-05-27,65019.97,Active
ACC01327,CUST07622,BR033,Current,2024-11-05,40832.53,Dormant
ACC01542,CUST05730,BR045,Savings,2024-01-28,66041.2,Active
ACC06030,CUST03410,BR003,Current,2025-05-19,38277.88,Active
ACC02362,CUST06899,BR010,Salary,2024-09-16,21941.6,Closed
ACC03360,CUST07284,BR039,Salary,2026-07-26,67094.7,Closed
ACC06479,CUST04882,BR020,Current,2024-09-01,20730.47,Dormant
ACC09267,CUST04604,BR021,Current,2025-08-13,75356.8,Closed
ACC10269,CUST02375,BR001,Salary,2023-09-15,16953.4,Active
ACC06861,CUST01853,BR048,Savings,2026-02-05,30528.43,Dormant
ACC09946,CUST08992,BR042,Salary,2026-07-19,99646.42,Active
ACC06723,CUST09030,BR005,Savings,2025-04-16,96451.48,Closed
ACC01700,CUST01897,BR020,Savings,2025-01-25,76648.64,Dormant
ACC06877,CUST08823,BR049,Current,2026-06-14,65826.49,Closed
ACC09070,CUST09087,BR048,Salary,2024-06-08,74520.21,Dormant
ACC07702,CUST03972,BR025,Salary,2024-11-05,50787.23,Active
ACC09237,CUST01978,BR025,Savings,2026-02-11,81628.27,Closed
ACC08755,CUST08198,BR000,Salary,2026-07-19,69883.17,Closed
ACC08393,CUST09442,BR030,Current,2024-12-02,28332.75,Closed
ACC03240,CUST08608,BR016,Salary,2026-02-19,44111.24,Active
ACC08979,CUST03950,BR034,Salary,2026-02-04,15283.56,Dormant
ACC06799,CUST06035,BR025,Salary,2025-04-24,10470.15,Dormant
ACC02130,CUST08874,BR027,Current,2025-11-14,55612.39,Dormant
ACC06797,CUST06280,BR042,Current,2024-04-09,86341.77,Dormant
ACC00712,CUST04270,BR004,Savings,2024-06-17,97754.12,Dormant
ACC00722,CUST04116,BR040,Current,2024-11-14,66339.36,Dormant
ACC10788,CUST09351,BR044,Current,2026-01-14,16959.07,Closed
ACC01653,CUST08583,BR019,Savings,2026-07-11,4208.24,Dormant
ACC06631,CUST00013,BR013,Current,2025-02-12,53486.74,Closed
ACC08829,CUST05117,BR007,Current,2024-12-08,79961.25,Dormant
ACC07511,CUST01292,BR046,Savings,2024-11-30,55019.5,Closed
ACC08493,CUST02020,BR009,Salary,2024-12-01,70318.33,Closed
ACC04889,CUST09969,BR005,Savings,2025-09-20,91536.99,Closed
ACC05203,CUST02592,BR007,Current,2024-11-15,16399.96,Active
ACC10254,CUST07083,BR034,Salary,2024-09-25,26967.27,Closed
ACC00415,CUST02494,BR043,Salary,2025-06-28,11283.28,Active
ACC04894,CUST04485,BR049,Savings,2024-04-01,3192.54,Closed
ACC11536,CUST00799,BR048,Savings,2024-08-16,4726.11,Active
ACC09451,CUST05375,BR009,Savings,2026-05-02,31346.38,Closed
ACC07813,CUST08966,BR038,Salary,2023-10-08,25462.36,Dormant
ACC08427,CUST05636,BR030,Current,2024-01-16,95323.85,Closed
ACC06111,CUST08663,BR048,Salary,2026-09-01,31831.57,Active
ACC03386,CUST00602,BR022,Salary,2025-05-05,85799.03,Active
ACC03824,CUST09424,BR005,Savings,2024-03-10,77783.1,Closed
ACC03747,CUST05217,BR015,Salary,2025-03-29,83389.92,Closed
ACC01981,CUST05465,BR013,Salary,2025-12-06,12496.35,Closed
ACC08319,CUST03701,BR047,Salary,2025-01-27,91701.64,Active
ACC03016,CUST09456,BR034,Salary,2024-11-08,84242.36,Closed
ACC11209,CUST03553,BR040,Salary,2024-06-04,18293.5,Dormant
ACC07218,CUST09046,BR002,Savings,2024-11-03,51106.59,Active
ACC00550,CUST05635,BR032,Savings,2026-02-09,35365.69,Closed
ACC10587,CUST07304,BR032,Salary,2024-04-17,50425.81,Dormant
ACC05910,CUST02214,BR019,Current,2024-06-18,37817.28,Active
ACC06999,CUST02908,BR021,Savings,2024-04-20,65157.41,Closed
ACC06245,CUST07008,BR007,Savings,2023-10-09,55071.59,Dormant
ACC11859,CUST05654,BR000,Current,2024-01-16,44943.5,Closed
ACC02437,CUST08670,BR013,Savings,2025-11-05,84238.73,Dormant
ACC09349,CUST01795,BR035,Current,2024-01-26,33621.69,Active
ACC06636,CUST08080,BR007,Salary,2026-01-07,87354.8,Dormant
ACC07698,CUST03247,BR030,Savings,2025-03-11,23093.8,Active
ACC08817,CUST04867,BR031,Current,2025-01-28,21705.68,Dormant
ACC01873,CUST09816,BR027,Current,2024-07-03,67130.29,Dormant
ACC10623,CUST01777,BR037,Savings,2025-04-05,4173.31,Dormant
ACC11474,CUST06774,BR016,Current,2025-11-16,51355.64,Active
ACC11041,CUST08375,BR039,Savings,2023-11-29,75198.69,Closed
ACC06082,CUST05347,BR048,Savings,2026-02-13,1170.69,Dormant
ACC08035,CUST00273,BR039,Savings,2024-03-02,98881.35,Active
ACC00542,CUST03825,BR022,Current,2024-03-24,80355.9,Dormant
ACC08266,CUST05134,BR041,Savings,2026-07-28,62732.34,Active
ACC00358,CUST01495,BR031,Savings,2026-07-18,39316.59,Dormant
ACC01839,CUST07057,BR043,Salary,2026-07-05,10545.9,Active
ACC11702,CUST00012,BR038,Current,2025-02-15,86572.25,Closed
ACC09728,CUST00378,BR021,Savings,2026-08-16,15884.02,Dormant
ACC09146,CUST05959,BR025,Savings,2024-10-05,18952.39,Active
ACC11334,CUST07343,BR011,Current,2024-01-30,56261.0,Active
ACC09791,CUST02642,BR017,Current,2024-03-10,31115.95,Closed
ACC04429,CUST02494,BR011,Savings,2024-11-26,96664.63,Dormant
ACC03067,CUST05827,BR007,Current,2026-02-04,63254.63,Closed
ACC05260,CUST08463,BR000,Current,2024-09-16,88799.08,Dormant
ACC09430,CUST04687,BR033,Salary,2024-03-16,13501.57,Dormant
ACC02884,CUST06519,BR025,Savings,2024-09-20,67684.35,Dormant
ACC08776,CUST00233,BR018,Salary,2026-03-21,38957.92,Closed
ACC06053,CUST01452,BR036,Salary,2026-07-30,12220.13,Dormant
ACC01648,CUST09873,BR037,Salary,2026-07-28,6471.08,Dormant
ACC01650,CUST06606,BR044,Current,2026-03-18,58349.91,Closed
ACC01167,CUST08560,BR009,Savings,2026-06-17,60549.3,Closed
ACC11790,CUST05274,BR017,Salary,2024-03-18,75227.16,Closed
ACC03660,CUST09270,BR041,Savings,2024-03-14,38552.29,Active
ACC07991,CUST01218,BR014,Salary,2026-08-21,14290.95,Dormant
ACC11045,CUST07846,BR000,Savings,2025-04-17,87275.98,Active
ACC03607,CUST08311,BR027,Current,2023-11-23,33597.31,Dormant
ACC08128,CUST05541,BR029,Current,2024-01-21,3055.26,Closed
ACC03700,CUST07744,BR017,Salary,2024-03-18,28705.1,Dormant
ACC02196,CUST07709,BR007,Savings,2025-12-29,67432.47,Active
ACC01111,CUST03075,BR046,Current,2024-05-05,9910.16,Closed
ACC04595,CUST08343,BR014,Salary,2024-10-18,40150.01,Active
ACC09098,CUST04149,BR035,Salary,2025-10-19,41408.87,Dormant
ACC01025,CUST04070,BR021,Salary,2024-01-28,27629.2,Closed
ACC10881,CUST04861,BR022,Salary,2024-02-28,51556.92,Active
ACC07656,CUST03766,BR036,Current,2025-04-26,14126.89,Closed
ACC05123,CUST00267,BR027,Savings,2026-02-11,44630.23,Dormant
ACC10034,CUST07509,BR045,Savings,2024-06-19,24573.65,Dormant
ACC09607,CUST09569,BR016,Current,2026-04-26,63233.88,Dormant
ACC00293,CUST05371,BR020,Salary,2025-10-02,55742.71,Dormant
ACC03026,CUST09044,BR036,Current,2024-02-05,78172.14,Closed
ACC06806,CUST09367,BR000,Salary,2025-06-18,73794.04,Active
ACC11057,CUST03932,BR037,Current,2024-07-03,19883.66,Active
ACC03265,CUST08548,BR047,Salary,2024-04-12,75285.82,Dormant
ACC01246,CUST05889,BR007,Salary,2024-09-03,63466.52,Closed
ACC00065,CUST04335,BR028,Current,2024-08-28,97560.71,Dormant
ACC01951,CUST03336,BR035,Current,2025-10-27,97695.0,Closed
ACC02163,CUST04976,BR036,Salary,2024-11-14,34196.86,Active
ACC04052,CUST09141,BR043,Savings,2025-07-02,89139.71,Closed
ACC09602,CUST09711,BR011,Savings,2025-05-30,10719.38,Active
ACC02611,CUST05121,BR026,Savings,2025-02-10,51703.43,Closed
ACC04936,CUST01377,BR003,Savings,2026-04-26,72102.84,Dormant
ACC11279,CUST99999,BR002,Current,2025-05-29,8336.98,Dormant
ACC05669,CUST01873,BR024,Savings,2025-12-12,56344.57,Dormant
ACC01084,CUST01750,BR017,Savings,2025-07-26,11614.76,Dormant
ACC09997,CUST02384,BR015,Salary,2025-12-08,51968.79,Dormant
ACC08402,CUST09261,BR033,Salary,2025-09-22,63974.53,Active
ACC09124,CUST08712,BR028,Current,2024-03-02,84291.56,Dormant
ACC09464,CUST07670,BR015,Salary,2026-04-01,49623.22,Active
ACC03693,CUST01033,BR023,Savings,2026-04-23,40121.93,Active
ACC04237,CUST02115,BR007,Current,2024-02-23,7777.39,Dormant
ACC03969,CUST03531,BR010,Savings,2024-05-07,8980.25,Active
ACC07144,CUST07409,BR031,Savings,2026-05-26,69116.92,Dormant
ACC04811,CUST09338,BR046,Current,2026-04-25,84306.27,Closed
ACC04386,CUST09412,BR005,Current,2024-06-03,21854.53,Closed
ACC09870,CUST02598,BR049,Salary,2025-12-06,82577.71,Dormant
ACC06749,CUST08486,BR017,Savings,2024-12-06,27122.94,Closed
ACC08242,CUST06424,BR011,Savings,2026-06-13,35026.47,Active
ACC05374,CUST09188,BR001,Savings,2026-01-18,96296.48,Dormant
ACC03000,CUST01506,BR022,Salary,2023-12-11,50193.05,Dormant
ACC07822,CUST02604,BR020,Savings,2024-10-26,88298.93,Active
ACC11196,CUST09095,BR043,Current,2025-07-27,45702.54,Active
ACC09784,CUST00247,BR005,Current,2024-02-14,65986.39,Active
ACC05207,CUST04927,BR012,Current,2024-05-15,76580.31,Dormant
ACC02372,CUST05306,BR008,Current,2026-07-19,95478.89,Dormant
ACC06203,CUST04488,BR000,Current,2024-06-27,77721.94,Dormant
ACC04930,CUST04158,BR028,Current,2026-07-15,76092.75,Active
ACC04177,CUST03027,BR013,Current,2024-12-20,37255.36,Active
ACC00335,CUST01790,BR032,Savings,2025-05-28,53171.92,Dormant
ACC00891,CUST02779,BR042,Savings,2024-02-12,43458.5,Closed
ACC10977,CUST06950,BR011,Savings,2026-07-24,85610.61,Active
ACC01057,CUST04214,BR042,Salary,2026-08-21,33932.61,Active
ACC10451,CUST05741,BR047,Savings,2024-02-14,16195.34,Active
ACC10737,CUST02007,BR008,Current,2025-03-19,61241.1,Dormant
ACC09062,CUST01899,BR027,Savings,2024-05-13,41238.71,Active
ACC06359,CUST02551,BR016,Savings,2026-01-23,58200.13,Active
ACC02244,CUST09058,BR043,Salary,2024-03-27,50116.67,Closed
ACC09444,CUST03578,BR018,Current,2024-10-31,14077.01,Active
ACC08065,CUST04439,BR025,Savings,2024-09-08,72782.93,Active
ACC06183,CUST03677,BR009,Current,2023-09-09,70006.82,Closed
ACC02718,CUST08473,BR035,Current,2024-04-28,17128.22,Closed
ACC01637,CUST04067,BR044,Salary,2026-04-09,11380.01,Closed
ACC04649,CUST01685,BR041,Savings,2024-08-20,18654.52,Active
ACC06450,CUST99999,BR021,Salary,2023-11-24,66786.56,Dormant
ACC08648,CUST06332,BR025,Salary,2025-07-09,67463.58,Active
ACC06655,CUST01920,BR045,Savings,2026-04-22,18728.16,Dormant
ACC08444,CUST04759,BR001,Salary,2025-05-18,16065.3,Closed
ACC02027,CUST00686,BR008,Savings,2025-09-08,91545.16,Active
ACC02378,CUST04618,BR024,Current,2025-07-09,38282.86,Active
ACC09493,CUST04653,BR043,Current,2025-04-01,16226.4,Active
ACC10120,CUST06496,BR016,Current,2025-07-18,11185.72,Closed
ACC03913,CUST99999,BR048,Current,2025-02-28,716.29,Closed
ACC10453,CUST04621,BR029,Current,2023-12-04,10542.23,Active
ACC01898,CUST01256,BR047,Current,2025-06-08,46533.51,Dormant
ACC10330,CUST06073,BR000,Savings,2026-02-09,88867.08,Closed
ACC09466,CUST05737,BR046,Salary,2024-01-30,37182.8,Active
ACC07133,CUST01904,BR005,Current,2025-08-31,70627.96,Active
ACC10695,CUST06235,BR039,Salary,2024-09-07,87998.61,Dormant
ACC00392,CUST05584,BR033,Savings,2026-07-05,89926.54,Dormant
ACC04552,CUST07849,BR028,Current,2026-06-10,83967.2,Dormant
ACC07035,CUST09446,BR019,Savings,2024-09-23,39371.29,Closed
ACC02904,CUST07923,BR022,Salary,2026-03-09,82225.5,Closed
ACC09426,CUST08323,BR049,Savings,2023-10-19,36929.74,Active
ACC06876,CUST04797,BR009,Salary,2025-09-06,26946.73,Dormant
ACC07872,CUST01776,BR002,Salary,2026-08-14,69171.99,Dormant
ACC08267,CUST04527,BR024,Salary,2025-12-14,48627.13,Closed
ACC08040,CUST02263,BR037,Savings,2024-06-08,64881.88,Closed
ACC11237,CUST08511,BR018,Current,2025-04-17,24266.78,Closed
ACC08171,CUST07884,BR016,Savings,2025-03-18,68934.31,Active
ACC08422,CUST05981,BR039,Savings,2025-12-04,73931.33,Active
ACC02482,CUST00892,BR022,Current,2024-05-01,75811.24,Dormant
ACC04046,CUST01022,BR000,Salary,2025-07-12,29610.77,Closed
ACC01954,CUST02687,BR019,Savings,2025-04-30,93295.74,Active
ACC06468,CUST02227,BR043,Current,2026-04-24,40578.1,Dormant
ACC03506,CUST06520,BR044,Current,2024-02-15,40841.1,Dormant
ACC07949,CUST03066,BR043,Current,2024-03-14,90670.11,Dormant
ACC00079,CUST07559,BR040,Savings,2026-07-16,39334.54,Dormant
ACC09010,CUST04096,BR039,Savings,2025-10-23,13043.07,Active
ACC11270,CUST03001,BR044,Current,2025-09-06,99884.36,Active
ACC00109,CUST00694,BR047,Savings,2025-01-09,62500.39,Active
ACC02856,CUST05641,BR043,Savings,2025-02-25,45788.74,Active
ACC09364,CUST03498,BR003,Salary,2024-10-21,88940.76,Dormant
ACC08346,CUST04343,BR035,Salary,2025-12-18,51651.46,Active
ACC05642,CUST05062,BR039,Savings,2024-10-23,18282.74,Dormant
ACC03042,CUST00049,BR032,Current,2024-09-20,1587.38,Dormant
ACC06460,CUST08711,BR033,Savings,2025-09-05,60569.03,Closed
ACC05752,CUST08822,BR024,Current,2026-09-08,61219.21,Dormant
ACC01914,CUST03641,BR001,Savings,2026-02-11,22513.77,Dormant
ACC07272,CUST09036,BR006,Savings,2026-02-22,62430.75,Active
ACC10364,CUST00187,BR033,Salary,2023-09-12,56709.32,Closed
ACC02780,CUST02641,BR001,Salary,2024-06-12,17945.1,Active
ACC09844,CUST04889,BR034,Salary,2025-01-10,71179.25,Dormant
ACC08509,CUST04598,BR001,Salary,2026-05-31,93305.32,Active
ACC08618,CUST00934,BR013,Current,2025-03-02,17017.0,Active
ACC10517,CUST06439,BR005,Savings,2025-09-07,19160.46,Closed
ACC08644,CUST08790,BR014,Salary,2024-02-29,28320.95,Dormant
ACC05721,CUST06237,BR009,Current,2025-06-05,96562.99,Dormant
ACC10618,CUST00966,BR040,Current,2025-02-15,76178.19,Dormant
ACC02888,CUST06162,BR036,Salary,2026-06-09,17115.14,Active
ACC03182,CUST09692,BR007,Savings,2026-02-13,42602.78,Closed
ACC03882,CUST09955,BR038,Savings,2023-11-19,42945.8,Closed
ACC08498,CUST01087,BR019,Savings,2026-03-06,37062.9,Dormant
ACC11846,CUST02553,BR005,Salary,2024-11-12,65359.12,Active
ACC00852,CUST02263,BR036,Current,2024-01-31,14927.08,Active
ACC07220,CUST02087,BR023,Current,2024-01-21,70115.74,Closed
ACC07908,CUST01054,BR008,Savings,2025-12-20,28516.68,Dormant
ACC10344,CUST08861,BR048,Salary,2026-03-10,14534.79,Closed
ACC05450,CUST03840,BR027,Salary,2024-11-11,91122.04,Closed
ACC03154,CUST07708,BR000,Savings,2024-11-01,75101.85,Active
ACC10789,CUST00733,BR002,Current,2025-09-06,18821.58,Dormant
ACC07132,CUST01239,BR004,Savings,2023-10-16,80568.19,Dormant
ACC06326,CUST05888,BR010,Savings,2024-03-12,52211.57,Dormant
ACC08159,CUST01359,BR029,Current,2026-08-26,99370.15,Dormant
ACC05619,CUST03222,BR040,Savings,2025-05-30,28159.7,Active
ACC06967,CUST08063,BR034,Savings,2025-08-13,10740.86,Closed
ACC09381,CUST01380,BR021,Savings,2023-12-02,-39136.46,Closed
ACC11583,CUST08246,BR028,Salary,2026-03-13,31763.31,Dormant
ACC06899,CUST04258,BR010,Salary,2026-04-24,3045.04,Dormant
ACC03780,CUST06467,BR007,Savings,2025-11-11,11316.82,Active
ACC02382,CUST08404,BR037,Current,2025-05-27,48219.06,Active
ACC04090,CUST99999,BR040,Current,2025-02-24,37657.31,Active
ACC09008,CUST08777,BR046,Salary,2024-06-24,73269.93,Dormant
ACC09110,CUST08253,BR014,Savings,2024-04-20,2502.2,Active
ACC07044,CUST02674,BR040,Savings,2024-04-26,22531.99,Dormant
ACC06174,CUST07292,BR025,Savings,2024-01-26,78792.84,Dormant
ACC09899,CUST04403,BR033,Salary,2024-01-31,58354.14,Dormant
ACC02791,CUST01243,BR030,Savings,2026-01-01,52492.26,Closed
ACC10295,CUST02037,BR028,Salary,2024-06-10,15949.05,Active
ACC10572,CUST00187,BR029,Salary,2024-09-14,58199.38,Active
ACC07790,CUST04390,BR047,Savings,2024-07-16,44482.85,Dormant
ACC08912,CUST04896,BR032,Savings,2026-03-17,34102.14,Closed
ACC06644,CUST00982,BR037,Current,2024-03-29,52837.54,Dormant
ACC10045,CUST06349,BR012,Savings,2025-01-02,12454.17,Closed
ACC11562,CUST09653,BR027,Salary,2024-09-05,62734.61,Dormant
ACC09140,CUST00830,BR049,Current,2023-11-02,84873.78,Closed
ACC09460,CUST03024,BR047,Current,2025-01-23,33063.99,Dormant
ACC02260,CUST05292,BR000,Savings,2024-10-02,16431.89,Active
ACC04057,CUST02447,BR006,Salary,2024-11-09,67739.2,Dormant
ACC11532,CUST00157,BR008,Savings,2024-05-14,74615.79,Dormant
ACC05885,CUST05042,BR016,Savings,2026-09-02,75173.78,Closed
ACC08751,CUST07737,BR021,Salary,2024-06-13,37034.31,Dormant
ACC03494,CUST08703,BR029,Salary,2024-03-02,91851.84,Dormant
ACC03111,CUST00877,BR005,Salary,2024-09-03,24600.66,Closed
ACC03674,CUST09444,BR040,Salary,2024-04-09,65388.14,Dormant
ACC02926,CUST01154,BR031,Salary,2024-11-21,11525.75,Closed
ACC09360,CUST03007,BR006,Savings,2024-11-18,13336.76,Active
ACC05344,CUST01241,BR005,Salary,2025-03-17,77656.24,Active
ACC04472,CUST05351,BR014,Savings,2025-01-19,77399.34,Active
ACC03786,CUST08150,BR036,Current,2026-03-07,56146.17,Active
ACC01872,CUST04765,BR026,Current,2025-10-03,39250.39,Active
ACC09011,CUST07952,BR046,Savings,2024-08-04,44215.21,Closed
ACC08497,CUST05684,BR034,Salary,2024-12-21,66390.29,Dormant
ACC07407,CUST08534,BR019,Savings,2026-03-15,25697.71,Dormant
ACC07989,CUST06842,BR040,Salary,2024-11-22,44082.54,Active
ACC10575,CUST08177,BR041,Salary,2025-04-14,35104.6,Closed
ACC06642,CUST03248,BR029,Current,2025-07-14,41032.02,Active
ACC05196,CUST08433,BR012,Savings,2024-06-25,40778.91,Closed
ACC08925,CUST04931,BR033,Savings,2026-06-26,67579.3,Dormant
ACC11207,CUST02059,BR045,Current,2024-03-22,59299.87,Dormant
ACC06465,CUST08665,BR044,Salary,2025-06-16,37713.04,Closed
ACC02653,CUST01737,BR045,Salary,2024-10-18,82132.64,Active
ACC08502,CUST02287,BR020,Current,2025-08-28,75139.5,Dormant
ACC01568,CUST06150,BR044,Salary,2025-11-05,60391.53,Active
ACC07340,CUST01114,BR032,Salary,2025-12-15,1690.23,Closed
ACC07758,CUST07876,BR034,Savings,2026-02-04,37055.33,Active
ACC11471,CUST02923,BR046,Current,2026-08-09,62327.85,Active
ACC07161,CUST05242,BR041,Current,2025-02-07,27342.09,Dormant
ACC07472,CUST07584,BR014,Savings,2026-04-15,57750.64,Dormant
ACC09970,CUST07528,BR032,Savings,2024-01-08,85689.04,Active
ACC11098,CUST07116,BR006,Savings,2024-11-14,61117.84,Dormant
ACC01211,CUST02427,BR007,Savings,2025-07-14,32921.75,Active
ACC06076,CUST00444,BR045,Salary,2024-05-26,30394.15,Dormant
ACC03075,CUST00691,BR042,Current,2025-09-16,9850.39,Closed
ACC06442,CUST04382,BR024,Current,2025-05-04,31454.37,Closed
ACC07497,CUST03459,BR031,Salary,2025-04-23,42826.08,Dormant
ACC00123,CUST04859,BR036,Current,2026-03-05,28288.22,Active
ACC04878,CUST06755,BR005,Savings,2024-01-31,4549.13,Closed
ACC04793,CUST03945,BR000,Salary,2026-08-23,81051.2,Dormant
ACC05944,CUST03527,BR007,Savings,2025-11-11,57726.27,Active
ACC08176,CUST08157,BR042,Salary,2023-10-03,47877.93,Closed
ACC05796,CUST04871,BR038,Salary,2024-06-07,19923.21,Dormant
ACC00810,CUST09322,BR044,Current,2024-10-29,42250.4,Dormant
ACC07114,CUST02863,BR025,Savings,2026-02-18,21848.96,Dormant
ACC03402,CUST02536,BR022,Savings,2024-03-04,19716.16,Closed
ACC10214,CUST03975,BR015,Current,2026-06-19,22077.68,Closed
ACC06915,CUST00141,BR030,Savings,2025-12-19,49008.98,Closed
ACC02700,CUST03349,BR010,Salary,2024-09-27,16972.91,Active
ACC09260,CUST01358,BR022,Savings,2025-04-02,26313.76,Dormant
ACC10271,CUST04656,BR031,Salary,2026-07-20,40973.31,Dormant
ACC11498,CUST04117,BR004,Salary,2026-08-30,55929.05,Dormant
ACC06973,CUST02924,BR004,Current,2025-01-24,36441.05,Dormant
ACC03673,CUST06615,BR018,Savings,2024-12-16,50580.47,Active
ACC05232,CUST07570,BR018,Current,2025-11-25,55623.98,Closed
ACC07284,CUST06917,BR000,Current,2026-07-17,91617.3,Closed
ACC05905,CUST04104,BR043,Salary,2025-01-08,98928.81,Dormant
ACC08095,CUST05299,BR046,Savings,2025-05-02,85811.19,Closed
ACC07377,CUST03038,BR021,Savings,2024-11-20,4854.63,Dormant
ACC08410,CUST05000,BR001,Salary,2025-05-24,84962.89,Dormant
ACC10240,CUST06814,BR012,Savings,2024-04-12,4722.29,Active
ACC04691,CUST99999,BR021,Savings,2025-01-07,39635.02,Active
ACC04981,CUST04483,BR024,Current,2024-03-11,95101.21,Active
ACC06906,CUST06381,BR021,Savings,2025-05-29,81961.62,Active
ACC03139,CUST04378,BR030,Salary,2024-01-14,34096.74,Closed
ACC08050,CUST04653,BR006,Salary,2024-10-03,9476.48,Dormant
ACC03246,CUST09904,BR039,Current,2025-03-29,91575.49,Active
ACC00240,CUST03589,BR032,Savings,2024-11-14,51584.17,Dormant
ACC05908,CUST02776,BR007,Savings,2026-02-16,38520.59,Closed
ACC02113,CUST08880,BR004,Salary,2024-05-24,1830.94,Closed
ACC07122,CUST08726,BR036,Salary,2026-05-17,95150.78,Active
ACC00918,CUST00694,BR017,Salary,2024-06-21,69636.29,Dormant
ACC07109,CUST07632,BR010,Salary,2025-07-03,48194.9,Dormant
ACC01229,CUST01240,BR020,Salary,2024-09-22,11205.05,Dormant
ACC04694,CUST07460,BR024,Savings,2023-09-16,26533.9,Closed
ACC02464,CUST08947,BR024,Current,2025-09-24,57170.99,Active
ACC11492,CUST02584,BR025,Salary,2026-04-17,74983.31,Dormant
ACC03352,CUST06662,BR015,Salary,2023-12-22,95087.48,Closed
ACC08595,CUST01466,BR013,Salary,2025-02-18,42566.06,Active
ACC11851,CUST09047,BR010,Savings,2026-01-10,34716.14,Active
ACC07553,CUST04747,BR027,Savings,2026-02-20,26591.15,Active
ACC05160,CUST04803,BR000,Savings,2026-01-27,71211.4,Active
ACC00433,CUST02221,BR024,Salary,2026-01-03,53536.24,Active
ACC08515,CUST02403,BR014,Current,2024-11-28,86590.34,Dormant
ACC04548,CUST01204,BR000,Current,2026-08-03,99775.57,Active
ACC01984,CUST07992,BR021,Salary,2024-11-29,54064.48,Dormant
ACC00014,CUST07754,BR010,Salary,2023-10-25,62499.93,Dormant
ACC00138,CUST09964,BR033,Salary,2026-08-01,33748.69,Closed
ACC08327,CUST00737,BR023,Salary,2025-08-20,31824.37,Active
ACC06539,CUST08730,BR027,Savings,2023-10-04,83054.66,Closed
ACC05332,CUST05102,BR043,Salary,2025-05-06,44288.31,Dormant
ACC05965,CUST03459,BR032,Savings,2025-08-23,61353.07,Active
ACC02802,CUST08559,BR046,Salary,2024-03-02,2103.67,Closed
ACC11807,CUST01076,BR049,Current,2024-06-01,57849.38,Dormant
ACC09362,CUST01834,BR021,Salary,2025-07-08,73336.84,Dormant
ACC07902,CUST08217,BR024,Savings,2024-08-02,66477.47,Active
ACC07674,CUST08584,BR026,Salary,2024-12-20,15293.84,Closed
ACC08659,CUST00526,BR015,Current,2024-10-06,54241.24,Active
ACC03874,CUST03725,BR048,Salary,2025-04-10,54180.11,Dormant
ACC08257,CUST04753,BR039,Savings,2025-04-10,99328.68,Dormant
ACC08997,CUST02224,BR019,Salary,2024-10-03,56183.49,Dormant
ACC03947,CUST04401,BR005,Current,2026-03-16,75992.62,Active
ACC08405,CUST06250,BR015,Current,2026-07-28,49897.84,Dormant
ACC04629,CUST01115,BR011,Current,2025-03-18,46554.25,Dormant
ACC07873,CUST04380,BR016,Savings,2025-03-20,69179.39,Closed
ACC07494,CUST09047,BR047,Current,2025-01-15,3430.64,Active
ACC09986,CUST05524,BR044,Savings,2025-10-08,89876.71,Active
ACC08556,CUST02491,BR021,Savings,2025-03-23,78327.25,Active
ACC00605,CUST01940,BR047,Current,2023-09-17,34223.26,Closed
ACC03683,CUST08109,BR035,Current,2023-09-22,82825.44,Dormant
ACC08226,CUST00744,BR025,Salary,2026-04-27,84941.18,Dormant
ACC00611,CUST05847,BR023,Salary,2025-11-21,89793.55,Active
ACC00170,CUST04324,BR002,Salary,2026-05-28,4663.87,Active
ACC10546,CUST09400,BR006,Savings,2026-08-18,29120.65,Dormant
ACC10706,CUST05799,BR004,Current,2024-01-18,74321.18,Closed
ACC11443,CUST05386,BR032,Current,2026-08-03,34928.89,Closed
ACC07027,CUST08091,BR001,Salary,2025-09-16,92195.68,Active
ACC11555,CUST07745,BR008,Salary,2025-02-23,50782.9,Closed
ACC04627,CUST09843,BR005,Salary,2025-09-17,84185.17,Dormant
ACC11023,CUST05528,BR044,Current,2024-08-10,69659.97,Closed
ACC07077,CUST08031,BR020,Salary,2024-12-16,21155.7,Closed
ACC11079,CUST03773,BR020,Savings,2025-07-04,34087.83,Active
ACC05616,CUST03104,BR036,Savings,2024-10-14,14622.06,Dormant
ACC01233,CUST08123,BR024,Salary,2026-08-03,74111.73,Closed
ACC10993,CUST09720,BR004,Savings,2025-08-25,49297.04,Active
ACC05708,CUST03266,BR018,Salary,2024-06-28,34602.06,Active
ACC07615,CUST02896,BR019,Salary,2026-06-24,74911.34,Active
ACC06984,CUST00846,BR010,Savings,2025-11-30,83325.88,Dormant
ACC08645,CUST07285,BR017,Current,2024-01-07,65869.73,Active
ACC07505,CUST07354,BR046,Savings,2024-06-27,67334.67,Closed
ACC10961,CUST05657,BR009,Salary,2024-01-05,15646.98,Active
ACC08146,CUST09419,BR001,Current,2024-04-27,92277.91,Closed
ACC07512,CUST01247,BR009,Current,2026-07-15,58603.86,Closed
ACC02386,CUST06817,BR036,Savings,2023-11-27,34928.7,Dormant
ACC00127,CUST03490,BR046,Current,2025-03-24,77210.82,Dormant
ACC07519,CUST04765,BR013,Current,2024-04-19,50658.84,Closed
ACC11379,CUST09329,BR025,Savings,2024-05-31,6864.3,Active
ACC09707,CUST03182,BR005,Savings,2024-09-03,23471.32,Closed
ACC09703,CUST04963,BR021,Savings,2024-07-03,35513.55,Active
ACC07277,CUST03542,BR049,Current,2024-07-16,97268.41,Active
ACC01107,CUST02915,BR019,Salary,2024-03-03,54093.85,Active
ACC08989,CUST00023,BR012,Salary,2024-12-17,36318.64,Active
ACC07738,CUST02044,BR005,Current,2024-10-04,97813.88,Active
ACC09028,CUST00839,BR044,Current,2024-04-29,16121.74,Active
ACC01610,CUST07315,BR022,Savings,2023-10-26,33471.42,Closed
ACC00734,CUST00655,BR045,Savings,2026-06-17,1842.98,Closed
ACC04127,CUST00029,BR020,Salary,2025-03-19,36155.38,Closed
ACC00235,CUST07048,BR002,Current,2023-10-27,38419.44,Dormant
ACC00425,CUST04843,BR026,Savings,2026-01-13,90320.34,Dormant
ACC09484,CUST03807,BR026,Current,2025-10-10,94417.93,Closed
ACC03574,CUST05990,BR002,Salary,2025-11-17,35484.25,Closed
ACC06446,CUST06174,BR044,Current,2026-05-05,38197.23,Closed
ACC05987,CUST06318,BR011,Savings,2025-03-30,98300.25,Active
ACC00747,CUST02028,BR044,Current,2026-02-01,77968.04,Dormant
ACC05347,CUST02522,BR004,Current,2024-12-02,31165.31,Dormant
ACC06593,CUST09418,BR022,Savings,2025-03-02,81505.97,Active
ACC07297,CUST05775,BR024,Current,2025-12-29,84788.56,Dormant
ACC03098,CUST06943,BR002,Savings,2025-05-05,45773.67,Closed
ACC08843,CUST09872,BR003,Salary,2025-04-26,81794.57,Closed
ACC07466,CUST04540,BR007,Salary,2024-12-25,77156.19,Dormant
ACC07417,CUST05147,BR035,Savings,2026-07-15,49640.72,Active
ACC08663,CUST02585,BR036,Current,2026-07-12,68087.23,Dormant
ACC02411,CUST01034,BR012,Current,2024-07-14,4064.45,Dormant
ACC10000,CUST02168,BR001,Current,2024-08-04,82913.5,Dormant
ACC00479,CUST09155,BR044,Current,2024-08-20,14463.47,Active
ACC08489,CUST00810,BR000,Current,2024-04-08,24320.96,Dormant
ACC10253,CUST01091,BR022,Current,2024-11-06,60328.79,Active
ACC06691,CUST04718,BR043,Current,2024-05-08,96952.34,Active
ACC04895,CUST01108,BR007,Current,2026-08-25,72933.64,Closed
ACC10042,CUST00717,BR016,Salary,2025-06-18,23422.37,Dormant
ACC07217,CUST03567,BR004,Current,2023-10-28,51893.61,Dormant
ACC03595,CUST06794,BR011,Current,2025-10-16,63070.48,Closed
ACC02569,CUST07727,BR024,Current,2023-11-29,35661.3,Dormant
ACC10334,CUST06695,BR026,Savings,2026-01-13,52138.45,Dormant
ACC05003,CUST02203,BR001,Salary,2025-02-19,15893.33,Dormant
ACC00845,CUST06145,BR013,Salary,2024-09-16,78254.01,Dormant
ACC01757,CUST08898,BR014,Savings,2024-04-30,11552.16,Active
ACC04161,CUST06923,BR027,Current,2023-10-13,76041.17,Active
ACC01199,CUST01795,BR036,Salary,2026-05-09,34094.03,Closed
ACC03230,CUST06847,BR027,Savings,2024-07-17,24875.53,Active
ACC10122,CUST02105,BR016,Savings,2025-06-14,84923.33,Active
ACC05799,CUST07430,BR000,Current,2025-07-21,83008.55,Active
ACC05818,CUST02522,BR002,Salary,2026-06-22,24370.71,Closed
ACC01145,CUST04043,BR024,Current,2025-09-30,4016.43,Closed
ACC05575,CUST08881,BR018,Current,2024-08-31,66562.45,Active
ACC09850,CUST03278,BR044,Savings,2023-11-05,59219.68,Active
ACC03756,CUST03487,BR032,Savings,2023-09-30,27547.53,Dormant
ACC06412,CUST08926,BR042,Salary,2025-05-02,95677.58,Dormant
ACC08126,CUST00269,BR042,Current,2026-01-14,69922.47,Dormant
ACC00063,CUST02129,BR004,Current,2023-11-19,81093.79,Active
ACC10276,CUST09127,BR037,Salary,2026-09-05,9567.66,Active
ACC01537,CUST01992,BR006,Savings,2025-04-12,3055.65,Dormant
ACC06133,CUST04906,BR042,Savings,2025-01-01,74946.68,Active
ACC02497,CUST05238,BR027,Current,2025-09-21,19898.91,Active
ACC07731,CUST04660,BR034,Savings,2025-12-02,32193.88,Dormant
ACC00585,CUST09081,BR003,Savings,2024-04-24,56161.77,Closed
ACC02967,CUST06950,BR036,Salary,2025-02-14,80858.53,Closed
ACC10155,CUST02400,BR009,Salary,2025-01-24,37681.21,Active
ACC06591,CUST99999,BR015,Salary,2023-12-04,30701.85,Active
ACC08995,CUST00902,BR028,Salary,2025-06-13,49338.07,Dormant
ACC03805,CUST00660,BR018,Salary,2025-01-01,56332.74,Closed
ACC03420,CUST09539,BR029,Salary,2026-07-21,4540.22,Closed
ACC09210,CUST08264,BR008,Current,2024-01-14,26995.82,Active
ACC04881,CUST00867,BR028,Current,2024-06-19,8758.92,Active
ACC04115,CUST05314,BR015,Savings,2025-12-16,76582.5,Active
ACC05192,CUST07897,BR019,Savings,2025-08-06,77969.51,Closed
ACC05750,CUST05157,BR012,Current,2026-02-22,15340.31,Active
ACC10926,CUST09288,BR024,Current,2026-08-31,21530.69,Closed
ACC02478,CUST06822,BR012,Salary,2023-10-08,83298.7,Dormant
ACC11112,CUST05553,BR014,Current,2024-06-01,24276.91,Dormant
ACC10885,CUST04716,BR040,Savings,2025-09-20,52464.05,Closed
ACC04495,CUST07811,BR038,Savings,2023-10-23,7058.41,Closed
ACC01338,CUST07352,BR003,Savings,2026-07-25,81725.65,Dormant
ACC10769,CUST05119,BR015,Savings,2024-11-19,31589.85,Active
ACC07381,CUST08457,BR000,Salary,2024-03-24,10351.66,Active
ACC10063,CUST06637,BR036,Salary,2026-05-06,79782.83,Closed
ACC11690,CUST08073,BR024,Salary,2025-07-03,90230.31,Closed
ACC07353,CUST04466,BR043,Savings,2025-08-31,36894.48,Active
ACC02405,CUST05169,BR046,Current,2025-05-12,26246.77,Active
ACC07699,CUST04659,BR014,Savings,2025-07-10,56220.41,Dormant
ACC11188,CUST04508,BR021,Salary,2026-08-11,16739.41,Closed
ACC08708,CUST05495,BR028,Current,2024-02-22,62223.61,Dormant
ACC01149,CUST09116,BR039,Salary,2025-12-31,66538.73,Active
ACC08465,CUST04352,BR017,Salary,2025-06-13,89919.56,Active
ACC00245,CUST00920,BR005,Savings,2024-04-01,36240.33,Active
ACC01249,CUST07306,BR031,Salary,2024-10-07,64480.26,Closed
ACC01674,CUST02964,BR042,Current,2025-04-21,78019.58,Active
ACC05982,CUST00091,BR032,Savings,2024-09-11,87968.36,Active
ACC08232,CUST03292,BR005,Savings,2026-01-24,72452.7,Active
ACC01896,CUST08611,BR044,Savings,2025-07-19,18980.24,Closed
ACC06015,CUST07348,BR006,Current,2023-09-24,18546.09,Active
ACC05871,CUST05517,BR045,Salary,2025-02-17,91220.63,Active
ACC08244,CUST04231,BR030,Current,2026-02-26,38137.53,Closed
ACC07119,CUST06141,BR036,Salary,2026-01-30,36771.62,Dormant
ACC00297,CUST00311,BR003,Savings,2023-12-09,89700.21,Closed
ACC08857,CUST00977,BR023,Current,2025-07-09,84425.96,Closed
ACC06653,CUST08209,BR017,Current,2024-07-09,19275.55,Active
ACC08811,CUST08145,BR014,Savings,2026-07-28,13843.67,Closed
ACC10799,CUST01086,BR005,Salary,2025-07-21,66240.94,Active
ACC05805,CUST02265,BR017,Current,2024-07-07,81349.99,Active
ACC09286,CUST04025,BR002,Current,2025-06-19,88783.7,Active
ACC05101,CUST02540,BR000,Savings,2026-05-18,44898.77,Dormant
ACC05607,CUST02850,BR031,Savings,2024-05-16,24476.0,Dormant
ACC06192,CUST05631,BR017,Current,2025-10-12,72579.96,Active
ACC07033,CUST08196,BR038,Salary,2026-03-29,59907.62,Active
ACC11640,CUST03942,BR015,Savings,2025-05-09,8835.04,Closed
ACC06881,CUST09473,BR048,Current,2025-10-11,78890.34,Active
ACC05695,CUST04752,BR006,Current,2026-02-19,47322.6,Dormant
ACC03933,CUST07584,BR008,Current,2024-09-02,93229.43,Closed
ACC03284,CUST03894,BR031,Savings,2025-12-31,94928.44,Closed
ACC01212,CUST05971,BR030,Current,2024-02-08,45110.84,Active
ACC03729,CUST08648,BR005,Salary,2023-12-02,20098.33,Active
ACC02914,CUST03408,BR028,Current,2024-06-30,76172.87,Dormant
ACC03820,CUST08976,BR014,Current,2024-05-25,47026.55,Active
ACC04165,CUST04842,BR030,Salary,2024-04-16,36637.78,Closed
ACC06752,CUST09491,BR003,Savings,2024-09-02,40597.54,Closed
ACC03102,CUST07486,BR007,Savings,2025-04-27,89026.17,Active
ACC07079,CUST06061,BR034,Savings,2025-04-03,73350.73,Active
ACC11159,CUST03690,BR002,Salary,2024-07-18,48927.0,Active
ACC05537,CUST03858,BR005,Current,2025-08-15,19876.32,Active
ACC06091,CUST04716,BR049,Savings,2026-06-19,17239.1,Active
ACC07693,CUST04122,BR039,Savings,2026-08-04,94374.54,Dormant
ACC11967,CUST06278,BR009,Current,2024-11-27,72519.62,Active
ACC05949,CUST05523,BR010,Savings,2024-03-26,83574.6,Active
ACC09338,CUST04115,BR030,Savings,2026-01-25,65751.25,Closed
ACC07993,CUST05732,BR032,Savings,2026-08-19,55587.91,Active
ACC04448,CUST05015,BR030,Current,2026-08-21,64374.18,Active
ACC00876,CUST08548,BR034,Savings,2024-03-14,-19813.32,Active
ACC01667,CUST04955,BR023,Current,2025-01-30,12372.25,Active
ACC07319,CUST08063,BR045,Current,2023-11-26,51920.87,Closed
ACC08058,CUST09644,BR017,Salary,2024-06-08,36562.97,Closed
ACC04822,CUST05347,BR035,Current,2024-07-18,85738.87,Active
ACC03665,CUST00137,BR038,Salary,2023-12-28,66475.58,Dormant
ACC07200,CUST06189,BR008,Salary,2024-04-27,94450.2,Active
ACC05594,CUST05848,BR004,Current,2025-09-21,50976.37,Closed
ACC01814,CUST06636,BR030,Savings,2025-04-10,65570.25,Dormant
ACC03427,CUST04545,BR034,Savings,2025-01-07,46891.69,Dormant
ACC00981,CUST04365,BR006,Salary,2025-08-14,24237.77,Active
ACC08549,CUST05970,BR017,Savings,2025-08-25,93424.77,Closed
ACC07459,CUST05361,BR038,Salary,2024-07-08,91161.98,Closed
ACC00716,CUST05065,BR029,Salary,2025-01-29,77055.84,Closed
ACC10654,CUST04104,BR027,Savings,2023-11-30,68669.64,Active
ACC03526,CUST09942,BR010,Current,2026-04-23,50208.87,Closed
ACC04381,CUST07266,BR028,Savings,2026-07-27,41590.18,Active
ACC03942,CUST06279,BR027,Salary,2025-11-02,86464.94,Closed
ACC11281,CUST03406,BR012,Current,2025-05-14,2032.85,Active
ACC10074,CUST05803,BR001,Savings,2025-07-28,2307.7,Dormant
ACC09937,CUST00306,BR036,Savings,2026-07-08,26732.61,Dormant
ACC02283,CUST02107,BR044,Savings,2023-11-11,69638.18,Closed
ACC03983,CUST01619,BR006,Salary,2024-10-24,47657.98,Closed
ACC00857,CUST09000,BR024,Salary,2024-09-20,91185.02,Dormant
ACC04226,CUST00880,BR017,Salary,2026-05-28,33870.47,Active
ACC00937,CUST08799,BR020,Savings,2024-03-11,94325.07,Active
ACC00372,CUST09550,BR000,Salary,2025-11-02,38618.86,Active
ACC03198,CUST06699,BR031,Salary,2025-06-24,16235.87,Closed
ACC00329,CUST01744,BR026,Savings,2024-06-23,69412.47,Dormant
ACC03580,CUST09347,BR008,Salary,2025-01-29,37097.72,Closed
ACC00662,CUST99999,BR014,Current,2025-02-04,69845.89,Active
ACC03637,CUST08725,BR009,Savings,2026-05-07,97873.51,Active
ACC04139,CUST07535,BR013,Salary,2025-12-29,12681.52,Active
ACC04614,CUST08456,BR005,Savings,2024-10-16,61757.16,Closed
ACC01284,CUST01067,BR022,Savings,2025-05-15,95855.88,Active
ACC02239,CUST04359,BR046,Savings,2024-03-26,40714.3,Closed
ACC01371,CUST03655,BR032,Current,2025-08-30,47192.55,Active
ACC02435,CUST04537,BR025,Current,2026-03-19,53693.2,Dormant
ACC08286,CUST03922,BR010,Current,2024-03-01,15913.74,Dormant
ACC03703,CUST02781,BR022,Savings,2025-03-08,32459.53,Dormant
ACC04828,CUST09728,BR016,Salary,2023-11-09,46847.66,Closed
ACC05470,CUST02965,BR032,Current,2024-07-10,70165.28,Dormant
ACC06858,CUST04308,BR002,Salary,2026-04-24,99838.96,Active
ACC09926,CUST08942,BR011,Salary,2024-03-20,96162.88,Dormant
ACC10108,CUST06503,BR010,Salary,2026-02-25,62334.59,Dormant
ACC02037,CUST07780,BR031,Savings,2024-09-17,13364.99,Active
ACC04545,CUST00341,BR018,Savings,2025-06-06,90170.73,Closed
ACC01558,CUST05823,BR035,Salary,2025-03-11,42421.56,Dormant
ACC02410,CUST03274,BR007,Savings,2024-04-20,52582.15,Closed
ACC10245,CUST07481,BR007,Current,2026-04-14,39861.2,Closed
ACC07074,CUST06057,BR010,Salary,2025-03-21,20951.42,Closed
ACC00402,CUST02325,BR034,Current,2026-04-05,32199.41,Closed
ACC07538,CUST05041,BR036,Current,2025-08-08,36489.64,Dormant
ACC01518,CUST09238,BR020,Current,2024-03-04,78314.62,Active
ACC02839,CUST01148,BR008,Current,2024-04-18,11438.49,Dormant
ACC08491,CUST03150,BR048,Savings,2024-06-23,15586.84,Closed
ACC01389,CUST07305,BR039,Salary,2025-04-07,13743.28,Closed
ACC10746,CUST08776,BR034,Current,2024-08-27,-1197.48,Closed
ACC00756,CUST04575,BR002,Current,2024-03-04,59514.18,Dormant
ACC07176,CUST09404,BR033,Salary,2024-04-06,85124.59,Dormant
ACC07832,CUST09720,BR015,Current,2025-07-17,43482.9,Closed
ACC06432,CUST06589,BR022,Savings,2024-06-12,71843.23,Dormant
ACC01833,CUST00942,BR042,Current,2026-06-24,73380.16,Dormant
ACC01289,CUST04498,BR017,Current,2023-11-24,94631.34,Closed
ACC08429,CUST09116,BR027,Savings,2025-07-31,18660.45,Dormant
ACC03730,CUST06942,BR045,Current,2024-09-14,44244.75,Closed
ACC10055,CUST06059,BR025,Salary,2026-05-24,99530.42,Active
ACC02503,CUST06986,BR038,Salary,2025-12-15,13645.51,Closed
ACC04166,CUST99999,BR031,Salary,2024-02-28,25284.74,Closed
ACC00291,CUST01188,BR040,Savings,2024-05-24,68403.73,Active
ACC08216,CUST05366,BR043,Salary,2025-02-11,88796.78,Dormant
ACC01995,CUST09671,BR031,Current,2024-02-28,79981.65,Dormant
ACC08025,CUST05131,BR003,Salary,2025-12-25,99332.15,Dormant
ACC11945,CUST04445,BR000,Savings,2026-08-10,993.18,Active
ACC09090,CUST02663,BR040,Salary,2026-02-11,40447.06,Dormant
ACC04124,CUST00009,BR030,Salary,2026-03-17,18561.5,Dormant
ACC02374,CUST01461,BR032,Current,2024-11-25,88374.11,Active
ACC04030,CUST08487,BR028,Salary,2024-10-15,63532.15,Closed
ACC03290,CUST09789,BR021,Current,2026-05-27,38013.48,Active
ACC01794,CUST01893,BR024,Salary,2025-09-16,23683.99,Active
ACC04297,CUST08963,BR041,Salary,2024-12-13,88507.85,Dormant
ACC09835,CUST07166,BR035,Salary,2025-03-23,43723.16,Dormant
ACC01446,CUST07490,BR013,Current,2024-11-12,58821.07,Dormant
ACC08737,CUST08004,BR000,Current,2026-03-29,74345.52,Closed
ACC01049,CUST01317,BR020,Current,2025-06-04,69690.16,Closed
ACC09690,CUST06805,BR006,Salary,2025-06-18,20631.27,Dormant
ACC03754,CUST07259,BR005,Salary,2026-03-09,38710.45,Active
ACC00541,CUST08202,BR036,Current,2026-01-17,4814.65,Active
ACC03462,CUST01711,BR041,Salary,2023-09-23,80787.86,Dormant
ACC10301,CUST00464,BR044,Current,2024-07-04,49243.39,Active
ACC06559,CUST00498,BR003,Salary,2025-08-24,11875.92,Dormant
ACC04926,CUST03806,BR018,Current,2025-12-02,74813.04,Closed
ACC05081,CUST01707,BR042,Savings,2025-06-20,34934.69,Active
ACC06561,CUST06921,BR017,Current,2024-05-08,82270.0,Active
ACC08766,CUST05842,BR036,Savings,2025-05-23,92356.78,Closed
ACC01510,CUST05266,BR008,Current,2025-12-11,1230.09,Closed
ACC02124,CUST07258,BR026,Salary,2023-12-07,4408.56,Active
ACC04374,CUST02350,BR011,Current,2024-01-09,43539.84,Dormant
ACC00250,CUST05412,BR032,Savings,2025-09-12,3816.22,Active
ACC09831,CUST03258,BR025,Salary,2025-06-05,76902.75,Dormant
ACC00215,CUST00415,BR043,Salary,2025-07-20,98583.88,Active
ACC10409,CUST03226,BR033,Savings,2023-10-22,89079.31,Closed
ACC05644,CUST09728,BR000,Savings,2026-08-09,93392.62,Active
ACC03153,CUST09512,BR017,Salary,2025-03-21,38181.44,Closed
ACC08263,CUST09362,BR009,Current,2024-03-17,53138.94,Active
ACC07705,CUST03705,BR007,Savings,2024-10-27,39005.98,Active
ACC08336,CUST05937,BR022,Savings,2025-04-08,93250.53,Dormant
ACC06711,CUST06453,BR037,Salary,2024-07-21,82180.13,Active
ACC02324,CUST08607,BR001,Salary,2025-05-20,79445.24,Dormant
ACC07773,CUST03225,BR000,Salary,2026-07-12,82545.5,Dormant
ACC05152,CUST02799,BR043,Salary,2025-03-19,7425.98,Active
ACC06155,CUST06780,BR001,Current,2026-08-27,73636.34,Active
ACC00099,CUST02249,BR042,Salary,2025-01-24,60051.34,Active
ACC05776,CUST01514,BR010,Savings,2024-04-21,645.77,Active
ACC02984,CUST05694,BR030,Salary,2023-10-31,78509.9,Active
ACC08400,CUST08054,BR018,Current,2026-08-14,62891.42,Dormant
ACC08199,CUST02699,BR006,Salary,2023-12-27,1739.61,Closed
ACC05154,CUST01253,BR043,Savings,2024-02-15,4055.68,Dormant
ACC09289,CUST07000,BR016,Salary,2024-04-22,63213.22,Closed
ACC07388,CUST00224,BR047,Savings,2026-06-13,2256.99,Dormant
ACC11769,CUST06598,BR008,Salary,2026-01-19,2026.55,Closed
ACC11684,CUST03263,BR017,Salary,2025-03-24,3229.2,Dormant
ACC10603,CUST02385,BR040,Current,2025-02-17,70058.03,Dormant
ACC09397,CUST09365,BR006,Savings,2025-08-20,37329.92,Dormant
ACC00914,CUST02132,BR046,Salary,2025-09-07,97747.61,Dormant
ACC08302,CUST06437,BR007,Current,2025-06-22,88077.93,Closed
ACC07543,CUST09116,BR038,Current,2025-06-29,40118.24,Active
ACC10621,CUST07510,BR008,Salary,2025-08-17,53468.13,Closed
ACC09127,CUST05736,BR038,Current,2025-06-28,12308.71,Dormant
ACC04533,CUST08772,BR012,Current,2025-05-01,72279.74,Active
ACC05115,CUST06051,BR036,Current,2026-08-22,98048.92,Closed
ACC07029,CUST08563,BR016,Savings,2025-06-07,61389.93,Dormant
ACC09158,CUST00137,BR034,Salary,2025-05-04,31672.59,Closed
ACC01630,CUST07411,BR028,Current,2026-07-21,70449.15,Active
ACC09337,CUST05458,BR019,Current,2024-04-01,79005.05,Dormant
ACC07038,CUST03544,BR023,Salary,2026-04-28,29910.75,Active
ACC08746,CUST00137,BR018,Savings,2024-06-28,30806.32,Closed
ACC02778,CUST09509,BR004,Current,2025-03-02,75764.24,Closed
ACC06104,CUST09724,BR014,Current,2024-05-25,55437.61,Active
ACC04708,CUST03676,BR044,Savings,2025-05-27,25963.05,Active
ACC10639,CUST08174,BR041,Current,2025-04-12,28604.34,Dormant
ACC07126,CUST08933,BR046,Salary,2026-04-12,1530.97,Dormant
ACC01512,CUST06841,BR038,Savings,2025-08-13,95640.36,Active
ACC00824,CUST03692,BR039,Savings,2025-10-15,95959.66,Closed
ACC03487,CUST02227,BR007,Salary,2024-11-30,53310.81,Dormant
ACC06774,CUST02602,BR038,Savings,2024-05-09,97673.8,Closed
ACC01346,CUST02154,BR041,Current,2024-10-23,53268.37,Dormant
ACC05020,CUST05949,BR045,Salary,2023-09-12,10036.62,Dormant
ACC04597,CUST06026,BR044,Current,2026-06-17,23141.37,Closed
ACC10064,CUST04229,BR003,Current,2026-07-07,40435.86,Dormant
ACC04040,CUST01924,BR032,Current,2024-03-17,68513.26,Dormant
ACC01563,CUST07529,BR029,Savings,2026-03-29,26550.81,Closed
ACC02351,CUST08898,BR003,Current,2025-10-22,35588.16,Active
ACC02534,CUST08010,BR000,Savings,2026-02-15,31392.58,Active
ACC00849,CUST02164,BR035,Savings,2025-10-10,6774.32,Active
ACC08387,CUST09363,BR049,Savings,2025-11-05,55091.87,Active
ACC06267,CUST05844,BR035,Savings,2025-04-07,29785.22,Dormant
ACC06223,CUST00402,BR024,Savings,2024-11-04,13415.08,Active
ACC06162,CUST00421,BR005,Current,2026-05-23,42356.71,Closed
ACC01683,CUST09297,BR037,Salary,2025-05-17,4877.9,Dormant
ACC05739,CUST01911,BR049,Current,2025-06-11,85351.43,Active
ACC06764,CUST07118,BR027,Salary,2025-08-20,8341.74,Active
ACC02041,CUST01973,BR031,Savings,2026-02-28,6323.91,Active
ACC00490,CUST99999,BR016,Salary,2025-11-08,45606.28,Active
ACC07318,CUST09137,BR013,Current,2026-07-24,71094.93,Closed
ACC07366,CUST08137,BR012,Savings,2025-01-25,59105.82,Dormant
ACC05394,CUST05403,BR046,Salary,2024-06-20,1203.57,Active
ACC11814,CUST09324,BR017,Salary,2025-11-23,99015.84,Active
ACC08856,CUST04314,BR048,Current,2025-10-11,86159.1,Closed
ACC11858,CUST06410,BR046,Savings,2025-08-17,59748.28,Closed
ACC09322,CUST00938,BR002,Current,2025-09-09,87969.78,Closed
ACC08774,CUST03315,BR046,Savings,2025-02-16,36182.73,Active
ACC01620,CUST08209,BR004,Savings,2025-01-05,60066.58,Dormant
ACC09649,CUST04163,BR037,Salary,2025-09-10,9670.68,Active
ACC08271,CUST04614,BR000,Savings,2025-04-02,86550.63,Closed
ACC00207,CUST03660,BR025,Salary,2025-12-24,29875.38,Active
ACC09672,CUST05575,BR039,Salary,2025-05-21,88259.18,Dormant
ACC00391,CUST01686,BR046,Salary,2024-12-17,11533.71,Closed
ACC01682,CUST04007,BR005,Savings,2023-12-29,92095.79,Dormant
ACC07244,CUST08649,BR031,Current,2025-11-30,64773.74,Active
ACC08003,CUST03344,BR018,Current,2024-06-06,78315.75,Dormant
ACC02237,CUST08191,BR002,Savings,2025-11-20,94323.52,Active
ACC11723,CUST02335,BR035,Savings,2024-01-26,56526.39,Active
ACC11291,CUST01811,BR034,Savings,2024-03-20,78331.77,Active
ACC05413,CUST08747,BR024,Salary,2024-02-08,6371.76,Dormant
ACC04578,CUST06384,BR000,Salary,2026-07-03,66873.95,Closed
ACC07897,CUST01167,BR026,Savings,2023-12-05,14851.45,Active
ACC11327,CUST07245,BR039,Current,2024-09-27,76186.36,Closed
ACC06914,CUST06313,BR005,Current,2026-03-19,29090.59,Dormant
ACC07347,CUST08219,BR035,Current,2025-09-05,76095.86,Dormant
ACC11176,CUST09447,BR040,Current,2026-06-11,51490.61,Active
ACC07373,CUST01537,BR005,Salary,2025-03-07,99346.88,Closed
ACC05684,CUST09313,BR030,Current,2025-04-06,91488.35,Active
ACC11258,CUST07347,BR008,Salary,2025-04-22,3460.78,Dormant
ACC00840,CUST08818,BR016,Current,2024-01-19,6526.72,Active
ACC11735,CUST09648,BR040,Salary,2024-01-15,63675.89,Active
ACC03127,CUST01196,BR041,Current,2025-04-14,10702.23,Dormant
ACC10395,CUST07392,BR046,Savings,2023-10-18,79461.63,Active
ACC07493,CUST09806,BR029,Current,2026-05-07,60045.69,Active
ACC04737,CUST04962,BR019,Current,2023-12-19,28440.85,Active
ACC02843,CUST09635,BR025,Salary,2025-06-12,70070.29,Active
ACC04311,CUST03072,BR041,Savings,2024-12-09,79384.65,Closed
ACC03010,CUST01331,BR019,Savings,2025-12-13,32331.13,Active
ACC11547,CUST03181,BR032,Savings,2024-01-27,18175.08,Active
ACC01063,CUST04542,BR049,Current,2023-11-05,72208.08,Dormant
ACC00498,CUST07476,BR042,Salary,2024-06-12,9779.59,Active
ACC07940,CUST07777,BR025,Salary,2026-04-22,15660.29,Closed
ACC04757,CUST00655,BR037,Current,2024-08-22,13396.07,Active
ACC05325,CUST04224,BR005,Savings,2025-05-03,56262.04,Closed
ACC03298,CUST99999,BR001,Savings,2026-06-10,60844.55,Closed
ACC01285,CUST02509,BR040,Salary,2024-11-08,98090.34,Active
ACC10083,CUST05635,BR001,Salary,2026-01-27,65983.88,Closed
ACC05512,CUST06451,BR044,Current,2024-04-14,3303.17,Active
ACC00798,CUST06084,BR045,Salary,2024-05-03,85559.47,Active
ACC04129,CUST07919,BR017,Salary,2023-10-22,55937.06,Active
ACC00844,CUST09404,BR020,Salary,2026-01-18,41385.77,Active
ACC00609,CUST04948,BR032,Savings,2024-06-08,35164.56,Closed
ACC10696,CUST02725,BR046,Current,2025-05-16,99102.25,Dormant
ACC08437,CUST09440,BR020,Current,2025-01-14,14609.36,Dormant
ACC08883,CUST07875,BR005,Current,2026-07-25,48811.29,Active
ACC03597,CUST07240,BR007,Savings,2025-01-22,49661.56,Active
ACC06580,CUST09909,BR025,Savings,2026-08-15,38390.85,Active
ACC01545,CUST05374,BR034,Salary,2025-07-10,-42132.77,Closed
ACC03250,CUST01559,BR019,Current,2026-03-16,83478.83,Closed
ACC00654,CUST09971,BR002,Current,2024-09-02,85201.6,Active
ACC02665,CUST09192,BR049,Savings,2025-03-20,80857.17,Closed
ACC06674,CUST09822,BR010,Savings,2025-02-25,49583.61,Dormant
ACC10027,CUST03906,BR029,Salary,2024-04-16,80427.29,Closed
ACC11465,CUST07819,BR042,Salary,2024-11-16,10755.83,Active
ACC09939,CUST09480,BR023,Current,2026-03-22,16470.06,Active
ACC08804,CUST06576,BR032,Savings,2026-05-12,95779.15,Dormant
ACC05336,CUST03994,BR007,Salary,2023-09-18,75014.58,Dormant
ACC00763,CUST06110,BR046,Salary,2026-02-19,10203.84,Active
ACC01822,CUST00386,BR006,Savings,2026-05-16,5341.25,Active
ACC03850,CUST08300,BR049,Salary,2024-08-28,97419.38,Dormant
ACC09178,CUST07865,BR037,Salary,2025-06-11,55400.52,Dormant
ACC05591,CUST01232,BR031,Salary,2024-03-03,-35119.09,Closed
ACC07253,CUST02846,BR031,Salary,2023-11-04,86104.13,Closed
ACC02710,CUST09322,BR045,Salary,2026-02-01,11316.59,Dormant
ACC04762,CUST02898,BR015,Salary,2025-10-31,79155.92,Closed
ACC01711,CUST05963,BR009,Salary,2026-03-11,20201.07,Active
ACC02167,CUST09107,BR009,Salary,2024-06-24,81717.14,Active
ACC10701,CUST03081,BR025,Salary,2026-02-12,5023.79,Closed
ACC09684,CUST04958,BR017,Salary,2026-02-20,41110.51,Dormant
ACC09040,CUST03451,BR001,Current,2026-06-08,30005.46,Closed
ACC02876,CUST01551,BR013,Salary,2023-12-07,63482.15,Dormant
ACC00737,CUST03205,BR036,Savings,2024-09-27,86977.04,Active
ACC09837,CUST09623,BR015,Salary,2025-07-27,53201.86,Dormant
ACC03480,CUST03584,BR005,Salary,2023-10-26,62665.0,Active
ACC01193,CUST08541,BR032,Savings,2024-01-11,63353.91,Active
ACC03694,CUST01849,BR009,Current,2026-08-10,29468.29,Active
ACC07895,CUST09820,BR025,Current,2023-11-05,75005.51,Closed
ACC10775,CUST05760,BR044,Current,2023-09-27,83245.92,Active
ACC11318,CUST04580,BR025,Current,2026-07-09,99267.09,Closed
ACC03651,CUST00885,BR004,Current,2026-03-19,14751.14,Closed
ACC08318,CUST99999,BR049,Savings,2026-06-08,39726.01,Active
ACC09329,CUST02593,BR002,Salary,2024-10-07,48433.54,Dormant
ACC09382,CUST02249,BR013,Savings,2024-08-31,98395.36,Closed
ACC10992,CUST04891,BR020,Salary,2025-10-01,42605.69,Active
ACC04529,CUST02300,BR031,Savings,2026-08-14,72023.51,Active
ACC04179,CUST06446,BR001,Current,2024-04-07,73956.08,Active
ACC10664,CUST07092,BR000,Current,2026-07-05,8361.52,Dormant
ACC09340,CUST02193,BR008,Savings,2026-02-26,30019.53,Dormant
ACC07090,CUST04915,BR038,Savings,2024-11-08,3505.48,Active
ACC07012,CUST07568,BR035,Salary,2023-09-14,9888.81,Active
ACC03640,CUST06251,BR021,Current,2024-09-06,42795.49,Dormant
ACC10656,CUST09368,BR032,Current,2024-11-17,27000.35,Closed
ACC08914,CUST01993,BR042,Salary,2026-08-12,91667.99,Closed
ACC01043,CUST08335,BR004,Savings,2025-07-17,45000.45,Active
ACC00632,CUST08685,BR004,Savings,2025-09-15,36932.27,Dormant
ACC09551,CUST07359,BR018,Salary,2025-06-11,74255.55,Dormant
ACC10107,CUST03691,BR036,Current,2024-09-24,75631.0,Closed
ACC00890,CUST05626,BR004,Salary,2024-11-21,2847.67,Closed
ACC06181,CUST03125,BR023,Salary,2024-12-23,5838.5,Active
ACC10896,CUST99999,BR006,Current,2026-04-03,72901.99,Active
ACC08328,CUST02668,BR026,Savings,2024-12-24,37965.45,Closed
ACC05581,CUST07146,BR047,Salary,2024-04-29,81633.51,Closed
ACC04563,CUST06104,BR047,Savings,2025-04-15,5367.69,Closed
ACC09897,CUST09450,BR012,Savings,2024-11-23,8756.07,Closed
ACC05177,CUST02519,BR020,Current,2024-10-03,70998.99,Dormant
ACC04672,CUST00198,BR035,Current,2025-12-10,26648.69,Dormant
ACC05687,CUST07156,BR022,Salary,2025-12-10,12156.77,Dormant
ACC09109,CUST05603,BR027,Current,2024-08-12,17742.6,Active
ACC04698,CUST07671,BR000,Savings,2024-05-27,70494.06,Active
ACC10748,CUST06172,BR017,Current,2024-03-11,97365.33,Dormant
ACC07159,CUST02742,BR024,Current,2024-03-03,25962.45,Dormant
ACC07962,CUST06020,BR012,Current,2024-11-07,11237.67,Dormant
ACC07393,CUST05791,BR030,Current,2025-05-23,34192.66,Active
ACC02414,CUST02651,BR000,Savings,2025-05-24,69923.69,Closed
ACC08237,CUST00351,BR017,Savings,2024-04-11,28279.29,Closed
ACC02779,CUST09876,BR014,Current,2024-03-11,25906.67,Closed
ACC08732,CUST03172,BR034,Savings,2025-10-14,78402.08,Active
ACC10299,CUST08783,BR015,Current,2025-08-27,29941.42,Active
ACC09814,CUST03273,BR040,Current,2025-11-01,66151.81,Active
ACC01655,CUST08776,BR008,Savings,2023-11-18,3151.21,Active
ACC10174,CUST07007,BR019,Salary,2026-01-15,21391.78,Active
ACC11245,CUST04873,BR017,Current,2024-05-08,90665.93,Dormant
ACC04370,CUST01902,BR005,Current,2026-02-14,66769.33,Active
ACC11230,CUST07283,BR006,Savings,2026-05-23,50871.1,Active
ACC06228,CUST04805,BR000,Current,2025-06-11,71072.09,Active
ACC04962,CUST05920,BR005,Savings,2025-02-04,75052.51,Active
ACC02306,CUST09672,BR047,Current,2025-05-31,11622.54,Active
ACC05735,CUST00495,BR000,Salary,2024-11-10,87726.93,Closed
ACC09874,CUST07297,BR007,Salary,2025-05-28,80742.03,Active
ACC02198,CUST02682,BR007,Salary,2024-12-17,6357.78,Active
ACC00114,CUST02549,BR019,Salary,2026-06-03,47276.92,Dormant
ACC02045,CUST04536,BR023,Savings,2025-03-09,61459.26,Active
ACC09348,CUST01030,BR047,Salary,2024-03-31,80227.03,Dormant
ACC01340,CUST05015,BR012,Current,2025-05-18,39133.16,Closed
ACC08871,CUST03085,BR005,Current,2025-09-07,40198.55,Active
ACC05183,CUST02258,BR022,Savings,2026-09-07,92366.05,Closed
ACC01817,CUST06418,BR000,Savings,2025-06-05,96498.19,Dormant
ACC04383,CUST07638,BR045,Salary,2024-04-25,36272.01,Closed
ACC03170,CUST05256,BR015,Salary,2024-01-31,83633.26,Dormant
ACC02305,CUST00882,BR005,Current,2026-08-08,19207.71,Active
ACC07638,CUST00975,BR047,Salary,2026-06-28,79338.12,Dormant
ACC08954,CUST06253,BR031,Current,2026-04-21,60898.63,Dormant
ACC06428,CUST04153,BR014,Salary,2026-06-28,65484.7,Closed
ACC06669,CUST08615,BR004,Current,2025-06-27,68812.55,Dormant
ACC08647,CUST06355,BR015,Salary,2025-09-30,42632.14,Dormant
ACC08666,CUST05878,BR021,Salary,2024-03-19,63238.83,Dormant
ACC06963,CUST02675,BR021,Salary,2025-01-23,43089.1,Active
ACC07460,CUST06981,BR012,Current,2024-07-24,29226.05,Dormant
ACC09792,CUST09040,BR006,Current,2024-07-24,47568.23,Active
ACC02320,CUST99999,BR035,Savings,2024-04-19,11561.07,Active
ACC09883,CUST01523,BR027,Salary,2026-08-27,87899.57,Active
ACC06952,CUST03973,BR048,Current,2025-08-10,65392.98,Active
ACC09481,CUST09688,BR027,Current,2024-05-05,86149.33,Closed
ACC04170,CUST08222,BR027,Salary,2025-04-11,66316.47,Closed
ACC11013,CUST05018,BR024,Savings,2024-05-27,72462.71,Closed
ACC10849,CUST00875,BR012,Current,2024-01-31,36218.8,Dormant
ACC10454,CUST08959,BR009,Current,2026-01-24,92706.19,Active
ACC04969,CUST00642,BR010,Salary,2025-04-19,18688.81,Active
ACC05072,CUST09556,BR020,Current,2024-03-26,82587.5,Dormant
ACC10183,CUST07584,BR020,Current,2024-10-31,5490.58,Active
ACC11370,CUST02339,BR041,Current,2024-02-06,52066.36,Dormant
ACC01824,CUST01006,BR031,Salary,2025-02-09,10528.64,Active
ACC11377,CUST07967,BR029,Savings,2024-11-29,78359.45,Active
ACC09782,CUST07011,BR000,Current,2026-04-14,86442.46,Dormant
ACC07234,CUST07390,BR020,Savings,2024-01-30,80120.91,Active
ACC09144,CUST04257,BR001,Current,2026-07-18,82589.88,Closed
ACC06149,CUST03735,BR046,Salary,2025-09-03,49551.91,Closed
ACC07351,CUST99999,BR013,Savings,2026-08-07,2630.53,Dormant
ACC00786,CUST00172,BR012,Salary,2023-12-25,73680.7,Dormant
ACC02489,CUST06135,BR011,Savings,2025-09-10,74130.75,Dormant
ACC03582,CUST06602,BR003,Salary,2023-09-12,62265.41,Dormant
ACC03229,CUST08659,BR010,Current,2026-08-24,23142.24,Dormant
ACC08140,CUST00098,BR032,Salary,2024-09-27,16425.28,Closed
ACC02493,CUST05688,BR000,Current,2024-07-27,71036.01,Dormant
ACC09145,CUST00132,BR022,Current,2024-09-15,36972.77,Closed
ACC11978,CUST01991,BR013,Savings,2024-01-27,55713.98,Dormant
ACC02461,CUST03238,BR004,Savings,2024-08-27,64967.95,Active
ACC09290,CUST01415,BR025,Savings,2023-10-23,87437.74,Active
ACC11418,CUST04130,BR009,Savings,2025-10-01,40872.9,Closed
ACC05322,CUST09305,BR020,Current,2024-08-27,85088.84,Active
ACC04176,CUST07360,BR034,Savings,2025-02-12,19476.28,Closed
ACC08514,CUST07974,BR014,Current,2026-07-09,49639.61,Active
ACC00282,CUST99999,BR046,Salary,2025-07-28,37744.26,Closed
ACC04944,CUST05136,BR039,Current,2026-07-25,75533.27,Dormant
ACC02978,CUST00602,BR047,Current,2025-10-06,11002.14,Active
ACC05469,CUST06582,BR000,Current,2025-12-23,44708.0,Active
ACC00878,CUST03792,BR033,Savings,2025-01-11,33278.76,Closed
ACC09167,CUST07822,BR045,Salary,2024-05-14,78566.45,Closed
ACC02093,CUST07295,BR004,Salary,2025-11-23,24033.75,Closed
ACC06742,CUST00434,BR016,Salary,2026-06-30,57235.93,Dormant
ACC05415,CUST08350,BR010,Savings,2026-02-26,78405.42,Active
ACC00469,CUST06957,BR024,Current,2024-02-23,70556.26,Closed
ACC02654,CUST01663,BR014,Current,2025-04-26,41937.54,Active
ACC07320,CUST08578,BR033,Salary,2024-02-20,1224.23,Active
ACC04608,CUST09462,BR045,Salary,2026-08-01,75221.59,Closed
ACC01880,CUST09819,BR011,Savings,2025-11-05,29220.52,Active
ACC07405,CUST06043,BR033,Current,2024-07-28,11010.57,Closed
ACC06682,CUST01372,BR024,Current,2025-07-26,-89498.04,Dormant
ACC06992,CUST01465,BR043,Savings,2023-11-16,85625.28,Closed
ACC06804,CUST03226,BR034,Savings,2026-08-10,75875.77,Dormant
ACC03339,CUST06946,BR029,Current,2025-01-05,10718.82,Closed
ACC03510,CUST01432,BR000,Savings,2023-10-29,8782.45,Dormant
ACC09554,CUST08906,BR014,Salary,2026-07-01,1824.32,Dormant
ACC11473,CUST05140,BR031,Salary,2025-09-16,69887.75,Dormant
ACC09722,CUST03814,BR010,Savings,2025-03-21,81759.03,Dormant
ACC08010,CUST09610,BR040,Savings,2026-04-16,82242.13,Dormant
ACC04151,CUST05400,BR027,Current,2025-09-20,65044.63,Closed
ACC03627,CUST02203,BR005,Savings,2026-06-21,89004.49,Dormant
ACC05170,CUST09240,BR013,Savings,2025-05-03,36555.58,Closed
ACC01408,CUST08858,BR015,Savings,2025-07-30,50347.53,Active
ACC06364,CUST04708,BR033,Savings,2023-10-12,65517.83,Active
ACC05390,CUST04539,BR045,Savings,2026-06-08,46122.26,Active
ACC00094,CUST02303,BR022,Current,2026-05-30,26179.01,Dormant
ACC00389,CUST00723,BR017,Current,2026-07-12,55510.25,Closed
ACC06262,CUST04857,BR013,Current,2024-08-11,52798.81,Active
ACC07031,CUST00473,BR032,Savings,2024-01-10,9925.38,Closed
ACC05402,CUST04548,BR049,Current,2026-02-06,44583.03,Closed
ACC09422,CUST05879,BR023,Salary,2025-10-21,60636.86,Dormant
ACC09627,CUST05058,BR000,Current,2025-09-25,23878.88,Active
ACC03048,CUST05466,BR006,Current,2026-06-20,15905.72,Active
ACC10580,CUST06500,BR027,Current,2025-03-25,54989.66,Closed
ACC03684,CUST07596,BR012,Salary,2026-04-14,67819.3,Closed
ACC11242,CUST01037,BR022,Current,2025-11-01,2289.33,Closed
ACC09365,CUST01558,BR041,Salary,2026-04-18,35470.1,Closed
ACC09076,CUST00789,BR005,Current,2024-01-17,38127.48,Dormant
ACC08174,CUST00316,BR047,Current,2026-06-11,94396.18,Dormant
ACC09625,CUST06688,BR006,Salary,2023-10-20,52716.4,Dormant
ACC10329,CUST07978,BR024,Salary,2024-11-12,-13907.11,Closed
ACC02039,CUST01168,BR012,Current,2026-05-11,70043.8,Dormant
ACC10124,CUST09059,BR027,Salary,2025-12-07,86127.93,Active
ACC07441,CUST09537,BR014,Salary,2026-06-30,57461.48,Closed
ACC03594,CUST07091,BR039,Salary,2024-08-03,21622.52,Closed
ACC03256,CUST04554,BR006,Current,2025-08-26,30065.29,Dormant
ACC00733,CUST06138,BR000,Salary,2023-12-24,74452.11,Closed
ACC03764,CUST05783,BR003,Current,2026-05-12,75225.69,Closed
ACC04438,CUST06195,BR021,Current,2026-04-11,75994.72,Closed
ACC10713,CUST07153,BR010,Salary,2024-08-31,34439.72,Active
ACC10044,CUST08130,BR028,Salary,2026-02-15,8294.45,Closed
ACC01967,CUST03132,BR049,Salary,2025-09-11,60583.93,Dormant
ACC04965,CUST00778,BR036,Savings,2025-11-04,81715.1,Closed
ACC02716,CUST02164,BR009,Current,2026-02-14,99969.71,Closed
ACC04973,CUST00449,BR043,Current,2025-08-22,31147.08,Active
ACC09404,CUST01061,BR027,Salary,2024-07-21,47837.09,Active
ACC08047,CUST01308,BR037,Current,2024-11-24,89443.76,Closed
ACC09788,CUST07212,BR003,Current,2024-02-19,73499.28,Closed
ACC01470,CUST09443,BR038,Salary,2025-09-17,29479.3,Closed
ACC04260,CUST02632,BR012,Salary,2024-12-10,66120.0,Active
ACC04883,CUST06112,BR003,Salary,2025-05-23,33086.3,Closed
ACC08322,CUST09437,BR004,Savings,2026-07-09,1973.62,Dormant
ACC03540,CUST05700,BR038,Salary,2024-12-06,27000.94,Active
ACC08160,CUST08131,BR034,Current,2024-02-08,56179.02,Closed
ACC07900,CUST07216,BR033,Salary,2025-05-30,54131.0,Dormant
ACC04613,CUST02402,BR000,Savings,2024-12-11,50051.02,Active
ACC08252,CUST02988,BR016,Salary,2026-07-31,22500.3,Active
ACC02490,CUST99999,BR048,Salary,2023-12-14,51617.64,Active
ACC11194,CUST07084,BR048,Salary,2025-01-20,74096.14,Closed
ACC04156,CUST03165,BR002,Savings,2024-03-29,37305.67,Closed
ACC11668,CUST00626,BR005,Current,2024-12-24,41860.98,Closed
ACC08345,CUST04209,BR028,Current,2024-05-15,41250.97,Active
ACC11599,CUST01931,BR044,Savings,2023-09-23,7297.87,Dormant
ACC08239,CUST01852,BR013,Salary,2024-09-13,86046.81,Closed
ACC01593,CUST00738,BR007,Current,2024-10-28,24606.98,Active
ACC01752,CUST05788,BR028,Salary,2026-05-22,57188.0,Dormant
ACC00580,CUST02095,BR033,Salary,2024-09-07,12482.11,Active
ACC09187,CUST03401,BR020,Salary,2025-03-08,70449.28,Closed
ACC09802,CUST02582,BR005,Savings,2025-03-27,67236.52,Dormant
ACC08534,CUST04942,BR014,Savings,2026-05-11,31421.43,Closed
ACC00928,CUST09849,BR049,Salary,2026-05-13,81081.13,Closed
ACC03034,CUST04376,BR022,Salary,2025-03-12,52165.04,Dormant
ACC04162,CUST07059,BR022,Savings,2024-04-25,11780.72,Dormant
ACC07597,CUST06707,BR002,Current,2025-06-24,62617.92,Dormant
ACC06791,CUST03772,BR033,Current,2024-11-17,12768.46,Dormant
ACC04037,CUST09652,BR009,Current,2024-03-27,21606.99,Dormant
ACC11365,CUST00538,BR010,Current,2024-12-30,61935.89,Dormant
ACC03957,CUST03442,BR005,Savings,2025-05-11,26242.2,Active
ACC02473,CUST01788,BR046,Salary,2023-10-28,37967.75,Closed
ACC09927,CUST02188,BR049,Salary,2025-08-06,19685.97,Active
ACC08877,CUST06066,BR013,Current,2025-05-08,56865.51,Active
ACC04137,CUST04260,BR005,Salary,2024-06-27,1473.89,Dormant
ACC05218,CUST02055,BR038,Salary,2023-11-27,43231.85,Active
ACC05329,CUST03862,BR005,Current,2025-07-12,12682.31,Closed
ACC07714,CUST09314,BR013,Salary,2026-07-18,19119.72,Dormant
ACC01686,CUST09862,BR002,Current,2023-10-08,-83871.06,Active
ACC09241,CUST06624,BR025,Current,2026-01-23,4496.61,Dormant
ACC01144,CUST07748,BR034,Savings,2025-12-23,12579.65,Active
ACC07752,CUST02799,BR042,Savings,2024-01-21,46366.08,Closed
ACC09428,CUST05403,BR013,Current,2026-08-02,20232.26,Active
ACC05379,CUST05524,BR009,Savings,2026-02-14,21616.71,Dormant
ACC06801,CUST08482,BR002,Salary,2026-07-28,83290.56,Active
ACC01782,CUST00732,BR006,Salary,2025-11-04,13882.96,Dormant
ACC06370,CUST01086,BR000,Savings,2023-11-09,34883.1,Closed
ACC10401,CUST03588,BR023,Salary,2024-07-10,4268.17,Closed
ACC09824,CUST06112,BR005,Savings,2024-05-01,40241.2,Closed
ACC05941,CUST07610,BR004,Salary,2024-11-08,80334.22,Active
ACC05923,CUST04590,BR033,Salary,2025-03-15,54977.21,Active
ACC09565,CUST03931,BR015,Current,2025-08-28,69215.82,Dormant
ACC02832,CUST07194,BR019,Salary,2025-01-16,21243.04,Closed
ACC06942,CUST03008,BR047,Salary,2024-05-24,52798.75,Dormant
ACC09117,CUST07330,BR021,Savings,2024-10-08,21043.37,Closed
ACC04368,CUST05286,BR004,Savings,2026-08-11,93855.41,Closed
ACC10611,CUST03776,BR038,Current,2024-02-13,96380.45,Closed
ACC08381,CUST04465,BR021,Savings,2024-04-21,19675.84,Active
ACC03971,CUST07757,BR040,Salary,2024-05-21,97993.58,Active
ACC01557,CUST04808,BR033,Salary,2025-06-08,49367.72,Closed
ACC07210,CUST01814,BR014,Salary,2025-05-06,62187.4,Closed
ACC10626,CUST01805,BR047,Current,2024-06-01,87980.16,Closed
ACC10500,CUST06897,BR043,Current,2024-06-23,86724.01,Active
ACC04606,CUST07257,BR005,Current,2026-07-01,56421.11,Active
ACC04884,CUST02430,BR044,Current,2025-05-22,33895.08,Dormant
ACC08326,CUST09144,BR022,Current,2025-07-31,83865.02,Active
ACC02564,CUST02729,BR012,Current,2026-07-15,81027.08,Closed
ACC00017,CUST99999,BR022,Current,2024-09-04,80904.91,Dormant
ACC03875,CUST07140,BR008,Current,2024-03-12,61028.67,Dormant
ACC10267,CUST01738,BR023,Savings,2026-04-11,24241.29,Active
ACC04388,CUST08468,BR013,Savings,2024-08-03,15169.93,Dormant
ACC06037,CUST09072,BR030,Salary,2025-09-18,85175.75,Active
ACC04347,CUST03318,BR036,Current,2024-08-25,84942.73,Closed
ACC06233,CUST07941,BR004,Savings,2024-12-01,96030.18,Dormant
ACC04213,CUST08186,BR022,Current,2026-02-03,4712.68,Closed
ACC03365,CUST09052,BR048,Current,2026-01-13,54473.79,Active
ACC00058,CUST06735,BR009,Savings,2025-03-23,32494.2,Dormant
ACC05309,CUST06103,BR027,Salary,2024-05-04,91858.17,Active
ACC07567,CUST09764,BR048,Salary,2025-12-04,60821.68,Active
ACC04866,CUST04310,BR031,Current,2024-02-03,21793.09,Closed
ACC07734,CUST99999,BR038,Savings,2025-08-01,13817.95,Dormant
ACC08331,CUST04683,BR047,Current,2024-12-28,95542.55,Active
ACC11422,CUST00584,BR005,Current,2023-12-12,95173.0,Active
ACC10953,CUST05604,BR032,Current,2023-12-21,56652.14,Dormant
ACC07540,CUST00885,BR037,Salary,2025-03-13,68927.07,Dormant
ACC03115,CUST05336,BR023,Current,2026-04-19,9895.59,Active
ACC03188,CUST01097,BR015,Salary,2024-04-11,2118.37,Dormant
ACC01602,CUST01005,BR031,Savings,2024-06-16,87145.12,Active
ACC05116,CUST08183,BR004,Savings,2026-05-25,35080.11,Dormant
ACC06418,CUST05192,BR000,Salary,2024-05-05,53243.17,Closed
ACC07435,CUST03185,BR018,Salary,2026-08-08,88944.12,Active
ACC01810,CUST00905,BR033,Current,2025-11-29,76350.38,Active
ACC01401,CUST09469,BR003,Current,2025-06-03,42546.97,Active
ACC00985,CUST09405,BR041,Salary,2024-10-23,9974.2,Closed
ACC09540,CUST02967,BR033,Salary,2025-07-04,1176.23,Dormant
ACC07245,CUST01523,BR011,Current,2025-01-03,98397.85,Active
ACC08448,CUST06757,BR039,Salary,2025-04-30,23580.32,Active
ACC07891,CUST09773,BR045,Salary,2025-10-24,16756.49,Dormant
ACC03566,CUST00335,BR029,Savings,2026-05-11,71845.29,Active
ACC11491,CUST08617,BR001,Salary,2025-05-22,89934.67,Dormant
ACC03223,CUST08923,BR015,Salary,2026-06-16,95926.65,Closed
ACC00278,CUST07292,BR037,Salary,2024-11-14,30722.11,Closed
ACC06024,CUST07534,BR009,Salary,2025-10-03,76528.47,Dormant
ACC06619,CUST04649,BR045,Salary,2025-05-11,47928.71,Active
ACC05358,CUST07836,BR035,Current,2025-09-14,14765.35,Dormant
ACC00745,CUST01998,BR013,Current,2026-07-14,13565.59,Closed
ACC08092,CUST02806,BR019,Savings,2026-04-12,26018.54,Dormant
ACC04032,CUST03491,BR012,Savings,2023-10-12,46742.01,Closed
ACC06201,CUST04952,BR046,Salary,2026-01-07,53710.78,Active
ACC10231,CUST03039,BR037,Current,2024-05-16,91559.48,Closed
ACC05294,CUST02397,BR012,Salary,2023-12-19,44226.84,Closed
ACC00113,CUST08883,BR013,Salary,2025-05-15,65009.46,Dormant
ACC01186,CUST04187,BR025,Savings,2025-09-07,20007.41,Active
ACC00238,CUST08763,BR034,Current,2025-11-15,95146.76,Closed
ACC04624,CUST06284,BR035,Salary,2026-08-10,5635.03,Closed
ACC05223,CUST01560,BR042,Current,2025-10-10,99098.31,Closed
ACC06566,CUST06591,BR004,Savings,2024-10-01,43118.68,Closed
ACC01182,CUST05589,BR035,Current,2025-06-06,90346.36,Active
ACC11114,CUST00316,BR045,Current,2024-02-03,82980.99,Dormant
ACC06584,CUST00161,BR025,Salary,2026-03-21,17550.02,Active
ACC02816,CUST01009,BR014,Salary,2026-07-18,90599.28,Dormant
ACC07432,CUST07535,BR000,Salary,2023-12-26,96117.11,Closed
ACC01730,CUST06434,BR008,Current,2026-06-07,46565.91,Active
ACC11444,CUST09743,BR001,Savings,2025-02-22,73828.08,Closed
ACC11121,CUST09435,BR010,Savings,2026-08-21,42148.09,Active
ACC09952,CUST06191,BR011,Savings,2025-01-30,46630.39,Active
ACC08528,CUST09692,BR024,Salary,2025-03-23,83379.66,Closed
ACC10434,CUST04158,BR033,Current,2024-03-20,30093.81,Active
ACC08639,CUST00816,BR025,Current,2024-07-30,36445.68,Active
ACC09483,CUST05201,BR040,Savings,2024-12-15,78979.65,Closed
ACC06040,CUST03944,BR031,Salary,2025-08-07,65582.35,Dormant
ACC04609,CUST09672,BR041,Savings,2024-04-13,18999.83,Active
ACC07151,CUST05010,BR042,Savings,2024-10-08,85501.74,Active
ACC02618,CUST04728,BR040,Salary,2024-04-04,57836.7,Dormant
ACC02850,CUST05306,BR038,Current,2026-05-08,36876.49,Dormant
ACC06344,CUST03891,BR018,Salary,2026-04-27,97047.5,Closed
ACC01524,CUST09919,BR018,Savings,2025-08-10,65988.39,Closed
ACC05439,CUST07178,BR040,Salary,2026-02-05,5492.79,Closed
ACC04263,CUST09836,BR014,Current,2024-10-18,54339.46,Closed
ACC11787,CUST99999,BR014,Current,2026-01-17,9904.31,Dormant
ACC07185,CUST04301,BR030,Current,2023-12-05,48042.82,Active
ACC08355,CUST07196,BR017,Savings,2024-03-08,63243.42,Dormant
ACC00820,CUST00403,BR033,Savings,2026-07-12,43878.02,Dormant
ACC10217,CUST02708,BR001,Savings,2023-12-11,48369.44,Dormant
ACC02787,CUST05041,BR017,Savings,2023-10-14,27530.85,Dormant
ACC02325,CUST07404,BR033,Salary,2024-03-30,54833.22,Closed
ACC00705,CUST01195,BR028,Savings,2026-07-04,15659.95,Dormant
ACC08332,CUST08635,BR018,Current,2024-06-01,14330.09,Active
ACC03564,CUST08396,BR045,Current,2026-05-18,47641.83,Active
ACC10054,CUST05041,BR026,Salary,2025-11-01,28059.2,Active
ACC06454,CUST99999,BR040,Current,2023-12-28,22803.13,Dormant
ACC00966,CUST00066,BR043,Salary,2026-01-13,24005.03,Closed
ACC00377,CUST06106,BR037,Current,2024-09-22,63884.92,Closed
ACC06038,CUST07515,BR019,Salary,2026-05-14,27033.05,Dormant
ACC05720,CUST04802,BR038,Savings,2025-01-11,49554.09,Closed
ACC10530,CUST03579,BR013,Salary,2024-09-11,43635.6,Closed
ACC11052,CUST08362,BR004,Salary,2023-10-03,16430.1,Active
ACC03878,CUST09196,BR047,Salary,2023-11-29,41315.43,Dormant
ACC06197,CUST07037,BR040,Current,2024-12-07,30359.16,Dormant
ACC06300,CUST07456,BR025,Salary,2025-01-05,4470.28,Active
ACC10502,CUST00774,BR027,Current,2024-04-09,25692.04,Dormant
ACC07184,CUST09915,BR020,Current,2025-06-13,68764.81,Closed
ACC05067,CUST06245,BR041,Current,2025-11-06,70925.02,Closed
ACC01265,CUST01043,BR002,Salary,2025-06-29,45499.97,Active
ACC11470,CUST05785,BR047,Salary,2026-04-26,9297.09,Dormant
ACC05563,CUST08900,BR008,Current,2025-11-19,77519.1,Dormant
ACC02660,CUST07570,BR013,Salary,2026-03-01,80262.12,Closed
ACC11573,CUST05458,BR001,Salary,2024-03-07,52376.77,Active
ACC10168,CUST01945,BR042,Salary,2025-04-29,70088.23,Dormant
ACC05037,CUST01915,BR005,Current,2026-04-14,71938.13,Active
ACC00440,CUST03284,BR010,Current,2024-03-24,13040.78,Closed
ACC04201,CUST01239,BR003,Savings,2023-09-11,57299.42,Dormant
ACC10931,CUST06013,BR021,Savings,2025-06-14,85847.49,Dormant
ACC10145,CUST02639,BR022,Savings,2025-01-26,68992.58,Dormant
ACC04044,CUST08292,BR022,Salary,2024-05-26,13025.38,Closed
ACC07479,CUST04954,BR022,Current,2026-01-08,89799.89,Closed
ACC02542,CUST02981,BR000,Savings,2023-11-13,81997.35,Active
ACC10260,CUST03330,BR046,Savings,2026-03-28,82688.13,Dormant
ACC01739,CUST03806,BR003,Current,2024-05-03,23147.36,Active
ACC08213,CUST05937,BR038,Savings,2026-08-07,24993.16,Closed
ACC05195,CUST00735,BR008,Salary,2024-01-02,99172.22,Active
ACC03429,CUST08645,BR016,Savings,2024-09-13,31086.71,Dormant
ACC11072,CUST03683,BR038,Salary,2026-01-29,13094.66,Active
ACC04982,CUST07010,BR006,Current,2025-10-20,32799.39,Active
ACC10884,CUST01999,BR034,Savings,2025-06-19,16079.35,Closed
ACC05391,CUST09088,BR026,Current,2025-11-13,99266.23,Active
ACC03615,CUST04014,BR039,Salary,2025-07-25,83848.54,Dormant
ACC01990,CUST08783,BR036,Savings,2025-06-22,62879.32,Active
ACC05056,CUST05200,BR001,Savings,2026-03-12,10317.87,Closed
ACC04322,CUST00108,BR028,Savings,2024-12-05,54939.23,Active
ACC06761,CUST09550,BR002,Salary,2024-06-24,40436.28,Dormant
ACC09558,CUST05891,BR044,Savings,2024-10-08,38513.04,Active
ACC03544,CUST05149,BR038,Salary,2025-11-16,20959.99,Dormant
ACC09116,CUST03365,BR017,Current,2025-06-04,48752.37,Dormant
ACC05073,CUST07686,BR000,Current,2024-02-16,50962.48,Active
ACC01626,CUST05338,BR044,Salary,2024-05-07,31863.29,Closed
ACC01036,CUST05787,BR014,Salary,2025-09-08,62048.5,Dormant
ACC01690,CUST00482,BR044,Current,2026-02-19,48328.11,Dormant
ACC03191,CUST02408,BR048,Savings,2024-10-29,65576.28,Closed
ACC04826,CUST05167,BR034,Salary,2024-12-10,63049.74,Closed
ACC08023,CUST08979,BR013,Salary,2026-04-27,48365.29,Closed
ACC09914,CUST05959,BR043,Salary,2025-06-26,61565.71,Active
ACC09702,CUST07480,BR009,Salary,2024-11-29,36334.42,Closed
ACC08537,CUST01176,BR045,Savings,2026-08-22,33863.56,Closed
ACC08145,CUST04531,BR013,Current,2026-03-16,63427.29,Active
ACC05911,CUST07727,BR014,Salary,2026-08-05,40411.06,Dormant
ACC02655,CUST00466,BR004,Salary,2024-09-08,73177.43,Active
ACC09842,CUST05830,BR023,Savings,2024-01-18,-61419.9,Closed
ACC11199,CUST04757,BR025,Savings,2023-12-18,15644.14,Dormant
ACC10140,CUST06528,BR003,Savings,2025-06-02,-13895.32,Active
ACC04655,CUST05554,BR048,Current,2026-03-06,68346.92,Dormant
ACC04200,CUST09643,BR047,Salary,2024-06-11,28678.0,Active
ACC05271,CUST04949,BR019,Savings,2024-10-11,78591.34,Active
ACC01789,CUST09624,BR026,Current,2026-02-13,11118.41,Dormant
ACC10457,CUST04713,BR006,Salary,2025-04-23,25075.29,Dormant
ACC04018,CUST09576,BR040,Salary,2023-12-13,60665.1,Dormant
ACC00465,CUST02308,BR036,Salary,2024-09-28,15082.92,Active
ACC04992,CUST00768,BR008,Savings,2024-01-28,83973.74,Active
ACC00936,CUST00433,BR039,Salary,2024-09-28,51223.44,Active
ACC05228,CUST02946,BR026,Savings,2025-01-14,21316.14,Closed
ACC01989,CUST99999,BR032,Current,2024-09-13,55852.23,Closed
ACC10075,CUST06616,BR009,Savings,2024-11-12,44016.4,Active
ACC01589,CUST07747,BR030,Salary,2023-10-19,9666.2,Active
ACC10872,CUST08087,BR005,Savings,2023-12-07,686.0,Closed
ACC02068,CUST05984,BR000,Current,2025-05-19,80475.11,Closed
ACC01893,CUST06848,BR014,Current,2026-08-20,7885.6,Closed
ACC00214,CUST02036,BR005,Current,2025-04-11,6038.81,Active
ACC04067,CUST02215,BR021,Savings,2024-12-10,75029.35,Dormant
ACC04020,CUST01829,BR014,Salary,2024-03-30,6450.03,Dormant
ACC06000,CUST01158,BR016,Salary,2026-02-12,23699.22,Closed
ACC04338,CUST03183,BR021,Savings,2025-04-23,51805.29,Closed
ACC10738,CUST09821,BR030,Savings,2024-01-15,23540.99,Closed
ACC09077,CUST06366,BR020,Savings,2025-01-08,29594.94,Dormant
ACC07955,CUST08217,BR041,Savings,2024-08-05,27311.25,Dormant
ACC10234,CUST02174,BR015,Savings,2023-12-26,71321.53,Closed
ACC03325,CUST01944,BR007,Salary,2026-03-11,-41262.87,Dormant
ACC01042,CUST00189,BR027,Salary,2026-03-06,75210.88,Active
ACC11544,CUST07739,BR002,Salary,2025-12-17,54579.07,Dormant
ACC09450,CUST07695,BR029,Current,2026-06-24,67305.6,Closed
ACC04093,CUST07502,BR014,Savings,2025-01-20,4390.69,Active
ACC02157,CUST09081,BR018,Current,2024-04-09,66548.53,Active
ACC11932,CUST08403,BR044,Salary,2025-05-06,36129.97,Active
ACC08209,CUST03593,BR037,Savings,2026-04-17,13151.59,Dormant
ACC07107,CUST02955,BR017,Current,2026-04-05,61407.89,Dormant
ACC04159,CUST00387,BR005,Salary,2025-01-23,51011.06,Closed
ACC04455,CUST09137,BR035,Salary,2023-11-24,33371.86,Active
ACC10876,CUST09931,BR004,Salary,2024-06-01,51750.48,Dormant
ACC03741,CUST05876,BR024,Current,2025-03-22,55102.87,Dormant
ACC04730,CUST04036,BR021,Current,2024-03-27,90669.78,Closed
ACC03174,CUST04715,BR044,Salary,2025-04-29,13148.34,Closed
ACC05879,CUST01897,BR023,Salary,2024-10-13,63547.05,Closed
ACC09038,CUST09234,BR037,Salary,2024-10-27,29793.5,Dormant
ACC10544,CUST04821,BR039,Salary,2025-09-17,3937.7,Active
ACC01014,CUST01459,BR024,Savings,2025-12-25,40955.25,Closed
ACC05571,CUST02866,BR031,Salary,2025-10-27,8351.75,Dormant
ACC09920,CUST08410,BR044,Current,2026-05-09,65320.26,Dormant
ACC06541,CUST09839,BR029,Savings,2024-04-05,9313.48,Dormant
ACC10311,CUST08091,BR011,Current,2026-04-18,41201.01,Dormant
ACC04017,CUST06699,BR016,Salary,2023-09-27,8038.17,Dormant
ACC10809,CUST03703,BR038,Current,2025-10-24,91346.18,Closed
ACC00648,CUST07472,BR032,Current,2025-02-11,59476.43,Dormant
ACC11656,CUST04600,BR000,Savings,2024-11-21,40218.08,Closed
ACC06269,CUST07275,BR000,Current,2026-08-26,25417.18,Dormant
ACC11289,CUST09132,BR012,Salary,2025-06-05,47757.67,Closed
ACC08948,CUST03324,BR030,Current,2025-02-11,-19081.69,Active
ACC03528,CUST05919,BR006,Savings,2024-07-25,44607.01,Closed
ACC02256,CUST07571,BR010,Salary,2025-02-27,78194.31,Active
ACC07067,CUST07934,BR007,Savings,2026-08-31,23577.08,Closed
ACC04107,CUST01518,BR022,Savings,2026-03-04,30180.12,Closed
ACC11841,CUST02076,BR037,Savings,2026-04-01,27525.87,Active
ACC11905,CUST07997,BR044,Salary,2024-08-24,86356.96,Active
ACC03194,CUST00008,BR031,Salary,2023-12-16,83420.79,Dormant
ACC06923,CUST01896,BR020,Current,2025-08-18,38303.58,Closed
ACC04652,CUST06005,BR030,Savings,2025-02-04,86103.08,Active
ACC03761,CUST04401,BR023,Current,2025-05-19,60793.1,Active
ACC07928,CUST00837,BR035,Current,2023-11-25,79891.27,Dormant
ACC06463,CUST05072,BR022,Savings,2025-03-22,64866.14,Active
ACC01290,CUST06051,BR000,Savings,2026-04-08,43675.81,Closed
ACC07509,CUST04731,BR008,Savings,2025-06-18,63856.24,Dormant
ACC05643,CUST00287,BR032,Salary,2024-05-26,47367.21,Dormant
ACC07681,CUST03971,BR019,Salary,2025-09-15,6944.39,Closed
ACC10631,CUST02787,BR022,Current,2024-03-11,40171.01,Dormant
ACC01487,CUST09015,BR000,Savings,2023-12-12,82518.54,Closed
ACC06242,CUST01967,BR010,Salary,2025-10-12,95559.04,Closed
ACC04640,CUST99999,BR020,Current,2024-10-14,74370.22,Dormant
ACC03556,CUST02181,BR039,Savings,2024-04-23,70705.86,Dormant
ACC03940,CUST05020,BR042,Salary,2026-02-27,78429.51,Closed
ACC06786,CUST08131,BR033,Savings,2026-05-08,56974.79,Dormant
ACC04384,CUST08658,BR039,Savings,2024-03-13,29096.23,Active
ACC03187,CUST06601,BR033,Salary,2024-05-29,90575.85,Closed
ACC07757,CUST06239,BR018,Current,2026-06-11,71282.43,Active
ACC09075,CUST05232,BR038,Salary,2023-12-03,24321.94,Active
ACC11215,CUST05570,BR041,Savings,2024-01-08,86179.1,Closed
ACC04454,CUST08871,BR044,Savings,2024-09-12,34995.69,Dormant
ACC01761,CUST09701,BR017,Current,2025-07-26,19447.73,Dormant
ACC08573,CUST09415,BR020,Savings,2025-12-31,89644.57,Closed
ACC00178,CUST01464,BR015,Current,2025-12-10,60927.25,Active
ACC02423,CUST04104,BR004,Current,2025-08-18,93357.05,Closed
ACC11525,CUST07866,BR038,Current,2024-05-30,14193.99,Closed
ACC09913,CUST00457,BR033,Savings,2024-12-24,73720.27,Dormant
ACC07131,CUST04654,BR041,Current,2024-03-10,52032.34,Active
ACC09205,CUST06202,BR003,Savings,2024-07-15,42015.15,Closed
ACC00626,CUST02955,BR047,Current,2026-04-17,17329.19,Closed
ACC09988,CUST03574,BR015,Current,2024-05-18,34373.84,Active
ACC04244,CUST02578,BR042,Savings,2025-06-13,53402.14,Closed
ACC08761,CUST08343,BR020,Current,2026-07-25,7448.07,Closed
ACC01384,CUST00361,BR019,Current,2024-09-07,51702.57,Closed
ACC01201,CUST04500,BR010,Current,2025-12-27,50579.35,Closed
ACC05156,CUST04076,BR024,Current,2026-07-24,26070.66,Closed
ACC10199,CUST00808,BR035,Current,2024-07-21,12137.56,Active
ACC10316,CUST04139,BR028,Current,2025-10-15,26803.27,Closed
ACC01294,CUST06764,BR041,Current,2026-04-09,73092.32,Closed
ACC06065,CUST08662,BR019,Savings,2026-07-20,14607.56,Dormant
ACC07827,CUST09571,BR022,Savings,2026-02-17,52808.36,Closed
ACC07812,CUST00246,BR046,Savings,2025-08-01,33206.44,Dormant
ACC03710,CUST03277,BR041,Salary,2024-01-17,87682.2,Dormant
ACC04296,CUST08918,BR031,Savings,2024-11-19,17131.11,Closed
ACC04468,CUST03871,BR021,Savings,2024-08-28,28427.03,Active
ACC07794,CUST03374,BR003,Savings,2026-06-07,58129.9,Active
ACC01721,CUST04590,BR036,Current,2024-01-05,23876.21,Closed
ACC05624,CUST00911,BR017,Savings,2026-07-02,62114.7,Closed
ACC09698,CUST06232,BR013,Savings,2026-08-27,55122.49,Dormant
ACC04819,CUST08901,BR039,Current,2024-07-15,63072.33,Active
ACC11918,CUST07624,BR029,Salary,2025-10-08,75933.59,Closed
ACC09427,CUST00293,BR028,Current,2024-11-23,27751.18,Active
ACC06182,CUST09897,BR038,Savings,2023-09-25,8810.61,Active
ACC07423,CUST02549,BR012,Current,2026-03-22,80104.87,Closed
ACC11343,CUST08764,BR010,Salary,2024-05-23,7107.97,Dormant
ACC11834,CUST08672,BR021,Current,2024-09-11,26818.26,Dormant
ACC07775,CUST07129,BR017,Current,2024-10-12,87247.32,Dormant
ACC11957,CUST05193,BR015,Salary,2024-09-29,12221.18,Active
ACC04531,CUST09513,BR020,Salary,2024-11-24,64440.96,Active
ACC07481,CUST03603,BR022,Savings,2023-09-10,1332.76,Closed
ACC11832,CUST01097,BR041,Current,2026-07-04,88020.82,Dormant
ACC01861,CUST07615,BR040,Current,2026-06-08,73375.97,Active
ACC03226,CUST02179,BR040,Current,2024-12-18,69093.38,Active
ACC09793,CUST07026,BR013,Savings,2025-03-23,73804.93,Active
ACC01904,CUST06659,BR040,Savings,2024-11-24,30685.24,Closed
ACC10391,CUST01318,BR022,Savings,2024-07-07,39930.19,Closed
ACC05842,CUST02454,BR010,Savings,2024-08-25,76394.06,Dormant
ACC01008,CUST04707,BR038,Savings,2026-08-13,43921.13,Active
ACC00048,CUST09364,BR015,Salary,2023-11-15,67649.53,Closed
ACC10103,CUST07441,BR025,Savings,2024-06-14,32587.44,Dormant
ACC00842,CUST08071,BR001,Salary,2025-06-01,49380.69,Active
ACC04048,CUST05586,BR030,Current,2025-10-18,534.26,Closed
ACC03366,CUST04604,BR038,Salary,2024-05-14,20291.72,Active
ACC09919,CUST01847,BR024,Current,2024-10-16,27884.64,Active
ACC06334,CUST08325,BR005,Current,2026-08-13,13388.55,Closed
ACC07232,CUST04144,BR041,Salary,2023-11-06,82302.69,Active
ACC05246,CUST99999,BR032,Savings,2025-02-04,21745.16,Dormant
ACC04987,CUST04766,BR049,Savings,2025-06-10,7852.27,Dormant
ACC10955,CUST08421,BR035,Current,2024-08-11,73175.98,Closed
ACC03876,CUST07889,BR000,Savings,2025-10-27,54848.14,Dormant
ACC11939,CUST03947,BR041,Salary,2025-05-26,91812.11,Closed
ACC06673,CUST01410,BR041,Current,2025-01-19,65708.33,Dormant
ACC01502,CUST02012,BR013,Savings,2024-11-09,60268.54,Closed
ACC08736,CUST09080,BR017,Savings,2025-08-18,82393.13,Active
ACC09180,CUST09094,BR006,Current,2025-06-26,761.85,Dormant
ACC05677,CUST06193,BR031,Current,2025-12-24,85635.84,Active
ACC11844,CUST09147,BR039,Savings,2026-03-16,75317.4,Closed
ACC00905,CUST09017,BR018,Savings,2024-12-05,79498.09,Active
ACC01231,CUST03940,BR016,Savings,2025-06-10,84268.38,Dormant
ACC01237,CUST03089,BR023,Salary,2024-01-09,51555.69,Dormant
ACC10780,CUST02619,BR037,Salary,2025-05-18,67689.11,Active
ACC03578,CUST02166,BR008,Current,2025-08-15,19612.65,Active
ACC11161,CUST00746,BR010,Current,2025-04-14,95476.7,Closed
ACC06311,CUST05362,BR008,Current,2024-12-16,67651.32,Active
ACC07695,CUST03053,BR048,Savings,2024-02-07,93627.65,Closed
ACC10143,CUST08529,BR044,Current,2023-12-09,92916.35,Active
ACC05334,CUST03172,BR032,Salary,2024-03-10,77382.4,Dormant
ACC02137,CUST09143,BR027,Current,2025-07-20,70146.62,Dormant
ACC11116,CUST05341,BR001,Savings,2025-01-24,29097.23,Closed
ACC07921,CUST03144,BR027,Salary,2024-09-19,94147.45,Active
ACC08809,CUST01121,BR021,Salary,2023-12-23,52446.91,Active
ACC06996,CUST08268,BR035,Current,2026-06-29,41456.42,Closed
ACC02942,CUST00901,BR039,Salary,2025-04-06,39007.73,Closed
ACC00617,CUST04486,BR004,Current,2025-08-18,41354.64,Active
ACC06337,CUST01229,BR029,Savings,2025-04-07,15028.51,Active
ACC11285,CUST05931,BR014,Salary,2024-12-30,75128.73,Active
ACC01642,CUST06860,BR006,Salary,2025-11-12,99449.17,Active
ACC10350,CUST06369,BR042,Current,2024-08-28,5172.45,Dormant
ACC09633,CUST02837,BR036,Current,2026-05-08,4226.9,Closed
ACC10607,CUST00719,BR035,Salary,2024-07-09,30167.22,Dormant
ACC02817,CUST09659,BR021,Salary,2026-09-05,39579.92,Active
ACC03518,CUST04177,BR013,Salary,2024-07-31,95674.41,Closed
ACC10804,CUST03325,BR038,Current,2024-04-11,71524.11,Dormant
ACC09374,CUST04929,BR014,Salary,2026-01-19,9673.64,Active
ACC01288,CUST99999,BR020,Savings,2026-08-09,12361.29,Active
ACC09319,CUST07542,BR047,Salary,2023-11-28,67560.2,Dormant
ACC08407,CUST06457,BR007,Salary,2024-03-08,5517.2,Closed
ACC08771,CUST04307,BR005,Salary,2023-12-18,26742.0,Closed
ACC02161,CUST99999,BR036,Current,2025-01-09,14641.64,Active
ACC00912,CUST06180,BR020,Current,2026-02-16,10485.1,Active
ACC02369,CUST03971,BR022,Current,2025-10-16,34557.13,Dormant
ACC02917,CUST08223,BR012,Salary,2024-09-19,32948.1,Active
ACC03861,CUST09893,BR017,Salary,2024-06-13,32597.35,Dormant
ACC04560,CUST06680,BR024,Savings,2026-06-03,17272.23,Active
ACC02165,CUST03213,BR004,Savings,2024-03-03,29414.12,Active
ACC00025,CUST04084,BR026,Current,2026-01-02,52846.04,Closed
ACC07120,CUST03071,BR049,Salary,2025-10-19,18276.99,Dormant
ACC04465,CUST06719,BR007,Savings,2026-08-25,38679.87,Active
ACC03659,CUST06720,BR027,Salary,2025-02-23,45339.5,Active
ACC03961,CUST06818,BR034,Savings,2025-08-12,2477.62,Closed
ACC05165,CUST08535,BR022,Salary,2024-11-28,90624.37,Closed
ACC02989,CUST05208,BR022,Current,2025-06-10,96315.78,Dormant
ACC06870,CUST06167,BR009,Salary,2024-01-10,41745.37,Active
ACC07032,CUST02902,BR000,Current,2026-03-30,-45625.77,Closed
ACC07510,CUST00876,BR030,Salary,2024-05-05,10560.88,Active
ACC04510,CUST08269,BR048,Salary,2025-11-01,78093.04,Closed
ACC09941,CUST01431,BR005,Current,2025-03-06,12796.02,Closed
ACC07550,CUST09141,BR046,Salary,2024-10-31,92815.31,Dormant
ACC11826,CUST05398,BR038,Salary,2026-04-07,94886.41,Dormant
ACC08113,CUST06725,BR038,Salary,2025-09-01,76152.34,Active
ACC01562,CUST07163,BR016,Salary,2024-11-28,17196.03,Active
ACC03474,CUST09313,BR032,Savings,2025-06-15,13856.22,Closed
ACC09083,CUST02311,BR021,Savings,2026-07-18,28957.38,Active
ACC05449,CUST07178,BR035,Current,2025-07-17,12773.68,Active
ACC05283,CUST01964,BR019,Current,2026-06-17,32957.76,Closed
ACC03849,CUST00123,BR005,Current,2024-03-06,3278.3,Closed
ACC07261,CUST04718,BR007,Current,2026-08-11,27377.75,Closed
ACC01071,CUST99999,BR017,Salary,2025-11-16,56822.39,Dormant
ACC04664,CUST01974,BR040,Current,2026-04-30,2286.37,Active
ACC10599,CUST03175,BR024,Salary,2024-06-05,38646.66,Active
ACC11185,CUST01819,BR012,Current,2023-12-02,21773.58,Active
ACC09590,CUST08283,BR028,Savings,2025-07-13,53080.66,Dormant
ACC06888,CUST01207,BR027,Current,2025-06-04,84151.19,Dormant
ACC10327,CUST08204,BR006,Salary,2025-05-16,21156.12,Active
ACC11767,CUST07281,BR032,Salary,2023-10-09,49637.45,Active
ACC10379,CUST06281,BR017,Savings,2025-03-23,17799.82,Active
ACC08485,CUST08451,BR037,Current,2024-06-06,55015.81,Dormant
ACC05210,CUST01787,BR009,Savings,2023-09-17,84194.95,Dormant
ACC09173,CUST04753,BR005,Savings,2023-10-31,46804.72,Active
ACC02737,CUST07297,BR018,Salary,2026-02-01,30282.35,Active
ACC02240,CUST08030,BR007,Salary,2026-01-12,90826.56,Closed
ACC07321,CUST08454,BR024,Savings,2025-04-26,92271.22,Active
ACC10831,CUST03104,BR022,Current,2026-04-02,90306.76,Dormant
ACC06651,CUST03967,BR038,Salary,2026-06-18,75458.33,Closed
ACC05038,CUST08338,BR001,Savings,2024-07-09,89674.56,Active
ACC10053,CUST03973,BR000,Savings,2024-04-11,19301.98,Dormant
ACC06249,CUST05122,BR034,Current,2023-10-13,3956.41,Dormant
ACC03809,CUST01572,BR004,Current,2024-03-12,95654.95,Closed
ACC10710,CUST04552,BR016,Savings,2025-07-30,97271.31,Dormant
ACC06788,CUST08858,BR039,Savings,2025-05-02,58530.32,Dormant
ACC05191,CUST06666,BR009,Savings,2024-12-08,66054.87,Active
ACC02067,CUST04655,BR022,Salary,2025-11-17,7857.76,Active
ACC02299,CUST06267,BR035,Salary,2026-01-03,86529.33,Active
ACC10928,CUST08435,BR009,Current,2025-05-08,36228.98,Active
ACC06569,CUST07028,BR002,Current,2024-12-18,18075.13,Closed
ACC04674,CUST07898,BR015,Salary,2025-06-11,38537.93,Dormant
ACC07046,CUST07127,BR033,Salary,2026-06-19,90374.15,Active
ACC07010,CUST05283,BR012,Savings,2024-03-31,6155.78,Closed
ACC07561,CUST00368,BR029,Savings,2024-03-02,49620.03,Active
ACC01434,CUST06188,BR018,Current,2026-02-02,1346.06,Dormant
ACC02132,CUST01375,BR038,Salary,2024-05-14,98639.31,Active
ACC00320,CUST02066,BR049,Savings,2023-11-25,23798.83,Active
ACC01156,CUST00700,BR044,Current,2026-02-13,59061.13,Closed
ACC11404,CUST00575,BR041,Salary,2026-05-24,10195.31,Closed
ACC01616,CUST06398,BR026,Salary,2025-08-13,54418.6,Active
ACC02864,CUST06456,BR024,Salary,2025-06-04,90498.16,Dormant
ACC05441,CUST05495,BR047,Current,2025-01-12,91414.86,Active
ACC07995,CUST04758,BR005,Salary,2024-07-25,32956.82,Dormant
ACC07748,CUST06481,BR001,Salary,2026-03-28,70170.88,Closed
ACC03554,CUST07492,BR009,Salary,2024-04-02,66851.05,Closed
ACC01188,CUST03739,BR005,Salary,2025-02-15,93148.22,Dormant
ACC11615,CUST03710,BR000,Current,2023-11-01,70412.14,Active
ACC01748,CUST00310,BR039,Salary,2025-08-06,86357.22,Dormant
ACC10360,CUST07590,BR027,Savings,2024-10-05,41032.36,Dormant
ACC08101,CUST99999,BR049,Salary,2025-03-19,91841.86,Active
ACC02517,CUST09280,BR008,Current,2026-01-22,41733.48,Active
ACC04473,CUST07956,BR002,Savings,2024-10-31,61488.28,Closed
ACC04841,CUST08191,BR048,Current,2026-02-16,46199.6,Closed
ACC10281,CUST02472,BR041,Current,2026-06-13,85665.48,Dormant
ACC09177,CUST04368,BR040,Salary,2025-09-09,86711.99,Dormant
ACC08281,CUST02306,BR002,Savings,2024-11-29,52407.16,Active
ACC04101,CUST01509,BR030,Salary,2023-10-24,10532.73,Closed
ACC00346,CUST03759,BR035,Savings,2026-03-03,74608.07,Dormant
ACC03870,CUST02725,BR007,Salary,2025-01-18,72807.61,Dormant
ACC10792,CUST04850,BR034,Savings,2024-01-20,98104.77,Dormant
ACC05082,CUST06166,BR006,Salary,2026-04-12,86873.53,Closed
ACC05654,CUST05450,BR041,Current,2024-02-24,99580.2,Active
ACC04228,CUST07412,BR034,Salary,2025-08-02,54051.78,Dormant
ACC03638,CUST09126,BR038,Salary,2024-12-26,5006.87,Dormant
ACC02186,CUST01626,BR022,Current,2025-08-11,33958.26,Dormant
ACC02821,CUST07049,BR034,Savings,2025-05-25,38377.31,Closed
ACC05655,CUST01257,BR021,Current,2023-10-04,16050.25,Active
ACC00872,CUST08947,BR035,Current,2024-11-02,52940.41,Active
ACC05241,CUST06108,BR049,Salary,2025-03-04,66592.85,Active
ACC08897,CUST03994,BR044,Salary,2025-02-20,15358.93,Active
ACC06336,CUST00249,BR047,Current,2024-05-06,48627.35,Active
ACC06581,CUST08029,BR031,Savings,2026-09-04,19439.34,Dormant
ACC05717,CUST08233,BR017,Current,2026-06-21,-25567.12,Dormant
ACC11770,CUST08276,BR001,Salary,2025-12-20,30494.79,Dormant
ACC07569,CUST05458,BR004,Current,2025-08-31,12959.98,Active
ACC10501,CUST00294,BR006,Savings,2024-09-20,33690.85,Closed
ACC05698,CUST03743,BR033,Current,2024-04-03,60933.15,Dormant
ACC00739,CUST06353,BR043,Savings,2023-10-10,14993.52,Closed
ACC06605,CUST05326,BR026,Salary,2024-12-25,15844.37,Dormant
ACC04380,CUST02395,BR009,Current,2026-02-12,-32667.56,Active
ACC09666,CUST01895,BR036,Savings,2026-02-23,90093.11,Active
ACC05862,CUST03286,BR044,Savings,2025-12-22,63321.72,Dormant
ACC10417,CUST07636,BR043,Current,2024-09-26,29828.35,Closed
ACC09192,CUST03641,BR006,Current,2025-08-13,69298.72,Active
ACC02854,CUST04939,BR008,Salary,2025-10-17,88234.57,Dormant
ACC01379,CUST08210,BR016,Savings,2023-11-05,32315.57,Active
ACC00146,CUST00407,BR022,Salary,2025-12-08,61765.52,Active
ACC06314,CUST05669,BR047,Savings,2023-11-28,18741.19,Active
ACC02905,CUST08628,BR021,Salary,2026-07-18,4768.14,Active
ACC06521,CUST09894,BR000,Savings,2025-07-08,25041.4,Active
ACC07835,CUST08686,BR018,Savings,2025-12-26,66469.59,Closed
ACC01848,CUST09144,BR048,Current,2026-03-21,92453.48,Closed
ACC11383,CUST07238,BR021,Current,2026-09-06,14566.1,Active
ACC07356,CUST02769,BR021,Savings,2024-08-21,65299.79,Dormant
ACC01418,CUST06268,BR006,Savings,2025-05-19,76433.1,Active
ACC10640,CUST02514,BR000,Salary,2025-01-14,60250.49,Dormant
ACC00408,CUST06381,BR034,Savings,2024-10-23,37093.87,Closed
ACC00919,CUST06666,BR025,Savings,2023-11-27,93495.36,Dormant
ACC01184,CUST00339,BR046,Current,2024-05-05,26267.0,Active
ACC03264,CUST08681,BR033,Savings,2025-10-23,64633.28,Dormant
ACC06531,CUST05972,BR035,Current,2025-03-21,39606.31,Dormant
ACC09131,CUST09217,BR004,Salary,2024-11-13,32432.09,Closed
ACC05628,CUST08747,BR016,Savings,2025-08-06,29540.57,Active
ACC06989,CUST01632,BR012,Savings,2025-04-19,78112.07,Active
ACC04114,CUST07755,BR045,Savings,2024-10-27,12911.94,Active
ACC07158,CUST03071,BR040,Savings,2023-09-18,49797.24,Dormant
ACC06079,CUST00370,BR007,Current,2025-06-25,62187.75,Dormant
ACC02401,CUST03364,BR020,Current,2026-04-15,22735.3,Active
ACC10513,CUST05158,BR008,Salary,2026-03-03,74705.48,Closed
ACC03441,CUST06446,BR027,Current,2026-02-17,14566.82,Active
ACC07219,CUST02473,BR016,Salary,2025-06-12,23035.12,Dormant
ACC03520,CUST99999,BR045,Salary,2026-08-14,54064.89,Active
ACC08887,CUST06483,BR031,Current,2023-12-13,44772.72,Active
ACC06423,CUST03042,BR022,Savings,2026-05-31,79347.62,Closed
ACC04289,CUST09188,BR003,Salary,2024-06-30,1983.42,Dormant
ACC01076,CUST05113,BR005,Salary,2025-06-11,1589.26,Dormant
ACC08778,CUST02335,BR016,Current,2024-03-17,37119.77,Closed
ACC01993,CUST04077,BR016,Savings,2025-08-19,58177.21,Active
ACC11710,CUST04867,BR032,Salary,2024-03-11,91669.56,Active
ACC01347,CUST09770,BR002,Current,2025-12-20,21854.72,Closed
ACC08815,CUST07410,BR010,Salary,2026-04-05,94800.54,Dormant
ACC08094,CUST07468,BR008,Savings,2024-06-11,34476.38,Active
ACC07213,CUST05456,BR019,Salary,2024-03-08,63000.33,Active
ACC00634,CUST08661,BR013,Salary,2024-10-15,34468.28,Closed
ACC03758,CUST08213,BR047,Savings,2024-08-09,6656.24,Dormant
ACC02897,CUST09483,BR000,Savings,2025-04-16,82573.05,Closed
ACC10105,CUST02401,BR005,Salary,2024-11-09,9395.89,Dormant
ACC04727,CUST00803,BR004,Salary,2026-08-21,47780.01,Dormant
ACC01762,CUST04849,BR016,Current,2026-05-16,27525.9,Active
ACC03482,CUST02298,BR029,Savings,2024-12-05,83966.99,Active
ACC07282,CUST08272,BR047,Savings,2025-01-16,40182.15,Closed
ACC04509,CUST07049,BR039,Current,2025-08-30,36284.03,Dormant
ACC01234,CUST03567,BR015,Savings,2024-06-14,67315.77,Closed
ACC11833,CUST06594,BR033,Salary,2023-11-17,16984.55,Active
ACC03623,CUST01498,BR036,Savings,2024-12-20,50393.02,Dormant
ACC10323,CUST02130,BR030,Current,2024-07-29,75406.13,Active
ACC02421,CUST09349,BR043,Savings,2025-09-13,78989.05,Closed
ACC07385,CUST06226,BR034,Current,2024-02-22,21176.49,Dormant
ACC02492,CUST05147,BR008,Salary,2025-11-22,44294.89,Closed
ACC08156,CUST09504,BR015,Savings,2025-12-12,31626.5,Dormant
ACC06949,CUST02450,BR048,Savings,2024-04-16,29551.35,Dormant
ACC11169,CUST07153,BR048,Savings,2024-04-04,98228.47,Dormant
ACC05222,CUST07206,BR027,Salary,2024-12-19,89111.99,Dormant
ACC10914,CUST07963,BR004,Salary,2025-01-31,42130.85,Active
ACC10687,CUST03832,BR007,Savings,2026-05-27,99137.8,Dormant
ACC02081,CUST01264,BR027,Current,2024-03-20,89983.78,Closed
ACC08131,CUST01852,BR026,Current,2025-10-07,66979.23,Dormant
ACC08109,CUST09065,BR024,Savings,2023-12-10,5929.67,Dormant
ACC00860,CUST04355,BR033,Current,2026-02-28,62967.52,Closed
ACC09568,CUST04205,BR024,Savings,2025-05-11,70398.19,Active
ACC06027,CUST09230,BR002,Savings,2026-01-29,97627.45,Closed
ACC08482,CUST09254,BR023,Salary,2026-05-28,-19599.74,Dormant
ACC00298,CUST02427,BR032,Salary,2024-05-21,16665.83,Active
ACC10321,CUST05524,BR012,Current,2026-09-06,27600.56,Dormant
ACC05389,CUST08465,BR033,Savings,2025-06-11,94317.44,Closed
ACC08256,CUST02084,BR000,Current,2023-12-16,50636.36,Closed
ACC02766,CUST01037,BR046,Savings,2025-06-23,41961.58,Active
ACC10669,CUST09652,BR005,Savings,2025-05-03,799.29,Dormant
ACC09678,CUST08510,BR019,Current,2025-10-05,66088.95,Dormant
ACC00124,CUST09859,BR029,Salary,2025-07-05,1097.08,Closed
ACC03995,CUST08926,BR012,Savings,2024-04-26,49918.29,Closed
ACC06969,CUST05654,BR013,Current,2024-07-18,17796.53,Closed
ACC09807,CUST07599,BR040,Salary,2025-07-22,74770.86,Active
ACC11287,CUST03027,BR009,Salary,2026-03-10,49157.62,Closed
ACC06012,CUST01062,BR002,Savings,2024-04-22,68611.7,Active
ACC10277,CUST05825,BR043,Savings,2025-10-07,59601.44,Closed
ACC10932,CUST00402,BR036,Current,2024-09-30,14901.54,Dormant
ACC07606,CUST09109,BR014,Salary,2026-01-31,97933.37,Dormant
ACC00366,CUST06418,BR049,Savings,2026-04-30,22243.34,Closed
ACC10766,CUST09365,BR039,Savings,2024-10-18,2934.13,Closed
ACC10938,CUST01321,BR042,Savings,2026-06-28,39755.1,Active
ACC02604,CUST07053,BR005,Current,2024-12-01,77167.99,Dormant
ACC11135,CUST01394,BR032,Savings,2025-08-06,94557.34,Active
ACC08582,CUST09598,BR040,Salary,2025-03-25,16860.05,Dormant
ACC08642,CUST04628,BR018,Savings,2025-06-29,20303.02,Closed
ACC04598,CUST05135,BR047,Salary,2024-12-16,26802.19,Dormant
ACC01254,CUST01311,BR027,Salary,2025-08-31,-39817.23,Dormant
ACC02815,CUST07257,BR004,Current,2026-03-25,82819.03,Active
ACC08476,CUST05556,BR007,Savings,2023-12-20,50971.35,Active
ACC03958,CUST09580,BR041,Current,2026-09-01,12861.72,Active
ACC04943,CUST06217,BR014,Current,2026-07-06,5498.57,Dormant
ACC05050,CUST08211,BR049,Current,2026-07-19,82582.99,Dormant
ACC11449,CUST07775,BR037,Current,2025-05-20,93250.78,Active
ACC02060,CUST03663,BR017,Salary,2024-12-07,22035.48,Closed
ACC00039,CUST08067,BR026,Current,2025-02-12,79843.98,Active
ACC08470,CUST04206,BR033,Salary,2024-04-19,714.93,Active
ACC03312,CUST02761,BR026,Salary,2024-08-18,69990.08,Closed
ACC07571,CUST02452,BR044,Savings,2024-01-08,67958.74,Dormant
ACC09408,CUST99999,BR047,Savings,2025-11-07,95950.76,Active
ACC08926,CUST04789,BR034,Salary,2025-06-26,75837.6,Dormant
ACC01728,CUST09834,BR012,Salary,2025-03-04,53641.96,Closed
ACC02956,CUST00527,BR004,Salary,2024-05-02,27193.22,Dormant
ACC11069,CUST07517,BR003,Savings,2024-02-23,4881.48,Dormant
ACC09311,CUST00829,BR040,Salary,2025-04-26,61678.85,Dormant
ACC07348,CUST07502,BR004,Savings,2024-02-07,52680.51,Closed
ACC09462,CUST02549,BR018,Savings,2023-12-27,70739.66,Dormant
ACC01121,CUST00755,BR038,Current,2025-08-18,39517.28,Active
ACC04319,CUST07514,BR039,Savings,2024-07-26,72158.6,Closed
ACC01118,CUST01523,BR047,Current,2025-09-27,75479.08,Active
ACC00021,CUST08817,BR011,Current,2026-01-27,46798.07,Active
ACC01124,CUST03869,BR038,Savings,2025-04-26,28414.43,Closed
ACC09000,CUST08997,BR021,Savings,2025-08-13,92329.47,Closed
ACC00793,CUST05853,BR046,Savings,2024-02-19,34378.96,Active
ACC08433,CUST03376,BR035,Salary,2025-11-12,19658.44,Dormant
ACC01313,CUST09439,BR043,Salary,2026-02-25,89883.68,Active
ACC11800,CUST07005,BR032,Current,2023-11-02,56832.5,Dormant
ACC04720,CUST07260,BR000,Savings,2024-07-01,73573.89,Closed
ACC00055,CUST09585,BR013,Current,2024-12-07,11210.42,Active
ACC03547,CUST04381,BR000,Savings,2024-04-06,83461.94,Dormant
ACC11101,CUST07682,BR008,Savings,2025-04-04,69633.5,Closed
ACC01577,CUST06547,BR000,Savings,2025-04-01,62030.35,Dormant
ACC07979,CUST05939,BR044,Current,2024-05-11,77434.65,Active
ACC09091,CUST07327,BR021,Salary,2025-10-25,82436.11,Active
ACC08944,CUST07236,BR025,Current,2024-02-11,8265.51,Closed
ACC06188,CUST00662,BR035,Salary,2025-09-06,28405.77,Dormant
ACC02455,CUST06126,BR022,Savings,2026-03-24,21698.15,Active
ACC07202,CUST02957,BR005,Salary,2023-10-27,8411.84,Dormant
ACC01476,CUST05115,BR017,Salary,2025-08-11,66060.22,Dormant
ACC00199,CUST07053,BR020,Savings,2025-09-16,22446.52,Active
ACC01513,CUST99999,BR003,Savings,2025-11-02,76526.63,Closed
ACC10980,CUST08850,BR012,Savings,2025-02-23,21448.79,Dormant
ACC07852,CUST01732,BR038,Current,2024-01-27,45530.18,Active
ACC04219,CUST08329,BR037,Current,2024-09-12,86140.7,Dormant
ACC11205,CUST04736,BR033,Salary,2024-04-15,89719.43,Dormant
ACC02253,CUST08330,BR004,Current,2024-05-17,52579.68,Dormant
ACC07719,CUST01461,BR021,Current,2026-07-27,30745.8,Closed
ACC06533,CUST01313,BR003,Salary,2025-08-04,64570.37,Closed
ACC02384,CUST01654,BR015,Salary,2023-11-18,3486.04,Dormant
ACC06606,CUST09343,BR001,Salary,2025-12-01,61221.87,Dormant
ACC09800,CUST08867,BR013,Savings,2024-05-05,18408.64,Closed
ACC08575,CUST08743,BR008,Current,2025-01-12,60555.35,Active
ACC03253,CUST03459,BR031,Salary,2026-08-03,69488.81,Active
ACC01697,CUST01530,BR047,Current,2024-03-05,64554.31,Dormant
ACC10774,CUST02290,BR039,Savings,2026-06-22,23314.85,Dormant
ACC07394,CUST05215,BR022,Salary,2026-03-14,1675.82,Closed
ACC09453,CUST08949,BR033,Savings,2025-01-25,44060.12,Active
ACC11827,CUST06511,BR013,Savings,2025-12-23,62107.54,Closed
ACC08840,CUST00775,BR027,Savings,2023-10-28,53573.33,Dormant
ACC09306,CUST06025,BR046,Salary,2025-01-23,69115.53,Closed
ACC02893,CUST09297,BR047,Current,2025-12-19,58233.27,Active
ACC05550,CUST09627,BR043,Current,2026-02-10,98435.99,Closed
ACC06518,CUST00866,BR003,Savings,2025-04-08,14530.46,Active
ACC03071,CUST02016,BR005,Salary,2024-08-30,54280.11,Closed
ACC08153,CUST01564,BR042,Savings,2025-10-31,66226.35,Active
ACC00687,CUST05733,BR000,Savings,2024-11-05,2807.82,Closed
ACC03500,CUST01293,BR027,Savings,2025-12-29,88334.0,Closed
ACC01479,CUST09292,BR010,Current,2026-04-21,51557.58,Dormant
ACC09638,CUST07156,BR009,Current,2025-08-28,91172.49,Active
ACC08630,CUST04966,BR008,Salary,2024-03-11,14839.56,Active
ACC07052,CUST00761,BR006,Savings,2026-02-23,51244.19,Closed
ACC10858,CUST00164,BR033,Salary,2025-10-07,87877.79,Dormant
ACC02625,CUST06154,BR035,Savings,2024-05-18,73295.48,Active
ACC09891,CUST05035,BR043,Salary,2025-12-21,90887.16,Active
ACC09285,CUST00102,BR005,Current,2024-06-29,88075.96,Active
ACC05600,CUST09405,BR006,Salary,2025-06-08,95575.3,Closed
ACC07335,CUST09211,BR046,Current,2025-03-14,68376.76,Closed
ACC04668,CUST00428,BR018,Savings,2025-10-25,70195.6,Dormant
ACC07661,CUST04513,BR040,Current,2024-05-25,14109.54,Active
ACC04251,CUST02973,BR032,Savings,2025-09-22,35248.61,Closed
ACC02002,CUST06509,BR009,Current,2026-02-18,30896.13,Active
ACC03122,CUST06456,BR028,Savings,2025-08-08,35661.72,Closed
ACC10528,CUST07256,BR040,Salary,2024-04-20,59910.51,Active
ACC03656,CUST08741,BR012,Salary,2023-09-23,28352.39,Active
ACC01973,CUST01953,BR039,Salary,2023-09-17,26734.53,Dormant
ACC00888,CUST08527,BR012,Salary,2025-12-01,25230.68,Active
ACC09708,CUST09968,BR006,Current,2025-11-05,22727.27,Dormant
ACC10060,CUST00547,BR022,Salary,2024-04-27,84221.36,Active
ACC00761,CUST08991,BR045,Current,2023-10-18,91000.78,Closed
ACC11177,CUST04023,BR016,Salary,2024-11-30,38016.52,Active
ACC08803,CUST03849,BR049,Salary,2024-09-01,62553.89,Active
ACC06453,CUST06580,BR035,Salary,2026-04-07,44182.95,Dormant
ACC01140,CUST08415,BR045,Savings,2026-06-30,44126.5,Active
ACC00463,CUST07552,BR010,Savings,2025-06-09,38735.92,Closed
ACC03058,CUST01516,BR028,Salary,2026-05-25,14506.04,Closed
ACC07018,CUST07068,BR043,Savings,2025-10-22,29886.65,Dormant
ACC06410,CUST08031,BR019,Savings,2026-06-27,85593.76,Active
ACC03828,CUST04830,BR000,Salary,2024-11-04,2420.19,Closed
ACC02170,CUST04270,BR001,Savings,2025-05-02,7486.48,Active
ACC08391,CUST05857,BR005,Current,2024-12-11,20236.21,Closed
ACC03859,CUST09005,BR010,Salary,2025-04-25,14550.43,Dormant
ACC10089,CUST05615,BR044,Salary,2024-07-03,55923.4,Closed
ACC03393,CUST02517,BR038,Salary,2023-12-15,15249.16,Active
ACC05854,CUST09345,BR040,Current,2026-01-23,33637.93,Closed
ACC09575,CUST08024,BR048,Savings,2026-03-09,42693.42,Active
ACC10218,CUST08342,BR032,Current,2025-09-27,99612.36,Active
ACC09402,CUST07348,BR011,Savings,2025-03-05,76707.06,Closed
ACC11246,CUST08938,BR017,Current,2025-09-26,17995.35,Active
ACC07528,CUST02866,BR033,Current,2025-08-17,40153.98,Dormant
ACC02633,CUST09238,BR023,Salary,2026-02-07,10275.53,Active
ACC11136,CUST05095,BR033,Salary,2025-04-24,33289.99,Closed
ACC08231,CUST02808,BR005,Current,2026-06-11,71724.82,Dormant
ACC10474,CUST01164,BR043,Current,2025-02-17,25898.79,Closed
ACC06258,CUST00258,BR044,Salary,2024-01-27,5366.26,Closed
ACC06601,CUST02119,BR007,Salary,2026-05-20,94824.63,Dormant
ACC11265,CUST05139,BR016,Savings,2026-04-07,1891.64,Closed
ACC04764,CUST07905,BR041,Salary,2024-03-18,74386.83,Closed
ACC08758,CUST99999,BR016,Savings,2025-07-20,83126.32,Closed
ACC10065,CUST03400,BR020,Salary,2026-05-04,38436.55,Closed
ACC09957,CUST03615,BR012,Current,2025-08-14,23416.12,Active
ACC10751,CUST06479,BR042,Savings,2023-11-07,20068.35,Dormant
ACC01158,CUST04015,BR005,Salary,2024-09-05,67516.36,Active
ACC03467,CUST07123,BR035,Savings,2026-01-28,70407.41,Closed
ACC09552,CUST05029,BR002,Savings,2024-02-02,84285.74,Closed
ACC09516,CUST04719,BR003,Salary,2025-08-29,49062.52,Active
ACC09889,CUST02736,BR019,Current,2024-01-17,40045.62,Active
ACC07679,CUST05034,BR034,Savings,2026-08-05,67212.09,Active
ACC08531,CUST01982,BR024,Salary,2026-02-03,98979.69,Dormant
ACC07240,CUST01759,BR041,Savings,2024-05-05,48188.87,Closed
ACC07050,CUST03493,BR023,Savings,2023-10-29,26507.39,Closed
ACC06966,CUST07953,BR010,Savings,2024-06-12,22207.6,Active
ACC00673,CUST03483,BR027,Savings,2026-02-19,14565.05,Closed
ACC00134,CUST09571,BR018,Current,2024-02-26,20974.17,Closed
ACC06511,CUST07682,BR003,Salary,2025-12-16,86291.53,Active
ACC10681,CUST09790,BR028,Current,2025-09-28,8374.67,Active
ACC11772,CUST00115,BR043,Savings,2025-10-06,76016.43,Dormant
ACC04576,CUST05536,BR041,Salary,2023-09-20,10581.58,Active
ACC00645,CUST02848,BR016,Salary,2024-11-25,41995.48,Closed
ACC00447,CUST00805,BR015,Current,2026-08-03,58701.28,Active
ACC08202,CUST08977,BR022,Savings,2025-02-07,55767.35,Dormant
ACC05424,CUST08891,BR012,Savings,2024-11-24,92966.87,Active
ACC08091,CUST09233,BR020,Current,2024-08-09,26043.63,Dormant
ACC10152,CUST02407,BR009,Salary,2025-01-18,33828.59,Closed
ACC03137,CUST09838,BR027,Savings,2024-09-25,38594.85,Dormant
ACC05369,CUST05772,BR042,Current,2026-07-27,17191.52,Closed
ACC03865,CUST08933,BR044,Savings,2025-06-21,28001.96,Closed
ACC00384,CUST99999,BR045,Savings,2024-12-21,16005.98,Closed
ACC10018,CUST02516,BR035,Savings,2024-03-09,24531.89,Closed
ACC09645,CUST07380,BR023,Salary,2024-05-02,98693.73,Active
ACC06756,CUST00456,BR000,Savings,2025-01-11,14702.04,Closed
ACC05546,CUST09667,BR037,Salary,2024-11-06,16735.16,Closed
ACC00690,CUST01461,BR032,Current,2023-10-24,25303.15,Closed
ACC02178,CUST08043,BR014,Current,2026-04-16,48781.28,Active
ACC11582,CUST09392,BR011,Salary,2023-12-14,3759.07,Active
ACC09079,CUST07795,BR027,Current,2024-12-14,50305.94,Active
ACC05603,CUST05011,BR006,Salary,2023-11-15,3612.56,Active
ACC01583,CUST08468,BR006,Salary,2026-01-27,74418.91,Active
ACC10937,CUST09023,BR037,Current,2025-04-28,46220.74,Dormant
ACC07124,CUST01648,BR029,Savings,2025-10-13,1253.13,Closed
ACC00259,CUST02788,BR042,Current,2025-06-08,90242.18,Closed
ACC00303,CUST04666,BR037,Savings,2025-08-15,42564.41,Closed
ACC07960,CUST08819,BR005,Salary,2023-12-16,91962.74,Active
ACC01760,CUST04385,BR005,Salary,2025-09-06,82119.91,Dormant
ACC07961,CUST06791,BR047,Savings,2024-03-14,93221.18,Active
ACC04191,CUST03015,BR012,Current,2024-08-20,75809.54,Dormant
ACC10332,CUST02131,BR014,Current,2025-10-15,7772.17,Active
ACC07633,CUST05579,BR019,Savings,2024-02-29,92358.93,Active
ACC04766,CUST00449,BR009,Current,2026-06-15,27849.26,Active
ACC06485,CUST07025,BR003,Current,2026-06-25,19799.63,Dormant
ACC02929,CUST04767,BR030,Salary,2025-12-15,68041.33,Closed
ACC04673,CUST03769,BR003,Salary,2024-12-15,40126.63,Dormant
ACC03692,CUST06801,BR043,Savings,2025-06-09,34694.62,Closed
ACC04217,CUST06202,BR005,Salary,2025-02-04,64649.99,Dormant
ACC11707,CUST00644,BR017,Salary,2025-05-28,31617.33,Dormant
ACC03753,CUST02003,BR010,Savings,2023-10-04,84913.53,Dormant
ACC07111,CUST09386,BR005,Salary,2025-01-12,60376.08,Closed
ACC05881,CUST06130,BR023,Current,2025-04-25,23487.96,Active
ACC07485,CUST02036,BR020,Current,2024-02-26,69085.83,Active
ACC08117,CUST04382,BR036,Salary,2025-02-23,74955.96,Active
ACC04854,CUST06351,BR017,Savings,2024-10-23,37748.01,Closed
ACC06757,CUST05124,BR002,Savings,2025-09-30,39612.81,Closed
ACC05388,CUST07010,BR011,Salary,2024-08-02,9675.74,Closed
ACC00903,CUST02337,BR048,Salary,2023-12-02,95014.55,Dormant
ACC01599,CUST00403,BR038,Savings,2025-02-17,37843.28,Active
ACC02969,CUST08654,BR021,Current,2025-10-07,51240.47,Active
ACC05859,CUST01014,BR008,Salary,2024-03-08,85602.68,Dormant
ACC05288,CUST06614,BR043,Current,2024-02-05,8027.43,Dormant
ACC05324,CUST03688,BR019,Salary,2025-06-03,47517.83,Closed
ACC03866,CUST05028,BR006,Salary,2024-08-22,87320.56,Dormant
ACC05976,CUST08002,BR032,Salary,2025-03-23,39987.69,Active
ACC00678,CUST08823,BR026,Salary,2024-12-15,70839.45,Dormant
ACC05555,CUST08702,BR042,Salary,2025-03-29,78084.21,Closed
ACC08896,CUST02453,BR026,Salary,2026-05-07,33102.45,Dormant
ACC08706,CUST04420,BR017,Salary,2025-07-22,2806.02,Active
ACC04230,CUST04511,BR046,Salary,2024-10-24,24243.28,Dormant
ACC08910,CUST08558,BR004,Savings,2026-06-11,94710.32,Active
ACC08974,CUST03911,BR002,Savings,2024-02-03,41899.87,Closed
ACC00502,CUST05603,BR045,Current,2024-02-24,81626.51,Closed
ACC09174,CUST07807,BR045,Savings,2024-11-07,44366.99,Dormant
ACC07045,CUST06848,BR018,Salary,2023-12-03,84696.04,Closed
ACC06649,CUST05280,BR011,Savings,2025-10-05,58042.03,Closed
ACC07434,CUST01603,BR004,Current,2024-02-24,20144.24,Dormant
ACC05930,CUST04094,BR006,Salary,2025-10-13,28887.35,Active
ACC07568,CUST08408,BR019,Savings,2024-11-16,1995.81,Dormant
ACC11676,CUST02912,BR007,Current,2025-09-27,96338.85,Dormant
ACC03357,CUST04677,BR005,Current,2025-02-22,50124.76,Dormant
ACC00622,CUST01933,BR048,Savings,2026-01-24,-2682.09,Dormant
ACC04623,CUST04673,BR032,Current,2024-08-19,50974.34,Dormant
ACC05623,CUST06725,BR044,Salary,2023-10-07,4604.89,Closed
ACC04477,CUST03983,BR002,Savings,2024-01-25,15838.02,Dormant
ACC07618,CUST07748,BR008,Salary,2023-10-21,45040.41,Active
ACC06126,CUST00857,BR003,Savings,2024-02-17,21113.63,Active
ACC02285,CUST07480,BR042,Current,2024-01-13,41182.62,Closed
ACC10678,CUST09246,BR047,Savings,2025-04-11,74520.1,Dormant
ACC11236,CUST05985,BR015,Savings,2025-05-19,49310.66,Closed
ACC00005,CUST04705,BR046,Salary,2024-08-20,82496.72,Closed
ACC06703,CUST08963,BR048,Savings,2024-12-25,32962.99,Active
ACC05763,CUST04790,BR005,Current,2025-11-06,77112.28,Active
ACC03143,CUST08130,BR015,Current,2026-05-20,23742.23,Active
ACC06268,CUST04481,BR038,Current,2025-08-29,93601.13,Dormant
ACC01531,CUST09576,BR022,Current,2024-02-03,4207.09,Active
ACC05121,CUST09032,BR018,Current,2025-09-24,60813.76,Closed
ACC11816,CUST03665,BR042,Savings,2026-06-28,58837.94,Closed
ACC03436,CUST05650,BR033,Salary,2025-11-10,8232.39,Active
ACC05409,CUST01483,BR044,Savings,2024-12-03,74471.89,Closed
ACC11290,CUST09415,BR031,Salary,2023-11-08,-64302.31,Active
ACC05024,CUST05766,BR000,Current,2024-12-05,62495.6,Dormant
ACC05521,CUST04434,BR039,Salary,2025-03-19,7662.1,Closed
ACC02215,CUST00316,BR007,Current,2025-04-04,22054.49,Closed
ACC07344,CUST99999,BR035,Current,2024-03-31,86663.32,Dormant
ACC05754,CUST06587,BR047,Savings,2024-04-10,55381.96,Closed
ACC01274,CUST05073,BR005,Savings,2024-09-11,87756.95,Dormant
ACC05502,CUST05440,BR038,Savings,2025-05-17,94374.34,Dormant
ACC02860,CUST08043,BR000,Salary,2025-12-01,44721.92,Active
ACC06064,CUST09991,BR040,Savings,2025-01-26,68602.88,Closed
ACC00892,CUST09896,BR007,Current,2024-07-06,57475.97,Closed
ACC04946,CUST04227,BR004,Current,2025-04-28,2913.17,Dormant
ACC11959,CUST00678,BR047,Current,2026-04-11,32680.8,Dormant
ACC03976,CUST01178,BR002,Savings,2024-03-14,82708.26,Dormant
ACC02191,CUST05287,BR014,Salary,2025-01-17,54425.5,Dormant
ACC05090,CUST05922,BR047,Salary,2024-04-03,49066.51,Closed
ACC10489,CUST01518,BR026,Salary,2024-07-05,29884.87,Dormant
ACC04422,CUST02900,BR030,Savings,2026-02-05,59591.18,Active
ACC05761,CUST00927,BR037,Savings,2024-02-11,71216.55,Closed
ACC01482,CUST09989,BR044,Current,2025-11-27,96074.87,Dormant
ACC08992,CUST03534,BR004,Salary,2025-12-25,81794.79,Dormant
ACC04908,CUST05752,BR036,Current,2025-03-19,63519.8,Active
ACC06398,CUST03365,BR036,Salary,2023-09-10,29648.84,Dormant
ACC02442,CUST02112,BR004,Salary,2024-12-17,24111.25,Closed
ACC10785,CUST00278,BR045,Savings,2024-09-06,17660.15,Dormant
ACC07187,CUST00063,BR030,Savings,2024-12-17,14574.07,Active
ACC08779,CUST05219,BR034,Savings,2024-09-04,91739.18,Active
ACC02585,CUST06005,BR005,Salary,2024-07-14,21123.43,Closed
ACC02044,CUST07674,BR043,Salary,2023-11-16,1625.21,Dormant
ACC02004,CUST08325,BR015,Salary,2024-04-19,81466.99,Closed
ACC01628,CUST05494,BR002,Savings,2026-04-25,16162.71,Closed
ACC11478,CUST00852,BR026,Salary,2023-09-13,85611.66,Dormant
ACC07412,CUST01261,BR024,Salary,2026-01-01,-76932.06,Dormant
ACC03655,CUST02701,BR047,Salary,2025-07-31,74762.91,Closed
ACC11441,CUST99999,BR032,Current,2025-02-12,42628.52,Closed
ACC06615,CUST07527,BR012,Current,2024-08-16,67663.56,Dormant
ACC04190,CUST08142,BR031,Savings,2025-03-16,68992.42,Active
ACC09697,CUST00214,BR046,Savings,2025-08-05,56073.81,Dormant
ACC07461,CUST08325,BR026,Savings,2026-08-02,81976.62,Closed
ACC03141,CUST00453,BR033,Savings,2024-05-05,83169.11,Dormant
ACC06256,CUST00039,BR046,Savings,2023-09-21,44993.84,Active
ACC11805,CUST00744,BR020,Savings,2025-03-26,88582.6,Closed
ACC11837,CUST07597,BR015,Savings,2024-04-16,30381.38,Active
ACC04820,CUST03404,BR041,Current,2024-10-21,22704.19,Dormant
ACC11621,CUST03453,BR048,Current,2024-03-18,51317.77,Closed
ACC03165,CUST02268,BR001,Savings,2024-02-16,62568.76,Active
ACC02307,CUST04614,BR043,Salary,2024-12-14,66256.14,Dormant
ACC07250,CUST01777,BR026,Savings,2026-07-26,97592.54,Closed
ACC07760,CUST99999,BR033,Savings,2024-02-28,82085.83,Dormant
ACC06497,CUST00830,BR044,Current,2026-07-22,6515.0,Dormant
ACC05028,CUST00903,BR007,Salary,2026-09-03,77292.15,Active
ACC10945,CUST04105,BR003,Salary,2023-11-15,50501.54,Active
ACC06667,CUST09061,BR005,Savings,2026-07-18,32031.85,Active
ACC07581,CUST07140,BR035,Salary,2026-08-06,19835.4,Dormant
ACC01292,CUST03414,BR007,Current,2024-11-26,93422.31,Active
ACC04701,CUST07665,BR028,Current,2025-10-08,13088.96,Active
ACC05405,CUST03542,BR011,Savings,2025-08-25,43541.16,Dormant
ACC03841,CUST09122,BR015,Current,2026-02-05,8594.56,Active
ACC09095,CUST02306,BR033,Savings,2026-02-26,34496.56,Closed
ACC08206,CUST08217,BR035,Salary,2025-07-01,8232.46,Closed
ACC06335,CUST06998,BR027,Savings,2026-03-23,81198.77,Closed
ACC10002,CUST03658,BR003,Salary,2025-09-13,85696.38,Dormant
ACC08147,CUST03500,BR019,Savings,2026-02-16,51527.57,Closed
ACC02786,CUST06902,BR026,Savings,2023-09-14,73209.32,Closed
ACC11911,CUST08887,BR049,Savings,2025-04-19,72243.06,Active
ACC11294,CUST08681,BR023,Savings,2024-05-18,74401.62,Active
ACC02183,CUST06286,BR033,Salary,2024-03-17,92166.83,Active
ACC05756,CUST03680,BR015,Salary,2024-03-11,70731.7,Closed
ACC07416,CUST09505,BR033,Salary,2026-07-04,20797.39,Dormant
ACC10925,CUST09174,BR036,Savings,2025-02-28,59873.53,Active
ACC02605,CUST02316,BR001,Salary,2023-11-06,69706.98,Dormant
ACC06087,CUST06207,BR031,Current,2025-02-23,17575.03,Active
ACC01439,CUST08057,BR047,Current,2026-03-07,36294.22,Closed
ACC07632,CUST01940,BR011,Savings,2023-10-01,12417.43,Active
ACC11440,CUST00813,BR028,Salary,2025-07-07,97954.89,Dormant
ACC01365,CUST03562,BR042,Current,2025-01-30,58677.82,Closed
ACC10126,CUST06084,BR008,Current,2025-04-24,20452.25,Active
ACC00839,CUST02245,BR014,Savings,2024-07-01,75871.78,Dormant
ACC03007,CUST02802,BR035,Current,2025-10-05,95523.84,Closed
ACC05699,CUST07013,BR028,Salary,2024-10-08,53954.57,Active
ACC06821,CUST00861,BR038,Salary,2025-12-27,38140.01,Active
ACC10390,CUST01791,BR047,Salary,2025-05-09,40362.31,Active
ACC08748,CUST02825,BR040,Current,2025-09-16,71341.1,Closed
ACC10586,CUST01169,BR000,Current,2024-03-05,28832.73,Closed
ACC06150,CUST05692,BR045,Salary,2025-12-26,83872.74,Dormant
ACC08913,CUST08488,BR039,Current,2024-01-18,64841.73,Active
ACC10149,CUST04717,BR009,Salary,2024-12-14,59048.22,Closed
ACC02344,CUST02767,BR027,Savings,2024-09-28,1759.35,Dormant
ACC00195,CUST09832,BR018,Current,2025-12-14,7357.86,Closed
ACC09896,CUST06891,BR006,Current,2025-12-27,21402.38,Dormant
ACC05561,CUST06052,BR029,Savings,2025-04-15,22588.74,Active
ACC10948,CUST07040,BR023,Savings,2024-11-07,17458.58,Active
ACC07776,CUST07993,BR025,Current,2024-05-17,51701.88,Active
ACC01559,CUST02497,BR037,Current,2026-07-08,66000.94,Closed
ACC04430,CUST03577,BR017,Current,2025-12-19,8896.85,Closed
ACC00628,CUST04883,BR036,Salary,2025-07-02,82337.99,Closed
ACC06510,CUST01622,BR049,Salary,2024-05-11,-14642.03,Active
ACC03871,CUST01325,BR012,Savings,2024-11-03,21552.59,Dormant
ACC09014,CUST05488,BR014,Savings,2024-10-29,17066.84,Closed
ACC06623,CUST06425,BR035,Current,2025-11-01,18107.54,Active
ACC01866,CUST07031,BR043,Current,2023-10-07,81438.53,Dormant
ACC01584,CUST05475,BR042,Current,2026-05-01,50154.63,Dormant
ACC00166,CUST05763,BR024,Current,2025-11-05,5199.25,Dormant
ACC07295,CUST02382,BR028,Savings,2024-02-15,1395.57,Dormant
ACC05499,CUST03854,BR004,Current,2025-10-26,12831.29,Active
ACC11713,CUST07473,BR039,Savings,2025-10-07,72106.14,Dormant
ACC08802,CUST00698,BR014,Savings,2025-10-20,81955.62,Closed
ACC09714,CUST01843,BR003,Savings,2026-06-25,86315.06,Dormant
ACC08572,CUST03515,BR034,Salary,2024-05-25,58360.22,Closed
ACC10452,CUST02721,BR042,Current,2026-07-27,27576.78,Active
ACC08389,CUST04920,BR019,Savings,2026-06-10,76572.7,Active
ACC07735,CUST00452,BR039,Savings,2025-03-08,47862.55,Dormant
ACC10545,CUST06296,BR024,Salary,2026-08-23,40527.68,Dormant
ACC09148,CUST06487,BR037,Salary,2025-04-28,8336.71,Closed
ACC03299,CUST00934,BR030,Savings,2026-04-17,33440.6,Closed
ACC04437,CUST08497,BR018,Current,2026-02-13,14865.36,Closed
ACC10139,CUST01354,BR007,Current,2024-12-28,38367.47,Closed
ACC09757,CUST02586,BR016,Current,2025-07-08,55392.78,Dormant
ACC07840,CUST07520,BR014,Salary,2025-09-26,51147.1,Dormant
ACC02133,CUST04004,BR009,Current,2023-10-27,72570.58,Closed
ACC09855,CUST07187,BR017,Current,2023-12-07,76391.82,Dormant
ACC02698,CUST05168,BR046,Savings,2026-07-06,57628.48,Active
ACC05986,CUST07472,BR038,Savings,2025-02-22,92657.2,Active
ACC09636,CUST04714,BR000,Savings,2024-01-20,26885.25,Closed
ACC09737,CUST02331,BR011,Salary,2025-10-12,43400.89,Dormant
ACC08785,CUST02507,BR033,Current,2024-11-06,42725.92,Active
ACC07677,CUST03378,BR046,Current,2024-09-05,70428.08,Dormant
ACC10062,CUST08943,BR020,Salary,2024-01-25,97231.68,Dormant
ACC00916,CUST09348,BR014,Savings,2025-07-24,74085.86,Active
ACC10511,CUST06396,BR007,Savings,2025-03-17,57962.87,Dormant
ACC04110,CUST04340,BR009,Salary,2024-02-11,49746.89,Active
ACC11423,CUST05695,BR041,Current,2024-10-26,47867.66,Closed
ACC07610,CUST02342,BR025,Savings,2025-09-13,69352.12,Dormant
ACC00369,CUST02487,BR005,Savings,2023-12-31,63147.76,Dormant
ACC11877,CUST09773,BR043,Salary,2026-06-11,84579.22,Closed
ACC10677,CUST01252,BR049,Savings,2025-01-20,11159.58,Dormant
ACC10405,CUST05706,BR045,Salary,2023-12-15,93834.66,Active
ACC09039,CUST07096,BR048,Salary,2024-11-27,13073.63,Dormant
ACC00527,CUST01602,BR017,Salary,2025-02-02,27679.72,Active
ACC08072,CUST05635,BR048,Savings,2026-07-26,38878.62,Closed
ACC10370,CUST06610,BR006,Current,2025-01-22,90987.91,Closed
ACC06488,CUST03986,BR025,Savings,2026-05-07,64932.83,Active
ACC11531,CUST05230,BR012,Salary,2023-10-24,34172.36,Dormant
ACC07000,CUST00250,BR042,Current,2024-06-12,46067.35,Dormant
ACC08578,CUST09845,BR034,Current,2024-11-03,2650.66,Active
ACC06668,CUST01680,BR038,Current,2025-06-12,51857.88,Active
ACC02948,CUST05097,BR014,Current,2024-04-22,23612.62,Active
ACC02107,CUST08288,BR043,Salary,2026-07-01,77970.43,Closed
ACC06138,CUST03430,BR031,Current,2026-05-09,38611.98,Dormant
ACC08068,CUST09520,BR000,Savings,2026-02-25,44121.23,Dormant
ACC03192,CUST00323,BR033,Salary,2025-10-14,53505.55,Dormant
ACC00304,CUST07909,BR006,Salary,2024-11-25,76116.44,Closed
ACC10698,CUST02260,BR049,Savings,2024-12-27,94857.97,Dormant
ACC03243,CUST01173,BR004,Salary,2025-04-15,30600.95,Active
ACC08310,CUST04447,BR011,Current,2024-09-03,28759.94,Closed
ACC04964,CUST04941,BR042,Current,2023-11-26,86114.85,Closed
ACC00896,CUST01572,BR035,Current,2024-06-13,7520.52,Dormant
ACC04269,CUST05398,BR024,Savings,2024-05-15,2642.49,Active
ACC07490,CUST09870,BR024,Savings,2026-09-03,45903.43,Active
ACC01196,CUST02792,BR039,Salary,2025-12-15,12480.89,Closed
ACC09924,CUST07311,BR000,Savings,2023-11-22,12869.77,Closed
ACC03033,CUST07897,BR012,Salary,2024-10-05,9300.39,Closed
ACC08594,CUST02599,BR012,Savings,2025-06-10,33067.39,Dormant
ACC08524,CUST01888,BR012,Savings,2024-11-12,75193.86,Closed
ACC00239,CUST07153,BR034,Current,2024-09-12,89499.64,Closed
ACC08838,CUST08615,BR010,Savings,2026-01-05,75814.58,Closed
ACC10941,CUST07439,BR006,Savings,2026-02-08,53777.56,Active
ACC05931,CUST02983,BR033,Savings,2026-04-19,79520.91,Closed
ACC07303,CUST02354,BR006,Current,2026-09-07,44327.3,Closed
ACC07415,CUST02791,BR000,Salary,2024-06-03,1106.54,Dormant
ACC00435,CUST03307,BR029,Current,2025-04-04,45219.46,Active
ACC08939,CUST08692,BR039,Savings,2025-05-07,39281.61,Active
ACC08071,CUST02759,BR019,Salary,2024-07-13,71203.42,Active
ACC11509,CUST07106,BR021,Savings,2024-03-25,7027.43,Closed
ACC03810,CUST02111,BR017,Current,2023-09-28,15299.07,Closed
ACC04839,CUST02956,BR004,Current,2024-01-25,26111.1,Closed
ACC10969,CUST02248,BR037,Current,2024-07-27,18208.22,Dormant
ACC01943,CUST03133,BR001,Current,2024-01-29,88804.15,Dormant
ACC01454,CUST99999,BR013,Current,2023-10-19,8343.39,Closed
ACC06664,CUST02727,BR039,Salary,2026-02-19,77846.33,Dormant
ACC06003,CUST99999,BR023,Current,2026-08-09,28093.55,Dormant
ACC09720,CUST03943,BR002,Savings,2026-07-20,87461.57,Closed
ACC03658,CUST08637,BR047,Savings,2026-08-24,31966.72,Active
ACC06975,CUST06473,BR048,Current,2026-06-12,9717.33,Active
ACC07774,CUST00278,BR036,Current,2025-01-23,59256.37,Dormant
ACC03897,CUST03793,BR005,Savings,2024-12-24,3487.25,Dormant
ACC10016,CUST01996,BR012,Salary,2025-11-29,88619.22,Closed
ACC05447,CUST02073,BR004,Salary,2024-08-18,66662.38,Dormant
ACC00167,CUST02423,BR025,Salary,2024-02-21,8521.78,Closed
ACC03091,CUST09900,BR009,Salary,2025-05-19,98930.55,Closed
ACC11896,CUST01326,BR023,Salary,2025-06-01,88830.76,Closed
ACC09351,CUST09086,BR048,Savings,2025-12-10,57390.85,Active
ACC03404,CUST02747,BR034,Current,2026-07-16,54884.3,Dormant
ACC07001,CUST09281,BR042,Salary,2023-11-27,56913.76,Closed
ACC01793,CUST05482,BR010,Current,2026-04-05,21382.57,Active
ACC03826,CUST00295,BR010,Salary,2025-02-10,99795.07,Dormant
ACC10082,CUST00357,BR001,Current,2024-12-31,80727.35,Dormant
ACC09278,CUST05296,BR012,Salary,2024-03-29,47860.31,Closed
ACC02733,CUST06794,BR047,Savings,2024-03-31,34325.61,Active
ACC11753,CUST03116,BR015,Salary,2025-09-30,21791.18,Closed
ACC02953,CUST06832,BR010,Savings,2026-02-24,94784.95,Active
ACC06435,CUST06339,BR025,Salary,2024-02-22,81630.1,Closed
ACC10273,CUST03200,BR003,Current,2025-06-11,17471.65,Closed
ACC00319,CUST02973,BR031,Savings,2023-12-06,644.31,Closed
ACC01492,CUST01835,BR001,Current,2024-02-23,20544.77,Closed
ACC10532,CUST09793,BR008,Current,2026-01-25,63424.72,Dormant
ACC10142,CUST05899,BR030,Current,2024-05-28,50660.43,Closed
ACC08828,CUST04774,BR009,Salary,2024-07-18,10439.4,Closed
ACC00904,CUST01943,BR003,Savings,2026-01-15,85827.63,Active
ACC01139,CUST08682,BR031,Current,2026-02-25,47242.61,Active
ACC04077,CUST09565,BR002,Current,2025-06-21,39880.5,Active
ACC06672,CUST06318,BR020,Savings,2024-06-30,65377.64,Closed
ACC08868,CUST09573,BR002,Current,2026-08-08,70735.28,Closed
ACC07683,CUST00684,BR038,Salary,2024-04-21,64214.04,Closed
ACC00399,CUST01676,BR045,Savings,2024-05-07,61625.79,Closed
ACC00548,CUST06862,BR034,Current,2024-06-05,42032.83,Closed
ACC00481,CUST09139,BR048,Savings,2026-06-30,26691.49,Active
ACC07188,CUST07387,BR032,Savings,2026-02-02,74692.04,Dormant
ACC09776,CUST03082,BR030,Savings,2024-02-17,96831.72,Dormant
ACC10650,CUST01847,BR027,Salary,2024-12-08,21847.11,Active
ACC01892,CUST00354,BR044,Current,2024-06-15,39966.26,Dormant
ACC02069,CUST04092,BR034,Current,2025-12-30,99733.29,Closed
ACC02664,CUST05804,BR005,Salary,2026-06-20,62911.65,Active
ACC11783,CUST02928,BR034,Savings,2026-03-27,10972.91,Closed
ACC11335,CUST00976,BR028,Salary,2026-06-06,23224.31,Active
ACC10723,CUST03050,BR026,Salary,2025-07-11,32628.75,Dormant
ACC04246,CUST04060,BR036,Salary,2025-04-19,28908.06,Active
ACC09179,CUST03587,BR019,Salary,2025-02-06,90468.85,Closed
ACC00958,CUST02069,BR020,Savings,2026-05-07,21522.5,Active
ACC00340,CUST07391,BR021,Current,2026-03-20,65208.95,Dormant
ACC00407,CUST01454,BR039,Salary,2026-05-21,44716.17,Dormant
ACC07498,CUST03672,BR038,Savings,2025-07-16,19537.34,Closed
ACC11396,CUST05823,BR033,Salary,2024-06-18,91301.91,Active
ACC06179,CUST00259,BR025,Savings,2024-10-16,30088.64,Dormant
ACC06172,CUST01152,BR037,Salary,2025-12-25,54625.64,Closed
ACC08637,CUST07048,BR022,Current,2024-12-29,46164.5,Closed
ACC08881,CUST05372,BR011,Salary,2025-04-17,73063.34,Closed
ACC04281,CUST02306,BR039,Savings,2024-05-22,44297.01,Dormant
ACC06186,CUST00772,BR000,Salary,2025-02-24,14069.11,Closed
ACC09828,CUST07773,BR002,Salary,2024-04-10,37664.39,Closed
ACC01060,CUST05611,BR003,Salary,2026-07-04,77300.38,Active
ACC01774,CUST05183,BR025,Salary,2023-12-06,8982.3,Closed
ACC03307,CUST03004,BR028,Savings,2025-07-08,97206.62,Dormant
ACC06810,CUST03351,BR007,Savings,2025-07-02,86004.6,Active
ACC07917,CUST04147,BR007,Savings,2023-10-08,13570.88,Active
ACC00696,CUST00730,BR008,Savings,2024-05-22,53728.51,Active
ACC09912,CUST08516,BR035,Salary,2024-09-17,48804.48,Dormant
ACC05158,CUST03281,BR010,Current,2024-08-22,46976.05,Closed
ACC03579,CUST04523,BR006,Salary,2025-10-06,56516.52,Dormant
ACC01128,CUST01378,BR031,Current,2024-04-08,24383.34,Active
ACC02055,CUST09057,BR045,Salary,2024-06-18,83745.41,Active
ACC07389,CUST01304,BR029,Savings,2023-12-28,74533.7,Closed
ACC03508,CUST05647,BR018,Savings,2024-09-27,20568.91,Dormant
ACC00270,CUST02319,BR005,Savings,2024-09-29,40529.96,Closed
ACC06052,CUST01053,BR023,Savings,2025-03-07,67443.77,Active
ACC03848,CUST05211,BR017,Salary,2026-07-22,36809.59,Dormant
ACC06633,CUST07446,BR013,Current,2025-09-17,18142.39,Dormant
ACC05726,CUST05646,BR008,Current,2026-06-17,86111.45,Active
ACC04041,CUST07401,BR007,Salary,2023-11-14,80139.8,Dormant
ACC10497,CUST05914,BR041,Salary,2025-09-25,52774.48,Active
ACC09587,CUST09851,BR039,Current,2024-10-15,34037.84,Active
ACC02823,CUST02924,BR032,Savings,2024-09-07,30795.15,Active
ACC10711,CUST06631,BR013,Current,2025-11-22,15452.82,Active
ACC11214,CUST00411,BR049,Savings,2025-11-05,63474.44,Dormant
ACC09730,CUST01421,BR004,Salary,2026-07-11,58594.35,Closed
ACC04585,CUST06039,BR013,Salary,2024-12-15,90108.56,Active
ACC09495,CUST04124,BR012,Savings,2024-07-15,83581.23,Active
ACC11022,CUST01132,BR024,Savings,2024-06-11,52650.33,Closed
ACC04871,CUST01071,BR016,Savings,2026-06-10,9500.14,Closed
ACC09753,CUST03457,BR014,Current,2025-10-30,67957.09,Active
ACC01552,CUST04136,BR027,Salary,2026-01-28,52012.81,Active
ACC00244,CUST03642,BR004,Current,2025-12-24,70866.49,Closed
ACC00424,CUST05917,BR000,Salary,2025-07-26,64494.18,Active
ACC04864,CUST02484,BR042,Savings,2025-07-01,76873.07,Active
ACC07941,CUST04597,BR030,Current,2024-08-16,32376.41,Dormant
ACC05515,CUST06174,BR030,Savings,2024-06-13,60859.67,Dormant
ACC11284,CUST06801,BR014,Salary,2025-10-08,85641.8,Closed
ACC05335,CUST00192,BR014,Savings,2025-12-17,34427.74,Dormant
ACC11964,CUST08759,BR005,Salary,2025-03-11,39645.07,Closed
ACC01548,CUST09466,BR047,Savings,2024-03-29,44804.37,Dormant
ACC00911,CUST00611,BR030,Savings,2023-09-28,97753.34,Active
ACC02941,CUST05722,BR002,Current,2024-07-20,53717.95,Dormant
ACC00778,CUST02645,BR041,Current,2024-03-15,54146.19,Closed
ACC07651,CUST06759,BR018,Savings,2024-04-21,55931.88,Dormant
ACC02818,CUST05128,BR005,Salary,2023-11-23,31724.71,Closed
ACC09370,CUST00122,BR015,Current,2024-05-22,91642.69,Active
ACC00023,CUST02670,BR012,Salary,2026-06-14,48523.92,Dormant
ACC03600,CUST08699,BR000,Savings,2026-01-06,79710.53,Active
ACC05743,CUST08487,BR041,Salary,2024-06-12,90631.58,Closed
ACC02867,CUST05785,BR043,Current,2025-04-15,32817.11,Active
ACC04900,CUST01110,BR024,Savings,2026-03-14,56323.35,Dormant
ACC06285,CUST06977,BR005,Current,2024-03-16,14190.82,Active
ACC08834,CUST06892,BR048,Savings,2024-10-19,71761.98,Dormant
ACC06035,CUST07778,BR012,Salary,2024-08-08,78715.58,Closed
ACC00455,CUST07142,BR005,Savings,2024-05-06,47651.35,Active
ACC11626,CUST08939,BR028,Savings,2024-08-09,42348.58,Active
ACC05235,CUST03493,BR042,Savings,2024-05-13,83203.95,Dormant
ACC11059,CUST03722,BR017,Salary,2026-07-14,60379.51,Dormant
ACC07358,CUST02520,BR027,Savings,2026-04-24,63300.23,Closed
ACC06102,CUST04326,BR014,Savings,2025-08-08,69412.41,Active
ACC04288,CUST02366,BR003,Savings,2024-07-24,4548.7,Active
ACC11479,CUST01134,BR018,Salary,2026-05-27,78408.48,Dormant
ACC10003,CUST99999,BR049,Salary,2023-10-29,50974.64,Closed
ACC00858,CUST06849,BR043,Savings,2024-12-27,51466.74,Active
ACC01555,CUST01788,BR048,Savings,2026-07-15,75660.44,Active
ACC01945,CUST04701,BR005,Savings,2025-08-09,56257.44,Dormant
ACC09129,CUST08737,BR030,Current,2026-08-04,65825.64,Dormant
ACC07123,CUST01715,BR005,Savings,2025-10-21,68490.22,Dormant
ACC03670,CUST01909,BR037,Savings,2024-02-16,76751.62,Active
ACC00584,CUST03807,BR022,Savings,2024-07-14,61245.68,Active
ACC06062,CUST00866,BR049,Savings,2024-11-24,90508.04,Dormant
ACC10903,CUST04682,BR038,Savings,2025-08-21,11964.68,Dormant
ACC08492,CUST02638,BR012,Salary,2025-04-24,43244.56,Closed
ACC04195,CUST02590,BR022,Savings,2025-04-18,94394.17,Closed
ACC09107,CUST06711,BR019,Savings,2024-09-09,23857.7,Active
ACC01006,CUST07066,BR046,Savings,2024-03-20,92602.3,Active
ACC03699,CUST07886,BR013,Salary,2024-04-13,36822.6,Closed
ACC05685,CUST09350,BR015,Current,2023-11-15,27995.76,Dormant
ACC00865,CUST07904,BR047,Savings,2025-02-24,14060.76,Closed
ACC09762,CUST02320,BR011,Current,2026-01-29,68391.3,Dormant
ACC10392,CUST00102,BR037,Savings,2025-02-09,54834.84,Active
ACC08443,CUST05716,BR031,Salary,2025-03-22,21332.1,Dormant
ACC04911,CUST03463,BR034,Savings,2026-08-07,14699.41,Closed
ACC05097,CUST04555,BR000,Savings,2026-09-02,44354.8,Active
ACC11568,CUST02162,BR041,Current,2024-02-29,78985.1,Closed
ACC07116,CUST05993,BR035,Salary,2025-03-11,65990.78,Dormant
ACC11364,CUST00330,BR047,Salary,2026-08-29,25113.75,Active
ACC02939,CUST05015,BR013,Savings,2025-09-07,37571.38,Dormant
ACC03763,CUST04791,BR035,Current,2024-11-27,79985.04,Closed
ACC07948,CUST08890,BR005,Current,2025-01-24,4961.72,Dormant
ACC09025,CUST08425,BR026,Savings,2025-08-27,92911.8,Dormant
ACC09277,CUST02223,BR038,Savings,2025-04-24,65543.06,Closed
ACC00800,CUST07103,BR031,Savings,2024-06-08,83607.35,Active
ACC05947,CUST99999,BR019,Salary,2024-08-19,45662.51,Dormant
ACC03624,CUST06326,BR032,Savings,2024-05-12,37706.54,Closed
ACC11255,CUST06712,BR013,Current,2026-01-14,35192.94,Active
ACC05489,CUST02371,BR016,Savings,2025-09-11,7924.01,Active
ACC00612,CUST03964,BR031,Savings,2025-08-30,22141.78,Closed
ACC05991,CUST06760,BR024,Savings,2024-08-01,3468.53,Active
ACC04927,CUST04342,BR029,Salary,2026-02-20,59849.33,Closed
ACC02202,CUST01232,BR012,Current,2024-06-05,4917.46,Active
ACC03705,CUST04895,BR041,Salary,2025-01-09,77491.96,Closed
ACC06352,CUST08295,BR010,Savings,2026-09-02,40428.81,Closed
ACC10224,CUST09390,BR018,Current,2025-03-07,97574.2,Active
ACC08373,CUST00344,BR011,Salary,2025-12-25,24987.87,Dormant
ACC03377,CUST08503,BR011,Savings,2026-06-26,69682.62,Closed
ACC10078,CUST04887,BR038,Current,2024-05-23,6923.62,Dormant
ACC06148,CUST09148,BR005,Current,2025-09-17,61232.54,Dormant
ACC01027,CUST03957,BR021,Savings,2026-07-22,24609.35,Closed
ACC08096,CUST03117,BR010,Current,2025-04-11,98860.18,Active
ACC08611,CUST01664,BR009,Salary,2025-06-18,50681.52,Dormant
ACC06508,CUST01142,BR033,Salary,2025-02-14,53783.02,Active
ACC06725,CUST03397,BR009,Salary,2026-07-05,65156.3,Dormant
ACC00873,CUST04002,BR017,Salary,2024-12-28,9442.11,Active
ACC04342,CUST09321,BR004,Savings,2023-11-17,48358.87,Active
ACC11065,CUST04724,BR004,Salary,2024-05-25,88537.95,Active
ACC01836,CUST02827,BR049,Salary,2025-02-07,48242.11,Closed
ACC10773,CUST09859,BR018,Salary,2026-02-25,55447.32,Active
ACC08183,CUST09641,BR047,Savings,2026-02-11,42655.95,Active
ACC07080,CUST02823,BR041,Savings,2025-04-19,66200.19,Closed
ACC02361,CUST03368,BR000,Savings,2025-08-19,88895.24,Active
ACC01291,CUST05461,BR014,Savings,2025-10-19,19884.2,Dormant
ACC00931,CUST00388,BR018,Current,2024-05-01,78112.59,Dormant
ACC00046,CUST06540,BR014,Current,2026-04-03,47818.18,Closed
ACC02773,CUST03182,BR013,Salary,2026-08-04,85811.71,Active
ACC05168,CUST00758,BR043,Savings,2023-11-20,16018.42,Dormant
ACC07998,CUST07059,BR012,Current,2024-11-02,35995.9,Dormant
ACC11082,CUST09560,BR044,Current,2024-08-06,88618.01,Closed
ACC00551,CUST08647,BR005,Current,2024-12-19,9587.83,Closed
ACC08969,CUST04376,BR014,Savings,2025-05-25,43324.34,Closed
ACC07309,CUST07975,BR027,Savings,2025-01-04,28924.68,Active
ACC00536,CUST02529,BR018,Salary,2025-06-04,69605.19,Active
ACC06823,CUST06260,BR023,Salary,2024-07-19,66462.03,Dormant
ACC10595,CUST05838,BR036,Current,2023-10-25,57049.83,Dormant
ACC04967,CUST06678,BR027,Savings,2026-01-11,31282.55,Active
ACC07057,CUST00964,BR039,Salary,2023-11-24,69625.05,Active
ACC00112,CUST06990,BR023,Savings,2025-10-23,36319.88,Closed
ACC00633,CUST05971,BR003,Current,2025-08-08,66412.56,Dormant
ACC06426,CUST03546,BR000,Salary,2024-02-05,58990.59,Active
ACC00794,CUST03846,BR005,Savings,2025-07-13,32118.55,Dormant
ACC07053,CUST04911,BR009,Current,2026-04-03,45831.09,Closed
ACC05665,CUST07964,BR047,Savings,2025-09-17,38969.57,Dormant
ACC11487,CUST03878,BR043,Savings,2025-07-30,6613.23,Closed
ACC11260,CUST04912,BR041,Savings,2024-12-27,98041.99,Active
ACC10161,CUST01161,BR002,Savings,2024-09-15,37711.78,Active
ACC08132,CUST06604,BR033,Savings,2024-08-10,91987.18,Dormant
ACC04204,CUST02051,BR031,Savings,2025-05-09,11437.53,Dormant
ACC10345,CUST08952,BR000,Savings,2024-03-26,70099.29,Active
ACC01358,CUST00049,BR029,Salary,2024-02-24,91167.92,Dormant
ACC06472,CUST06151,BR022,Savings,2023-12-27,8071.35,Active
ACC11300,CUST06858,BR028,Savings,2025-10-07,46333.67,Closed
ACC01933,CUST06745,BR024,Salary,2025-11-18,75085.77,Active
ACC09860,CUST04289,BR043,Current,2025-06-21,57171.49,Active
ACC03374,CUST99999,BR000,Salary,2024-06-21,6240.48,Dormant
ACC03114,CUST05499,BR029,Current,2026-04-06,64164.06,Active
ACC01376,CUST01996,BR011,Salary,2024-03-08,38445.72,Active
ACC11620,CUST04148,BR003,Current,2026-08-13,13923.12,Closed
ACC01245,CUST07126,BR009,Salary,2024-04-18,88854.54,Dormant
ACC05573,CUST07458,BR030,Current,2025-07-23,50048.47,Active
ACC01013,CUST02294,BR043,Current,2025-10-25,69518.13,Closed
ACC04732,CUST00844,BR049,Salary,2025-04-26,46809.73,Dormant
ACC05658,CUST03437,BR023,Current,2025-10-31,68457.88,Active
ACC07986,CUST08053,BR025,Savings,2024-01-25,26196.63,Active
ACC05070,CUST04227,BR003,Salary,2026-02-23,72221.94,Dormant
ACC04100,CUST06540,BR036,Current,2024-08-14,86938.91,Dormant
ACC07808,CUST09091,BR015,Savings,2023-12-31,90865.73,Closed
ACC10005,CUST01286,BR042,Salary,2026-01-24,85529.89,Closed
ACC08695,CUST01722,BR027,Savings,2024-06-01,12231.48,Closed
ACC06189,CUST05305,BR028,Savings,2025-12-18,73765.6,Dormant
ACC06990,CUST06632,BR022,Savings,2026-01-10,19816.04,Dormant
ACC11127,CUST06039,BR022,Salary,2025-01-14,11477.13,Active
ACC08541,CUST03788,BR027,Salary,2026-02-18,3683.85,Dormant
ACC11552,CUST02184,BR017,Current,2026-03-30,41789.81,Active
ACC11914,CUST01092,BR001,Current,2024-06-07,48910.32,Dormant
ACC08103,CUST99999,BR000,Salary,2024-07-19,73827.23,Closed
ACC11342,CUST00863,BR042,Current,2025-06-27,57979.02,Closed
ACC02426,CUST03579,BR045,Salary,2025-11-17,81988.14,Active
ACC04459,CUST08296,BR032,Savings,2023-10-10,54261.17,Dormant
ACC09094,CUST00554,BR020,Current,2026-07-06,31929.89,Dormant
ACC05365,CUST07578,BR044,Current,2024-12-10,35719.33,Closed
ACC05838,CUST03711,BR000,Current,2026-03-02,51289.8,Active
ACC02216,CUST07683,BR040,Savings,2025-09-04,7949.43,Active
ACC08017,CUST09213,BR009,Savings,2026-01-22,2078.89,Closed
ACC11203,CUST03264,BR002,Savings,2023-11-28,26031.72,Closed
ACC05364,CUST08947,BR040,Savings,2026-01-03,49742.01,Active
ACC01689,CUST04778,BR011,Current,2025-01-07,7856.6,Active
ACC09908,CUST07865,BR017,Current,2023-10-22,61240.23,Closed
ACC05877,CUST04007,BR020,Current,2025-09-26,35914.71,Active
ACC11505,CUST03223,BR047,Salary,2025-11-24,40805.87,Active
ACC09727,CUST01489,BR014,Savings,2024-11-20,60333.79,Closed
ACC02915,CUST05315,BR044,Current,2024-03-09,52722.41,Closed
ACC11349,CUST07295,BR003,Current,2025-12-15,93324.47,Dormant
ACC02735,CUST05633,BR042,Salary,2025-06-15,10877.88,Closed
ACC05419,CUST09831,BR018,Current,2024-03-26,71373.29,Dormant
ACC09440,CUST02687,BR009,Current,2026-06-29,76406.03,Active
ACC07314,CUST04727,BR000,Savings,2023-11-26,83618.28,Active
ACC08730,CUST04016,BR000,Current,2024-01-14,19868.61,Closed
ACC07645,CUST02220,BR039,Savings,2025-10-01,20199.37,Dormant
ACC11829,CUST07943,BR030,Current,2024-07-30,38712.8,Dormant
ACC01841,CUST04865,BR038,Savings,2025-03-05,3115.84,Closed
ACC10238,CUST03812,BR025,Current,2026-08-28,42004.4,Active
ACC01495,CUST03522,BR049,Current,2024-01-01,17314.8,Active
ACC05042,CUST01206,BR012,Current,2024-08-08,90469.92,Closed
ACC10856,CUST05442,BR010,Current,2026-08-14,96516.47,Active
ACC06044,CUST04018,BR029,Current,2025-03-21,57656.88,Closed
ACC07443,CUST04332,BR006,Savings,2024-01-27,17602.83,Closed
ACC07400,CUST07099,BR014,Savings,2024-05-13,28631.68,Dormant
ACC11375,CUST03818,BR027,Savings,2025-06-17,76660.35,Dormant
ACC04146,CUST02982,BR039,Savings,2024-09-04,24245.64,Active
ACC01309,CUST00068,BR042,Savings,2023-11-09,40848.59,Closed
ACC05520,CUST05407,BR028,Savings,2025-09-29,78602.45,Dormant
ACC08394,CUST02909,BR025,Salary,2026-02-16,49600.61,Closed
ACC01865,CUST04396,BR002,Savings,2025-03-24,97154.71,Closed
ACC01846,CUST02030,BR018,Savings,2025-05-09,90274.37,Active
ACC03796,CUST03036,BR016,Savings,2023-12-07,89064.66,Active
ACC09940,CUST06494,BR045,Savings,2024-09-06,86760.0,Active
ACC09618,CUST02122,BR035,Savings,2024-04-05,22392.66,Closed
ACC06585,CUST02936,BR002,Savings,2026-06-02,84945.53,Dormant
ACC01203,CUST08928,BR001,Salary,2026-04-25,39515.28,Dormant
ACC11017,CUST05668,BR029,Salary,2026-07-27,61278.97,Dormant
ACC01383,CUST04517,BR015,Salary,2024-02-06,39117.81,Dormant
ACC04180,CUST04099,BR012,Current,2024-05-10,33796.76,Dormant
ACC05660,CUST03725,BR001,Salary,2025-06-22,21905.84,Closed
ACC09153,CUST00031,BR005,Current,2026-08-08,63109.22,Active
ACC09490,CUST09136,BR031,Current,2025-03-19,18232.73,Closed
ACC02505,CUST05194,BR045,Salary,2026-01-04,64453.35,Dormant
ACC10813,CUST08283,BR016,Savings,2024-08-24,86993.47,Dormant
ACC07585,CUST09977,BR040,Savings,2025-01-06,69355.33,Dormant
ACC10341,CUST08076,BR010,Savings,2026-02-02,8214.56,Dormant
ACC03512,CUST07497,BR015,Salary,2024-10-21,76449.98,Closed
ACC07383,CUST06330,BR000,Current,2024-02-15,18799.0,Closed
ACC06394,CUST05872,BR001,Salary,2024-10-22,38897.46,Active
ACC02326,CUST02260,BR039,Salary,2025-04-06,58284.5,Active
ACC07155,CUST04706,BR016,Current,2025-11-04,30170.05,Closed
ACC01556,CUST03883,BR024,Savings,2024-03-16,14507.19,Active
ACC03089,CUST05196,BR018,Current,2026-03-08,15860.16,Active
ACC02921,CUST07649,BR007,Savings,2024-07-22,63772.09,Dormant
ACC06514,CUST08426,BR023,Savings,2025-03-09,97236.18,Closed
ACC03794,CUST01004,BR037,Savings,2025-07-19,58657.48,Active
ACC05040,CUST03677,BR041,Savings,2024-03-14,91030.47,Dormant
ACC03964,CUST05940,BR039,Salary,2024-01-03,38832.79,Closed
ACC09595,CUST03502,BR009,Salary,2024-03-08,65889.11,Active
ACC00051,CUST07709,BR045,Current,2024-03-20,1223.66,Dormant
ACC04331,CUST03050,BR035,Current,2024-10-24,73017.29,Active
ACC10768,CUST01586,BR033,Current,2024-12-17,83666.32,Dormant
ACC09161,CUST00141,BR038,Salary,2024-10-09,624.39,Active
ACC01206,CUST06100,BR036,Salary,2026-05-16,85054.77,Dormant
ACC07515,CUST09710,BR024,Savings,2023-09-27,82805.69,Closed
ACC01419,CUST05368,BR021,Salary,2024-11-10,45909.47,Closed
ACC02553,CUST01625,BR023,Savings,2024-11-03,35224.28,Closed
ACC08643,CUST09616,BR032,Salary,2026-08-17,61866.96,Active
ACC11711,CUST04134,BR020,Salary,2024-09-17,90910.16,Active
ACC08089,CUST02955,BR022,Savings,2025-07-17,32888.23,Dormant
ACC09458,CUST04029,BR000,Current,2026-06-04,81206.72,Closed
ACC06609,CUST06204,BR034,Savings,2025-12-25,73489.97,Dormant
ACC02311,CUST04013,BR000,Salary,2023-12-11,97831.42,Dormant
ACC06603,CUST02339,BR040,Salary,2025-04-25,91295.0,Active
ACC07904,CUST07999,BR034,Savings,2026-07-11,94659.74,Active
ACC05045,CUST05457,BR016,Current,2025-02-14,4417.96,Dormant
ACC08165,CUST07217,BR040,Current,2026-01-23,98525.27,Dormant
ACC09347,CUST09015,BR037,Savings,2025-09-05,89177.25,Dormant
ACC04034,CUST04564,BR012,Current,2024-07-12,33583.69,Dormant
ACC03221,CUST06394,BR012,Salary,2025-02-09,35916.0,Active
ACC04126,CUST99999,BR021,Current,2026-08-27,81796.1,Closed
ACC01771,CUST06210,BR010,Savings,2025-08-26,2779.13,Active
ACC02242,CUST05992,BR011,Savings,2026-03-10,56834.37,Active
ACC02771,CUST01406,BR010,Current,2025-04-14,19129.77,Active
ACC08610,CUST05233,BR025,Current,2024-03-04,60869.79,Active
ACC04479,CUST05859,BR007,Savings,2025-07-26,61655.25,Active
ACC08138,CUST05399,BR019,Salary,2025-07-05,99384.28,Dormant
ACC00471,CUST04153,BR014,Current,2023-11-08,51275.57,Active
ACC05990,CUST08110,BR000,Savings,2025-06-28,66028.35,Closed
ACC08219,CUST07430,BR025,Savings,2026-07-23,16592.98,Active
ACC01805,CUST00775,BR024,Current,2023-11-08,21801.7,Closed
ACC04420,CUST05482,BR025,Current,2024-04-28,99278.75,Dormant
ACC09452,CUST04106,BR026,Current,2025-08-12,68885.62,Dormant
ACC08214,CUST99999,BR033,Savings,2024-01-12,26190.4,Closed
ACC05377,CUST01564,BR000,Salary,2023-11-12,45113.83,Dormant
ACC09798,CUST05132,BR001,Savings,2025-10-22,25841.89,Dormant
ACC01811,CUST08573,BR010,Savings,2026-04-13,21246.35,Closed
ACC11681,CUST08092,BR005,Savings,2024-07-08,16578.1,Closed
ACC01528,CUST08627,BR049,Current,2025-08-13,46798.89,Closed
ACC10571,CUST04209,BR048,Current,2024-08-05,25193.21,Active
ACC02807,CUST08307,BR015,Current,2023-10-03,41115.08,Dormant
ACC08825,CUST04516,BR015,Salary,2025-11-24,68404.87,Dormant
ACC08884,CUST02437,BR025,Salary,2025-03-09,96881.55,Closed
ACC01104,CUST09564,BR030,Salary,2025-06-03,55130.25,Dormant
ACC01515,CUST05477,BR032,Salary,2025-07-08,4053.02,Active
ACC02951,CUST08317,BR038,Savings,2026-01-15,32977.8,Active
ACC10111,CUST07014,BR044,Salary,2025-12-15,26114.03,Closed
ACC00177,CUST04557,BR018,Salary,2025-12-24,71458.82,Dormant
ACC08186,CUST01245,BR027,Savings,2025-08-15,11458.13,Active
ACC10755,CUST00501,BR000,Salary,2024-07-10,43519.28,Closed
ACC05671,CUST01807,BR017,Savings,2024-03-09,65560.79,Active
ACC02023,CUST09975,BR027,Savings,2025-11-05,78156.57,Active
ACC01213,CUST02603,BR015,Savings,2026-05-20,19113.63,Active
ACC04298,CUST07879,BR032,Savings,2024-09-12,68157.62,Active
ACC04749,CUST01944,BR004,Current,2025-02-22,23257.0,Dormant
ACC06009,CUST01790,BR019,Savings,2025-07-11,73304.07,Active
ACC01591,CUST01627,BR019,Salary,2026-06-26,54400.05,Active
ACC02813,CUST00919,BR041,Savings,2023-10-31,92218.21,Active
ACC02937,CUST01999,BR030,Current,2025-09-01,22596.53,Dormant
ACC09923,CUST04830,BR038,Savings,2024-03-19,77428.5,Dormant
ACC03146,CUST07532,BR017,Savings,2025-01-12,41297.14,Closed
ACC05475,CUST06308,BR000,Current,2023-10-07,89911.1,Active
ACC01066,CUST09834,BR025,Savings,2025-01-09,89519.24,Closed
ACC03090,CUST00614,BR016,Current,2024-04-19,17194.08,Closed
ACC01183,CUST07934,BR007,Salary,2026-06-22,21209.32,Dormant
ACC07850,CUST00426,BR037,Savings,2026-05-18,62940.95,Closed
ACC05019,CUST09832,BR024,Savings,2024-08-18,46527.21,Active
ACC07491,CUST06754,BR037,Savings,2026-03-13,49416.46,Closed
ACC09614,CUST03113,BR016,Salary,2025-05-14,13534.37,Active
ACC00367,CUST04530,BR000,Savings,2026-01-30,89368.61,Active
ACC01931,CUST01541,BR015,Salary,2026-01-17,78291.86,Closed
ACC05091,CUST08879,BR043,Savings,2024-04-10,10325.3,Dormant
ACC03271,CUST07928,BR035,Current,2024-05-05,26064.02,Closed
ACC02858,CUST07023,BR011,Current,2026-07-17,91695.46,Dormant
ACC05903,CUST03355,BR032,Current,2024-06-12,58625.33,Dormant
ACC01477,CUST00255,BR000,Savings,2025-10-30,1064.67,Closed
ACC05659,CUST01239,BR004,Savings,2026-08-07,23130.34,Dormant
ACC08479,CUST08879,BR049,Salary,2024-01-24,81411.32,Active
ACC11154,CUST06726,BR022,Savings,2023-12-11,14995.04,Active
ACC10987,CUST08598,BR015,Savings,2024-03-05,17332.95,Active
ACC10793,CUST99999,BR028,Salary,2025-01-07,77950.58,Active
ACC10229,CUST02151,BR004,Salary,2024-11-19,77720.78,Active
ACC02794,CUST09301,BR028,Salary,2025-04-20,77786.36,Active
ACC05725,CUST01970,BR000,Current,2025-07-01,54602.69,Dormant
ACC11462,CUST07255,BR000,Savings,2026-04-01,58741.44,Active
ACC08513,CUST08274,BR033,Salary,2026-06-20,10461.4,Dormant
ACC02885,CUST07102,BR039,Savings,2024-10-09,1518.68,Closed
ACC07741,CUST02178,BR043,Current,2023-10-15,60141.71,Closed
ACC03488,CUST07824,BR037,Savings,2024-05-27,76603.28,Closed
ACC10798,CUST05371,BR014,Savings,2024-07-30,97797.95,Active
ACC10317,CUST08153,BR004,Savings,2025-03-25,92972.12,Dormant
ACC09188,CUST08390,BR045,Salary,2025-06-23,52375.89,Closed
ACC08073,CUST07123,BR044,Salary,2025-01-26,91320.99,Dormant
ACC07251,CUST04077,BR018,Salary,2024-04-02,54640.86,Dormant
ACC07293,CUST02591,BR026,Salary,2026-01-25,26144.44,Dormant
ACC02772,CUST05527,BR016,Savings,2024-01-11,52365.99,Active
ACC05909,CUST08108,BR005,Salary,2024-10-30,59685.46,Active
ACC01889,CUST01519,BR036,Savings,2025-04-16,90532.78,Closed
ACC05333,CUST09228,BR021,Current,2026-07-20,54777.51,Active
ACC01494,CUST03467,BR048,Salary,2025-07-29,67946.19,Closed
ACC01388,CUST06708,BR025,Savings,2025-08-13,83228.46,Dormant
ACC04621,CUST04298,BR042,Salary,2024-06-30,96734.03,Dormant
ACC01330,CUST00889,BR030,Current,2025-09-26,52662.85,Active
ACC05904,CUST09955,BR020,Salary,2025-09-18,94504.24,Active
ACC02262,CUST06838,BR004,Salary,2026-05-22,32437.66,Closed
ACC06922,CUST06495,BR024,Savings,2025-08-10,70023.19,Active
ACC11888,CUST09271,BR011,Current,2024-09-27,73093.14,Dormant
ACC07838,CUST06067,BR003,Current,2025-04-28,67609.45,Active
ACC02868,CUST09480,BR003,Salary,2024-06-20,35619.39,Closed
ACC03353,CUST09077,BR019,Salary,2024-12-18,37415.33,Closed
ACC01541,CUST04100,BR001,Salary,2023-12-22,13090.42,Dormant
ACC02199,CUST02104,BR041,Current,2024-05-10,64801.83,Active
ACC02631,CUST03748,BR040,Salary,2025-02-13,89945.34,Dormant
ACC00458,CUST04317,BR011,Salary,2024-06-10,46592.06,Dormant
ACC11399,CUST06299,BR012,Savings,2025-06-05,72926.78,Dormant
ACC06483,CUST06564,BR044,Salary,2024-07-05,91806.5,Closed
ACC00494,CUST09137,BR016,Savings,2025-02-04,67250.9,Dormant
ACC00910,CUST07990,BR030,Savings,2024-02-15,62601.75,Active
ACC01570,CUST01232,BR000,Current,2024-05-06,58605.48,Active
ACC08210,CUST00634,BR031,Salary,2025-12-29,61599.24,Closed
ACC07807,CUST08552,BR017,Savings,2023-11-02,93452.03,Closed
ACC02358,CUST04542,BR027,Savings,2024-01-26,10057.2,Dormant
ACC03981,CUST06624,BR024,Current,2024-12-30,66216.71,Dormant
ACC02702,CUST05733,BR008,Current,2026-03-22,80429.63,Active
ACC01547,CUST03727,BR013,Savings,2025-04-09,32201.14,Active
ACC09797,CUST07088,BR022,Savings,2025-11-02,29643.89,Active
ACC01024,CUST03816,BR038,Savings,2023-10-19,73276.48,Dormant
ACC08048,CUST04371,BR000,Current,2024-07-30,70862.48,Closed
ACC08733,CUST07097,BR000,Current,2024-03-06,83043.03,Dormant
ACC11395,CUST01642,BR001,Current,2023-12-09,96974.14,Closed
ACC02005,CUST04184,BR048,Savings,2024-12-04,98047.66,Active
ACC04942,CUST09810,BR009,Current,2025-02-27,12062.28,Dormant
ACC06347,CUST03961,BR043,Savings,2023-12-11,41184.74,Closed
ACC07662,CUST08255,BR004,Current,2024-08-01,48837.11,Dormant
ACC10172,CUST09733,BR019,Salary,2025-01-15,11668.48,Closed
ACC04316,CUST06915,BR015,Current,2024-07-15,83936.58,Closed
ACC06265,CUST09917,BR005,Current,2025-01-05,22571.05,Dormant
ACC08714,CUST08022,BR007,Current,2025-11-15,27749.44,Active
ACC04676,CUST06834,BR038,Savings,2024-04-30,22138.94,Active
ACC06919,CUST05643,BR039,Savings,2023-11-07,56831.69,Active
ACC00755,CUST08684,BR048,Savings,2026-04-09,89160.55,Dormant
ACC09719,CUST01687,BR003,Salary,2025-06-17,22387.02,Closed
ACC11132,CUST02932,BR044,Savings,2023-10-06,12587.09,Closed
ACC02310,CUST09445,BR029,Savings,2026-08-13,84358.74,Active
ACC04862,CUST07265,BR039,Savings,2026-07-26,43221.8,Closed
ACC11728,CUST06091,BR002,Salary,2026-05-18,78437.14,Active
ACC10801,CUST09746,BR011,Savings,2026-01-23,15041.86,Closed
ACC01764,CUST04651,BR048,Savings,2024-11-08,51054.01,Dormant
ACC01775,CUST01366,BR003,Salary,2025-04-03,70655.86,Dormant
ACC02388,CUST01333,BR039,Salary,2026-01-28,56050.83,Dormant
ACC08254,CUST01701,BR042,Current,2024-11-12,10382.45,Active
ACC00974,CUST08896,BR049,Current,2025-09-07,12356.45,Dormant
ACC01917,CUST02635,BR011,Salary,2024-11-19,3373.19,Dormant
ACC08993,CUST08644,BR042,Savings,2025-01-07,16556.09,Dormant
ACC04365,CUST04971,BR011,Savings,2025-11-28,46948.94,Closed
ACC11596,CUST08020,BR021,Savings,2024-08-19,14711.97,Active
ACC07246,CUST09249,BR048,Current,2025-01-29,60286.6,Dormant
ACC00781,CUST01562,BR033,Current,2025-03-01,43802.11,Dormant
ACC07560,CUST04022,BR005,Savings,2025-04-03,50947.33,Closed
ACC11448,CUST03807,BR016,Current,2026-07-08,58246.69,Dormant
ACC09409,CUST03266,BR047,Salary,2024-11-05,58314.94,Active
ACC05880,CUST08734,BR010,Current,2023-12-22,69130.7,Active
ACC00121,CUST07136,BR000,Salary,2025-12-24,33246.37,Dormant
ACC06964,CUST03643,BR000,Salary,2025-08-09,47138.2,Active
ACC06845,CUST08980,BR005,Current,2025-06-13,39480.95,Active
ACC00395,CUST02486,BR045,Current,2024-10-23,79823.06,Closed
ACC07620,CUST03179,BR012,Current,2025-10-01,46681.05,Closed
ACC04091,CUST00516,BR004,Current,2026-02-03,90808.0,Active
ACC09604,CUST05900,BR030,Savings,2026-03-31,10028.43,Active
ACC11643,CUST02254,BR025,Current,2024-05-13,19699.64,Active
ACC06865,CUST04444,BR021,Savings,2024-09-03,75023.47,Active
ACC06266,CUST00266,BR035,Salary,2025-10-22,80612.16,Closed
ACC00190,CUST06321,BR046,Salary,2026-02-06,68053.41,Active
ACC07362,CUST00962,BR022,Salary,2024-06-19,78054.62,Closed
ACC10001,CUST02235,BR034,Savings,2025-08-16,74354.83,Dormant
ACC00180,CUST09766,BR001,Current,2026-03-27,42514.8,Dormant
ACC01825,CUST00533,BR013,Savings,2023-12-20,84647.83,Dormant
ACC03915,CUST04404,BR020,Current,2026-08-21,35917.77,Active
ACC00470,CUST04799,BR032,Salary,2025-04-25,19792.64,Active
ACC11675,CUST08845,BR040,Salary,2026-08-25,76874.56,Active
ACC10336,CUST05451,BR000,Salary,2026-06-30,42399.91,Dormant
ACC08007,CUST04628,BR005,Savings,2026-03-23,93808.57,Closed
ACC00715,CUST07126,BR009,Current,2025-04-19,19303.03,Dormant
ACC04128,CUST06736,BR043,Savings,2026-03-15,65517.62,Dormant
ACC00249,CUST01106,BR025,Current,2024-09-20,65543.76,Closed
ACC11878,CUST05366,BR000,Salary,2025-11-11,1909.94,Closed
ACC08975,CUST05015,BR028,Salary,2026-03-16,34596.04,Dormant
ACC04245,CUST02369,BR026,Current,2025-10-13,51752.14,Dormant
ACC09770,CUST08053,BR039,Current,2024-10-28,72966.89,Closed
ACC07671,CUST99999,BR021,Salary,2025-08-29,37409.33,Closed
ACC05826,CUST06312,BR003,Savings,2025-05-14,17384.58,Closed
ACC03237,CUST05959,BR048,Savings,2026-08-23,99295.59,Active
ACC09003,CUST03050,BR048,Salary,2024-06-15,57446.3,Closed
ACC07152,CUST00646,BR007,Current,2023-12-23,85873.85,Active
ACC00343,CUST07610,BR016,Current,2024-01-14,27781.82,Active
ACC05970,CUST00108,BR044,Salary,2026-07-22,42670.1,Closed
ACC03704,CUST05028,BR041,Salary,2025-07-07,54994.56,Dormant
ACC00122,CUST03807,BR010,Current,2024-10-21,47442.16,Closed
ACC00625,CUST00533,BR047,Savings,2025-07-27,82497.88,Dormant
ACC03354,CUST05154,BR006,Savings,2023-11-17,17113.79,Dormant
ACC01416,CUST99999,BR017,Savings,2025-03-19,91451.62,Active
ACC07299,CUST09598,BR038,Salary,2026-01-09,7903.0,Active
ACC04860,CUST00866,BR029,Salary,2024-12-03,95162.93,Active
ACC11756,CUST09122,BR013,Current,2025-07-13,27602.9,Active
ACC11808,CUST06898,BR014,Current,2025-06-27,67489.3,Closed
ACC04264,CUST04763,BR011,Salary,2024-02-18,54030.15,Dormant
ACC02268,CUST00164,BR038,Current,2026-04-20,77061.99,Closed
ACC10440,CUST01886,BR000,Current,2026-08-21,9557.03,Active
ACC09670,CUST03397,BR041,Current,2023-11-05,67772.78,Active
ACC00271,CUST01462,BR024,Current,2024-07-02,3042.65,Active
ACC11222,CUST99999,BR024,Savings,2025-06-28,82667.28,Closed
ACC05481,CUST01253,BR000,Salary,2025-05-30,2646.59,Active
ACC05597,CUST03300,BR001,Current,2026-03-14,98389.12,Closed
ACC08905,CUST09885,BR024,Salary,2023-12-05,93148.23,Closed
ACC10448,CUST05801,BR023,Savings,2026-05-08,50438.13,Closed
ACC09043,CUST09100,BR014,Salary,2026-08-10,38846.37,Dormant
ACC04896,CUST01687,BR007,Salary,2023-12-09,81753.84,Active
ACC10911,CUST01418,BR029,Current,2026-04-05,15987.38,Dormant
ACC10221,CUST09301,BR046,Savings,2024-10-02,86303.23,Active
ACC00181,CUST08805,BR015,Current,2025-01-24,80948.9,Active
ACC03399,CUST01426,BR012,Savings,2025-01-27,3695.12,Active
ACC06616,CUST07861,BR044,Salary,2024-05-03,9984.92,Active
ACC07809,CUST08931,BR023,Salary,2023-12-27,81549.42,Active
ACC01517,CUST04303,BR046,Current,2026-09-03,4907.21,Dormant
ACC01077,CUST08750,BR041,Salary,2023-12-02,88629.86,Dormant
ACC01621,CUST08204,BR004,Savings,2025-01-24,52680.32,Active
ACC01452,CUST00205,BR016,Savings,2024-02-26,53328.9,Active
ACC02024,CUST07467,BR002,Savings,2026-01-16,7838.03,Active
ACC08078,CUST01709,BR003,Current,2024-02-08,59582.02,Closed
ACC00957,CUST06868,BR014,Savings,2024-07-27,45132.63,Dormant
ACC11456,CUST01118,BR010,Savings,2023-09-13,98613.63,Active
ACC00562,CUST06766,BR046,Savings,2025-01-21,21458.83,Dormant
ACC03453,CUST02437,BR026,Savings,2025-10-08,89787.48,Dormant
ACC00520,CUST04180,BR005,Savings,2026-08-10,44942.47,Closed
ACC00198,CUST05210,BR022,Salary,2026-06-29,33116.2,Closed
ACC03367,CUST08700,BR000,Savings,2025-02-04,8950.91,Dormant
ACC06739,CUST05248,BR039,Savings,2023-09-21,90121.18,Closed
ACC02332,CUST07653,BR039,Salary,2025-09-02,23933.9,Closed
ACC07262,CUST09997,BR046,Current,2026-03-20,35238.81,Closed
ACC04899,CUST09989,BR016,Savings,2025-06-16,80293.26,Active
ACC08775,CUST07337,BR021,Salary,2024-07-16,30120.87,Dormant
ACC09609,CUST03859,BR013,Savings,2025-03-22,73769.42,Closed
ACC03015,CUST01078,BR022,Savings,2025-12-09,67135.05,Dormant
ACC03350,CUST02598,BR015,Current,2025-08-11,49806.01,Closed
ACC06613,CUST03737,BR019,Current,2025-10-28,18296.24,Active
ACC02699,CUST09145,BR027,Salary,2024-08-13,12500.58,Dormant
ACC04872,CUST08616,BR017,Current,2024-05-30,97149.59,Closed
ACC08376,CUST09941,BR016,Salary,2024-12-20,3080.87,Active
ACC09669,CUST02348,BR024,Current,2024-12-03,93578.54,Dormant
ACC07291,CUST05856,BR048,Savings,2023-10-02,78701.12,Dormant
ACC08285,CUST00498,BR005,Salary,2024-11-10,79686.63,Active
ACC00466,CUST01399,BR018,Savings,2024-10-27,79293.7,Dormant
ACC02729,CUST08513,BR006,Savings,2025-11-09,50195.15,Closed
ACC00219,CUST06421,BR000,Savings,2024-09-28,19011.98,Dormant
ACC02134,CUST09194,BR017,Savings,2024-04-17,28194.27,Dormant
ACC01240,CUST09196,BR042,Current,2026-04-28,47562.25,Dormant
ACC06274,CUST00582,BR009,Current,2023-12-05,49853.45,Active
ACC00823,CUST05204,BR000,Current,2023-10-23,96412.16,Closed
ACC10354,CUST04071,BR046,Savings,2026-07-28,50813.88,Dormant
ACC11958,CUST09187,BR041,Salary,2026-07-28,10196.88,Closed
ACC08272,CUST06844,BR005,Salary,2026-07-20,95970.93,Dormant
ACC09123,CUST07659,BR038,Salary,2026-08-30,58753.68,Dormant
ACC01950,CUST00954,BR016,Salary,2025-05-16,93859.4,Active
ACC03973,CUST04541,BR024,Savings,2025-09-01,85276.8,Closed
ACC11078,CUST09829,BR000,Salary,2025-05-14,51300.33,Active
ACC02837,CUST04733,BR028,Savings,2024-09-11,28645.73,Closed
ACC11839,CUST05661,BR000,Savings,2024-08-08,9885.78,Active
ACC05566,CUST05630,BR012,Savings,2025-02-25,66374.99,Closed
ACC08315,CUST02653,BR048,Current,2026-02-23,79082.8,Dormant
ACC11248,CUST03477,BR017,Savings,2025-04-23,71351.71,Dormant
ACC09327,CUST04376,BR000,Savings,2023-11-18,57645.88,Dormant
ACC09280,CUST06232,BR043,Savings,2024-07-25,3495.23,Closed
ACC02087,CUST04429,BR002,Savings,2025-02-16,14277.23,Closed
ACC08735,CUST07870,BR018,Current,2024-11-22,30303.01,Dormant
ACC05328,CUST08798,BR005,Current,2025-05-29,2145.33,Active
ACC10663,CUST06316,BR008,Savings,2025-09-09,56982.95,Dormant
ACC08963,CUST05610,BR035,Savings,2024-08-06,57000.65,Active
ACC04000,CUST03770,BR008,Current,2025-11-14,94773.08,Closed
ACC11490,CUST08569,BR000,Current,2025-09-30,47521.62,Closed
ACC08384,CUST01152,BR000,Salary,2024-05-08,52673.35,Closed
ACC06618,CUST03370,BR000,Savings,2026-07-21,66514.28,Closed
ACC10443,CUST05553,BR047,Salary,2023-12-14,95087.34,Closed
ACC06151,CUST09226,BR029,Salary,2024-11-05,90063.85,Dormant
ACC02108,CUST05808,BR031,Salary,2024-12-11,31583.53,Closed
ACC07815,CUST07006,BR036,Salary,2024-04-27,57989.29,Closed
ACC08667,CUST08789,BR038,Savings,2026-03-31,41113.15,Active
ACC05126,CUST00118,BR019,Salary,2026-07-22,31210.92,Active
ACC07729,CUST04513,BR003,Savings,2025-06-08,39666.05,Active
ACC02190,CUST06327,BR029,Current,2026-08-03,28381.91,Active
ACC11321,CUST04580,BR014,Current,2024-10-18,32404.92,Dormant
ACC04050,CUST02350,BR049,Savings,2025-04-25,43539.75,Dormant
ACC07269,CUST05838,BR031,Current,2026-06-28,29072.27,Dormant
ACC01972,CUST05555,BR036,Salary,2026-04-21,83441.24,Closed
ACC01767,CUST08834,BR001,Savings,2025-03-08,18624.74,Closed
ACC00806,CUST00931,BR005,Current,2025-09-29,7049.39,Closed
ACC00697,CUST09309,BR020,Salary,2025-09-04,39741.52,Dormant
ACC06495,CUST05825,BR016,Savings,2026-02-20,45107.25,Closed
ACC07853,CUST00527,BR006,Savings,2025-03-29,62804.57,Closed
ACC00359,CUST08865,BR002,Salary,2026-06-07,80243.45,Active
ACC00212,CUST09795,BR017,Salary,2026-07-18,41737.99,Active
ACC03592,CUST03154,BR036,Salary,2024-08-12,99743.92,Dormant
ACC10781,CUST07043,BR049,Savings,2024-08-27,12295.23,Closed
ACC08368,CUST07652,BR013,Savings,2025-01-13,32382.48,Dormant
ACC08543,CUST09205,BR046,Current,2024-10-16,86212.93,Closed
ACC10092,CUST00996,BR007,Salary,2026-02-21,7158.84,Closed
ACC07252,CUST07242,BR032,Savings,2024-07-23,41970.66,Dormant
ACC11003,CUST09226,BR010,Savings,2024-05-16,68714.32,Closed
ACC08952,CUST07175,BR001,Savings,2025-02-17,81573.41,Active
ACC09639,CUST08643,BR046,Current,2024-04-26,13095.69,Closed
ACC06634,CUST09443,BR039,Salary,2026-02-12,18181.39,Closed
ACC05279,CUST09776,BR006,Savings,2025-08-01,28863.27,Closed
ACC10506,CUST03500,BR020,Savings,2025-01-05,30714.75,Active
ACC08512,CUST04679,BR025,Savings,2024-03-19,89816.05,Closed
ACC09935,CUST02464,BR036,Salary,2026-02-03,81013.52,Closed
ACC06736,CUST05286,BR008,Current,2023-11-30,64612.76,Dormant
ACC06767,CUST05202,BR032,Savings,2023-11-09,95030.95,Dormant
ACC09046,CUST06308,BR014,Current,2025-05-31,69507.3,Active
ACC06225,CUST08159,BR020,Current,2026-06-12,98482.09,Closed
ACC02316,CUST04516,BR014,Current,2025-08-30,41721.07,Active
ACC09799,CUST09460,BR047,Savings,2024-02-10,78212.13,Active
ACC02947,CUST07640,BR018,Savings,2024-08-17,40903.16,Dormant
ACC07791,CUST05268,BR023,Salary,2026-04-14,81908.88,Active
ACC03306,CUST08078,BR020,Savings,2025-02-05,42894.86,Closed
ACC08334,CUST09929,BR043,Savings,2024-08-26,13365.68,Active
ACC09465,CUST06557,BR044,Salary,2025-04-23,11334.9,Dormant
ACC11182,CUST04495,BR042,Salary,2024-09-19,2793.04,Dormant
ACC04626,CUST05686,BR043,Savings,2026-05-27,62249.97,Active
ACC00378,CUST04857,BR020,Salary,2025-04-05,50272.37,Closed
ACC11991,CUST04478,BR029,Current,2023-09-25,37904.37,Active
ACC01961,CUST03752,BR047,Savings,2026-06-14,16311.29,Active
ACC08253,CUST06656,BR000,Savings,2025-06-26,5423.61,Active
ACC01702,CUST01834,BR049,Salary,2026-04-26,24329.93,Closed
ACC02829,CUST01446,BR024,Savings,2024-12-01,81551.36,Active
ACC10039,CUST01843,BR044,Savings,2025-03-03,64368.04,Active
ACC07005,CUST00763,BR031,Savings,2025-08-02,50233.2,Dormant
ACC01095,CUST06150,BR005,Current,2023-10-23,35845.69,Dormant
ACC10866,CUST04821,BR029,Current,2024-09-05,96331.46,Closed
ACC04118,CUST07221,BR023,Current,2026-02-19,64799.24,Active
ACC08820,CUST00531,BR046,Current,2026-05-02,95891.52,Active
ACC01611,CUST09084,BR000,Salary,2024-01-29,66916.16,Closed
ACC11641,CUST02637,BR032,Current,2024-12-16,70049.91,Dormant
ACC08965,CUST09182,BR016,Savings,2024-10-24,42028.24,Closed
ACC06008,CUST09314,BR001,Current,2026-01-18,51021.84,Dormant
ACC00383,CUST09414,BR005,Salary,2026-09-05,58901.08,Active
ACC04444,CUST06712,BR000,Salary,2024-04-19,85745.88,Closed
ACC06122,CUST05477,BR005,Current,2023-10-19,23266.5,Closed
ACC01733,CUST04304,BR030,Current,2024-02-15,63169.5,Active
ACC06765,CUST08553,BR025,Savings,2026-01-26,54907.15,Closed
ACC08542,CUST01556,BR034,Current,2023-10-06,50047.62,Closed
ACC02705,CUST00913,BR004,Current,2025-08-02,3090.25,Closed
ACC01092,CUST02713,BR046,Current,2026-08-28,96910.37,Closed
ACC11695,CUST99999,BR046,Salary,2025-03-14,51761.12,Closed
ACC09594,CUST07580,BR012,Current,2025-05-14,51494.48,Dormant
ACC05807,CUST07546,BR008,Salary,2026-03-28,35878.72,Dormant
ACC06831,CUST04149,BR045,Current,2024-04-21,59227.07,Active
ACC03524,CUST02124,BR005,Current,2025-07-05,66377.82,Active
ACC11460,CUST05802,BR009,Savings,2024-04-11,26559.86,Dormant
ACC03315,CUST06315,BR027,Savings,2026-01-22,18004.33,Active
ACC04483,CUST00763,BR049,Current,2025-11-19,85071.31,Active
ACC03716,CUST07383,BR021,Salary,2024-11-24,50939.74,Dormant
ACC09390,CUST04582,BR005,Current,2024-03-07,4092.96,Dormant
ACC09342,CUST01151,BR038,Current,2024-10-17,59779.56,Dormant
ACC07584,CUST05984,BR000,Savings,2026-02-25,21642.45,Active
ACC02225,CUST08163,BR001,Current,2025-12-03,5892.98,Active
ACC10158,CUST07837,BR040,Current,2024-03-14,1973.81,Dormant
ACC00864,CUST09661,BR015,Savings,2025-12-11,16099.74,Dormant
ACC10243,CUST02755,BR012,Current,2025-07-11,18069.43,Dormant
ACC00263,CUST07516,BR049,Savings,2026-06-20,826.47,Dormant
ACC02480,CUST07525,BR049,Salary,2025-01-08,37608.62,Active
ACC10744,CUST06644,BR041,Salary,2024-01-08,86342.63,Dormant
ACC11210,CUST99999,BR000,Savings,2026-03-17,4070.83,Closed
ACC02694,CUST06110,BR049,Current,2026-09-03,96664.93,Dormant
ACC05615,CUST04923,BR011,Current,2024-05-24,54487.46,Active
ACC05381,CUST02739,BR028,Savings,2025-05-13,64435.92,Active
ACC04859,CUST07518,BR024,Current,2023-11-09,29479.23,Closed
ACC10637,CUST05582,BR044,Current,2025-04-18,90777.07,Closed
ACC04031,CUST05046,BR036,Current,2024-01-03,40784.13,Closed
ACC09821,CUST06046,BR016,Current,2026-05-13,22589.48,Closed
ACC08215,CUST03688,BR032,Current,2026-04-29,96799.86,Closed
ACC10684,CUST06820,BR041,Current,2024-10-29,50377.57,Dormant
ACC02584,CUST09583,BR041,Current,2026-06-15,8437.7,Dormant
ACC05553,CUST00895,BR048,Current,2026-06-20,20927.71,Dormant
ACC03159,CUST01009,BR017,Salary,2025-07-09,60846.84,Closed
ACC04848,CUST06670,BR014,Salary,2024-02-13,68848.73,Closed
ACC00201,CUST07698,BR042,Salary,2024-05-22,66816.43,Closed
ACC01281,CUST02030,BR033,Current,2024-12-10,9629.31,Active
ACC01038,CUST02842,BR010,Salary,2026-06-17,92173.39,Dormant
ACC10061,CUST02402,BR003,Salary,2025-01-26,48900.13,Closed
ACC03301,CUST08679,BR027,Salary,2026-01-30,40868.2,Dormant
ACC09692,CUST03347,BR030,Salary,2024-03-08,43636.69,Dormant
ACC01150,CUST09733,BR030,Savings,2025-04-16,12270.74,Active
ACC07312,CUST05287,BR014,Current,2025-12-26,72995.52,Closed
ACC04659,CUST07617,BR007,Savings,2025-09-08,24174.7,Active
ACC11693,CUST01416,BR022,Savings,2023-12-05,25846.33,Dormant
ACC00882,CUST02861,BR025,Salary,2024-06-22,25458.57,Active
ACC06912,CUST01904,BR002,Current,2026-04-15,53781.52,Active
ACC08891,CUST03374,BR011,Savings,2024-03-26,93785.64,Dormant
ACC11363,CUST07879,BR033,Savings,2025-05-19,42110.03,Dormant
ACC03531,CUST02876,BR005,Current,2026-02-10,21631.77,Active
ACC07925,CUST02178,BR001,Current,2023-10-01,53456.73,Dormant
ACC11409,CUST00359,BR017,Savings,2025-04-17,73440.54,Dormant
ACC05401,CUST01474,BR010,Salary,2026-07-17,10812.26,Closed
ACC00140,CUST08672,BR038,Current,2026-03-23,56330.68,Active
ACC04567,CUST04564,BR009,Current,2024-08-12,2091.72,Closed
ACC00032,CUST01474,BR049,Current,2024-05-14,-23111.19,Dormant
ACC09872,CUST03591,BR042,Salary,2024-04-24,56354.83,Active
ACC09012,CUST05554,BR011,Salary,2026-07-01,16682.01,Dormant
ACC07682,CUST03476,BR029,Current,2024-10-20,72600.02,Closed
ACC04566,CUST07633,BR042,Current,2024-10-04,78644.31,Active
ACC10109,CUST00366,BR043,Current,2025-07-30,58982.84,Dormant
ACC07797,CUST08972,BR027,Savings,2024-04-19,62079.57,Active
ACC09217,CUST04285,BR017,Salary,2026-03-19,1730.93,Closed
ACC07054,CUST08947,BR049,Salary,2024-12-15,58621.92,Dormant
ACC04687,CUST00974,BR048,Current,2025-10-05,6202.65,Active
ACC02430,CUST00805,BR000,Salary,2025-01-15,99463.85,Active
ACC02322,CUST06033,BR015,Current,2025-01-17,33740.8,Dormant
ACC11257,CUST08846,BR049,Current,2024-10-12,91374.37,Closed
ACC00006,CUST00580,BR014,Savings,2024-04-12,73016.22,Closed
ACC04996,CUST01667,BR015,Savings,2024-12-25,50138.86,Active
ACC07172,CUST06338,BR043,Savings,2025-09-22,54818.91,Closed
ACC03903,CUST01263,BR009,Salary,2025-10-14,20204.28,Dormant
ACC07720,CUST03213,BR046,Savings,2026-08-16,16591.73,Dormant
ACC02258,CUST01467,BR008,Savings,2024-11-23,37367.67,Dormant
ACC10362,CUST06253,BR008,Salary,2026-01-26,84974.71,Dormant
ACC01747,CUST05848,BR018,Savings,2026-02-25,39598.69,Dormant
ACC05068,CUST04225,BR008,Savings,2024-06-10,86991.22,Active
ACC04921,CUST03755,BR048,Salary,2026-06-22,92463.44,Active
ACC04097,CUST08386,BR043,Salary,2023-10-19,71745.31,Closed
ACC06957,CUST09238,BR010,Current,2026-03-06,48842.05,Closed
ACC02413,CUST06827,BR022,Savings,2025-11-07,45339.38,Active
ACC07263,CUST00039,BR002,Savings,2024-01-22,99231.53,Dormant
ACC09980,CUST03031,BR003,Salary,2026-03-04,1194.54,Closed
ACC09132,CUST08754,BR025,Salary,2024-04-21,79985.93,Closed
ACC05995,CUST05927,BR021,Savings,2025-03-29,2318.41,Active
ACC08503,CUST00792,BR026,Current,2024-08-22,90687.54,Closed
ACC08426,CUST00430,BR014,Salary,2023-10-14,29889.06,Active
ACC01801,CUST05126,BR011,Savings,2024-01-18,56781.93,Closed
ACC04196,CUST05229,BR001,Savings,2024-12-28,23620.59,Active
ACC01634,CUST08921,BR037,Current,2026-07-03,15151.82,Dormant
ACC01198,CUST09474,BR043,Salary,2025-01-12,36701.41,Closed
ACC00318,CUST09295,BR027,Current,2025-01-08,31460.09,Dormant
ACC03277,CUST05677,BR043,Savings,2025-09-22,46287.45,Dormant
ACC06482,CUST99999,BR003,Savings,2024-06-29,33016.2,Active
ACC10643,CUST01075,BR017,Savings,2026-05-24,64043.1,Active
ACC11802,CUST04967,BR006,Current,2024-03-20,21395.86,Dormant
ACC10629,CUST09504,BR021,Salary,2025-07-13,13580.06,Dormant
ACC10343,CUST00336,BR027,Current,2023-12-19,27328.15,Dormant
ACC04888,CUST07519,BR007,Salary,2026-08-15,58412.08,Dormant
ACC05692,CUST07039,BR009,Savings,2025-03-06,88921.25,Active
ACC10830,CUST02007,BR014,Salary,2026-05-14,90622.04,Closed
ACC03406,CUST07854,BR035,Salary,2025-12-06,83622.88,Dormant
ACC09133,CUST99999,BR034,Salary,2025-03-25,67936.37,Dormant
ACC01698,CUST06373,BR025,Savings,2025-05-30,32964.41,Active
ACC11600,CUST04223,BR002,Savings,2025-12-23,43793.32,Closed
ACC03209,CUST07325,BR032,Savings,2024-07-08,45716.27,Dormant
ACC09766,CUST01945,BR018,Savings,2025-02-18,24057.44,Active
ACC05863,CUST08905,BR006,Savings,2026-02-18,91352.27,Closed
ACC04717,CUST08321,BR026,Salary,2023-09-30,77532.24,Closed
ACC10374,CUST03813,BR035,Salary,2024-03-16,23600.84,Closed
ACC09815,CUST08083,BR002,Salary,2024-06-01,77656.82,Dormant
ACC01755,CUST00452,BR008,Savings,2026-05-10,78666.01,Active
ACC07660,CUST09772,BR003,Current,2026-05-26,4735.79,Active
ACC07103,CUST05862,BR018,Savings,2025-12-08,78254.9,Dormant
ACC10144,CUST00223,BR044,Salary,2026-04-20,21217.41,Dormant
ACC04796,CUST09313,BR009,Current,2023-09-23,2675.42,Dormant
ACC03214,CUST08277,BR010,Current,2023-09-19,35636.74,Active
ACC08602,CUST06887,BR024,Current,2024-06-27,42609.42,Active
ACC10538,CUST09432,BR042,Savings,2026-05-31,77070.38,Dormant
ACC11689,CUST05614,BR012,Savings,2025-04-15,66813.38,Closed
ACC10908,CUST05359,BR032,Current,2025-08-01,60320.19,Dormant
ACC00464,CUST00785,BR029,Savings,2026-07-15,19698.42,Dormant
ACC01934,CUST07234,BR039,Savings,2024-03-20,12498.33,Active
ACC06743,CUST09384,BR007,Salary,2024-11-03,93508.74,Closed
ACC11392,CUST07758,BR046,Savings,2024-08-04,53008.22,Dormant
ACC02208,CUST08922,BR017,Current,2024-04-11,62101.49,Dormant
ACC03428,CUST09558,BR004,Current,2024-03-10,64608.33,Active
ACC04731,CUST04137,BR016,Savings,2024-02-15,54710.63,Active
ACC04051,CUST05429,BR027,Salary,2026-08-05,95839.32,Dormant
ACC10920,CUST00475,BR038,Current,2023-11-08,78392.03,Active
ACC11746,CUST03310,BR006,Savings,2025-09-22,28539.62,Active
ACC07780,CUST00316,BR019,Savings,2025-04-25,60697.67,Closed
ACC03605,CUST01259,BR007,Salary,2025-02-23,18469.95,Closed
ACC06758,CUST04414,BR029,Savings,2026-03-24,10358.16,Closed
ACC03177,CUST08420,BR037,Current,2025-06-12,69631.52,Dormant
ACC05252,CUST02441,BR006,Savings,2025-09-15,76570.94,Active
ACC10475,CUST01352,BR037,Salary,2026-06-16,80856.18,Dormant
ACC04636,CUST99999,BR012,Salary,2024-12-08,90196.23,Dormant
ACC08277,CUST08193,BR018,Current,2024-01-22,99286.76,Active
ACC06509,CUST05244,BR008,Current,2026-06-26,99509.78,Closed
ACC08192,CUST00559,BR012,Savings,2025-04-06,67560.78,Active
ACC02280,CUST03072,BR023,Salary,2026-04-06,71072.32,Active
ACC05605,CUST06422,BR001,Savings,2026-02-15,93824.92,Closed
ACC08208,CUST01157,BR018,Savings,2026-08-28,55679.5,Active
ACC05149,CUST99999,BR023,Savings,2024-07-21,25153.17,Closed
ACC00572,CUST01941,BR002,Current,2024-01-18,33459.5,Dormant
ACC02392,CUST06384,BR001,Savings,2024-11-30,77133.62,Dormant
ACC04225,CUST06612,BR004,Current,2026-07-15,49790.29,Closed
ACC06413,CUST02507,BR030,Current,2024-06-29,14057.74,Dormant
ACC04709,CUST08375,BR016,Savings,2025-07-06,10885.5,Closed
ACC05560,CUST03263,BR009,Savings,2024-10-03,57485.96,Closed
ACC11864,CUST04679,BR046,Current,2024-04-18,73119.36,Dormant
ACC01884,CUST04429,BR022,Current,2026-07-03,72646.76,Closed
ACC02142,CUST01120,BR046,Savings,2026-06-07,95411.17,Closed
ACC05588,CUST07504,BR017,Salary,2024-08-31,84462.0,Active
ACC07191,CUST08119,BR026,Salary,2026-01-18,76778.84,Closed
ACC07009,CUST04729,BR038,Current,2024-03-09,81712.61,Active
ACC05925,CUST04901,BR039,Salary,2024-02-21,76866.73,Dormant
ACC00627,CUST01663,BR033,Current,2025-11-01,39525.91,Dormant
ACC04291,CUST02571,BR004,Salary,2026-08-27,59269.2,Dormant
ACC00185,CUST00260,BR033,Salary,2025-03-25,29282.07,Closed
ACC01356,CUST07541,BR047,Current,2026-05-27,64741.15,Dormant
ACC02290,CUST05270,BR021,Current,2026-06-16,11396.99,Active
ACC07025,CUST03153,BR034,Salary,2026-03-11,39459.15,Dormant
ACC01103,CUST00341,BR006,Current,2026-01-13,66209.44,Closed
ACC07715,CUST02987,BR000,Savings,2026-03-11,65594.05,Active
ACC06677,CUST09221,BR037,Salary,2023-10-16,88191.57,Active
ACC02091,CUST05957,BR020,Current,2025-10-20,69133.38,Closed
ACC11936,CUST09694,BR010,Savings,2025-12-12,64996.07,Dormant
ACC04897,CUST06236,BR012,Current,2024-05-13,5790.74,Active
ACC03092,CUST06175,BR017,Salary,2024-01-06,45546.63,Active
ACC05992,CUST08035,BR026,Current,2025-06-21,48507.38,Dormant
ACC08397,CUST02925,BR028,Current,2026-02-03,34992.25,Dormant
ACC04496,CUST01347,BR010,Salary,2024-06-04,88428.14,Closed
ACC03278,CUST00098,BR047,Current,2026-03-01,42198.31,Active
ACC06505,CUST02601,BR023,Current,2026-01-10,39269.93,Active
ACC08283,CUST00096,BR026,Savings,2024-02-25,79688.6,Dormant
ACC04009,CUST01257,BR014,Current,2026-01-19,66944.3,Closed
ACC01316,CUST05836,BR026,Salary,2024-01-27,64552.03,Dormant
ACC01629,CUST01279,BR017,Current,2023-11-25,31229.76,Dormant
ACC01174,CUST05871,BR027,Salary,2025-02-05,52317.04,Active
ACC11091,CUST04931,BR046,Salary,2023-09-27,82748.56,Active
ACC01484,CUST06293,BR040,Current,2025-08-20,11336.35,Active
ACC08024,CUST00092,BR013,Salary,2025-03-24,28726.95,Dormant
ACC09303,CUST01803,BR001,Salary,2023-09-25,27668.75,Active
ACC05261,CUST04135,BR047,Salary,2026-06-02,22126.21,Active
ACC09819,CUST00588,BR011,Salary,2025-06-14,98343.59,Dormant
ACC07708,CUST09125,BR009,Savings,2026-06-21,6400.49,Closed
ACC05682,CUST06503,BR019,Current,2025-11-27,75675.59,Dormant
ACC11024,CUST08276,BR030,Salary,2023-11-01,81334.3,Active
ACC01375,CUST02018,BR025,Savings,2025-06-04,10039.03,Closed
ACC06041,CUST02038,BR047,Savings,2025-02-09,29327.69,Dormant
ACC09255,CUST08881,BR009,Current,2025-07-06,37013.25,Active
ACC10973,CUST02772,BR010,Current,2023-10-20,88939.54,Active
ACC00096,CUST01389,BR024,Current,2026-01-21,67453.78,Closed
ACC07673,CUST08413,BR027,Salary,2025-09-17,84048.56,Closed
ACC00084,CUST01542,BR039,Current,2023-12-28,9961.83,Dormant
ACC07984,CUST02419,BR044,Salary,2023-09-20,59938.58,Dormant
ACC00817,CUST01764,BR005,Current,2025-08-30,93662.71,Dormant
ACC05350,CUST09052,BR041,Current,2026-04-08,27947.09,Dormant
ACC05666,CUST03052,BR000,Salary,2026-04-20,30373.12,Dormant
ACC02804,CUST00386,BR030,Salary,2026-06-30,47377.86,Dormant
ACC05832,CUST05812,BR003,Savings,2026-09-06,81110.24,Dormant
ACC05634,CUST07439,BR008,Savings,2025-06-08,73493.73,Closed
ACC11002,CUST03801,BR007,Current,2024-11-15,88813.85,Active
ACC00711,CUST03753,BR003,Salary,2025-08-26,48820.67,Active
ACC03464,CUST07647,BR013,Salary,2024-04-08,80302.26,Active
ACC03620,CUST03399,BR000,Salary,2026-08-13,75488.1,Dormant
ACC04980,CUST00648,BR045,Savings,2025-01-11,86661.66,Active
ACC02758,CUST07529,BR006,Salary,2025-09-11,74718.8,Active
ACC10157,CUST08242,BR002,Salary,2025-04-14,2115.78,Dormant
ACC06072,CUST08562,BR020,Current,2024-11-27,14532.49,Active
ACC07157,CUST03361,BR016,Savings,2025-01-24,45671.63,Active
ACC10873,CUST01733,BR048,Savings,2025-04-03,93341.45,Closed
ACC09699,CUST01374,BR021,Salary,2025-07-17,51327.6,Active
ACC10026,CUST08803,BR028,Savings,2024-04-17,14904.37,Closed
ACC03244,CUST00540,BR016,Savings,2024-11-17,42735.41,Dormant
ACC10135,CUST09839,BR025,Savings,2024-06-18,52431.96,Active
ACC02245,CUST03010,BR021,Savings,2025-07-12,91861.76,Active
ACC08830,CUST09256,BR030,Salary,2026-07-03,33781.07,Dormant
ACC00851,CUST06181,BR030,Savings,2023-10-05,-84174.38,Active
ACC03789,CUST02900,BR026,Current,2026-08-01,89729.85,Dormant
ACC07372,CUST03791,BR024,Savings,2024-03-02,46226.95,Dormant
ACC02469,CUST06380,BR041,Current,2025-04-21,28001.16,Active
ACC07617,CUST01163,BR022,Savings,2026-05-05,55531.8,Active
ACC11885,CUST08196,BR042,Savings,2025-04-19,32263.29,Dormant
ACC01385,CUST02181,BR021,Savings,2025-12-22,47005.55,Dormant
ACC09170,CUST06939,BR046,Current,2025-01-13,90729.84,Active
ACC03273,CUST05572,BR034,Savings,2025-04-16,88996.77,Dormant
ACC04236,CUST04954,BR026,Savings,2024-10-11,43044.28,Dormant
ACC05711,CUST02618,BR033,Savings,2026-02-22,34543.29,Closed
ACC01336,CUST06346,BR010,Current,2024-04-14,38458.75,Dormant
ACC02962,CUST03614,BR015,Current,2024-09-24,71510.38,Dormant
ACC08240,CUST02467,BR014,Salary,2025-12-25,38020.64,Dormant
ACC03440,CUST03421,BR047,Salary,2024-04-10,65737.28,Closed
ACC05147,CUST02888,BR001,Savings,2026-08-16,99882.23,Dormant
ACC09142,CUST00637,BR046,Savings,2023-12-02,4144.61,Dormant
ACC06059,CUST04887,BR040,Current,2026-06-13,34208.25,Dormant
ACC03168,CUST00439,BR006,Salary,2025-03-11,34532.37,Closed
ACC06913,CUST06334,BR035,Salary,2026-02-13,95346.55,Dormant
ACC10025,CUST04915,BR010,Current,2023-10-22,57869.95,Dormant
ACC10481,CUST04911,BR004,Savings,2026-03-10,78220.97,Active
ACC02076,CUST07252,BR015,Savings,2025-03-16,94008.4,Active
ACC03304,CUST08338,BR028,Salary,2026-06-09,89893.11,Dormant
ACC00959,CUST06283,BR025,Current,2024-08-01,29049.03,Active
ACC04105,CUST07966,BR041,Salary,2025-12-09,3446.98,Active
ACC11324,CUST05274,BR005,Savings,2026-08-01,78424.38,Active
ACC00012,CUST06472,BR047,Current,2025-06-25,5288.56,Dormant
ACC05130,CUST08333,BR021,Salary,2023-09-28,37760.36,Active
ACC03996,CUST09815,BR009,Savings,2024-01-28,29463.18,Closed
ACC03987,CUST06496,BR005,Current,2026-08-09,92728.61,Dormant
ACC03093,CUST07378,BR038,Savings,2024-12-16,13017.23,Active
ACC07237,CUST06205,BR031,Salary,2023-10-17,21797.0,Closed
ACC06016,CUST05141,BR035,Savings,2024-06-09,49016.97,Closed
ACC00173,CUST05090,BR000,Salary,2024-07-13,93951.64,Dormant
ACC11801,CUST02978,BR000,Current,2024-01-18,58707.51,Active
ACC01781,CUST04048,BR017,Savings,2026-03-19,25346.78,Dormant
ACC10512,CUST03608,BR036,Savings,2025-01-04,76802.45,Dormant
ACC03938,CUST02044,BR027,Current,2025-08-21,18997.83,Closed
ACC10913,CUST05849,BR023,Salary,2025-12-03,60436.73,Dormant
ACC04392,CUST09499,BR031,Current,2025-06-27,12940.04,Closed
ACC07413,CUST07085,BR030,Savings,2026-08-22,37898.78,Active
ACC11843,CUST03658,BR046,Savings,2024-08-09,74661.9,Dormant
ACC04425,CUST05690,BR005,Current,2024-02-11,87530.8,Dormant
ACC04702,CUST01447,BR005,Savings,2024-01-23,23037.11,Closed
ACC08753,CUST05582,BR018,Savings,2026-07-22,90890.21,Active
ACC08494,CUST06701,BR038,Savings,2026-01-16,69293.42,Active
ACC02601,CUST01782,BR006,Current,2025-05-17,41442.75,Active
ACC08011,CUST04239,BR032,Current,2024-01-23,59264.48,Closed
ACC00360,CUST04177,BR019,Current,2024-12-18,52753.32,Dormant
ACC10887,CUST07318,BR014,Salary,2025-05-05,4685.78,Active
ACC03202,CUST07104,BR016,Current,2025-03-22,95455.38,Dormant
ACC05626,CUST00503,BR035,Current,2024-01-20,17595.14,Dormant
ACC09654,CUST03869,BR015,Current,2024-07-17,73488.15,Closed
ACC06841,CUST05216,BR046,Current,2025-01-14,1292.08,Closed
ACC10011,CUST08204,BR036,Current,2024-03-14,21651.03,Active
ACC11087,CUST06605,BR017,Savings,2023-10-02,31420.44,Closed
ACC01703,CUST09746,BR046,Savings,2025-08-23,524.41,Closed
ACC07537,CUST06849,BR040,Savings,2026-01-13,57527.31,Active
ACC08022,CUST01926,BR014,Current,2024-02-04,16172.11,Closed
ACC06766,CUST08982,BR048,Savings,2023-10-12,77423.6,Closed
ACC11401,CUST03163,BR031,Salary,2026-05-09,17267.52,Dormant
ACC08988,CUST01177,BR049,Current,2025-10-31,96411.83,Closed
ACC07068,CUST09077,BR014,Salary,2026-03-21,67662.85,Dormant
ACC00453,CUST02817,BR033,Current,2025-06-01,2394.38,Active
ACC10750,CUST00660,BR026,Current,2025-03-21,25575.88,Closed
ACC03905,CUST08004,BR043,Current,2026-01-05,49039.43,Active
ACC03486,CUST06708,BR028,Current,2025-12-22,84093.75,Active
ACC07781,CUST00732,BR036,Salary,2025-05-04,61142.02,Active
ACC03899,CUST07399,BR006,Salary,2024-09-19,80695.39,Active
ACC06007,CUST01103,BR017,Savings,2024-09-09,37827.41,Closed
ACC01228,CUST03997,BR000,Current,2024-04-22,96440.48,Dormant
ACC02855,CUST06214,BR016,Savings,2023-11-20,29187.89,Dormant
ACC02736,CUST06274,BR038,Salary,2025-08-18,36565.9,Dormant
ACC11075,CUST09926,BR018,Savings,2026-05-06,75826.56,Closed
ACC02548,CUST06356,BR006,Current,2024-10-11,54965.06,Active
ACC11083,CUST01771,BR036,Salary,2024-02-20,56079.88,Closed
ACC06676,CUST09325,BR012,Savings,2026-06-23,48464.46,Dormant
ACC10032,CUST06868,BR026,Current,2024-11-22,21630.74,Dormant
ACC03439,CUST03346,BR019,Salary,2026-03-23,80840.48,Closed
ACC01799,CUST01598,BR020,Savings,2024-02-16,24152.94,Closed
ACC02963,CUST07572,BR044,Savings,2025-10-23,28676.74,Closed
ACC01337,CUST06131,BR044,Salary,2024-08-24,13208.74,Active
ACC07209,CUST00086,BR034,Current,2026-04-06,88990.92,Closed
ACC05471,CUST07281,BR033,Savings,2024-10-21,63773.13,Active
ACC00938,CUST01181,BR005,Savings,2026-01-22,40166.58,Closed
ACC04990,CUST04403,BR000,Savings,2026-01-08,29685.69,Closed
ACC02696,CUST01600,BR029,Current,2025-09-09,79556.15,Closed
ACC10439,CUST09726,BR027,Savings,2025-01-07,91989.48,Dormant
ACC07173,CUST04131,BR005,Current,2025-09-15,91122.76,Active
ACC10728,CUST09711,BR043,Savings,2024-11-06,47010.53,Active
ACC01247,CUST01088,BR027,Savings,2025-08-25,72400.78,Dormant
ACC10720,CUST02433,BR005,Savings,2025-07-01,25875.31,Closed
ACC11548,CUST05050,BR048,Current,2026-08-18,21513.56,Closed
ACC06658,CUST09013,BR039,Salary,2024-09-19,52527.62,Closed
ACC04893,CUST00707,BR027,Current,2024-03-02,97353.49,Closed
ACC01829,CUST00192,BR046,Savings,2026-07-28,86272.48,Closed
ACC10960,CUST04016,BR028,Savings,2025-04-03,32504.69,Active
ACC01821,CUST02867,BR008,Savings,2023-11-29,29176.19,Active
ACC08187,CUST00577,BR027,Savings,2025-08-29,68438.45,Closed
ACC02687,CUST06587,BR042,Salary,2024-04-03,15501.76,Dormant
ACC11633,CUST04152,BR045,Current,2024-05-03,31731.1,Closed
ACC11446,CUST01239,BR046,Salary,2024-09-15,77945.57,Closed
ACC01566,CUST07826,BR011,Salary,2024-02-16,45576.94,Dormant
ACC05029,CUST05901,BR009,Salary,2024-02-21,61717.3,Closed
ACC11134,CUST09272,BR016,Current,2026-03-05,48036.12,Active
ACC10127,CUST00031,BR033,Savings,2024-10-12,7725.84,Active
ACC02233,CUST08402,BR046,Savings,2024-01-02,94167.43,Dormant
ACC02579,CUST04863,BR030,Salary,2024-05-11,13275.33,Closed
ACC07717,CUST09857,BR016,Current,2025-11-24,14378.27,Closed
ACC10929,CUST02644,BR008,Current,2026-04-18,96218.85,Closed
ACC06889,CUST04391,BR038,Savings,2023-10-02,51354.93,Closed
ACC11004,CUST09808,BR041,Current,2024-05-31,16409.75,Active
ACC11085,CUST05986,BR032,Salary,2025-01-23,66164.73,Closed
ACC01258,CUST03089,BR014,Salary,2024-05-11,42879.62,Dormant
ACC02533,CUST04804,BR012,Salary,2024-03-16,32586.64,Dormant
ACC00296,CUST00935,BR010,Salary,2025-05-23,83684.16,Closed
ACC11671,CUST01973,BR035,Current,2024-05-20,23037.8,Dormant
ACC04469,CUST01133,BR018,Savings,2024-04-04,87204.68,Dormant
ACC05100,CUST05638,BR048,Salary,2026-01-15,14275.38,Active
ACC04703,CUST08235,BR011,Savings,2024-03-28,23654.17,Closed
ACC11191,CUST06559,BR001,Savings,2026-04-10,27462.33,Closed
ACC09619,CUST02656,BR032,Salary,2023-09-30,87846.2,Dormant
ACC08658,CUST04955,BR011,Savings,2024-03-11,35848.07,Active
ACC01474,CUST02932,BR000,Salary,2026-03-19,94224.11,Closed
ACC07222,CUST01020,BR027,Current,2024-09-12,69217.73,Active
ACC10356,CUST00191,BR010,Savings,2026-08-20,54893.5,Dormant
ACC05867,CUST03060,BR033,Current,2025-04-16,84171.86,Closed
ACC11037,CUST09303,BR022,Current,2025-05-07,88229.8,Closed
ACC06078,CUST08271,BR011,Current,2025-02-14,9728.16,Closed
ACC03336,CUST06307,BR027,Savings,2024-03-07,22869.29,Active
ACC01270,CUST07175,BR026,Salary,2024-07-14,41144.53,Active
ACC03289,CUST08100,BR022,Salary,2026-03-19,73045.71,Active
ACC01135,CUST01275,BR024,Current,2023-09-12,60259.54,Active
ACC02761,CUST07410,BR000,Salary,2025-06-05,69014.14,Active
ACC07386,CUST09055,BR002,Salary,2025-01-27,69732.16,Closed
ACC02085,CUST03604,BR035,Salary,2025-07-23,60685.41,Dormant
ACC01390,CUST02258,BR040,Savings,2026-07-16,79288.75,Closed
ACC11382,CUST09633,BR046,Salary,2024-06-24,76053.36,Active
ACC07957,CUST01744,BR043,Savings,2026-03-18,59915.66,Dormant
ACC09449,CUST06007,BR038,Current,2023-11-16,59527.38,Closed
ACC02071,CUST06352,BR010,Current,2024-10-06,43556.26,Active
ACC05429,CUST07513,BR047,Salary,2025-10-02,78875.0,Dormant
ACC10842,CUST00040,BR014,Current,2025-09-15,938.81,Active
ACC02892,CUST09618,BR032,Current,2024-01-30,25075.41,Closed
ACC02924,CUST00042,BR013,Salary,2026-01-13,21434.97,Closed
ACC09593,CUST02770,BR010,Savings,2023-09-18,78238.17,Dormant
ACC07586,CUST09577,BR032,Savings,2026-04-18,24842.15,Closed
ACC09763,CUST03484,BR005,Savings,2024-08-22,12959.98,Active
ACC00255,CUST06075,BR023,Savings,2026-06-28,21380.65,Dormant
ACC03762,CUST03650,BR042,Current,2025-11-03,54915.25,Dormant
ACC10147,CUST04244,BR009,Savings,2023-10-21,66705.44,Dormant
ACC04665,CUST09816,BR049,Salary,2023-12-28,34984.93,Dormant
ACC06384,CUST06041,BR036,Current,2025-09-05,36846.08,Dormant
ACC08313,CUST02510,BR023,Current,2025-02-11,12455.41,Dormant
ACC07121,CUST04878,BR015,Current,2025-11-24,33482.43,Dormant
ACC10694,CUST03515,BR043,Current,2025-08-11,94608.23,Active
ACC04850,CUST03123,BR042,Salary,2026-06-05,43829.87,Closed
ACC07136,CUST08194,BR031,Current,2024-07-27,55821.87,Active
ACC09987,CUST03214,BR005,Current,2025-06-17,74751.46,Dormant
ACC10600,CUST08032,BR033,Current,2024-08-14,41046.45,Closed
ACC05636,CUST00812,BR031,Current,2024-04-17,16720.19,Dormant
ACC00589,CUST07405,BR049,Savings,2025-09-16,18532.21,Active
ACC04825,CUST09759,BR019,Salary,2025-06-06,60966.96,Active
ACC01523,CUST06233,BR018,Salary,2025-07-08,66127.61,Dormant
ACC04891,CUST00681,BR007,Current,2026-06-12,98280.14,Dormant
ACC04743,CUST05743,BR044,Savings,2026-03-23,26302.81,Active
ACC03390,CUST02146,BR015,Savings,2024-07-24,82412.03,Closed
ACC09651,CUST01643,BR045,Salary,2025-08-07,38068.95,Closed
ACC05338,CUST07938,BR000,Current,2026-04-26,38029.43,Dormant
ACC03711,CUST06093,BR014,Salary,2024-09-28,61864.23,Closed
ACC01830,CUST06751,BR044,Salary,2025-05-01,66281.54,Closed
ACC05416,CUST05503,BR033,Current,2025-10-04,9859.47,Dormant
ACC11252,CUST04578,BR049,Salary,2026-03-21,27454.07,Active
ACC03532,CUST02932,BR023,Savings,2025-03-06,13018.84,Active
ACC00972,CUST05238,BR040,Current,2026-08-14,81711.01,Closed
ACC05008,CUST07879,BR002,Current,2025-02-05,82274.07,Dormant
ACC00460,CUST02996,BR026,Salary,2023-10-17,83458.02,Active
ACC01785,CUST06732,BR009,Savings,2026-02-26,15973.37,Closed
ACC10524,CUST05866,BR005,Savings,2025-11-21,74113.5,Dormant
ACC11286,CUST04548,BR046,Current,2026-05-31,57531.11,Closed
ACC01251,CUST04528,BR019,Current,2024-10-09,3173.22,Active
ACC06864,CUST06147,BR013,Savings,2026-03-23,5750.79,Dormant
ACC01026,CUST05048,BR046,Current,2024-08-29,57401.29,Dormant
ACC04644,CUST09172,BR041,Current,2025-02-11,32668.44,Closed
ACC02013,CUST00759,BR006,Savings,2024-06-25,90422.32,Active
ACC04594,CUST99999,BR049,Current,2024-11-12,77586.84,Dormant
ACC05016,CUST04601,BR015,Savings,2024-03-04,21635.63,Active
ACC02890,CUST02259,BR008,Current,2025-08-07,24335.36,Active
ACC03529,CUST00626,BR019,Salary,2024-07-26,16997.54,Dormant
ACC03077,CUST05191,BR024,Current,2023-11-20,12096.14,Active
ACC03559,CUST03864,BR028,Salary,2026-07-25,9835.98,Active
ACC03104,CUST04110,BR048,Current,2026-08-14,75811.56,Closed
ACC08613,CUST07793,BR040,Savings,2024-01-05,27023.32,Active
ACC07616,CUST07967,BR004,Current,2024-12-05,92767.84,Closed
ACC07795,CUST01336,BR043,Savings,2025-10-12,80530.86,Active
ACC10187,CUST01900,BR022,Current,2024-02-13,47457.53,Dormant
ACC04252,CUST01248,BR017,Salary,2026-02-22,7608.31,Closed
ACC01897,CUST02132,BR019,Current,2023-11-15,41987.36,Dormant
ACC04615,CUST05946,BR048,Salary,2025-06-20,95824.43,Closed
ACC02918,CUST03983,BR043,Current,2026-08-24,9204.93,Dormant
ACC04247,CUST09070,BR034,Current,2025-03-07,99712.99,Active
ACC10850,CUST02148,BR043,Savings,2024-06-01,45815.61,Closed
ACC04682,CUST09519,BR002,Salary,2025-08-19,51021.52,Dormant
ACC06441,CUST02703,BR019,Savings,2026-06-01,9786.15,Closed
ACC03727,CUST08686,BR034,Salary,2024-12-11,27850.13,Dormant
ACC07670,CUST00611,BR003,Savings,2024-05-26,71838.52,Active
ACC06697,CUST01063,BR018,Current,2024-04-25,-91981.27,Dormant
ACC07178,CUST09864,BR030,Savings,2024-05-07,47201.37,Closed
ACC02739,CUST04115,BR011,Salary,2026-01-24,88388.62,Active
ACC07175,CUST01569,BR025,Savings,2026-06-07,95833.23,Dormant
ACC11472,CUST07720,BR008,Current,2026-06-28,87476.48,Dormant
ACC09876,CUST04202,BR032,Savings,2026-06-05,20114.31,Closed
ACC06986,CUST08438,BR035,Current,2025-11-11,99253.22,Closed
ACC01857,CUST05397,BR043,Salary,2026-09-04,96120.38,Dormant
ACC05534,CUST02381,BR010,Current,2025-03-23,74582.98,Dormant
ACC04387,CUST08406,BR026,Savings,2024-05-25,54691.18,Closed
ACC03836,CUST02224,BR007,Current,2025-08-16,25425.38,Active
ACC05023,CUST02183,BR042,Salary,2026-05-20,11898.92,Dormant
ACC01073,CUST08327,BR018,Salary,2026-06-26,97468.84,Dormant
ACC08184,CUST09510,BR013,Savings,2026-03-03,33244.78,Closed
ACC10104,CUST08919,BR011,Savings,2023-10-08,43587.8,Active
ACC08106,CUST01930,BR021,Salary,2023-10-28,45817.18,Active
ACC02734,CUST08745,BR029,Savings,2025-11-14,29173.09,Closed
ACC11873,CUST08785,BR038,Savings,2024-07-04,35910.26,Active
ACC10226,CUST03258,BR048,Current,2024-08-04,720.92,Closed
ACC05847,CUST02072,BR015,Salary,2026-02-18,25146.74,Active
ACC06592,CUST00448,BR021,Current,2025-02-09,39359.33,Active
ACC06196,CUST03975,BR015,Salary,2025-07-08,29975.55,Closed
ACC09531,CUST01945,BR001,Salary,2024-01-10,32722.75,Active
ACC08680,CUST01164,BR013,Salary,2025-03-09,26392.22,Active
ACC02639,CUST03109,BR042,Current,2025-05-30,70216.09,Active
ACC10982,CUST07445,BR015,Current,2024-07-06,59878.91,Active
ACC03463,CUST06597,BR001,Salary,2025-09-30,42637.02,Active
ACC02686,CUST00313,BR019,Current,2024-08-14,2634.81,Dormant
ACC07669,CUST06379,BR022,Savings,2023-11-29,59145.66,Closed
ACC02048,CUST01154,BR001,Salary,2026-06-03,59271.79,Dormant
ACC08845,CUST09790,BR041,Current,2025-01-09,80255.44,Dormant
ACC05759,CUST07513,BR044,Current,2026-08-30,99171.52,Dormant
ACC00086,CUST04660,BR005,Savings,2026-05-22,37987.55,Dormant
ACC02219,CUST03190,BR005,Current,2026-04-16,38104.44,Active
ACC01852,CUST02821,BR043,Savings,2025-04-16,48941.43,Dormant
ACC09057,CUST03263,BR003,Current,2025-07-17,7855.59,Active
ACC02075,CUST03123,BR039,Current,2024-11-26,39672.97,Active
ACC06929,CUST08255,BR008,Salary,2023-11-08,41951.01,Dormant
ACC08938,CUST07211,BR021,Savings,2026-02-11,80964.87,Active
ACC07678,CUST01752,BR029,Savings,2025-04-20,2371.62,Active
ACC00748,CUST08832,BR028,Salary,2024-08-12,50242.14,Closed
ACC09909,CUST01383,BR031,Current,2025-12-25,40799.64,Active
ACC03563,CUST02254,BR023,Salary,2026-02-21,80788.56,Active
ACC02627,CUST06654,BR048,Savings,2026-06-12,56245.42,Active
ACC01276,CUST04140,BR046,Salary,2026-02-13,81594.34,Dormant
ACC08744,CUST02199,BR022,Salary,2024-12-03,83231.82,Dormant
ACC01078,CUST07336,BR014,Current,2024-06-26,7968.7,Active
ACC11175,CUST06585,BR043,Salary,2025-06-14,2864.39,Closed
ACC03203,CUST09043,BR007,Salary,2024-10-04,23442.22,Closed
ACC02674,CUST03784,BR045,Savings,2025-05-30,87265.87,Closed
ACC01732,CUST09812,BR039,Current,2024-09-10,42946.98,Closed
ACC06709,CUST09310,BR009,Current,2025-12-22,80330.66,Dormant
ACC03197,CUST08233,BR020,Current,2024-11-10,19589.19,Active
ACC08201,CUST03021,BR029,Current,2026-08-17,96908.12,Closed
ACC01102,CUST07663,BR048,Current,2023-09-30,34413.31,Dormant
ACC02961,CUST06149,BR037,Savings,2026-02-10,84582.35,Closed
ACC06687,CUST04110,BR000,Salary,2024-09-05,68755.15,Dormant
ACC07652,CUST07865,BR031,Salary,2026-03-22,61319.46,Closed
ACC09270,CUST03854,BR000,Savings,2024-03-11,6489.31,Dormant
ACC09886,CUST07437,BR045,Current,2025-05-29,49209.2,Active
ACC08635,CUST06483,BR001,Current,2026-08-12,72996.84,Dormant
ACC00505,CUST09046,BR034,Savings,2025-02-27,70407.85,Active
ACC06195,CUST00086,BR018,Current,2023-09-23,88355.26,Closed
ACC04203,CUST99999,BR034,Savings,2026-02-14,96024.46,Closed
ACC01083,CUST05272,BR036,Current,2026-05-07,77232.58,Dormant
ACC04574,CUST08233,BR035,Salary,2026-03-04,67596.41,Dormant
ACC09813,CUST01348,BR000,Salary,2024-11-27,46316.21,Active
ACC07408,CUST03474,BR017,Savings,2025-07-09,7665.26,Dormant
ACC10739,CUST02265,BR023,Salary,2024-12-09,75042.82,Dormant
ACC00439,CUST01839,BR017,Savings,2025-07-07,5836.54,Closed
ACC02514,CUST00937,BR016,Savings,2024-07-03,91686.95,Dormant
ACC04807,CUST09785,BR027,Salary,2024-04-09,85219.71,Active
ACC09959,CUST04499,BR028,Current,2024-04-23,5586.21,Active
ACC10438,CUST05249,BR021,Current,2025-04-17,51458.59,Closed
ACC01080,CUST05985,BR025,Savings,2025-03-24,28377.32,Closed
ACC09547,CUST08824,BR049,Current,2025-11-14,7922.4,Closed
ACC08382,CUST08113,BR029,Salary,2025-08-20,-7519.43,Active
ACC10179,CUST00071,BR016,Savings,2025-06-03,63706.99,Dormant
ACC11486,CUST04498,BR000,Savings,2026-07-28,19396.4,Active
ACC06295,CUST09734,BR041,Current,2026-07-09,89574.24,Closed
ACC11724,CUST05477,BR001,Savings,2025-08-29,91632.33,Active
ACC09904,CUST09852,BR032,Savings,2025-02-19,10104.99,Closed
ACC05193,CUST02344,BR032,Savings,2024-06-10,67820.9,Active
ACC04049,CUST07820,BR019,Savings,2023-10-24,6438.46,Active
ACC04336,CUST02379,BR006,Salary,2024-06-22,29038.85,Closed
ACC08337,CUST03029,BR031,Savings,2024-11-29,10519.72,Closed
ACC08754,CUST05042,BR048,Current,2025-10-11,16469.66,Active
ACC10169,CUST07415,BR030,Salary,2024-03-05,79124.98,Closed
ACC02143,CUST07661,BR023,Salary,2025-03-31,46850.94,Closed
ACC05730,CUST99999,BR006,Current,2025-12-19,65204.48,Closed
ACC01743,CUST09010,BR018,Current,2026-05-11,43377.68,Closed
ACC03442,CUST08349,BR034,Savings,2025-04-27,9857.39,Closed
ACC01662,CUST07293,BR006,Savings,2024-12-20,91567.2,Dormant
ACC05920,CUST08780,BR046,Salary,2024-07-19,91650.36,Dormant
ACC05281,CUST06308,BR041,Current,2023-11-16,76436.31,Closed
ACC04522,CUST00450,BR044,Salary,2025-09-15,-56504.76,Dormant
ACC08872,CUST01089,BR011,Current,2025-09-17,28673.54,Dormant
ACC01440,CUST01830,BR013,Salary,2024-08-09,-93729.88,Dormant
ACC06487,CUST03857,BR024,Savings,2026-02-10,70221.8,Closed
ACC03002,CUST03387,BR027,Salary,2026-05-26,28238.88,Closed
ACC11586,CUST07870,BR009,Salary,2025-05-03,20239.9,Closed
ACC03633,CUST00293,BR039,Current,2026-06-13,67208.17,Active
ACC03720,CUST09562,BR032,Savings,2024-12-20,40136.05,Active
ACC01054,CUST08452,BR046,Savings,2024-05-15,-79811.95,Dormant
ACC04270,CUST03407,BR041,Salary,2024-01-03,15129.58,Active
ACC04802,CUST04698,BR040,Current,2025-11-25,1452.94,Dormant
ACC08248,CUST04068,BR040,Savings,2025-01-18,93676.88,Active
ACC05606,CUST03062,BR035,Salary,2026-03-17,39231.4,Closed
ACC10662,CUST03011,BR031,Salary,2024-01-13,26395.75,Dormant
ACC03785,CUST99999,BR020,Savings,2025-05-07,57366.34,Active
ACC08341,CUST03281,BR006,Salary,2024-11-23,64302.0,Active
ACC02581,CUST04638,BR015,Current,2026-06-19,57176.99,Active
ACC04279,CUST02528,BR038,Salary,2025-07-10,32192.15,Closed
ACC09216,CUST00220,BR023,Current,2024-03-29,15419.18,Active
ACC09603,CUST08405,BR002,Savings,2026-06-26,2493.03,Closed
ACC01588,CUST02493,BR016,Savings,2026-01-20,29642.71,Active
ACC08170,CUST01323,BR006,Salary,2024-04-02,68693.38,Closed
ACC07212,CUST01443,BR034,Salary,2026-03-21,98734.26,Active
ACC09138,CUST00363,BR009,Savings,2026-06-07,49815.32,Closed
ACC07844,CUST00895,BR018,Current,2025-03-19,42281.89,Dormant
ACC11063,CUST04153,BR022,Salary,2026-07-06,3995.85,Closed
ACC03678,CUST01504,BR005,Salary,2026-07-26,52264.33,Closed
ACC08039,CUST03500,BR008,Savings,2025-10-20,95318.84,Closed
ACC09274,CUST04626,BR049,Savings,2024-10-26,49589.06,Dormant
ACC06962,CUST04186,BR029,Salary,2025-06-12,41823.77,Active
ACC00456,CUST06546,BR011,Current,2024-09-10,11252.89,Closed
ACC11863,CUST03033,BR001,Current,2026-08-22,60613.27,Dormant
ACC06017,CUST02781,BR012,Salary,2025-06-24,49722.19,Active
ACC00709,CUST09900,BR034,Savings,2025-07-05,95631.47,Active
ACC10679,CUST09293,BR000,Salary,2025-12-03,58146.14,Dormant
ACC08366,CUST09285,BR004,Savings,2023-11-01,56929.95,Closed
ACC01146,CUST07140,BR013,Savings,2025-02-26,27929.86,Closed
