loan_id,customer_id,branch_id,loan_type,application_date,loan_amount,interest_rate,tenure_months,credit_score,loan_status,default_flag
LN02838,CUST05443,BR007,Vehicle,2025-01-05,388974.92,7.54,60,321,Approved,0
LN01428,CUST02745,BR040,Personal,2025-10-15,209594.11,6.05,12,712,Closed,0
LN01046,CUST06490,BR037,Vehicle,2025-12-18,60479.41,17.6,12,355,Approved,0
LN02468,CUST06342,BR028,Education,2025-01-06,201725.66,14.94,24,677,Active,0
LN03151,CUST00182,BR024,Vehicle,2025-10-04,419545.12,16.11,36,762,Rejected,0
LN04322,CUST05518,BR011,Personal,2025-06-27,277661.5,6.0,60,774,Closed,0
LN04949,CUST07845,BR009,Personal,2024-11-03,448974.8,12.51,36,528,Approved,0
LN01808,CUST04033,BR015,Education,2026-09-08,468187.54,7.03,36,434,Rejected,0
LN01068,CUST05182,BR040,Personal,2025-08-10,369691.38,14.48,24,887,Approved,0
LN01922,CUST01072,BR035,Home,2025-04-11,342484.23,8.35,120,784,Closed,0
LN03265,CUST01548,BR043,Vehicle,2026-02-26,473852.98,16.61,36,868,Closed,0
LN00558,CUST06313,BR015,Vehicle,2026-03-10,446254.08,7.29,36,855,Approved,0
LN00672,CUST01633,BR044,Vehicle,2025-04-02,446702.43,13.91,24,444,Defaulted,1
LN00730,CUST04637,BR010,Home,2025-07-31,170323.89,17.12,24,760,Rejected,0
LN02126,CUST07857,BR044,Home,2025-01-26,114329.47,13.63,120,561,Defaulted,1
LN04506,CUST04992,BR015,Vehicle,2026-05-22,226270.1,10.77,12,664,Rejected,0
LN03236,CUST08418,BR009,Personal,2025-11-30,422754.83,14.26,12,518,Rejected,0
LN05409,CUST01191,BR038,Personal,2025-01-25,176052.12,7.76,36,316,Defaulted,1
LN03245,CUST03237,BR030,Personal,2026-03-22,70807.47,16.46,24,425,Active,0
LN00784,CUST05240,BR027,Vehicle,2024-09-26,116456.13,16.09,60,662,Active,0
LN03985,CUST08575,BR038,Personal,2025-10-24,343679.19,9.76,36,317,Defaulted,1
LN01726,CUST05895,BR040,Personal,2026-04-17,255834.46,17.97,24,867,Defaulted,1
LN01287,CUST08007,BR012,Education,2025-01-07,280846.25,11.58,36,438,Approved,0
LN05793,CUST06637,BR049,Home,2025-02-19,269901.24,16.25,60,837,Defaulted,1
LN05419,CUST09654,BR031,Education,2024-10-23,115481.7,14.46,24,330,Active,0
LN00038,CUST03890,BR012,Personal,2024-09-13,499319.6,11.38,120,731,Active,0
LN03630,CUST06426,BR026,Vehicle,2026-03-06,381344.68,12.46,120,884,Rejected,0
LN04846,CUST01404,BR010,Education,2026-05-01,126407.26,13.78,60,733,Active,0
LN00480,CUST03267,BR032,Home,2025-11-19,400647.39,6.5,60,375,Approved,0
LN00448,CUST08527,BR025,Home,2025-12-13,213388.28,17.26,36,573,Rejected,0
LN01299,CUST03561,BR014,Education,2025-04-15,218931.05,14.19,24,526,Closed,0
LN02952,CUST05668,BR049,Personal,2025-06-02,174291.28,13.31,36,633,Defaulted,1
LN05144,CUST09290,BR004,Home,2025-05-02,127935.61,6.13,12,634,Active,0
LN00188,CUST01707,BR016,Personal,2025-11-11,471023.14,7.95,24,577,Defaulted,1
LN03557,CUST08712,BR038,Personal,2025-10-30,67661.49,7.85,24,858,Rejected,0
LN02851,CUST03868,BR039,Vehicle,2025-05-10,201352.69,11.26,60,539,Active,0
LN01859,CUST00011,BR006,Home,2024-11-23,312189.04,13.75,60,819,Rejected,0
LN04906,CUST00129,BR021,Education,2026-07-20,-481026.83,15.13,24,371,Defaulted,1
LN01983,CUST08258,BR015,Home,2026-03-15,195295.86,16.76,12,664,Rejected,0
LN03458,CUST00628,BR007,Vehicle,2025-10-04,240246.05,15.5,36,467,Closed,0
LN02477,CUST03670,BR029,Education,2026-06-18,352695.64,16.87,120,621,Rejected,0
LN04561,CUST09517,BR036,Education,2026-01-28,79008.38,16.52,60,684,Approved,0
LN05557,CUST09973,BR025,Education,2025-11-26,487896.77,13.17,36,690,Rejected,0
LN04513,CUST09114,BR028,Personal,2024-12-21,221461.6,8.52,120,502,Defaulted,1
LN03249,CUST09388,BR022,Vehicle,2025-06-30,198326.12,6.83,36,710,Defaulted,1
LN04157,CUST06039,BR002,Vehicle,2025-06-30,58486.63,10.26,60,412,Active,0
LN00714,CUST06996,BR035,Vehicle,2026-06-28,255242.5,8.5,60,566,Rejected,0
LN00754,CUST07350,BR043,Personal,2025-09-04,360196.85,13.07,12,770,Defaulted,1
LN02770,CUST02261,BR019,Education,2025-04-03,319069.95,16.34,120,382,Rejected,0
LN01756,CUST04293,BR026,Home,2026-05-11,384387.24,14.81,60,883,Active,0
LN05577,CUST02933,BR029,Home,2026-04-09,287634.84,13.65,60,760,Active,0
LN03081,CUST09501,BR011,Home,2024-10-17,457962.31,15.08,24,726,Approved,0
LN00362,CUST05919,BR003,Home,2025-04-12,298743.16,11.75,12,604,Rejected,0
LN03584,CUST03489,BR047,Education,2025-02-12,384166.14,14.66,120,751,Active,0
LN04116,CUST04988,BR027,Vehicle,2024-10-19,219793.23,7.26,24,546,Defaulted,1
LN04565,CUST02672,BR033,Personal,2025-09-24,338796.11,17.07,36,466,Defaulted,1
LN02968,CUST03236,BR006,Personal,2026-06-15,497429.31,16.33,36,322,Closed,0
LN03998,CUST06476,BR044,Education,2026-08-15,422868.31,8.33,120,824,Approved,0
LN03521,CUST00824,BR008,Vehicle,2024-12-08,352474.55,12.18,120,692,Approved,0
LN02328,CUST08505,BR032,Vehicle,2025-12-11,379160.18,17.43,36,340,Rejected,0
LN04393,CUST04620,BR045,Home,2024-11-28,493784.62,15.57,60,557,Active,0
LN01400,CUST07490,BR049,Home,2026-02-28,340923.77,17.21,24,507,Defaulted,1
LN00629,CUST00667,BR020,Education,2024-11-30,390308.31,14.06,12,521,Active,0
LN01117,CUST02143,BR000,Personal,2025-02-19,336549.04,12.04,60,436,Closed,0
LN03517,CUST08445,BR012,Home,2026-02-28,358226.95,15.4,36,775,Active,0
LN05067,CUST07604,BR011,Vehicle,2025-06-20,361593.06,15.15,24,460,Closed,0
LN00875,CUST09333,BR048,Vehicle,2025-05-26,385094.27,7.56,60,527,Defaulted,1
LN04141,CUST03839,BR018,Education,2025-01-30,76751.61,13.15,12,363,Defaulted,1
LN00387,CUST07079,BR008,Vehicle,2025-09-16,480318.85,13.96,24,318,Rejected,0
LN04259,CUST04589,BR034,Education,2025-04-29,163904.32,17.07,24,310,Rejected,0
LN05162,CUST00272,BR006,Home,2024-09-12,298337.48,9.14,24,840,Defaulted,1
LN00775,CUST06981,BR011,Education,2026-06-05,272407.68,15.92,24,879,Closed,0
LN05677,CUST01340,BR018,Education,2025-11-01,222326.55,12.18,120,813,Rejected,0
LN02805,CUST04648,BR001,Education,2025-04-09,277831.19,6.83,12,660,Active,0
LN02120,CUST09011,BR032,Education,2026-04-23,330364.28,12.18,60,686,Defaulted,1
LN03749,CUST07304,BR016,Home,2025-05-15,342885.81,12.18,12,777,Rejected,0
LN03418,CUST07594,BR001,Education,2024-10-06,19895.51,12.94,120,865,Approved,0
LN00497,CUST01571,BR008,Education,2025-08-14,181007.52,16.46,24,477,Defaulted,1
LN01282,CUST00390,BR030,Education,2025-01-07,302153.23,11.27,12,860,Approved,0
LN01927,CUST06674,BR042,Vehicle,2025-03-21,180043.73,13.16,36,809,Rejected,0
LN01496,CUST04811,BR011,Education,2026-05-01,110948.53,12.18,120,839,Defaulted,1
LN03770,CUST08264,BR041,Education,2025-11-13,406207.22,16.06,36,451,Active,0
LN01820,CUST07114,BR027,Vehicle,2025-12-25,379916.55,8.65,60,619,Defaulted,1
LN00476,CUST00417,BR039,Home,2024-11-03,333105.55,6.19,60,506,Rejected,0
LN03675,CUST04821,BR035,Personal,2025-02-27,316493.45,11.2,36,445,Closed,0
LN03587,CUST02120,BR001,Education,2025-01-02,454995.43,10.9,12,700,Defaulted,1
LN03635,CUST08850,BR007,Home,2026-08-03,402077.54,12.13,24,351,Closed,0
LN03431,CUST03326,BR010,Vehicle,2026-05-13,241165.9,12.91,12,485,Active,0
LN04671,CUST04670,BR038,Home,2024-11-20,136723.2,7.38,12,808,Defaulted,1
LN05653,CUST04267,BR013,Home,2025-12-13,262710.69,8.25,24,456,Rejected,0
LN01924,CUST01316,BR045,Home,2024-12-29,280940.97,11.04,36,401,Closed,0
LN03922,CUST07751,BR024,Personal,2026-04-23,338655.61,16.16,36,533,Active,0
LN01948,CUST09160,BR032,Home,2025-07-31,24592.59,17.74,60,751,Defaulted,1
LN04943,CUST02537,BR031,Vehicle,2025-11-06,266716.72,6.46,12,838,Defaulted,1
LN01079,CUST02079,BR036,Home,2025-10-18,379716.42,9.93,36,470,Rejected,0
LN03792,CUST03901,BR029,Home,2025-03-02,378944.81,10.33,24,655,Closed,0
LN04136,CUST00919,BR019,Home,2025-03-04,17868.82,12.18,12,359,Closed,0
LN01685,CUST04732,BR014,Home,2024-11-29,466632.32,16.75,60,746,Defaulted,1
LN04997,CUST05573,BR033,Education,2025-05-06,294762.48,10.28,60,489,Approved,0
LN00674,CUST08702,BR011,Education,2024-12-01,303596.06,17.49,60,630,Rejected,0
LN00374,CUST02491,BR036,Personal,2024-10-17,160589.34,14.71,120,392,Active,0
LN04956,CUST01015,BR030,Education,2024-10-08,257430.85,12.21,24,503,Rejected,0
LN03892,CUST01700,BR009,Education,2025-07-26,52389.54,11.79,60,461,Rejected,0
LN03955,CUST03645,BR046,Home,2025-07-25,399367.13,12.88,24,505,Closed,0
LN00137,CUST01678,BR009,Personal,2026-08-18,350194.63,13.69,120,479,Approved,0
LN05782,CUST02809,BR023,Education,2025-10-14,339168.64,8.77,120,832,Active,0
LN01091,CUST05232,BR043,Personal,2026-03-29,69821.86,6.93,12,490,Closed,0
LN00908,CUST00235,BR032,Vehicle,2025-11-29,330103.07,8.65,120,370,Approved,0
LN01382,CUST00726,BR043,Education,2025-01-26,347687.04,11.34,60,883,Closed,0
LN04312,CUST04920,BR023,Home,2024-12-25,25385.82,12.18,36,733,Approved,0
LN05360,CUST00813,BR013,Home,2025-04-09,426858.04,7.18,12,594,Rejected,0
LN02400,CUST05624,BR019,Education,2026-05-14,116211.28,14.08,36,617,Approved,0
LN01497,CUST08954,BR038,Home,2026-05-14,330867.37,7.83,36,457,Closed,0
LN01369,CUST05429,BR003,Home,2026-06-08,46722.57,16.78,60,817,Defaulted,1
LN03867,CUST03606,BR035,Home,2026-05-03,254307.28,14.04,36,736,Active,0
LN00693,CUST07939,BR020,Vehicle,2024-09-09,215630.82,6.67,12,829,Rejected,0
LN04414,CUST08102,BR010,Home,2025-08-14,406839.44,7.94,60,862,Active,0
LN02740,CUST07368,BR006,Personal,2026-01-23,429726.38,17.88,36,473,Closed,0
LN01792,CUST09710,BR038,Home,2026-05-15,235124.99,11.07,36,514,Active,0
LN04007,CUST08397,BR031,Home,2026-01-02,219891.64,16.14,12,743,Defaulted,1
LN00772,CUST04777,BR030,Vehicle,2026-01-01,186457.68,13.24,60,443,Active,0
LN04333,CUST07124,BR034,Personal,2026-07-15,382340.56,16.96,12,878,Approved,0
LN04486,CUST09221,BR006,Vehicle,2026-07-10,87685.35,8.06,36,826,Active,0
LN05540,CUST05033,BR000,Personal,2026-05-12,458444.92,14.58,60,856,Defaulted,1
LN05437,CUST03296,BR000,Education,2026-04-03,119862.81,12.22,24,516,Closed,0
LN04165,CUST04996,BR042,Vehicle,2025-06-15,177358.58,14.48,36,566,Active,0
LN05575,CUST01129,BR025,Home,2024-12-26,57989.8,13.33,36,324,Closed,0
LN00577,CUST01810,BR033,Education,2024-10-10,164589.71,16.69,120,418,Closed,0
LN00535,CUST01062,BR008,Home,2025-10-05,201930.44,9.79,24,882,Defaulted,1
LN03538,CUST06028,BR006,Home,2026-09-08,269303.15,6.94,120,396,Active,0
LN05379,CUST00494,BR022,Education,2025-04-13,445646.71,9.38,12,780,Active,0
LN02508,CUST03750,BR045,Home,2025-08-19,213267.03,6.6,120,667,Closed,0
LN03392,CUST07866,BR037,Vehicle,2025-07-21,425888.71,9.6,120,621,Rejected,0
LN00397,CUST05177,BR025,Home,2025-04-01,206107.36,11.71,24,399,Active,0
LN02377,CUST08623,BR039,Home,2025-10-04,45855.8,14.76,12,575,Approved,0
LN05391,CUST04658,BR004,Vehicle,2025-11-04,152825.53,7.91,12,484,Approved,0
LN00473,CUST08967,BR025,Home,2026-08-30,96832.6,6.43,120,468,Active,0
LN04747,CUST03177,BR002,Vehicle,2025-04-16,298165.47,6.48,24,419,Approved,0
LN05092,CUST01499,BR005,Education,2025-01-25,464263.87,6.96,12,396,Approved,0
LN01862,CUST08234,BR037,Home,2025-12-30,495838.77,9.35,24,326,Approved,0
LN03824,CUST03258,BR002,Education,2025-04-04,162593.72,7.09,60,469,Closed,0
LN00862,CUST00005,BR035,Vehicle,2026-04-25,113649.03,11.54,120,815,Active,0
LN00968,CUST00950,BR042,Personal,2025-05-19,322962.56,8.84,36,842,Approved,0
LN03611,CUST04946,BR027,Education,2024-10-22,60736.35,14.7,12,555,Rejected,0
LN04534,CUST01186,BR039,Personal,2025-10-30,42920.75,12.87,36,688,Defaulted,1
LN05649,CUST02330,BR032,Education,2025-11-06,266364.2,12.76,12,788,Rejected,0
LN02475,CUST02361,BR018,Personal,2026-04-29,347544.58,12.18,60,724,Rejected,0
LN04060,CUST05944,BR007,Vehicle,2026-08-09,382258.71,6.16,120,358,Closed,0
LN01798,CUST03719,BR003,Vehicle,2025-08-27,117863.42,12.46,60,560,Approved,0
LN02097,CUST06610,BR035,Vehicle,2025-03-02,237623.85,12.47,36,844,Approved,0
LN01719,CUST00629,BR037,Personal,2025-06-08,161126.33,15.62,12,741,Closed,0
LN03914,CUST09928,BR047,Personal,2026-06-17,330432.4,6.47,120,502,Closed,0
LN02073,CUST08429,BR035,Home,2026-03-22,473965.02,13.76,120,649,Defaulted,1
LN04084,CUST07957,BR006,Personal,2025-12-07,31704.76,9.69,60,367,Closed,0
LN05157,CUST07008,BR000,Personal,2025-11-06,200334.1,9.94,120,623,Rejected,0
LN01575,CUST08465,BR036,Home,2024-11-05,179149.98,12.5,24,509,Closed,0
LN04637,CUST00165,BR033,Personal,2026-02-25,225204.16,16.19,60,541,Defaulted,1
LN01669,CUST02071,BR048,Vehicle,2024-11-04,279144.75,15.63,24,513,Defaulted,1
LN03573,CUST03854,BR029,Personal,2026-03-08,-410873.79,16.46,36,412,Approved,0
LN00496,CUST04079,BR049,Personal,2025-01-08,382398.61,15.79,12,756,Approved,0
LN05513,CUST02598,BR019,Home,2025-06-18,285999.71,8.19,60,569,Defaulted,1
LN04460,CUST07850,BR039,Education,2025-12-11,495455.28,9.91,120,842,Rejected,0
LN01905,CUST01798,BR004,Home,2024-10-31,278391.35,12.18,120,779,Rejected,0
LN03840,CUST07352,BR006,Education,2025-09-15,153962.99,12.9,120,578,Active,0
LN02849,CUST05889,BR018,Vehicle,2025-06-20,52472.49,8.4,120,855,Closed,0
LN00802,CUST05122,BR023,Home,2025-07-15,417790.63,10.73,60,627,Active,0
LN03054,CUST08016,BR010,Home,2025-02-13,384871.16,7.5,24,658,Approved,0
LN03483,CUST07423,BR034,Home,2026-07-04,44272.56,13.96,60,541,Approved,0
LN05435,CUST05974,BR047,Home,2026-05-15,362683.09,8.6,36,338,Defaulted,1
LN05721,CUST06449,BR025,Education,2024-11-17,227724.23,15.44,24,652,Rejected,0
LN01425,CUST00317,BR030,Personal,2025-07-25,490850.86,10.91,120,389,Rejected,0
LN05465,CUST02181,BR014,Vehicle,2025-11-19,269295.48,16.02,36,898,Active,0
LN05002,CUST02776,BR002,Personal,2025-03-12,291233.21,12.06,12,739,Approved,0
LN01666,CUST07005,BR028,Personal,2026-02-16,124858.81,14.79,60,800,Active,0
LN03352,CUST08682,BR048,Vehicle,2025-03-26,283820.45,10.46,24,475,Rejected,0
LN03724,CUST01306,BR018,Vehicle,2026-04-06,286466.81,17.98,12,486,Active,0
LN02313,CUST00448,BR033,Education,2026-01-14,342743.86,14.59,12,367,Approved,0
LN03009,CUST03162,BR049,Education,2025-05-28,103466.65,16.13,24,351,Rejected,0
LN05723,CUST03199,BR013,Education,2025-11-04,225486.57,10.3,36,689,Active,0
LN02769,CUST07429,BR012,Vehicle,2025-10-16,52842.02,9.27,120,748,Approved,0
LN00519,CUST04171,BR021,Personal,2026-07-31,338390.88,14.72,24,786,Closed,0
LN05172,CUST06360,BR037,Education,2026-07-21,82107.27,16.86,36,734,Active,0
LN02730,CUST05154,BR041,Education,2026-09-02,182433.48,13.22,36,344,Defaulted,1
LN01692,CUST09131,BR023,Vehicle,2026-03-05,60617.23,17.68,120,587,Approved,0
LN05713,CUST09112,BR019,Personal,2025-05-05,13582.14,10.95,120,779,Approved,0
LN01028,CUST06514,BR049,Home,2026-02-16,98123.78,9.13,60,569,Rejected,0
LN02599,CUST09752,BR028,Personal,2024-10-07,226338.3,13.46,120,697,Rejected,0
LN03334,CUST00630,BR001,Vehicle,2025-11-03,419535.84,17.34,60,734,Defaulted,1
LN00655,CUST01838,BR043,Home,2026-05-01,339105.03,6.51,36,469,Defaulted,1
LN00420,CUST08130,BR044,Home,2026-04-11,232116.87,6.73,120,500,Rejected,0
LN04721,CUST04266,BR002,Home,2025-12-04,179060.13,9.13,120,518,Defaulted,1
LN01946,CUST09738,BR008,Home,2024-12-15,426721.93,13.09,12,553,Closed,0
LN05897,CUST07996,BR044,Personal,2025-09-24,284990.77,11.68,60,557,Active,0
LN00741,CUST02832,BR032,Education,2025-07-20,308257.49,9.87,36,327,Approved,0
LN02549,CUST00475,BR019,Home,2025-06-23,339745.7,12.18,36,305,Rejected,0
LN03204,CUST08389,BR021,Personal,2025-10-07,349295.77,9.38,60,544,Rejected,0
LN04763,CUST05634,BR021,Vehicle,2026-01-07,29978.9,13.93,24,585,Closed,0
LN00042,CUST08433,BR025,Personal,2026-03-04,184116.46,7.53,36,327,Active,0
LN04740,CUST01764,BR043,Education,2025-08-07,193580.01,15.07,24,758,Rejected,0
LN04978,CUST07206,BR030,Education,2024-11-11,364051.51,17.96,36,531,Defaulted,1
LN02197,CUST07099,BR038,Home,2024-12-23,96000.61,11.98,60,677,Approved,0
LN00107,CUST02731,BR018,Vehicle,2025-12-25,357971.07,11.76,12,729,Rejected,0
LN05773,CUST06256,BR033,Vehicle,2024-11-08,196000.89,10.82,120,667,Closed,0
LN03477,CUST04200,BR031,Vehicle,2025-11-23,238277.15,14.24,60,801,Closed,0
LN00194,CUST00202,BR037,Personal,2026-02-19,118580.78,13.53,120,511,Approved,0
LN05020,CUST03629,BR011,Home,2024-09-17,251713.85,6.32,24,696,Approved,0
LN04863,CUST04319,BR043,Home,2026-03-23,483475.36,17.29,12,386,Defaulted,1
LN02272,CUST07165,BR047,Personal,2026-01-12,351304.12,14.94,120,524,Approved,0
LN01181,CUST08041,BR047,Vehicle,2026-02-26,410371.62,9.04,24,395,Defaulted,1
LN03335,CUST09171,BR027,Vehicle,2025-06-29,308071.42,9.8,36,826,Defaulted,1
LN05972,CUST01738,BR006,Personal,2025-03-14,356867.1,13.22,24,311,Rejected,0
LN03027,CUST07166,BR007,Education,2025-07-28,117034.74,13.44,120,667,Rejected,0
LN02380,CUST09398,BR041,Vehicle,2024-10-08,248600.95,13.96,36,534,Approved,0
LN05637,CUST03797,BR000,Personal,2024-09-23,382589.82,17.73,12,331,Active,0
LN05133,CUST01652,BR027,Home,2025-05-07,219351.13,15.01,36,416,Rejected,0
LN00765,CUST04188,BR000,Education,2025-01-17,479672.97,14.83,120,415,Rejected,0
LN00500,CUST02143,BR013,Personal,2026-03-08,487230.89,13.3,36,338,Active,0
LN03805,CUST07610,BR019,Vehicle,2025-10-24,433593.68,12.7,60,371,Defaulted,1
LN01964,CUST09382,BR043,Personal,2024-10-11,93159.57,16.84,12,336,Active,0
LN02221,CUST06493,BR012,Personal,2026-07-09,218877.64,14.41,120,393,Closed,0
LN02339,CUST05189,BR010,Education,2026-06-15,467415.92,14.27,120,878,Closed,0
LN00165,CUST01998,BR046,Personal,2025-02-25,220629.62,8.91,120,604,Active,0
LN00236,CUST08815,BR003,Vehicle,2025-12-17,381483.31,12.57,60,354,Active,0
LN00835,CUST04206,BR005,Home,2025-12-14,218185.28,11.63,120,716,Closed,0
LN02212,CUST00147,BR034,Education,2025-03-05,316033.73,7.93,36,371,Approved,0
LN05249,CUST01184,BR039,Vehicle,2025-05-09,17813.39,12.18,12,397,Defaulted,1
LN03969,CUST09813,BR007,Home,2025-12-31,357095.88,13.31,60,776,Closed,0
LN04436,CUST03435,BR005,Personal,2025-10-13,21987.7,13.04,60,393,Closed,0
LN01405,CUST09547,BR029,Education,2026-06-01,101144.13,7.56,24,560,Closed,0
LN02425,CUST02839,BR005,Personal,2025-06-06,456522.2,12.19,12,408,Active,0
LN04001,CUST02382,BR032,Education,2026-08-22,236982.52,13.6,60,484,Rejected,0
LN02759,CUST00771,BR004,Education,2026-08-03,156090.06,9.54,24,359,Defaulted,1
LN01992,CUST03874,BR023,Vehicle,2024-10-29,375893.58,12.18,120,510,Rejected,0
LN03208,CUST01948,BR023,Vehicle,2025-09-23,264354.95,12.44,120,439,Rejected,0
LN04537,CUST06995,BR045,Home,2026-01-22,275600.57,10.75,60,485,Active,0
LN02511,CUST08103,BR027,Education,2026-04-15,355363.84,6.76,24,740,Active,0
LN01116,CUST07970,BR000,Vehicle,2025-09-21,376563.79,10.66,36,596,Active,0
LN04548,CUST03970,BR031,Education,2025-08-24,330136.56,11.87,60,762,Defaulted,1
LN02418,CUST08895,BR031,Personal,2025-01-02,84874.85,15.02,60,440,Defaulted,1
LN02109,CUST01179,BR030,Vehicle,2024-09-28,478698.6,11.97,60,420,Active,0
LN02538,CUST02274,BR015,Home,2026-06-04,55362.27,17.35,120,782,Approved,0
LN05389,CUST09643,BR040,Vehicle,2026-01-10,308555.75,9.46,36,346,Closed,0
LN05872,CUST01861,BR038,Vehicle,2026-02-18,262344.05,8.59,120,431,Closed,0
LN05705,CUST04174,BR004,Education,2025-02-15,395222.53,13.57,12,381,Active,0
LN04977,CUST04883,BR024,Personal,2025-04-11,207469.88,12.96,60,376,Approved,0
LN00841,CUST02739,BR000,Education,2026-06-03,155009.11,10.49,12,811,Defaulted,1
LN05411,CUST01366,BR038,Home,2025-05-13,246918.47,6.9,24,334,Rejected,0
LN02972,CUST04916,BR047,Personal,2025-05-02,419164.68,8.14,24,559,Active,0
LN04385,CUST05374,BR005,Education,2026-02-17,265803.72,12.8,24,800,Rejected,0
LN05033,CUST06010,BR010,Vehicle,2025-03-28,286960.93,8.51,36,795,Closed,0
LN00736,CUST07043,BR010,Vehicle,2026-08-10,237276.57,7.54,24,408,Closed,0
LN03047,CUST09094,BR025,Home,2026-02-24,254286.99,6.93,24,723,Rejected,0
LN03669,CUST00887,BR023,Home,2025-01-24,351841.06,9.96,120,471,Rejected,0
LN01112,CUST07218,BR020,Education,2025-09-26,239349.82,16.67,120,563,Rejected,0
LN02398,CUST03471,BR045,Home,2025-12-16,145202.05,9.84,12,724,Defaulted,1
LN04617,CUST00896,BR014,Vehicle,2025-03-19,-255500.08,15.81,120,379,Approved,0
LN02357,CUST01080,BR034,Education,2025-08-23,65478.12,16.68,12,356,Approved,0
LN04738,CUST00607,BR026,Personal,2025-07-13,137638.91,15.35,36,673,Approved,0
LN04440,CUST01848,BR008,Vehicle,2025-05-23,147952.17,14.23,120,885,Defaulted,1
LN02529,CUST07193,BR009,Vehicle,2025-09-01,210653.18,8.8,120,759,Rejected,0
LN00815,CUST03086,BR024,Education,2025-08-04,98933.84,11.43,12,648,Closed,0
LN03574,CUST07263,BR009,Vehicle,2025-06-16,457300.76,15.09,120,611,Rejected,0
LN04944,CUST02842,BR013,Vehicle,2026-02-20,307914.23,6.33,36,384,Rejected,0
LN01797,CUST99999,BR022,Vehicle,2024-12-12,467401.67,17.1,36,533,Rejected,0
LN00158,CUST07526,BR018,Education,2026-04-11,285191.92,12.81,12,713,Closed,0
LN00106,CUST08996,BR014,Home,2024-11-02,60898.16,13.37,12,885,Closed,0
LN02342,CUST00697,BR048,Home,2026-01-21,364136.37,7.04,60,597,Defaulted,1
LN02567,CUST01898,BR037,Personal,2026-06-15,215830.71,6.62,12,777,Active,0
LN03676,CUST06340,BR005,Home,2026-06-18,202146.07,10.94,60,537,Rejected,0
LN01461,CUST09739,BR036,Home,2025-03-01,121323.71,17.09,24,853,Defaulted,1
LN00337,CUST00784,BR029,Education,2025-08-03,484227.95,8.95,60,729,Defaulted,1
LN03380,CUST05085,BR015,Personal,2025-07-26,50818.27,6.88,12,818,Defaulted,1
LN00682,CUST07190,BR016,Personal,2025-12-22,144255.39,13.85,36,348,Rejected,0
LN03827,CUST03641,BR021,Personal,2025-12-21,287440.36,16.57,12,754,Defaulted,1
LN03075,CUST00276,BR039,Personal,2024-12-12,109787.83,17.77,12,621,Approved,0
LN05260,CUST09898,BR042,Education,2026-07-02,299589.98,16.42,24,779,Closed,0
LN02679,CUST00141,BR048,Home,2026-01-14,51213.95,13.86,120,525,Rejected,0
LN02722,CUST03198,BR030,Vehicle,2025-04-23,32005.65,12.82,24,491,Closed,0
LN01551,CUST00959,BR033,Vehicle,2026-01-27,117490.35,8.21,12,377,Rejected,0
LN04854,CUST04159,BR007,Home,2024-10-31,170895.31,11.17,120,397,Approved,0
LN00111,CUST08110,BR043,Vehicle,2026-03-28,230182.15,13.9,120,364,Defaulted,1
LN01885,CUST07311,BR036,Home,2025-02-02,173000.71,17.63,36,323,Active,0
LN01806,CUST08125,BR006,Education,2026-06-08,171010.16,14.04,36,362,Closed,0
LN01218,CUST07479,BR043,Education,2026-07-17,290103.46,17.45,36,344,Defaulted,1
LN02667,CUST01787,BR005,Home,2024-10-30,386335.9,15.25,24,513,Approved,0
LN04154,CUST07832,BR028,Home,2024-11-10,324943.53,12.28,12,359,Rejected,0
LN01131,CUST02198,BR000,Personal,2025-02-03,331761.91,15.26,120,566,Active,0
LN05738,CUST06852,BR010,Home,2026-06-20,120716.83,6.18,24,304,Defaulted,1
LN04172,CUST09229,BR009,Education,2026-04-22,113126.49,12.47,120,633,Closed,0
LN01350,CUST08623,BR026,Education,2025-12-16,168362.99,14.45,36,675,Defaulted,1
LN00753,CUST07830,BR015,Education,2025-05-16,41322.35,15.97,60,794,Active,0
LN05420,CUST04086,BR006,Personal,2026-05-29,362164.94,16.1,60,825,Rejected,0
LN04532,CUST03354,BR033,Home,2025-09-21,225424.74,12.18,120,448,Rejected,0
LN03369,CUST01946,BR025,Vehicle,2025-03-12,126359.76,15.15,24,369,Approved,0
LN05031,CUST00615,BR000,Education,2026-06-08,436965.1,14.79,60,344,Rejected,0
LN04427,CUST00497,BR027,Vehicle,2025-06-01,381216.08,15.62,120,533,Active,0
LN01016,CUST01792,BR001,Personal,2026-03-19,375745.42,15.99,12,768,Approved,0
LN00669,CUST06938,BR031,Education,2025-03-29,494311.04,10.46,12,306,Rejected,0
LN04054,CUST03516,BR032,Home,2026-08-04,297455.08,11.6,60,305,Defaulted,1
LN00929,CUST07546,BR017,Education,2025-02-25,151808.51,12.08,120,655,Approved,0
LN04471,CUST00191,BR006,Vehicle,2026-05-19,441056.91,16.34,60,790,Rejected,0
LN02284,CUST04558,BR012,Vehicle,2026-06-03,27763.64,14.48,12,590,Active,0
LN00011,CUST00769,BR008,Education,2026-04-06,166627.53,11.47,60,750,Rejected,0
LN02637,CUST06049,BR047,Education,2026-01-04,221491.6,16.07,60,369,Defaulted,1
LN01600,CUST01949,BR048,Personal,2024-10-05,449630.02,17.54,120,629,Defaulted,1
LN05943,CUST06257,BR017,Education,2026-07-22,334123.62,17.6,120,741,Active,0
LN04915,CUST00926,BR004,Vehicle,2025-04-25,310510.33,16.99,120,425,Defaulted,1
LN03156,CUST07651,BR025,Vehicle,2026-06-11,430867.04,17.25,36,550,Active,0
LN04500,CUST06226,BR004,Education,2025-08-29,194726.98,15.34,120,446,Defaulted,1
LN05422,CUST04180,BR023,Personal,2025-10-24,290928.62,9.88,24,809,Defaulted,1
LN02973,CUST05498,BR021,Home,2025-01-13,468627.3,10.85,12,309,Closed,0
LN04463,CUST08924,BR030,Personal,2024-09-11,290271.52,11.36,120,720,Rejected,0
LN04268,CUST06628,BR048,Home,2025-05-13,255129.61,6.71,60,718,Approved,0
LN05564,CUST04086,BR036,Personal,2025-12-19,495975.31,6.25,36,755,Rejected,0
LN02264,CUST07031,BR043,Education,2026-04-10,16587.58,14.97,36,320,Approved,0
LN03295,CUST06091,BR006,Vehicle,2025-06-10,370666.47,12.7,60,870,Rejected,0
LN00344,CUST02806,BR005,Education,2026-01-28,59015.52,10.81,120,870,Rejected,0
LN01624,CUST05383,BR039,Personal,2024-10-13,93190.7,6.77,24,691,Active,0
LN00454,CUST06833,BR017,Personal,2025-12-05,278456.7,12.18,36,754,Defaulted,1
LN01141,CUST03594,BR010,Personal,2025-09-12,383220.7,16.61,24,803,Rejected,0
LN00348,CUST08716,BR027,Vehicle,2025-07-17,167174.56,13.69,24,813,Active,0
LN03421,CUST05973,BR042,Vehicle,2025-01-21,361318.68,16.43,60,601,Closed,0
LN01455,CUST06506,BR041,Vehicle,2025-05-07,421291.72,7.19,120,634,Defaulted,1
LN04544,CUST09461,BR031,Personal,2024-12-25,494008.93,10.91,12,582,Closed,0
LN04326,CUST06974,BR025,Home,2025-09-15,388274.64,13.98,36,474,Approved,0
LN03317,CUST04552,BR000,Vehicle,2025-02-15,247832.72,15.78,12,775,Active,0
LN03790,CUST08252,BR035,Education,2025-03-14,160612.63,14.84,36,506,Closed,0
LN04865,CUST07108,BR024,Home,2026-01-08,493569.66,15.56,12,495,Rejected,0
LN02266,CUST05341,BR034,Home,2025-02-27,344590.26,16.21,36,668,Defaulted,1
LN04611,CUST06100,BR048,Vehicle,2025-08-04,360103.11,7.78,120,770,Approved,0
LN00186,CUST99999,BR040,Personal,2025-10-23,61613.61,9.21,24,675,Rejected,0
LN02577,CUST99999,BR044,Education,2024-09-28,239430.94,6.72,36,317,Rejected,0
LN05164,CUST02547,BR049,Vehicle,2025-07-23,310422.72,17.45,12,490,Closed,0
LN05015,CUST03789,BR025,Home,2026-04-07,180762.72,9.77,36,812,Rejected,0
LN00926,CUST09506,BR006,Personal,2026-08-06,431953.82,6.6,36,759,Defaulted,1
LN00525,CUST05486,BR030,Education,2025-04-14,73407.47,13.55,36,674,Closed,0
LN03814,CUST07240,BR007,Personal,2026-08-25,27149.43,15.66,36,621,Active,0
LN01295,CUST09126,BR029,Education,2024-10-03,37423.12,11.94,12,800,Defaulted,1
LN02799,CUST00703,BR036,Education,2026-03-26,339258.51,13.14,120,585,Active,0
LN00670,CUST04784,BR031,Home,2025-01-24,240203.02,11.53,24,387,Approved,0
LN04519,CUST06797,BR014,Home,2025-01-28,448112.72,7.91,36,713,Defaulted,1
LN00774,CUST06677,BR032,Home,2024-11-19,86568.06,10.24,24,706,Closed,0
LN00457,CUST04000,BR009,Personal,2025-05-11,294647.81,9.94,24,396,Active,0
LN02007,CUST00236,BR007,Education,2025-12-22,98928.69,10.99,120,397,Approved,0
LN02099,CUST07154,BR044,Vehicle,2025-08-07,118615.28,11.92,36,303,Active,0
LN02150,CUST07380,BR019,Vehicle,2026-05-04,403466.09,17.86,12,478,Rejected,0
LN02409,CUST01900,BR027,Personal,2025-07-05,445207.18,14.69,12,728,Rejected,0
LN04689,CUST01956,BR026,Home,2026-06-13,27730.55,7.47,24,384,Rejected,0
LN05123,CUST01466,BR021,Education,2025-10-13,422811.34,16.64,120,335,Defaulted,1
LN04208,CUST07323,BR039,Education,2025-10-17,156549.3,9.7,36,871,Closed,0
LN03020,CUST01207,BR015,Education,2026-04-29,312750.99,7.43,12,771,Rejected,0
LN00379,CUST05222,BR005,Home,2024-11-19,128741.61,11.66,36,880,Approved,0
LN02530,CUST04976,BR015,Vehicle,2026-04-28,93064.88,13.6,60,308,Rejected,0
LN04152,CUST00572,BR034,Personal,2026-03-15,327353.2,12.25,120,753,Active,0
LN01053,CUST05299,BR001,Vehicle,2025-06-04,154230.6,17.59,60,610,Defaulted,1
LN00013,CUST02433,BR022,Home,2025-11-05,310718.97,6.2,120,687,Approved,0
LN00253,CUST05539,BR000,Vehicle,2024-11-13,403530.84,8.85,120,699,Defaulted,1
LN05874,CUST06943,BR014,Personal,2025-07-17,306307.8,12.41,12,501,Approved,0
LN01778,CUST06294,BR042,Vehicle,2024-11-05,332829.0,12.0,60,873,Defaulted,1
LN04662,CUST08901,BR033,Vehicle,2025-04-23,326919.73,16.08,12,510,Active,0
LN00396,CUST00830,BR038,Home,2025-07-08,44699.2,6.74,12,654,Rejected,0
LN04359,CUST01695,BR031,Vehicle,2026-01-22,447288.83,13.08,36,466,Defaulted,1
LN00859,CUST04324,BR033,Home,2026-06-22,117677.65,16.58,24,477,Approved,0
LN03829,CUST05307,BR003,Home,2024-10-08,494441.71,7.25,24,632,Closed,0
LN04037,CUST04678,BR005,Personal,2025-11-11,157532.72,7.91,24,592,Active,0
LN03182,CUST01809,BR046,Personal,2025-05-24,283275.33,8.14,60,583,Defaulted,1
LN00216,CUST01986,BR043,Education,2026-08-17,94602.13,14.58,120,374,Closed,0
LN01222,CUST08942,BR012,Home,2025-09-07,146461.08,16.44,120,685,Closed,0
LN03549,CUST03811,BR029,Education,2025-12-22,377152.28,7.49,24,788,Closed,0
LN04668,CUST04621,BR048,Home,2026-08-08,105934.07,16.11,12,633,Defaulted,1
LN05430,CUST01375,BR037,Vehicle,2026-01-31,25243.21,14.26,36,334,Closed,0
LN03610,CUST08560,BR032,Home,2025-11-20,237228.55,15.59,36,706,Defaulted,1
LN03426,CUST03619,BR015,Home,2026-09-03,252874.06,6.28,60,828,Closed,0
LN01714,CUST07062,BR019,Vehicle,2026-05-03,161908.01,13.66,24,313,Active,0
LN04262,CUST01094,BR032,Personal,2026-03-02,110181.15,11.24,120,443,Approved,0
LN00157,CUST09474,BR018,Home,2025-03-31,155080.22,6.94,60,780,Closed,0
LN04487,CUST01051,BR002,Home,2025-09-23,205000.58,10.46,24,366,Rejected,0
LN04012,CUST02890,BR038,Home,2025-04-03,22768.36,6.8,60,531,Closed,0
LN00779,CUST02593,BR040,Vehicle,2025-05-07,211501.41,17.83,24,436,Rejected,0
LN03913,CUST08306,BR035,Vehicle,2025-11-24,149328.52,12.53,120,775,Closed,0
LN00954,CUST05765,BR045,Education,2024-09-29,275404.34,11.51,120,505,Active,0
LN05960,CUST03201,BR029,Home,2025-02-09,368797.72,11.25,24,781,Approved,0
LN02930,CUST06980,BR025,Vehicle,2024-11-13,426882.39,12.74,120,622,Approved,0
LN01409,CUST09175,BR043,Home,2025-08-27,216063.47,17.12,36,595,Active,0
LN03776,CUST09256,BR047,Home,2025-07-01,345380.03,14.68,120,853,Defaulted,1
LN01463,CUST05343,BR033,Personal,2026-08-18,178038.21,7.27,24,380,Rejected,0
LN05103,CUST07244,BR031,Home,2025-03-01,25770.36,10.16,60,421,Closed,0
LN04057,CUST00053,BR010,Home,2024-10-11,411813.63,14.46,24,879,Defaulted,1
LN05904,CUST01357,BR047,Vehicle,2024-12-21,452948.32,11.11,12,514,Active,0
LN05135,CUST03892,BR037,Home,2024-11-14,264439.07,6.08,12,728,Closed,0
LN04543,CUST00128,BR042,Education,2025-04-20,243354.08,8.73,24,324,Closed,0
LN05347,CUST03862,BR028,Personal,2026-06-08,154447.93,12.46,24,455,Active,0
LN02070,CUST05901,BR004,Home,2025-08-02,92598.88,10.91,60,790,Active,0
LN01691,CUST06895,BR009,Personal,2025-04-25,255045.24,10.58,60,802,Defaulted,1
LN05712,CUST03775,BR043,Education,2024-12-06,494897.67,17.47,12,760,Active,0
LN03612,CUST08234,BR022,Personal,2025-11-16,234328.69,8.43,12,680,Active,0
LN03580,CUST00166,BR029,Education,2026-06-13,104068.0,13.01,60,516,Rejected,0
LN02596,CUST08438,BR032,Personal,2026-05-15,249373.99,17.72,36,885,Defaulted,1
LN00129,CUST07408,BR045,Vehicle,2026-06-08,371007.61,12.9,24,626,Rejected,0
LN03006,CUST02660,BR000,Education,2026-03-21,68721.92,17.32,36,893,Active,0
LN04505,CUST04891,BR032,Vehicle,2026-03-10,455176.77,12.01,36,768,Defaulted,1
LN01033,CUST08393,BR034,Education,2025-02-09,370632.4,16.07,12,791,Defaulted,1
LN04789,CUST05578,BR002,Education,2026-01-29,356994.33,16.68,24,336,Rejected,0
LN00131,CUST05116,BR029,Vehicle,2026-05-26,205656.64,7.41,120,855,Approved,0
LN02541,CUST02426,BR041,Home,2025-12-21,253218.54,10.4,24,471,Defaulted,1
LN00671,CUST04000,BR013,Home,2025-12-02,135645.0,16.01,36,897,Closed,0
LN05432,CUST05708,BR028,Vehicle,2025-04-03,51420.98,12.18,36,768,Active,0
LN01194,CUST02681,BR027,Home,2024-11-25,481101.34,7.51,120,376,Approved,0
LN00151,CUST09721,BR037,Education,2025-04-01,493530.33,17.66,24,816,Defaulted,1
LN05461,CUST07080,BR007,Vehicle,2026-03-08,-288616.06,12.93,12,417,Defaulted,1
LN03817,CUST00294,BR037,Education,2025-06-23,432529.57,11.71,12,307,Approved,0
LN00555,CUST01542,BR031,Home,2026-04-06,247541.25,13.92,120,509,Closed,0
LN05118,CUST01907,BR032,Personal,2026-08-09,453491.18,7.19,24,352,Closed,0
LN00897,CUST05287,BR041,Personal,2026-06-16,36724.43,6.85,60,696,Active,0
LN05225,CUST06533,BR024,Personal,2025-05-10,170586.21,10.96,24,621,Rejected,0
LN01002,CUST03531,BR010,Personal,2025-09-10,127758.21,14.79,36,517,Active,0
LN00097,CUST05892,BR000,Vehicle,2025-06-22,69329.84,16.8,120,850,Defaulted,1
LN03585,CUST00680,BR032,Personal,2025-11-26,75659.35,8.07,120,370,Defaulted,1
LN04047,CUST00489,BR039,Education,2025-08-11,312014.6,11.73,12,371,Defaulted,1
LN05199,CUST05663,BR044,Vehicle,2025-10-16,109964.23,13.13,24,553,Closed,0
LN05746,CUST07445,BR021,Personal,2024-11-22,116555.57,13.34,36,843,Approved,0
LN01253,CUST03004,BR046,Vehicle,2025-12-22,315396.18,12.18,36,606,Closed,0
LN02610,CUST02990,BR020,Personal,2025-08-22,448409.91,15.23,120,501,Approved,0
LN00314,CUST00190,BR012,Home,2025-04-12,213874.42,11.59,36,392,Defaulted,1
LN02765,CUST02394,BR020,Home,2025-09-29,189347.54,17.04,60,661,Active,0
LN02555,CUST04654,BR042,Personal,2025-10-13,47873.81,9.79,24,355,Closed,0
LN01959,CUST06602,BR004,Home,2024-12-01,110089.73,15.01,24,865,Defaulted,1
LN02959,CUST06344,BR035,Vehicle,2025-12-08,236641.65,10.03,120,657,Approved,0
LN00444,CUST09207,BR023,Home,2026-07-31,488848.37,14.01,12,425,Closed,0
LN04889,CUST00277,BR041,Vehicle,2025-03-19,316352.08,17.79,12,488,Defaulted,1
LN04774,CUST02971,BR046,Education,2024-09-08,487230.98,6.11,12,569,Active,0
LN00942,CUST04670,BR017,Vehicle,2026-06-22,391761.05,16.57,120,529,Defaulted,1
LN01378,CUST03845,BR049,Vehicle,2026-01-27,18414.77,8.46,24,611,Defaulted,1
LN03415,CUST08199,BR025,Education,2026-03-23,435736.87,15.16,36,881,Rejected,0
LN01622,CUST00552,BR030,Personal,2026-08-10,340375.92,17.95,120,492,Active,0
LN00789,CUST04432,BR004,Home,2026-06-30,114841.25,17.4,36,840,Approved,0
LN00698,CUST07239,BR049,Personal,2026-02-23,484981.31,14.31,36,347,Rejected,0
LN01979,CUST04255,BR000,Vehicle,2025-08-05,241505.56,12.55,24,687,Defaulted,1
LN00187,CUST05172,BR023,Education,2025-03-22,483087.97,16.55,24,555,Approved,0
LN02082,CUST00963,BR027,Home,2025-02-20,63910.41,11.12,120,541,Closed,0
LN04111,CUST08092,BR000,Education,2026-03-24,258063.35,12.57,12,706,Closed,0
LN03689,CUST07644,BR028,Education,2025-03-05,89517.6,17.87,36,729,Active,0
LN04613,CUST06686,BR043,Education,2026-04-02,63315.62,16.68,120,669,Closed,0
LN03706,CUST01988,BR012,Personal,2026-04-26,249196.42,16.87,36,706,Closed,0
LN03575,CUST01914,BR003,Vehicle,2024-11-07,109085.39,14.67,60,868,Closed,0
LN05453,CUST02156,BR036,Personal,2025-05-13,80254.08,12.06,120,323,Defaulted,1
LN05128,CUST04362,BR013,Home,2025-09-04,309880.46,17.0,24,670,Active,0
LN00309,CUST00606,BR029,Home,2026-07-07,47968.04,12.87,36,363,Closed,0
LN02635,CUST09122,BR030,Education,2026-01-17,84316.81,12.88,24,510,Active,0
LN03683,CUST03765,BR044,Vehicle,2026-03-20,305764.94,7.44,24,506,Closed,0
LN00886,CUST06988,BR038,Home,2026-03-10,433338.94,10.93,60,785,Rejected,0
LN00949,CUST01997,BR016,Education,2026-08-13,63764.66,7.64,12,681,Approved,0
LN01994,CUST04211,BR032,Personal,2025-04-09,218094.91,9.47,120,869,Rejected,0
LN04793,CUST04780,BR036,Vehicle,2025-06-23,483837.83,17.92,60,541,Approved,0
LN02292,CUST01724,BR046,Vehicle,2025-12-19,375817.67,16.11,60,660,Defaulted,1
LN02020,CUST09958,BR024,Vehicle,2026-07-12,283162.53,11.8,120,540,Defaulted,1
LN00171,CUST01853,BR024,Vehicle,2024-10-14,240422.0,16.92,60,526,Closed,0
LN02857,CUST04658,BR035,Vehicle,2026-04-02,49453.11,16.14,12,755,Active,0
LN03657,CUST00112,BR005,Vehicle,2025-06-28,468712.02,9.31,120,777,Approved,0
LN05939,CUST04593,BR002,Vehicle,2024-12-22,281210.07,10.66,24,726,Defaulted,1
LN02995,CUST03170,BR002,Home,2025-10-27,391044.86,11.25,36,812,Active,0
LN03948,CUST99999,BR011,Education,2026-06-27,289570.9,6.23,120,432,Defaulted,1
LN02356,CUST05891,BR004,Home,2024-10-09,108108.26,11.3,12,486,Closed,0
LN04002,CUST00531,BR035,Vehicle,2024-11-21,168730.17,8.25,120,809,Closed,0
LN01675,CUST06295,BR047,Home,2025-08-03,181330.16,9.95,60,527,Closed,0
LN05893,CUST08758,BR044,Home,2025-05-01,372274.74,13.03,120,770,Rejected,0
LN04372,CUST00719,BR032,Home,2025-10-09,13719.79,11.5,12,527,Rejected,0
LN03688,CUST05941,BR010,Personal,2026-06-09,352376.19,16.5,60,428,Rejected,0
LN00901,CUST02832,BR041,Vehicle,2026-04-28,17923.07,9.76,36,822,Rejected,0
LN03774,CUST04138,BR032,Vehicle,2026-01-20,403088.45,6.17,60,377,Defaulted,1
LN02460,CUST00689,BR006,Vehicle,2025-01-26,115232.11,15.55,12,835,Closed,0
LN02847,CUST07922,BR034,Personal,2024-12-23,445657.16,10.61,120,859,Closed,0
LN01842,CUST02190,BR032,Home,2025-10-30,294749.98,12.18,12,399,Defaulted,1
LN04395,CUST08112,BR033,Education,2025-07-28,496750.08,17.52,12,441,Defaulted,1
LN04240,CUST06231,BR035,Education,2025-05-02,135700.98,17.12,24,539,Approved,0
LN02206,CUST03456,BR034,Education,2025-08-08,239679.43,14.14,120,864,Defaulted,1
LN04140,CUST06047,BR008,Home,2025-08-09,41360.04,10.26,12,455,Rejected,0
LN03378,CUST01932,BR018,Personal,2024-10-18,375905.92,11.77,60,657,Defaulted,1
LN05481,CUST07036,BR021,Vehicle,2025-12-19,47637.4,10.75,12,709,Closed,0
LN04071,CUST00370,BR006,Personal,2026-08-27,149779.19,8.39,120,683,Active,0
LN00656,CUST00009,BR010,Personal,2025-04-12,200690.66,14.63,24,645,Defaulted,1
LN03459,CUST09821,BR048,Home,2025-09-06,198023.87,12.18,12,877,Active,0
LN02880,CUST01431,BR042,Education,2024-11-04,266814.66,11.83,120,708,Closed,0
LN01335,CUST04361,BR024,Personal,2026-08-24,177792.08,10.67,12,740,Approved,0
LN05387,CUST06681,BR003,Education,2025-10-21,464840.22,17.9,36,675,Active,0
LN05377,CUST04270,BR028,Personal,2024-10-25,408344.37,12.28,120,607,Active,0
LN00920,CUST05468,BR026,Personal,2025-10-31,116687.23,13.39,36,854,Active,0
LN04399,CUST02979,BR046,Education,2026-06-15,64117.13,11.83,12,393,Defaulted,1
LN04767,CUST00224,BR015,Vehicle,2024-09-20,133173.26,6.07,120,585,Closed,0
LN05528,CUST07778,BR010,Education,2026-05-16,233306.43,11.4,60,413,Approved,0
LN04278,CUST00191,BR028,Education,2025-06-27,124062.05,8.59,12,328,Defaulted,1
LN01393,CUST07287,BR044,Education,2025-05-15,425052.99,6.11,120,478,Rejected,0
LN00355,CUST06655,BR039,Education,2025-02-03,239256.26,11.26,12,426,Active,0
LN01514,CUST01098,BR028,Personal,2025-09-23,12098.06,6.61,120,596,Rejected,0
LN01286,CUST04232,BR031,Vehicle,2024-11-05,446151.68,9.0,24,420,Approved,0
LN04690,CUST99999,BR001,Vehicle,2025-03-19,129393.9,12.17,24,658,Approved,0
LN02296,CUST01653,BR006,Vehicle,2026-01-30,228948.77,16.83,60,866,Closed,0
LN04902,CUST05953,BR009,Home,2024-09-28,319647.15,6.88,120,726,Rejected,0
LN04603,CUST00890,BR029,Education,2026-06-08,80454.73,16.36,60,326,Approved,0
LN01466,CUST02064,BR035,Education,2024-12-08,206649.47,15.01,36,746,Approved,0
LN04301,CUST06381,BR005,Vehicle,2025-04-22,17167.98,14.63,36,320,Rejected,0
LN00037,CUST03556,BR035,Education,2026-07-15,430594.47,11.89,24,597,Approved,0
LN02796,CUST00340,BR009,Education,2025-06-08,106671.27,9.86,24,316,Active,0
LN00478,CUST08808,BR044,Education,2025-08-29,138368.03,12.96,60,538,Closed,0
LN03926,CUST03005,BR002,Personal,2026-01-19,406270.54,14.1,24,316,Rejected,0
LN00203,CUST07125,BR011,Education,2025-04-23,176460.13,12.18,36,433,Active,0
LN02393,CUST08590,BR003,Vehicle,2025-07-05,472690.42,14.9,60,433,Rejected,0
LN01906,CUST09600,BR010,Home,2026-06-14,50776.67,12.62,12,759,Closed,0
LN05879,CUST09413,BR019,Vehicle,2025-05-23,461161.59,14.79,24,412,Closed,0
LN04614,CUST01587,BR040,Personal,2026-06-14,466743.74,16.94,60,639,Rejected,0
LN04730,CUST03075,BR016,Personal,2026-01-14,479914.14,16.91,24,842,Rejected,0
LN01391,CUST07906,BR020,Personal,2025-07-22,479913.47,6.15,12,361,Defaulted,1
LN02077,CUST01048,BR023,Education,2025-05-08,473541.07,14.22,24,488,Defaulted,1
LN03835,CUST09550,BR022,Education,2025-12-08,342981.52,13.95,36,342,Defaulted,1
LN04029,CUST02854,BR019,Vehicle,2026-07-06,389353.34,13.76,24,356,Rejected,0
LN02649,CUST09046,BR033,Home,2025-11-28,94198.93,13.12,24,854,Rejected,0
LN03481,CUST01772,BR003,Personal,2025-01-22,434432.57,6.79,24,578,Closed,0
LN02551,CUST08676,BR008,Personal,2026-09-03,466811.24,10.61,12,371,Defaulted,1
LN02092,CUST02494,BR001,Personal,2025-06-20,113645.05,7.27,12,639,Approved,0
LN05620,CUST01462,BR005,Home,2024-11-25,120443.01,12.18,36,746,Defaulted,1
LN05427,CUST04758,BR013,Home,2025-01-09,290649.1,14.93,120,471,Defaulted,1
LN02677,CUST06701,BR033,Vehicle,2025-09-08,86146.55,16.12,36,843,Defaulted,1
LN05855,CUST00534,BR029,Vehicle,2025-06-02,348292.74,11.34,24,710,Approved,0
LN01168,CUST02541,BR000,Home,2025-08-26,95434.79,15.33,120,874,Approved,0
LN02524,CUST00781,BR038,Education,2025-02-05,151589.33,8.74,120,519,Rejected,0
LN00108,CUST08154,BR025,Education,2026-01-14,112330.14,13.19,60,873,Defaulted,1
LN02145,CUST06007,BR009,Vehicle,2025-01-08,381794.24,15.14,36,886,Defaulted,1
LN02123,CUST00419,BR003,Vehicle,2025-05-29,496479.09,16.78,12,526,Rejected,0
LN04063,CUST01629,BR042,Vehicle,2026-07-29,465713.15,8.8,24,490,Approved,0
LN01490,CUST06353,BR030,Education,2026-04-10,223859.72,10.56,60,476,Closed,0
LN01310,CUST04278,BR043,Vehicle,2026-01-06,175855.45,14.51,12,680,Approved,0
LN00795,CUST08717,BR023,Vehicle,2026-01-10,392677.46,14.51,12,309,Active,0
LN05413,CUST06453,BR000,Home,2025-02-25,61557.05,15.45,24,464,Active,0
LN01579,CUST06154,BR005,Personal,2025-05-28,282204.15,16.38,24,752,Active,0
LN04397,CUST02547,BR039,Vehicle,2024-11-13,249874.38,14.93,36,346,Rejected,0
LN02504,CUST01537,BR011,Personal,2025-06-17,65841.37,6.85,36,702,Approved,0
LN04349,CUST02032,BR012,Education,2026-04-28,467472.09,17.64,36,547,Defaulted,1
LN05436,CUST03534,BR014,Education,2026-08-21,47931.72,7.47,24,518,Rejected,0
LN03360,CUST08350,BR000,Home,2026-09-02,193389.59,15.23,36,384,Closed,0
LN02900,CUST00359,BR013,Home,2026-07-01,112247.14,15.19,60,399,Active,0
LN01021,CUST09397,BR000,Home,2025-05-07,179244.36,12.18,36,315,Closed,0
LN00504,CUST03440,BR035,Vehicle,2026-01-28,494646.49,17.94,120,679,Rejected,0
LN05613,CUST06691,BR024,Home,2025-07-26,115747.48,11.5,60,534,Approved,0
LN05356,CUST01079,BR023,Education,2025-06-09,331519.29,15.16,36,871,Defaulted,1
LN05913,CUST03114,BR037,Vehicle,2025-07-28,77801.72,8.82,60,515,Rejected,0
LN03745,CUST08475,BR014,Home,2025-12-16,11972.39,14.09,60,656,Defaulted,1
LN00880,CUST02048,BR018,Education,2024-12-24,330903.6,10.87,120,654,Defaulted,1
LN05607,CUST06738,BR000,Personal,2025-07-04,295614.14,13.07,24,897,Approved,0
LN02561,CUST03525,BR028,Home,2025-01-10,285330.07,11.97,24,487,Active,0
LN03702,CUST06160,BR026,Vehicle,2026-05-29,281162.3,12.37,24,338,Closed,0
LN02588,CUST00669,BR028,Personal,2024-09-29,479784.22,6.57,36,636,Rejected,0
LN05145,CUST05599,BR006,Vehicle,2026-04-05,382250.55,12.54,60,411,Closed,0
LN01867,CUST08212,BR008,Education,2026-02-26,429486.71,17.19,12,844,Rejected,0
LN03041,CUST03802,BR006,Personal,2026-05-28,77180.56,17.6,24,751,Defaulted,1
LN01166,CUST05877,BR001,Home,2025-06-08,186023.26,12.18,36,354,Rejected,0
LN05818,CUST02173,BR013,Education,2025-07-13,349925.77,15.92,36,698,Approved,0
LN04834,CUST00089,BR004,Vehicle,2025-07-02,379190.36,17.26,12,482,Rejected,0
LN05186,CUST09104,BR041,Personal,2025-03-11,44627.41,15.56,60,309,Rejected,0
LN04075,CUST00383,BR049,Home,2025-11-19,314722.75,10.16,60,697,Active,0
LN02211,CUST01668,BR029,Education,2026-03-08,203866.94,9.82,120,332,Rejected,0
LN03145,CUST00436,BR005,Education,2025-02-06,107668.69,13.66,36,605,Defaulted,1
LN05463,CUST09713,BR011,Education,2025-06-08,399276.19,10.31,36,373,Rejected,0
LN04939,CUST06636,BR031,Home,2026-06-21,375955.58,16.63,36,362,Active,0
LN05134,CUST05540,BR017,Home,2025-05-20,450689.6,17.79,36,765,Active,0
LN05862,CUST06957,BR017,Vehicle,2025-11-26,157756.57,9.35,24,658,Approved,0
LN02017,CUST04037,BR018,Home,2026-04-28,261240.87,8.93,60,497,Closed,0
LN00960,CUST05788,BR011,Home,2025-09-01,412986.93,15.95,60,775,Approved,0
LN00227,CUST04736,BR020,Home,2025-06-25,151089.5,14.96,60,489,Active,0
LN02209,CUST07650,BR043,Home,2025-06-30,346924.7,12.53,24,363,Approved,0
LN00095,CUST06736,BR027,Home,2025-06-18,133843.91,8.91,60,361,Active,0
LN04922,CUST08497,BR004,Vehicle,2025-09-27,263171.43,16.7,60,305,Rejected,0
LN05775,CUST08362,BR043,Vehicle,2026-08-10,88926.35,11.9,36,614,Approved,0
LN02417,CUST02096,BR025,Education,2026-07-18,22731.32,8.42,36,839,Rejected,0
LN00828,CUST06168,BR003,Personal,2025-08-28,393043.91,12.71,120,795,Rejected,0
LN02156,CUST04592,BR024,Personal,2025-01-06,351598.51,13.47,24,819,Approved,0
LN05699,CUST09916,BR010,Personal,2026-01-06,310578.87,7.74,12,461,Approved,0
LN01909,CUST09900,BR013,Home,2025-02-15,202901.33,10.13,120,718,Closed,0
LN02992,CUST09326,BR024,Education,2026-01-06,443762.2,7.44,24,856,Active,0
LN00922,CUST09064,BR039,Home,2026-04-01,59435.51,14.14,36,357,Defaulted,1
LN05514,CUST01001,BR029,Home,2024-11-03,352462.26,16.09,12,568,Approved,0
LN03043,CUST01970,BR012,Education,2025-07-20,81485.73,16.56,12,804,Active,0
LN03898,CUST05520,BR029,Home,2024-12-30,494964.22,17.72,120,575,Active,0
LN03205,CUST06091,BR037,Home,2026-06-13,318790.93,13.07,36,322,Rejected,0
LN01816,CUST06924,BR026,Home,2026-07-26,223447.18,16.62,60,470,Active,0
LN03212,CUST00234,BR026,Education,2025-09-11,222955.16,10.87,12,824,Defaulted,1
LN03982,CUST02104,BR029,Vehicle,2025-07-24,112925.93,16.05,24,784,Active,0
LN03160,CUST08851,BR037,Home,2024-12-09,294221.34,15.06,120,749,Active,0
LN04880,CUST08339,BR013,Home,2024-12-12,219318.77,16.59,12,506,Approved,0
LN05259,CUST09350,BR024,Personal,2025-04-01,374452.66,12.18,36,746,Rejected,0
LN00029,CUST00189,BR000,Vehicle,2026-03-06,46241.96,12.81,36,515,Active,0
LN02501,CUST01633,BR016,Home,2025-08-13,340137.82,13.28,60,417,Rejected,0
LN01908,CUST05495,BR018,Personal,2025-11-12,208088.73,8.57,12,870,Defaulted,1
LN05097,CUST07977,BR021,Vehicle,2026-05-24,163942.03,13.05,24,473,Active,0
LN03546,CUST04591,BR002,Personal,2025-01-04,395196.57,13.03,60,787,Closed,0
LN01473,CUST01435,BR014,Home,2025-04-22,90416.08,13.94,36,493,Closed,0
LN01940,CUST00630,BR030,Personal,2025-12-09,282496.62,8.23,60,373,Active,0
LN04806,CUST08378,BR013,Personal,2025-08-07,302510.54,9.68,36,383,Closed,0
LN02525,CUST07548,BR023,Personal,2025-06-20,78964.25,11.92,36,695,Defaulted,1
LN03759,CUST04937,BR005,Personal,2025-04-09,16568.36,7.0,120,449,Approved,0
LN03432,CUST08148,BR004,Home,2025-09-27,374492.45,12.61,24,894,Active,0
LN04750,CUST07263,BR021,Vehicle,2025-11-30,215913.99,16.42,12,883,Closed,0
LN03096,CUST09959,BR017,Vehicle,2025-05-08,178287.7,11.61,36,684,Defaulted,1
LN05326,CUST99999,BR022,Vehicle,2024-10-28,181019.17,16.17,120,732,Defaulted,1
LN02222,CUST05439,BR041,Home,2026-04-07,74197.13,6.53,60,804,Approved,0
LN00991,CUST05779,BR026,Vehicle,2024-10-09,455586.56,15.29,24,843,Rejected,0
LN03064,CUST08182,BR022,Personal,2025-06-03,383023.0,9.79,36,890,Closed,0
LN02571,CUST05110,BR049,Home,2025-02-27,58388.95,10.46,36,340,Approved,0
LN02943,CUST09449,BR034,Education,2024-11-04,492666.58,14.17,120,377,Rejected,0
LN04162,CUST07876,BR019,Education,2026-04-05,223878.8,12.7,12,562,Rejected,0
LN03433,CUST02217,BR041,Home,2025-01-30,78619.22,17.52,36,866,Approved,0
LN02875,CUST04669,BR044,Home,2025-09-24,179541.18,13.23,120,369,Closed,0
LN02119,CUST01403,BR032,Home,2026-03-07,331842.93,12.18,12,629,Rejected,0
LN03505,CUST09582,BR045,Vehicle,2025-08-20,430426.69,8.55,12,346,Approved,0
LN04719,CUST00422,BR034,Education,2025-09-22,378341.35,11.52,60,436,Defaulted,1
LN03131,CUST05409,BR003,Personal,2025-08-08,225512.16,12.07,36,717,Approved,0
LN00020,CUST06396,BR043,Education,2025-02-24,366373.31,7.26,60,887,Defaulted,1
LN04343,CUST07185,BR043,Home,2025-10-30,276987.91,11.46,24,838,Active,0
LN01200,CUST02866,BR032,Education,2025-01-25,309495.02,16.78,60,818,Rejected,0
LN01108,CUST07221,BR040,Vehicle,2026-02-08,170328.01,16.34,60,608,Closed,0
LN02789,CUST01325,BR047,Personal,2025-08-20,309148.03,13.29,120,592,Active,0
LN03448,CUST03318,BR037,Home,2025-04-17,120496.52,9.04,36,895,Active,0
LN05549,CUST07465,BR021,Vehicle,2026-04-01,12056.61,14.89,12,563,Approved,0
LN02269,CUST01256,BR042,Personal,2025-01-16,153166.63,14.28,36,735,Active,0
LN01163,CUST08428,BR024,Personal,2026-04-10,27764.9,7.73,36,410,Closed,0
LN03411,CUST05366,BR040,Education,2025-11-27,308450.01,9.22,24,826,Closed,0
LN03491,CUST07812,BR004,Education,2024-11-14,116175.28,6.08,120,441,Approved,0
LN00532,CUST07651,BR005,Education,2026-01-13,154287.41,11.19,120,498,Defaulted,1
LN05205,CUST04516,BR040,Home,2026-04-11,62290.34,8.96,24,355,Rejected,0
LN02828,CUST08365,BR039,Personal,2024-10-30,93038.69,17.63,60,420,Approved,0
LN03275,CUST03841,BR047,Personal,2026-04-02,13787.83,8.66,120,445,Rejected,0
LN04455,CUST01690,BR002,Personal,2026-04-03,391449.49,16.18,36,547,Approved,0
LN00328,CUST02733,BR005,Vehicle,2025-09-10,74469.65,12.38,36,638,Active,0
LN01659,CUST02920,BR027,Education,2026-02-07,314351.4,13.19,60,718,Active,0
LN01974,CUST06704,BR005,Personal,2024-10-02,129292.47,11.17,24,520,Defaulted,1
LN04510,CUST04567,BR020,Home,2025-12-10,37906.9,10.51,24,830,Rejected,0
LN03118,CUST02130,BR006,Education,2025-04-14,300900.79,13.19,36,854,Defaulted,1
LN02304,CUST03300,BR005,Vehicle,2025-11-19,27635.02,9.15,60,637,Closed,0
LN04792,CUST07381,BR043,Vehicle,2024-11-11,207203.04,7.78,120,744,Approved,0
LN05330,CUST09643,BR015,Vehicle,2025-08-18,486388.47,10.17,60,461,Active,0
LN02330,CUST01037,BR013,Education,2025-06-08,395679.55,13.27,60,635,Rejected,0
LN05121,CUST01243,BR042,Home,2025-02-28,116941.06,11.68,12,346,Rejected,0
LN04072,CUST00857,BR038,Home,2025-04-13,264982.39,17.65,12,846,Defaulted,1
LN03951,CUST00816,BR010,Home,2026-02-09,91817.2,17.76,24,771,Defaulted,1
LN01784,CUST07175,BR048,Vehicle,2026-03-24,442577.78,9.5,24,705,Closed,0
LN03261,CUST01461,BR038,Home,2025-05-09,215721.0,16.59,24,599,Active,0
LN04498,CUST05366,BR014,Personal,2025-06-08,342980.41,6.18,24,402,Active,0
LN01539,CUST01607,BR033,Personal,2024-10-11,276309.83,12.65,120,350,Closed,0
LN03079,CUST03735,BR016,Vehicle,2024-12-26,275050.71,10.88,36,623,Approved,0
LN03427,CUST01636,BR024,Home,2026-08-23,436461.23,12.18,24,648,Defaulted,1
LN00268,CUST06944,BR038,Education,2025-10-22,37262.94,14.33,36,487,Rejected,0
LN04043,CUST02972,BR016,Home,2025-01-19,276682.36,17.31,120,509,Closed,0
LN01075,CUST02482,BR014,Home,2025-01-04,468593.74,9.11,120,389,Active,0
LN02539,CUST04869,BR042,Vehicle,2025-02-10,359176.3,14.1,36,357,Active,0
LN04924,CUST02654,BR035,Education,2024-12-04,36764.55,11.37,12,364,Rejected,0
LN00640,CUST06042,BR012,Home,2025-06-06,58883.87,17.27,36,669,Active,0
LN05048,CUST09726,BR036,Education,2026-05-27,162273.23,15.37,120,886,Defaulted,1
LN05586,CUST04239,BR018,Vehicle,2026-06-08,417927.16,14.15,24,584,Closed,0
LN02138,CUST06548,BR021,Personal,2026-04-10,246024.34,17.7,12,413,Rejected,0
LN00204,CUST99999,BR000,Education,2025-08-11,468618.03,8.12,120,474,Rejected,0
LN01664,CUST00352,BR038,Education,2026-08-08,208213.04,8.85,120,333,Active,0
LN00688,CUST06600,BR032,Vehicle,2025-02-02,343040.81,16.31,12,592,Active,0
LN03700,CUST05788,BR005,Vehicle,2024-12-04,447330.6,17.58,36,587,Active,0
LN00211,CUST00659,BR000,Home,2025-03-31,271268.33,11.14,120,363,Rejected,0
LN03381,CUST05637,BR021,Personal,2025-05-22,100934.32,8.3,24,682,Approved,0
LN01876,CUST00140,BR008,Education,2026-02-22,357387.52,13.88,36,473,Active,0
LN02613,CUST00587,BR029,Education,2026-08-12,470149.84,7.42,36,532,Approved,0
LN01169,CUST02051,BR027,Home,2025-04-06,397871.22,14.84,120,823,Closed,0
LN03735,CUST06409,BR032,Vehicle,2024-12-25,205205.06,6.75,24,878,Rejected,0
LN02619,CUST09433,BR005,Home,2025-01-02,427131.53,17.25,12,474,Rejected,0
LN05174,CUST03590,BR028,Personal,2025-05-26,92194.76,6.11,24,515,Defaulted,1
LN04274,CUST04331,BR011,Education,2025-11-29,446497.83,6.5,120,838,Closed,0
LN04940,CUST07362,BR028,Home,2025-11-23,259764.13,14.55,12,840,Active,0
LN05715,CUST02061,BR019,Education,2025-07-13,107931.55,12.52,60,827,Rejected,0
LN00719,CUST09521,BR012,Home,2025-10-06,177189.02,15.72,12,612,Defaulted,1
LN04019,CUST00670,BR037,Education,2025-11-20,449696.09,8.85,36,369,Approved,0
LN02600,CUST06274,BR040,Personal,2025-04-18,263910.62,15.81,60,537,Closed,0
LN01844,CUST02875,BR015,Vehicle,2025-07-06,423285.82,10.79,60,756,Rejected,0
LN05154,CUST04633,BR047,Education,2025-02-06,455061.43,11.36,60,318,Active,0
LN03654,CUST04559,BR011,Home,2026-07-15,328781.65,12.18,12,899,Approved,0
LN05964,CUST07127,BR012,Vehicle,2025-09-03,283915.34,17.17,60,435,Approved,0
LN02139,CUST02293,BR044,Vehicle,2025-10-25,37360.73,16.76,60,595,Closed,0
LN05772,CUST99999,BR014,Vehicle,2025-04-28,491085.93,9.29,120,359,Rejected,0
LN00507,CUST02914,BR021,Vehicle,2026-02-08,310561.31,11.94,12,507,Defaulted,1
LN05223,CUST02646,BR005,Vehicle,2025-03-29,405133.69,16.19,36,665,Active,0
LN02521,CUST05774,BR029,Education,2025-09-07,260549.03,13.82,24,764,Approved,0
LN00260,CUST02200,BR022,Home,2026-04-25,10077.29,13.86,120,319,Rejected,0
LN01489,CUST04569,BR041,Personal,2025-10-07,54712.78,12.47,12,868,Rejected,0
LN05035,CUST04942,BR035,Home,2025-06-23,115595.57,7.4,120,598,Defaulted,1
LN05999,CUST07950,BR009,Education,2026-05-06,475057.57,10.39,24,829,Closed,0
LN01887,CUST05539,BR045,Home,2026-06-28,252526.55,12.59,36,654,Rejected,0
LN01160,CUST02573,BR033,Education,2025-10-25,132682.79,14.92,36,445,Rejected,0
LN05185,CUST01539,BR000,Personal,2025-10-24,364412.07,9.66,36,416,Approved,0
LN00620,CUST03330,BR013,Vehicle,2026-02-10,464359.79,7.16,24,795,Rejected,0
LN02911,CUST04928,BR031,Vehicle,2025-03-01,389290.24,11.08,120,677,Closed,0
LN03087,CUST04208,BR049,Vehicle,2025-03-19,210242.26,12.62,36,724,Closed,0
LN03324,CUST02204,BR025,Personal,2025-11-17,226160.36,8.2,12,490,Active,0
LN00537,CUST07860,BR007,Vehicle,2025-03-22,194641.61,14.05,12,806,Defaulted,1
LN00375,CUST03124,BR012,Vehicle,2026-01-27,469908.54,12.18,12,577,Closed,0
LN02444,CUST00631,BR041,Personal,2026-02-10,169030.43,13.68,120,405,Active,0
LN01101,CUST03451,BR042,Personal,2026-07-24,352134.17,6.12,12,800,Approved,0
LN04875,CUST00691,BR020,Vehicle,2024-11-14,155097.39,17.43,36,427,Defaulted,1
LN04552,CUST06589,BR033,Personal,2025-06-13,148267.54,13.69,12,449,Rejected,0
LN03260,CUST00539,BR043,Home,2025-08-16,238650.84,12.02,36,507,Defaulted,1
LN05229,CUST02645,BR040,Home,2026-03-06,352422.08,9.49,24,596,Defaulted,1
LN02396,CUST02171,BR016,Home,2025-05-28,83138.33,8.9,24,411,Defaulted,1
LN01443,CUST09908,BR002,Education,2025-08-14,308890.93,6.8,12,657,Closed,0
LN05209,CUST08111,BR025,Home,2025-10-05,290954.63,10.61,36,424,Closed,0
LN04042,CUST01925,BR003,Education,2026-03-07,410621.33,16.08,60,678,Active,0
LN00871,CUST04289,BR000,Home,2026-03-16,46344.59,12.2,36,458,Closed,0
LN02622,CUST09890,BR031,Vehicle,2026-03-26,57813.79,8.91,60,784,Defaulted,1
LN05881,CUST00901,BR023,Home,2025-03-11,308684.8,6.81,36,361,Defaulted,1
LN05604,CUST03655,BR035,Vehicle,2026-03-21,401081.27,6.5,120,463,Closed,0
LN03555,CUST03273,BR008,Home,2025-09-08,266612.21,10.95,24,359,Rejected,0
LN01737,CUST06116,BR011,Vehicle,2026-01-23,136131.5,6.7,120,827,Active,0
LN05660,CUST05603,BR049,Personal,2026-01-28,398825.42,8.89,120,527,Active,0
LN05656,CUST04938,BR027,Education,2025-09-17,118588.5,12.49,60,620,Closed,0
LN05974,CUST02708,BR043,Home,2025-09-22,66960.42,7.15,12,886,Defaulted,1
LN03515,CUST00580,BR044,Vehicle,2026-01-28,141979.48,12.18,36,325,Approved,0
LN02684,CUST06142,BR018,Education,2024-09-20,100759.43,8.58,12,589,Active,0
LN05499,CUST04576,BR015,Personal,2026-07-14,93211.97,8.15,24,858,Defaulted,1
LN02632,CUST06763,BR008,Personal,2024-10-15,458836.08,13.39,36,795,Defaulted,1
LN01154,CUST02106,BR002,Vehicle,2025-05-03,462970.74,15.35,24,461,Closed,0
LN05168,CUST00506,BR042,Personal,2025-06-04,30869.57,14.73,12,729,Active,0
LN03634,CUST08125,BR010,Education,2026-09-03,98580.22,9.29,120,619,Active,0
LN05055,CUST09462,BR027,Education,2025-11-29,24143.77,14.1,36,554,Rejected,0
LN04823,CUST04670,BR005,Personal,2026-03-02,415076.29,8.1,60,654,Approved,0
LN03883,CUST02594,BR047,Personal,2026-03-23,385267.63,16.62,24,590,Approved,0
LN05111,CUST06582,BR036,Personal,2026-06-11,430999.13,14.86,36,360,Defaulted,1
LN01187,CUST08801,BR042,Vehicle,2025-04-10,150803.29,13.44,60,571,Active,0
LN03062,CUST07661,BR001,Education,2026-04-01,92370.25,12.28,12,678,Rejected,0
LN04218,CUST03875,BR000,Education,2024-12-30,467607.78,15.94,120,857,Rejected,0
LN05889,CUST06937,BR008,Vehicle,2024-09-23,46876.22,11.99,36,593,Rejected,0
LN03525,CUST01380,BR027,Education,2025-07-19,469798.86,17.69,60,628,Rejected,0
LN05842,CUST02757,BR045,Personal,2026-04-20,308636.18,6.78,120,351,Approved,0
LN04878,CUST06382,BR004,Home,2024-12-25,359838.16,7.31,12,581,Defaulted,1
LN02767,CUST09302,BR026,Home,2026-08-26,14191.84,10.11,24,701,Approved,0
LN05516,CUST06899,BR031,Personal,2026-03-09,363289.23,16.79,36,604,Closed,0
LN02741,CUST03516,BR041,Home,2025-02-03,47065.89,7.61,24,738,Active,0
LN04285,CUST07587,BR011,Personal,2026-09-01,110157.85,10.11,36,440,Rejected,0
LN00229,CUST08155,BR043,Vehicle,2025-01-11,441566.8,13.36,120,865,Closed,0
LN02185,CUST03897,BR030,Home,2026-02-08,-152912.8,13.3,36,768,Closed,0
LN05744,CUST07509,BR032,Education,2026-03-02,496500.8,6.17,60,310,Rejected,0
LN01061,CUST00966,BR024,Education,2025-05-31,265422.7,7.36,24,814,Approved,0
LN03210,CUST06318,BR016,Personal,2025-11-19,219573.57,14.42,60,426,Defaulted,1
LN03172,CUST09227,BR021,Personal,2025-02-09,420100.03,15.39,120,662,Closed,0
LN04010,CUST07739,BR031,Education,2026-06-03,342219.03,7.26,24,405,Active,0
LN00276,CUST04496,BR040,Personal,2026-03-28,-69592.9,10.62,120,616,Rejected,0
LN00119,CUST04488,BR042,Education,2026-02-24,160656.46,14.02,36,402,Active,0
LN00324,CUST06709,BR033,Education,2025-11-29,143498.76,12.89,120,500,Approved,0
LN01302,CUST07693,BR003,Personal,2025-08-26,185600.14,10.24,120,594,Defaulted,1
LN02693,CUST01967,BR028,Home,2024-11-27,71998.19,15.38,60,793,Defaulted,1
LN00155,CUST06776,BR035,Personal,2025-11-18,430399.15,10.25,120,840,Defaulted,1
LN04197,CUST01135,BR034,Home,2025-04-22,43577.73,6.03,24,791,Approved,0
LN02236,CUST08569,BR013,Education,2026-01-18,210050.72,14.59,24,581,Closed,0
LN01361,CUST00806,BR047,Education,2026-02-13,178540.7,13.94,60,329,Defaulted,1
LN00643,CUST05320,BR044,Personal,2026-05-18,29301.18,13.9,36,737,Closed,0
LN02295,CUST08894,BR023,Personal,2026-04-20,463411.57,16.46,24,671,Approved,0
LN04449,CUST01806,BR000,Home,2025-01-30,482695.92,8.38,120,827,Defaulted,1
LN04805,CUST01012,BR041,Education,2025-03-08,227527.49,12.0,120,770,Rejected,0
LN02252,CUST00521,BR026,Vehicle,2025-08-13,42644.82,8.07,60,858,Approved,0
LN01220,CUST09977,BR005,Education,2025-11-27,83321.99,12.76,12,502,Defaulted,1
LN01949,CUST01100,BR014,Home,2025-10-21,467426.91,16.15,60,606,Active,0
LN00868,CUST00117,BR049,Home,2025-04-09,111471.56,7.77,60,339,Closed,0
LN00371,CUST09907,BR000,Home,2026-07-04,489039.84,14.73,36,482,Approved,0
LN00156,CUST05864,BR026,Home,2025-10-31,342249.58,14.91,120,814,Defaulted,1
LN00578,CUST06588,BR032,Home,2025-05-05,398325.82,13.47,60,525,Closed,0
LN00484,CUST09708,BR000,Home,2025-02-20,155569.47,9.76,36,807,Closed,0
LN04370,CUST06901,BR021,Home,2025-03-27,290124.34,10.18,12,787,Closed,0
LN03144,CUST05789,BR049,Vehicle,2025-11-18,490955.28,15.86,12,313,Closed,0
LN02021,CUST04895,BR026,Personal,2025-02-22,325531.73,14.27,24,619,Approved,0
LN01746,CUST99999,BR034,Vehicle,2024-12-19,243476.77,9.72,36,621,Closed,0
LN03152,CUST07190,BR008,Vehicle,2025-08-23,371894.15,17.92,36,822,Rejected,0
LN00624,CUST07114,BR025,Home,2025-03-19,61208.71,12.73,24,881,Closed,0
LN03287,CUST07703,BR031,Personal,2025-06-27,136208.19,14.52,36,427,Rejected,0
LN05591,CUST04312,BR028,Education,2026-07-28,350364.92,12.0,120,380,Defaulted,1
LN03068,CUST03420,BR021,Education,2025-06-22,103488.21,17.37,24,718,Approved,0
LN00992,CUST06166,BR017,Education,2026-04-16,328128.94,13.27,36,847,Defaulted,1
LN02112,CUST08591,BR021,Home,2026-01-31,101121.98,12.0,12,864,Closed,0
LN05651,CUST00463,BR042,Vehicle,2024-11-19,131390.72,7.59,120,548,Rejected,0
LN00594,CUST03072,BR007,Education,2025-11-16,344414.74,6.63,12,549,Approved,0
LN01976,CUST05051,BR037,Education,2025-09-15,470219.83,14.32,60,809,Approved,0
LN04168,CUST05232,BR006,Home,2024-09-12,234688.9,7.46,120,587,Active,0
LN01718,CUST03081,BR002,Home,2026-05-23,31729.96,13.73,60,342,Closed,0
LN04304,CUST03183,BR035,Home,2024-10-31,432122.66,16.83,60,692,Approved,0
LN02966,CUST07151,BR026,Education,2026-07-14,53952.66,12.18,12,378,Approved,0
LN02428,CUST07531,BR023,Vehicle,2026-03-04,198360.38,15.19,24,386,Active,0
LN04598,CUST02011,BR000,Home,2026-05-03,186222.0,14.91,120,849,Rejected,0
LN02121,CUST03292,BR001,Education,2025-05-05,56516.68,16.68,120,458,Approved,0
LN05486,CUST04248,BR005,Personal,2024-09-08,416060.52,10.31,36,561,Approved,0
LN01604,CUST03174,BR017,Personal,2026-01-11,360885.04,11.94,24,522,Closed,0
LN00738,CUST99999,BR006,Personal,2025-12-30,175291.47,13.56,24,356,Approved,0
LN05057,CUST07754,BR022,Vehicle,2024-11-06,465935.6,16.49,12,676,Active,0
LN01661,CUST08946,BR020,Education,2026-08-07,283183.95,14.56,24,534,Rejected,0
LN04604,CUST06078,BR005,Personal,2026-04-18,452476.39,10.38,120,575,Rejected,0
LN02359,CUST02563,BR044,Home,2026-05-30,136668.06,16.2,12,837,Approved,0
LN05017,CUST07148,BR049,Vehicle,2026-04-06,327727.73,11.46,24,560,Defaulted,1
LN04006,CUST00002,BR033,Education,2025-02-04,63164.19,16.95,60,660,Approved,0
LN03601,CUST04287,BR003,Personal,2025-10-09,12911.46,9.01,24,309,Active,0
LN04080,CUST06111,BR004,Home,2026-06-30,23974.06,10.36,60,529,Active,0
LN05638,CUST05178,BR014,Home,2025-05-13,200639.75,7.34,36,728,Defaulted,1
LN01448,CUST06150,BR015,Personal,2024-09-30,432566.39,11.35,36,742,Rejected,0
LN04220,CUST09802,BR025,Vehicle,2025-01-15,189164.66,9.55,120,600,Closed,0
LN05226,CUST04677,BR017,Vehicle,2026-08-28,194220.94,12.7,120,657,Approved,0
LN02412,CUST01449,BR028,Education,2026-03-24,386498.85,15.75,12,511,Defaulted,1
LN03232,CUST01519,BR001,Vehicle,2026-01-30,432295.78,10.57,60,482,Approved,0
LN04356,CUST04405,BR008,Home,2025-12-27,87992.09,7.62,60,583,Rejected,0
LN05342,CUST09709,BR006,Vehicle,2024-10-17,345849.25,7.28,60,713,Rejected,0
LN04260,CUST01546,BR022,Personal,2025-05-15,98436.67,13.53,12,871,Defaulted,1
LN04300,CUST03199,BR049,Education,2026-05-20,217690.37,6.9,24,847,Closed,0
LN03791,CUST05041,BR045,Personal,2026-06-29,349076.34,6.22,120,872,Rejected,0
LN00169,CUST03763,BR009,Home,2024-11-17,496078.53,10.71,12,486,Defaulted,1
LN04321,CUST08080,BR042,Vehicle,2026-05-13,137101.89,14.28,12,794,Rejected,0
LN01030,CUST02708,BR028,Personal,2025-06-26,232975.34,15.32,36,420,Approved,0
LN00248,CUST04499,BR015,Vehicle,2024-10-22,205041.16,17.49,24,684,Closed,0
LN00394,CUST04752,BR030,Personal,2025-06-29,419988.25,16.67,24,423,Active,0
LN05236,CUST06089,BR049,Personal,2025-03-08,149468.66,13.55,36,774,Closed,0
LN00927,CUST04820,BR044,Home,2025-02-26,248348.66,16.58,24,384,Approved,0
LN05076,CUST03744,BR028,Vehicle,2024-12-06,49100.55,17.06,12,460,Rejected,0
LN04605,CUST07036,BR002,Home,2024-10-10,50955.29,12.31,60,871,Active,0
LN02227,CUST03839,BR039,Vehicle,2026-08-24,78488.11,10.71,12,685,Rejected,0
LN03410,CUST00929,BR005,Vehicle,2026-01-27,460237.9,6.18,60,663,Approved,0
LN03543,CUST09327,BR001,Home,2025-02-25,33201.49,11.49,120,795,Active,0
LN00486,CUST07543,BR035,Vehicle,2025-04-01,101117.19,7.91,12,858,Rejected,0
LN01152,CUST01387,BR000,Personal,2026-02-27,215501.02,14.95,12,497,Rejected,0
LN01582,CUST02043,BR026,Personal,2025-07-13,459069.49,15.15,60,791,Closed,0
LN01618,CUST02056,BR023,Personal,2025-08-18,59162.22,6.21,24,461,Active,0
LN01304,CUST03223,BR046,Personal,2026-02-23,264531.86,11.93,120,727,Active,0
LN01882,CUST03610,BR016,Home,2024-10-25,465692.54,6.01,12,565,Rejected,0
LN00694,CUST05565,BR048,Personal,2025-10-16,102205.58,17.99,120,712,Defaulted,1
LN00614,CUST03376,BR014,Education,2026-08-27,450132.3,8.0,120,865,Rejected,0
LN05963,CUST09533,BR016,Education,2026-06-09,329636.41,11.94,120,484,Approved,0
LN04560,CUST00974,BR045,Education,2025-10-05,147410.63,14.9,60,311,Defaulted,1
LN00618,CUST09588,BR036,Home,2025-07-24,35956.72,10.3,24,635,Defaulted,1
LN00101,CUST06278,BR019,Vehicle,2025-04-03,289022.01,14.9,36,761,Closed,0
LN02321,CUST06445,BR025,Personal,2024-10-31,126977.12,11.23,60,666,Rejected,0
LN05127,CUST00262,BR040,Education,2026-07-21,405978.19,15.25,12,485,Approved,0
LN03384,CUST08811,BR009,Vehicle,2024-11-25,287047.66,6.9,120,695,Rejected,0
LN05187,CUST00643,BR049,Education,2025-07-31,344073.73,11.39,60,818,Approved,0
LN03283,CUST02661,BR044,Education,2025-05-18,231741.49,15.42,36,376,Closed,0
LN00446,CUST04611,BR002,Vehicle,2025-03-18,168291.36,16.81,60,872,Rejected,0
LN04335,CUST00844,BR031,Personal,2025-07-29,273507.68,14.39,24,477,Defaulted,1
LN01322,CUST03241,BR002,Home,2026-08-14,161910.7,17.82,36,792,Defaulted,1
LN03946,CUST04951,BR037,Education,2024-10-04,232054.97,16.36,120,378,Approved,0
LN02293,CUST01376,BR009,Education,2025-01-04,404289.09,10.06,12,457,Active,0
LN04925,CUST07392,BR027,Personal,2025-03-14,250611.96,13.88,60,355,Active,0
LN05584,CUST01390,BR001,Education,2026-07-27,239370.0,16.84,24,442,Active,0
LN03498,CUST04316,BR035,Personal,2025-05-17,27480.46,8.81,120,399,Approved,0
LN02775,CUST04378,BR023,Home,2024-11-08,388962.19,16.07,12,608,Defaulted,1
LN05354,CUST05560,BR031,Education,2025-08-05,452755.66,9.31,60,774,Approved,0
LN04771,CUST00124,BR046,Home,2025-01-08,212396.63,11.93,12,492,Closed,0
LN00054,CUST01585,BR018,Vehicle,2025-06-13,312273.2,7.02,12,539,Rejected,0
LN01864,CUST05445,BR025,Personal,2026-09-07,344561.96,8.15,60,884,Active,0
LN01464,CUST09882,BR009,Home,2024-12-05,484741.07,16.74,12,507,Defaulted,1
LN05571,CUST04588,BR035,Personal,2025-11-21,82825.82,10.79,24,693,Active,0
LN05877,CUST04846,BR042,Personal,2026-07-30,127868.94,15.41,12,339,Approved,0
LN03218,CUST04888,BR015,Vehicle,2024-12-02,185963.87,16.53,24,837,Rejected,0
LN05298,CUST05506,BR048,Education,2025-09-01,89800.56,16.79,36,896,Defaulted,1
LN03401,CUST09475,BR029,Home,2026-04-18,58969.08,16.15,60,333,Approved,0
LN05603,CUST05810,BR045,Personal,2024-11-30,288469.5,11.19,60,840,Defaulted,1
LN01613,CUST06090,BR009,Personal,2026-04-21,126094.65,12.31,120,610,Closed,0
LN05204,CUST07354,BR031,Home,2025-08-30,25355.36,16.16,36,350,Approved,0
LN01106,CUST05954,BR041,Home,2025-11-24,159969.01,12.04,24,792,Closed,0
LN04673,CUST01003,BR019,Home,2026-04-13,125761.01,15.01,120,376,Approved,0
LN05968,CUST06961,BR002,Home,2026-08-25,399466.83,14.37,12,861,Rejected,0
LN00923,CUST09444,BR005,Personal,2025-11-06,306729.43,11.56,36,412,Closed,0
LN01331,CUST00271,BR034,Vehicle,2025-12-14,216172.5,9.11,12,831,Closed,0
LN04791,CUST06548,BR044,Personal,2025-03-21,286322.98,17.41,36,721,Closed,0
LN00082,CUST08684,BR043,Education,2025-03-04,321659.77,17.67,24,838,Active,0
LN05069,CUST05968,BR013,Home,2025-03-25,393211.62,15.45,36,359,Rejected,0
LN02098,CUST06430,BR000,Personal,2026-05-27,376574.02,9.34,12,638,Approved,0
LN01171,CUST08633,BR039,Vehicle,2025-03-22,212685.93,7.38,24,563,Defaulted,1
LN01010,CUST06024,BR013,Education,2026-04-26,273582.29,14.57,12,664,Approved,0
LN02748,CUST01447,BR045,Home,2026-01-30,356199.52,10.99,36,328,Defaulted,1
LN05957,CUST04704,BR010,Personal,2026-08-22,255571.65,7.15,12,524,Defaulted,1
LN04061,CUST07404,BR031,Education,2026-07-14,383109.32,8.16,12,692,Closed,0
LN02764,CUST01185,BR000,Vehicle,2026-02-27,326090.52,12.9,120,445,Rejected,0
LN04493,CUST00307,BR027,Home,2025-12-26,469156.77,16.78,12,839,Active,0
LN05736,CUST01551,BR028,Vehicle,2025-03-31,322733.8,17.96,60,362,Rejected,0
LN05170,CUST08435,BR036,Vehicle,2026-06-22,355872.41,9.9,120,683,Rejected,0
LN04929,CUST04654,BR046,Vehicle,2024-11-02,86214.64,14.92,120,791,Active,0
LN05317,CUST03567,BR025,Home,2026-01-21,367333.47,9.89,24,834,Rejected,0
LN02360,CUST03292,BR023,Home,2025-11-26,149502.0,9.93,36,670,Defaulted,1
LN00597,CUST01214,BR016,Vehicle,2025-07-20,46883.4,10.42,36,409,Active,0
LN01471,CUST05352,BR023,Home,2026-09-02,454303.76,12.93,12,772,Active,0
LN02271,CUST02196,BR028,Personal,2025-10-09,280943.98,7.39,36,747,Active,0
LN02881,CUST05624,BR006,Vehicle,2025-08-25,26089.36,11.12,24,650,Approved,0
LN00675,CUST00384,BR047,Vehicle,2025-12-15,56877.67,7.77,12,463,Defaulted,1
LN00560,CUST02681,BR014,Education,2025-11-17,212574.12,8.5,12,754,Approved,0
LN00385,CUST04142,BR010,Education,2025-07-20,229988.16,12.94,24,659,Rejected,0
LN04398,CUST00336,BR023,Education,2024-12-07,351224.17,11.03,12,671,Defaulted,1
LN00196,CUST08958,BR047,Personal,2025-10-30,161681.05,8.76,36,714,Active,0
LN03391,CUST02743,BR045,Personal,2025-01-08,434999.3,8.36,60,469,Defaulted,1
LN02154,CUST00163,BR047,Personal,2026-07-26,288696.86,12.22,60,577,Rejected,0
LN05643,CUST01335,BR000,Education,2025-01-18,153250.24,8.88,120,876,Approved,0
LN04181,CUST03414,BR022,Personal,2025-11-12,223129.96,7.93,36,623,Active,0
LN01022,CUST03030,BR002,Home,2024-11-30,211409.98,11.88,12,710,Closed,0
LN03756,CUST07967,BR033,Vehicle,2025-02-26,108249.67,17.08,120,342,Closed,0
LN03813,CUST06864,BR000,Home,2024-11-08,400823.68,12.53,36,537,Rejected,0
LN01802,CUST04909,BR039,Personal,2026-02-12,400486.67,11.48,120,447,Defaulted,1
LN00423,CUST01679,BR018,Personal,2024-10-16,204051.93,16.19,12,303,Closed,0
LN04666,CUST99999,BR000,Vehicle,2026-07-06,18474.05,10.65,12,557,Closed,0
LN05271,CUST02181,BR048,Education,2024-10-09,355019.95,15.12,120,743,Closed,0
LN03311,CUST06516,BR000,Home,2025-04-27,45108.8,6.23,120,432,Defaulted,1
LN05802,CUST07465,BR024,Personal,2025-02-11,21055.21,16.71,24,376,Rejected,0
LN05834,CUST01301,BR029,Home,2025-07-30,201701.83,15.81,12,317,Approved,0
LN02457,CUST02297,BR005,Home,2024-09-22,101717.52,14.36,36,392,Approved,0
LN01050,CUST04971,BR026,Personal,2025-11-21,35314.47,16.22,120,441,Closed,0
LN01170,CUST06809,BR028,Vehicle,2025-05-04,478152.94,17.61,60,445,Closed,0
LN01451,CUST02808,BR039,Home,2026-05-21,475769.68,11.15,60,580,Closed,0
LN00356,CUST08173,BR037,Education,2025-02-02,144769.73,15.59,60,595,Active,0
LN02713,CUST06816,BR005,Vehicle,2026-01-11,293451.89,15.1,120,527,Defaulted,1
LN04928,CUST00320,BR046,Home,2025-12-13,197688.79,11.18,60,357,Rejected,0
LN01342,CUST02050,BR015,Vehicle,2026-03-05,126202.56,8.04,24,807,Active,0
LN02179,CUST00571,BR021,Education,2025-04-16,483292.47,11.83,36,524,Active,0
LN05451,CUST99999,BR031,Personal,2025-03-10,289421.58,11.99,120,788,Rejected,0
LN03648,CUST04068,BR041,Education,2026-01-22,308076.51,8.25,36,766,Rejected,0
LN04016,CUST00897,BR040,Education,2025-06-24,378734.14,8.88,120,802,Approved,0
LN04877,CUST07910,BR009,Education,2024-11-25,158003.94,11.06,24,632,Closed,0
LN02666,CUST00392,BR016,Home,2025-06-15,130162.68,16.02,24,884,Rejected,0
LN02824,CUST06246,BR013,Education,2026-05-07,253345.67,7.77,60,684,Rejected,0
LN02391,CUST00659,BR032,Home,2026-08-21,140081.88,10.1,120,526,Active,0
LN01277,CUST04806,BR001,Vehicle,2026-01-06,444284.91,10.27,12,849,Rejected,0
LN05255,CUST03956,BR049,Vehicle,2025-02-16,121378.18,14.7,12,598,Approved,0
LN01741,CUST02203,BR022,Education,2025-08-16,165955.51,10.08,60,333,Defaulted,1
LN01272,CUST03993,BR049,Home,2025-12-25,62393.55,14.01,120,668,Active,0
LN03042,CUST04699,BR011,Personal,2026-02-22,273853.23,12.18,12,528,Approved,0
LN03318,CUST02207,BR042,Personal,2026-02-26,108530.91,15.03,36,522,Active,0
LN03097,CUST08068,BR041,Personal,2025-02-02,310611.46,16.1,120,379,Closed,0
LN00708,CUST04858,BR044,Home,2026-02-05,492960.47,12.01,12,563,Active,0
LN05263,CUST05540,BR017,Vehicle,2025-01-08,486627.89,13.35,12,674,Defaulted,1
LN00850,CUST05622,BR016,Education,2026-08-05,171852.39,11.2,60,837,Rejected,0
LN03690,CUST04855,BR049,Vehicle,2025-03-19,16083.88,13.33,120,618,Approved,0
LN03445,CUST07432,BR046,Education,2024-11-30,78946.84,9.79,36,466,Active,0
LN05650,CUST01754,BR028,Vehicle,2026-08-06,187605.33,15.57,120,477,Active,0
LN03991,CUST02763,BR025,Home,2025-10-03,437102.02,15.52,24,682,Rejected,0
LN05478,CUST05650,BR044,Vehicle,2024-11-17,426309.48,9.05,24,847,Defaulted,1
LN05657,CUST05417,BR043,Vehicle,2026-03-09,196030.47,8.99,120,426,Defaulted,1
LN00200,CUST02931,BR014,Personal,2026-01-18,397056.88,11.17,120,486,Closed,0
LN04984,CUST07452,BR046,Personal,2026-05-28,499337.46,17.98,120,617,Closed,0
LN03039,CUST03536,BR017,Personal,2025-03-17,171805.46,8.59,60,702,Active,0
LN00575,CUST07419,BR044,Vehicle,2025-08-07,153489.46,14.05,24,654,Rejected,0
LN04227,CUST04735,BR042,Education,2024-11-06,96662.97,12.18,60,385,Rejected,0
LN04424,CUST03357,BR030,Home,2024-12-06,84336.24,7.95,120,644,Closed,0
LN00160,CUST05575,BR023,Personal,2025-08-06,366771.2,6.21,36,436,Active,0
LN03313,CUST00972,BR040,Education,2025-04-27,388943.03,10.31,24,549,Defaulted,1
LN03608,CUST07619,BR036,Vehicle,2025-07-27,313635.43,7.13,36,638,Rejected,0
LN05240,CUST00861,BR045,Vehicle,2026-05-06,221388.79,9.64,120,668,Rejected,0
LN04874,CUST02581,BR041,Vehicle,2025-02-23,70083.42,17.71,120,358,Approved,0
LN00973,CUST04612,BR039,Education,2025-04-12,350783.05,6.7,24,472,Active,0
LN04994,CUST05247,BR022,Education,2026-02-18,168728.43,7.83,24,541,Closed,0
LN01456,CUST03741,BR048,Home,2025-11-09,472799.06,16.23,36,709,Approved,0
LN02706,CUST04493,BR005,Vehicle,2025-01-21,84679.39,13.31,12,304,Active,0
LN05233,CUST05476,BR042,Home,2025-05-13,346897.0,13.82,12,878,Rejected,0
LN02644,CUST06344,BR006,Vehicle,2025-12-15,39782.77,10.25,60,416,Approved,0
LN03862,CUST05059,BR008,Vehicle,2025-07-13,409386.26,17.24,120,632,Defaulted,1
LN02033,CUST02817,BR036,Vehicle,2024-11-20,187124.38,11.38,120,490,Rejected,0
LN04828,CUST00016,BR001,Education,2025-08-02,87450.04,11.04,60,406,Approved,0
LN05875,CUST08320,BR020,Personal,2024-10-08,244928.65,15.8,24,564,Closed,0
LN04249,CUST01230,BR033,Education,2025-05-21,329186.18,11.62,12,357,Rejected,0
LN01279,CUST05913,BR012,Home,2025-04-01,29096.46,17.06,120,864,Active,0
LN02919,CUST05546,BR015,Education,2024-09-28,99945.82,17.58,120,657,Rejected,0
LN00373,CUST03854,BR007,Education,2024-11-23,438097.64,15.13,24,382,Approved,0
LN05709,CUST99999,BR001,Education,2024-11-10,93298.19,14.88,24,498,Closed,0
LN04221,CUST08135,BR007,Home,2025-08-11,32284.2,15.3,60,650,Rejected,0
LN01225,CUST07674,BR026,Education,2025-05-30,51112.25,17.79,120,504,Active,0
LN05892,CUST00547,BR018,Personal,2026-05-17,471198.6,12.1,12,862,Approved,0
LN03929,CUST02242,BR019,Vehicle,2025-08-31,59946.63,12.83,120,743,Rejected,0
LN00581,CUST04186,BR006,Education,2026-09-02,43492.34,6.53,36,486,Rejected,0
LN02159,CUST06036,BR000,Education,2025-12-31,184015.28,9.3,12,691,Defaulted,1
LN02433,CUST06868,BR044,Education,2026-03-12,251050.79,8.75,120,684,Closed,0
LN05988,CUST00156,BR000,Home,2026-04-12,-187192.01,13.75,120,678,Defaulted,1
LN02640,CUST09127,BR012,Education,2024-12-03,416350.47,17.13,12,681,Defaulted,1
LN04651,CUST09460,BR028,Vehicle,2026-05-26,397025.48,17.18,120,732,Closed,0
LN02954,CUST08315,BR049,Education,2026-07-21,265698.19,14.07,60,764,Approved,0
LN03073,CUST99999,BR033,Vehicle,2025-03-14,74567.74,9.37,120,475,Closed,0
LN01357,CUST09155,BR016,Personal,2025-03-21,100032.07,16.38,12,363,Closed,0
LN05392,CUST07082,BR039,Personal,2026-05-18,484732.78,9.02,36,371,Rejected,0
LN05602,CUST04327,BR037,Home,2026-05-12,76861.05,17.22,120,651,Closed,0
LN02234,CUST09805,BR026,Education,2025-07-19,439184.0,16.11,36,569,Approved,0
LN00707,CUST07901,BR015,Education,2024-11-01,310358.9,15.35,12,644,Rejected,0
LN05084,CUST07954,BR020,Home,2024-09-17,487067.75,10.4,120,523,Rejected,0
LN04772,CUST03246,BR030,Personal,2025-08-16,246412.97,10.94,12,444,Active,0
LN00462,CUST08002,BR017,Education,2026-03-18,151568.01,11.41,60,504,Active,0
LN02333,CUST07544,BR000,Personal,2025-05-07,49084.08,15.27,12,809,Approved,0
LN04059,CUST00615,BR012,Personal,2025-02-19,11786.88,13.93,36,748,Closed,0
LN04633,CUST03758,BR025,Personal,2025-02-18,370913.03,15.42,36,519,Approved,0
LN01334,CUST09454,BR021,Personal,2025-11-24,447637.97,15.77,60,370,Closed,0
LN01301,CUST05392,BR015,Home,2026-07-07,219996.28,9.01,24,434,Active,0
LN00728,CUST09550,BR045,Education,2024-12-15,428913.57,16.67,12,810,Defaulted,1
LN02663,CUST00459,BR014,Education,2026-02-09,44156.8,16.73,36,751,Defaulted,1
LN04624,CUST06837,BR034,Vehicle,2026-07-09,339557.93,15.85,120,870,Defaulted,1
LN04520,CUST08728,BR041,Education,2025-06-24,482644.29,15.96,12,809,Defaulted,1
LN02566,CUST00282,BR035,Home,2024-12-31,317388.99,6.49,36,853,Active,0
LN01363,CUST07486,BR034,Home,2026-07-08,472989.06,16.32,24,388,Active,0
LN03503,CUST00270,BR017,Vehicle,2025-07-02,323770.2,10.06,120,643,Active,0
LN03909,CUST08690,BR030,Education,2025-02-07,456510.13,8.11,120,319,Rejected,0
LN03387,CUST09738,BR032,Education,2024-12-23,43101.87,13.69,24,488,Rejected,0
LN05779,CUST06801,BR029,Vehicle,2025-10-02,42230.58,12.38,60,694,Defaulted,1
LN03513,CUST06771,BR049,Home,2024-09-16,23467.75,17.67,120,854,Closed,0
LN03801,CUST01361,BR028,Personal,2025-11-18,468171.66,7.92,120,595,Rejected,0
LN02057,CUST08264,BR036,Education,2024-10-24,471197.57,16.14,12,529,Approved,0
LN00404,CUST07560,BR029,Home,2026-03-03,286934.9,15.26,12,680,Defaulted,1
LN00603,CUST00133,BR041,Vehicle,2025-03-10,174383.54,14.81,120,542,Active,0
LN01754,CUST06262,BR048,Personal,2025-02-10,485263.53,12.97,120,544,Defaulted,1
LN02267,CUST00038,BR021,Home,2025-05-24,384555.61,7.86,36,821,Rejected,0
LN00702,CUST00770,BR049,Education,2026-04-03,397136.32,9.69,36,739,Defaulted,1
LN04163,CUST03262,BR034,Home,2025-07-07,132767.57,13.09,36,430,Closed,0
LN00330,CUST07455,BR023,Personal,2025-07-21,350234.39,10.42,24,480,Closed,0
LN03111,CUST03426,BR000,Home,2025-08-29,275302.89,10.02,60,514,Defaulted,1
LN00943,CUST02190,BR003,Personal,2025-09-06,-365146.76,15.0,36,603,Rejected,0
LN00606,CUST06316,BR003,Vehicle,2026-05-22,142921.61,8.74,12,733,Defaulted,1
LN00993,CUST00814,BR001,Vehicle,2024-10-02,50034.94,11.93,12,392,Approved,0
LN00744,CUST04164,BR000,Education,2024-09-08,184170.24,9.84,24,608,Active,0
LN03109,CUST01381,BR023,Vehicle,2025-07-10,88673.33,11.66,60,726,Rejected,0
LN03686,CUST06358,BR049,Vehicle,2025-10-26,43160.03,15.83,120,884,Active,0
LN02223,CUST09765,BR042,Vehicle,2024-10-10,352502.7,12.18,36,306,Rejected,0
LN05059,CUST01367,BR006,Vehicle,2025-08-27,51138.29,15.87,120,498,Defaulted,1
LN04317,CUST05208,BR020,Personal,2026-02-01,223664.12,7.3,120,305,Approved,0
LN03248,CUST02016,BR029,Personal,2026-06-23,213624.17,12.76,60,653,Rejected,0
LN02419,CUST06404,BR000,Personal,2025-05-24,317158.27,14.51,24,809,Active,0
LN03895,CUST01647,BR049,Home,2026-07-11,237272.64,7.48,60,570,Approved,0
LN03314,CUST03718,BR016,Home,2026-04-29,421051.73,7.86,12,360,Closed,0
LN00557,CUST01191,BR010,Home,2025-11-10,146181.79,16.53,12,572,Defaulted,1
LN05633,CUST07389,BR031,Education,2026-05-21,21295.86,9.02,24,835,Active,0
LN04461,CUST06416,BR039,Personal,2025-08-07,380822.11,8.92,12,769,Rejected,0
LN03663,CUST03168,BR036,Home,2025-10-31,351111.5,14.92,12,762,Rejected,0
LN03230,CUST01378,BR031,Personal,2025-09-11,106108.28,17.63,24,531,Defaulted,1
LN05824,CUST07325,BR007,Home,2025-08-29,261166.14,10.88,120,546,Approved,0
LN02424,CUST02978,BR014,Home,2026-08-21,103932.64,8.35,120,526,Defaulted,1
LN04752,CUST09667,BR009,Home,2025-11-21,108951.02,15.79,24,527,Approved,0
LN02486,CUST07345,BR003,Home,2026-01-01,64145.66,11.5,36,813,Active,0
LN00416,CUST04070,BR019,Education,2025-12-01,111352.11,13.95,36,888,Closed,0
LN00461,CUST05387,BR026,Education,2026-02-10,46422.13,15.91,36,631,Active,0
LN05027,CUST07940,BR016,Home,2025-06-04,24936.8,6.72,36,754,Approved,0
LN00220,CUST01843,BR011,Education,2025-04-27,338625.02,10.1,60,567,Rejected,0
LN04681,CUST01895,BR031,Vehicle,2024-12-15,320895.24,10.58,60,350,Active,0
LN05071,CUST07493,BR037,Education,2024-11-26,393484.19,14.97,12,879,Defaulted,1
LN02743,CUST09168,BR014,Personal,2025-06-12,494735.56,17.23,12,640,Approved,0
LN05428,CUST00626,BR042,Vehicle,2024-11-24,54750.55,8.9,24,695,Rejected,0
LN02160,CUST02355,BR010,Vehicle,2024-10-16,147703.68,6.21,60,642,Rejected,0
LN03787,CUST02346,BR013,Personal,2026-04-16,376467.2,16.81,12,632,Active,0
LN01185,CUST00645,BR006,Home,2026-04-04,245842.09,6.67,24,675,Active,0
LN03846,CUST03278,BR012,Vehicle,2026-08-15,419858.49,11.13,36,769,Rejected,0
LN04973,CUST01881,BR005,Education,2025-10-29,98333.05,16.86,24,378,Rejected,0
LN01151,CUST05619,BR001,Home,2025-07-19,239240.63,9.75,120,646,Defaulted,1
LN04843,CUST06124,BR045,Vehicle,2025-04-28,245931.9,15.22,120,895,Approved,0
LN04572,CUST08721,BR005,Vehicle,2024-11-11,273304.64,13.9,60,684,Rejected,0
LN03490,CUST06297,BR025,Home,2025-05-20,14158.15,6.88,36,351,Approved,0
LN01672,CUST03453,BR009,Vehicle,2025-12-08,117767.81,7.81,12,632,Active,0
LN03186,CUST06056,BR022,Home,2025-08-28,485656.8,15.78,24,326,Active,0
LN03916,CUST02294,BR023,Vehicle,2025-09-30,302200.53,15.81,36,830,Closed,0
LN04541,CUST02230,BR049,Education,2025-01-15,216402.57,8.42,12,379,Closed,0
LN02510,CUST08174,BR014,Personal,2025-04-17,238915.33,9.72,60,498,Active,0
LN03496,CUST01422,BR018,Personal,2024-12-26,302512.34,13.51,36,827,Approved,0
LN05642,CUST99999,BR035,Home,2025-05-31,96838.97,7.42,60,565,Approved,0
LN03665,CUST06043,BR001,Home,2026-01-28,361002.2,7.14,24,550,Active,0
LN01956,CUST04358,BR041,Vehicle,2025-06-16,339352.86,8.71,120,550,Rejected,0
LN01997,CUST09208,BR037,Vehicle,2025-12-06,246647.15,15.3,60,378,Active,0
LN05109,CUST99999,BR012,Education,2025-05-14,135103.76,11.55,24,448,Defaulted,1
LN00791,CUST05811,BR048,Vehicle,2024-11-03,79964.58,16.4,60,631,Active,0
LN04189,CUST06336,BR035,Education,2024-11-19,308065.83,9.99,60,628,Closed,0
LN04663,CUST02618,BR006,Vehicle,2025-04-20,496465.64,15.89,12,698,Rejected,0
LN04852,CUST04713,BR023,Education,2026-02-15,97812.83,9.75,24,606,Active,0
LN01105,CUST00832,BR025,Personal,2025-09-03,289156.85,8.63,12,354,Closed,0
LN03614,CUST03490,BR044,Education,2026-02-12,293052.42,12.18,12,890,Rejected,0
LN00432,CUST06484,BR029,Personal,2025-10-07,259838.29,14.01,120,587,Closed,0
LN04729,CUST06763,BR015,Home,2025-08-30,14658.04,16.74,36,372,Active,0
LN04232,CUST02566,BR047,Personal,2026-01-06,152787.11,16.75,12,826,Active,0
LN00776,CUST06376,BR048,Home,2026-04-14,122906.77,6.11,12,596,Closed,0
LN02689,CUST06999,BR025,Home,2025-03-14,330356.93,9.35,12,425,Rejected,0
LN03701,CUST00201,BR000,Home,2024-10-03,121245.6,14.38,12,557,Closed,0
LN03717,CUST01518,BR003,Vehicle,2025-08-20,355894.27,8.29,60,763,Defaulted,1
LN00616,CUST03486,BR006,Education,2026-05-08,496098.85,9.78,36,786,Active,0
LN01392,CUST04876,BR010,Vehicle,2025-05-24,322982.24,9.46,120,505,Closed,0
LN05739,CUST01449,BR002,Personal,2025-04-04,459857.52,8.72,24,633,Closed,0
LN05876,CUST00437,BR025,Vehicle,2025-07-12,467844.08,11.72,60,857,Defaulted,1
LN04832,CUST08711,BR026,Vehicle,2024-11-02,494377.09,13.07,12,500,Active,0
LN04933,CUST05505,BR043,Personal,2025-06-15,323476.38,6.25,24,462,Active,0
LN00148,CUST09555,BR007,Education,2026-01-20,64073.98,15.94,60,712,Closed,0
LN03355,CUST00215,BR031,Vehicle,2025-02-21,350711.41,9.43,60,425,Approved,0
LN02300,CUST05926,BR048,Vehicle,2026-01-08,80166.78,14.8,120,701,Active,0
LN04745,CUST06519,BR011,Education,2025-05-16,221673.92,16.61,36,599,Rejected,0
LN05610,CUST02220,BR033,Education,2025-07-30,382993.64,10.44,60,483,Approved,0
LN04549,CUST07545,BR002,Home,2026-01-02,427198.93,8.7,12,891,Approved,0
LN04688,CUST09343,BR046,Home,2025-05-16,458119.09,13.54,12,684,Rejected,0
LN04764,CUST07483,BR033,Vehicle,2026-05-09,339413.04,8.91,120,855,Active,0
LN04347,CUST01932,BR015,Home,2024-11-13,443099.29,8.91,36,734,Closed,0
LN03707,CUST03802,BR000,Home,2026-09-05,38244.92,10.85,60,658,Approved,0
LN05257,CUST08465,BR000,Personal,2025-05-05,257006.61,12.18,24,392,Approved,0
LN05821,CUST02601,BR039,Personal,2026-07-05,122569.98,16.26,12,426,Closed,0
LN02422,CUST07462,BR028,Personal,2026-02-05,175548.4,16.3,60,802,Rejected,0
LN01109,CUST03310,BR045,Education,2025-06-29,317962.76,13.39,24,409,Closed,0
LN03778,CUST08560,BR001,Vehicle,2025-10-20,84915.53,14.77,12,680,Approved,0
LN04765,CUST02123,BR024,Home,2026-06-19,179127.16,17.27,12,821,Closed,0
LN00932,CUST04227,BR002,Personal,2025-09-20,270191.53,17.93,24,817,Approved,0
LN03451,CUST02176,BR030,Vehicle,2025-11-03,466576.39,8.92,24,358,Defaulted,1
LN00072,CUST07892,BR030,Personal,2026-01-01,174079.91,13.21,60,801,Rejected,0
LN01133,CUST03695,BR004,Education,2025-03-14,192924.55,8.68,12,782,Defaulted,1
LN04122,CUST09306,BR007,Personal,2025-05-30,391810.51,17.81,36,607,Approved,0
LN01916,CUST04616,BR022,Home,2026-05-02,159049.41,8.63,36,569,Approved,0
LN04786,CUST08307,BR046,Education,2026-07-20,451135.74,12.32,12,775,Approved,0
LN02440,CUST00162,BR004,Personal,2026-05-15,242108.65,12.18,36,776,Defaulted,1
LN01367,CUST05690,BR047,Home,2026-04-25,455259.46,10.68,24,423,Defaulted,1
LN01926,CUST06807,BR022,Education,2025-11-01,59770.35,15.06,36,479,Defaulted,1
LN01413,CUST05370,BR010,Vehicle,2025-05-17,273294.06,14.47,60,480,Rejected,0
LN05483,CUST01058,BR023,Vehicle,2024-09-23,365997.83,15.94,12,445,Approved,0
LN02241,CUST03747,BR009,Personal,2024-09-24,364659.66,15.28,12,792,Defaulted,1
LN03332,CUST05223,BR004,Home,2025-11-27,360663.23,17.65,12,547,Closed,0
LN03864,CUST02187,BR012,Education,2025-03-12,47863.15,6.63,60,856,Closed,0
LN01179,CUST07141,BR040,Education,2025-10-29,351169.1,11.13,120,498,Closed,0
LN00863,CUST07489,BR020,Vehicle,2026-05-05,202783.39,8.22,12,514,Active,0
LN00529,CUST04491,BR009,Personal,2025-06-01,77633.53,11.19,24,898,Active,0
LN04855,CUST06308,BR042,Personal,2025-10-25,217944.62,14.13,12,424,Closed,0
LN05075,CUST02994,BR044,Vehicle,2026-03-23,336830.75,10.76,60,691,Closed,0
LN01800,CUST00986,BR014,Vehicle,2026-02-12,348095.69,7.5,24,377,Closed,0
LN03621,CUST02972,BR033,Personal,2026-06-04,86371.58,11.99,24,847,Closed,0
LN02498,CUST02090,BR043,Vehicle,2026-08-10,191901.55,17.44,36,751,Approved,0
LN05117,CUST00941,BR001,Education,2026-02-12,263260.68,14.06,36,331,Approved,0
LN01321,CUST08930,BR047,Education,2025-01-01,140017.81,11.23,24,487,Closed,0
LN03668,CUST06261,BR041,Personal,2024-12-09,418168.89,9.72,36,718,Rejected,0
LN02870,CUST01856,BR041,Home,2025-02-21,45230.72,13.15,120,847,Defaulted,1
LN05600,CUST08302,BR017,Education,2025-06-07,302226.12,8.64,120,553,Defaulted,1
LN01129,CUST04425,BR003,Personal,2024-09-15,94869.78,9.54,12,374,Rejected,0
LN03083,CUST07901,BR047,Education,2025-07-03,276413.7,15.3,24,411,Approved,0
LN00221,CUST08680,BR035,Education,2026-06-23,491199.64,17.88,36,786,Approved,0
LN05531,CUST03332,BR049,Vehicle,2026-01-25,395357.96,14.44,12,324,Active,0
LN01415,CUST05295,BR044,Vehicle,2026-05-01,320875.57,17.1,60,360,Closed,0
LN03593,CUST01538,BR035,Home,2024-12-07,431744.0,14.19,60,500,Active,0
LN05277,CUST05982,BR030,Vehicle,2024-11-17,149916.04,7.36,24,419,Rejected,0
LN01189,CUST08646,BR009,Home,2025-12-09,155915.67,9.03,120,594,Closed,0
LN00225,CUST06694,BR012,Home,2025-02-09,163978.35,10.27,24,753,Defaulted,1
LN03901,CUST04545,BR004,Education,2025-11-11,272133.69,12.92,120,317,Defaulted,1
LN01244,CUST09650,BR041,Home,2026-05-31,97566.0,15.52,36,374,Closed,0
LN00649,CUST07714,BR048,Personal,2025-02-05,465703.29,13.55,24,665,Approved,0
LN05329,CUST06256,BR034,Home,2026-01-22,325384.27,13.79,60,714,Active,0
LN03894,CUST06815,BR003,Home,2025-11-18,193419.53,7.69,36,697,Approved,0
LN02594,CUST01529,BR037,Education,2026-01-25,86688.87,11.27,120,305,Rejected,0
LN00855,CUST09352,BR022,Education,2025-08-23,143321.24,13.29,120,746,Closed,0
LN01115,CUST03054,BR037,Personal,2025-01-27,462356.25,17.0,60,749,Closed,0
LN01991,CUST09424,BR043,Education,2025-01-01,249743.39,14.95,120,677,Active,0
LN01007,CUST00126,BR010,Education,2025-09-04,250158.43,16.98,60,409,Rejected,0
LN00002,CUST05390,BR031,Education,2024-09-27,44969.84,11.62,12,310,Active,0
LN04123,CUST06623,BR005,Education,2025-12-22,324075.95,9.5,60,671,Active,0
LN04148,CUST05660,BR023,Education,2026-01-01,57377.96,17.83,12,550,Rejected,0
LN01665,CUST09094,BR005,Home,2025-04-19,152841.79,16.49,12,687,Defaulted,1
LN03891,CUST02773,BR003,Home,2025-05-09,237935.11,13.2,120,551,Defaulted,1
LN04409,CUST08519,BR003,Personal,2025-10-17,434053.78,14.18,36,830,Defaulted,1
LN04526,CUST09497,BR010,Vehicle,2025-12-15,444829.66,11.46,36,692,Defaulted,1
LN05733,CUST09053,BR034,Home,2025-03-31,147165.51,6.14,12,417,Active,0
LN02301,CUST06251,BR037,Education,2025-09-26,283394.88,6.76,60,402,Closed,0
LN01271,CUST05387,BR022,Education,2024-10-24,193769.94,9.61,12,828,Rejected,0
LN03460,CUST07778,BR037,Education,2025-04-07,68386.95,12.18,36,423,Rejected,0
LN05011,CUST05060,BR046,Home,2025-12-24,203852.56,10.27,60,874,Active,0
LN01695,CUST00001,BR040,Personal,2026-06-14,444918.61,17.77,36,461,Rejected,0
LN04231,CUST05866,BR044,Personal,2026-03-21,123010.98,14.91,120,434,Closed,0
LN03414,CUST02409,BR007,Home,2026-04-04,241203.06,8.44,120,684,Closed,0
LN01125,CUST05005,BR011,Education,2026-03-06,96051.61,8.02,60,866,Closed,0
LN00283,CUST06893,BR026,Vehicle,2026-01-25,392181.48,10.74,36,362,Approved,0
LN03026,CUST06963,BR032,Home,2025-11-26,277676.76,14.35,24,316,Closed,0
LN03036,CUST02808,BR019,Home,2026-01-19,492282.39,8.02,36,603,Active,0
LN00526,CUST08335,BR043,Home,2025-12-21,133315.57,13.92,60,681,Defaulted,1
LN03242,CUST02257,BR018,Home,2025-01-18,30990.29,7.07,36,337,Rejected,0
LN02624,CUST99999,BR041,Vehicle,2025-10-22,379085.84,8.8,60,357,Active,0
LN05325,CUST09829,BR037,Home,2024-09-24,48615.28,10.03,24,392,Closed,0
LN05152,CUST00746,BR003,Vehicle,2026-05-01,198370.08,16.83,12,397,Active,0
LN03970,CUST09579,BR005,Vehicle,2026-01-16,333589.36,12.65,60,790,Approved,0
LN02371,CUST00663,BR007,Home,2026-05-30,432388.68,16.81,36,826,Active,0
LN00826,CUST06288,BR018,Education,2026-06-28,161113.35,11.4,60,518,Closed,0
LN05596,CUST02917,BR015,Home,2025-02-17,183815.23,13.8,36,344,Defaulted,1
LN00524,CUST04946,BR025,Home,2025-04-07,17306.03,9.92,12,707,Rejected,0
LN00035,CUST01267,BR014,Education,2025-04-12,192211.46,6.97,24,695,Defaulted,1
LN05910,CUST06726,BR049,Education,2025-05-15,454070.24,17.01,60,763,Closed,0
LN05211,CUST07837,BR000,Vehicle,2026-01-15,363934.93,7.12,24,874,Active,0
LN01430,CUST06183,BR019,Home,2026-01-04,293817.82,17.32,36,433,Active,0
LN04222,CUST06055,BR010,Personal,2025-04-10,298708.44,12.18,12,869,Active,0
LN02936,CUST04652,BR032,Education,2025-09-14,30385.58,7.6,36,336,Approved,0
LN02042,CUST08453,BR040,Home,2026-08-25,439412.54,13.55,120,830,Defaulted,1
LN04272,CUST08775,BR031,Personal,2026-01-12,204863.76,14.82,12,563,Active,0
LN00224,CUST05759,BR047,Vehicle,2025-12-25,408893.46,10.25,120,358,Approved,0
LN03344,CUST06410,BR044,Vehicle,2024-10-10,172791.6,11.79,60,361,Closed,0
LN05399,CUST08890,BR042,Education,2025-11-04,239757.56,9.32,60,452,Active,0
LN02395,CUST02125,BR000,Personal,2026-05-02,483040.46,13.19,120,514,Closed,0
LN05595,CUST05586,BR004,Personal,2025-04-01,310864.09,6.06,120,516,Closed,0
LN03588,CUST05260,BR027,Home,2025-01-13,272399.11,12.99,12,380,Active,0
LN00837,CUST07943,BR024,Personal,2026-04-17,94386.98,7.54,60,481,Defaulted,1
LN03847,CUST07296,BR012,Personal,2024-09-19,36822.42,6.3,12,483,Defaulted,1
LN01421,CUST04036,BR023,Education,2026-01-31,218740.4,12.06,120,562,Rejected,0
LN00856,CUST08434,BR006,Vehicle,2025-03-28,53273.23,12.91,120,893,Active,0
LN03722,CUST02849,BR006,Home,2024-10-15,418566.56,13.68,36,728,Active,0
LN04761,CUST08970,BR041,Vehicle,2024-10-13,437848.05,8.56,24,596,Active,0
LN00242,CUST07158,BR007,Vehicle,2025-06-16,73795.29,6.74,12,451,Closed,0
LN04282,CUST09275,BR020,Vehicle,2025-07-10,74005.74,13.83,36,892,Closed,0
LN02688,CUST00423,BR019,Vehicle,2025-06-02,203623.06,9.03,120,407,Approved,0
LN02532,CUST05879,BR031,Vehicle,2026-05-05,417919.84,8.28,12,424,Defaulted,1
LN03282,CUST02158,BR020,Home,2025-11-17,406374.38,17.23,12,394,Approved,0
LN03330,CUST09433,BR030,Home,2025-04-19,172899.38,13.55,120,455,Rejected,0
LN05941,CUST08321,BR016,Personal,2026-07-01,367456.87,10.11,60,448,Defaulted,1
LN03407,CUST08436,BR047,Personal,2026-08-14,326266.5,9.71,12,812,Approved,0
LN02094,CUST01884,BR018,Vehicle,2026-04-23,395657.76,15.89,36,646,Rejected,0
LN02036,CUST05299,BR009,Personal,2025-05-08,44561.8,11.65,36,490,Defaulted,1
LN05776,CUST00294,BR029,Home,2026-07-03,490419.96,8.01,36,856,Approved,0
LN01679,CUST09465,BR012,Education,2026-06-26,272850.48,17.97,24,897,Active,0
LN02050,CUST08785,BR001,Vehicle,2024-11-22,150408.23,13.17,60,466,Approved,0
LN03535,CUST03109,BR037,Vehicle,2024-12-08,136213.6,17.96,60,758,Defaulted,1
LN04323,CUST02153,BR018,Home,2024-11-04,126386.29,17.18,36,873,Active,0
LN05625,CUST05308,BR043,Education,2025-11-30,411742.24,16.9,120,681,Defaulted,1
LN05559,CUST00790,BR042,Personal,2026-06-30,236149.19,7.94,120,874,Active,0
LN04379,CUST99999,BR018,Vehicle,2025-02-26,241409.1,11.72,120,663,Approved,0
LN04646,CUST03580,BR021,Home,2024-12-25,175362.6,7.49,12,871,Active,0
LN01372,CUST01389,BR004,Vehicle,2024-10-09,470714.75,6.72,12,613,Active,0
LN05000,CUST07189,BR000,Education,2026-03-28,452624.19,12.18,60,521,Active,0
LN02158,CUST04798,BR046,Education,2026-04-16,16702.05,13.45,36,415,Active,0
LN00026,CUST02747,BR008,Vehicle,2025-02-09,409248.08,17.94,12,840,Approved,0
LN00506,CUST05644,BR002,Vehicle,2024-09-14,237120.63,14.68,60,883,Rejected,0
LN05009,CUST04218,BR040,Education,2025-08-26,249698.18,17.83,36,776,Approved,0
LN05719,CUST01045,BR018,Personal,2026-02-03,398251.97,16.81,120,407,Approved,0
LN00984,CUST03756,BR000,Education,2024-10-18,-448804.86,8.05,12,724,Approved,0
LN04098,CUST02581,BR028,Personal,2026-06-18,44744.88,9.98,12,588,Defaulted,1
LN04595,CUST08551,BR005,Home,2025-11-26,490490.14,14.72,24,525,Active,0
LN01736,CUST02734,BR020,Education,2026-01-08,155698.44,7.06,36,489,Approved,0
LN03956,CUST06314,BR020,Home,2024-12-23,378140.57,7.09,120,774,Approved,0
LN03045,CUST06142,BR012,Education,2025-08-26,327873.72,13.49,36,444,Rejected,0
LN03732,CUST09280,BR031,Home,2026-07-10,384943.2,7.79,120,809,Active,0
LN01503,CUST09098,BR000,Vehicle,2025-10-07,94041.37,17.15,12,725,Approved,0
LN05938,CUST03565,BR014,Education,2025-07-18,312367.5,16.24,60,596,Rejected,0
LN00175,CUST07554,BR049,Education,2026-01-08,74965.27,9.82,120,618,Closed,0
LN00934,CUST01065,BR010,Education,2025-07-07,322321.52,13.08,120,451,Active,0
LN00945,CUST02712,BR048,Education,2024-12-16,294939.07,13.83,36,383,Active,0
LN00393,CUST09874,BR025,Vehicle,2025-01-13,45614.33,12.31,36,661,Approved,0
LN00573,CUST09347,BR006,Home,2025-11-11,404785.55,15.22,24,305,Defaulted,1
LN03110,CUST01098,BR012,Education,2025-10-05,341600.98,11.39,12,508,Defaulted,1
LN04882,CUST01311,BR008,Personal,2026-03-29,190817.2,13.45,120,608,Defaulted,1
LN02231,CUST09154,BR017,Vehicle,2025-11-29,150008.4,9.28,36,704,Rejected,0
LN03163,CUST09203,BR005,Education,2025-07-10,372512.6,12.02,12,692,Active,0
LN03968,CUST00504,BR025,Home,2024-10-24,309022.0,6.68,60,319,Approved,0
LN01803,CUST03072,BR005,Home,2025-03-30,179782.58,6.1,12,329,Closed,0
LN01804,CUST03124,BR025,Education,2025-12-06,389455.28,11.32,24,737,Active,0
LN05865,CUST08518,BR035,Personal,2024-10-07,426748.24,14.84,120,329,Defaulted,1
LN01267,CUST07119,BR004,Home,2025-08-07,333362.9,9.67,36,810,Active,0
LN04226,CUST05021,BR002,Education,2026-05-08,227637.95,12.35,120,568,Closed,0
LN01823,CUST01667,BR008,Personal,2024-10-27,199915.02,17.14,12,812,Rejected,0
LN03591,CUST09523,BR043,Education,2025-10-17,267992.65,13.33,60,517,Defaulted,1
LN03636,CUST02763,BR034,Home,2024-10-31,324451.15,17.75,60,376,Rejected,0
LN04840,CUST05901,BR000,Education,2025-05-09,351705.45,10.05,120,807,Approved,0
LN00723,CUST09550,BR004,Education,2025-05-19,86400.07,15.01,36,780,Closed,0
LN01280,CUST07124,BR026,Vehicle,2026-02-02,425417.23,11.77,24,645,Approved,0
LN01329,CUST02032,BR019,Education,2026-05-16,311763.51,16.75,120,784,Active,0
LN04831,CUST01827,BR033,Education,2025-09-14,46650.36,15.26,120,432,Active,0
LN01387,CUST02466,BR009,Vehicle,2025-09-24,287114.07,15.06,120,320,Approved,0
LN04144,CUST08706,BR034,Personal,2026-02-03,311737.0,15.3,60,408,Defaulted,1
LN01221,CUST07715,BR033,Vehicle,2025-04-16,230366.38,13.76,120,838,Rejected,0
LN02329,CUST03083,BR023,Education,2024-10-21,485687.59,13.25,36,684,Approved,0
LN04234,CUST07212,BR024,Home,2025-12-13,234649.13,14.69,120,532,Closed,0
LN05961,CUST05471,BR012,Vehicle,2025-04-08,167299.71,13.42,24,394,Active,0
LN00338,CUST08096,BR005,Home,2025-07-24,425107.15,6.11,120,811,Rejected,0
LN02836,CUST06993,BR011,Education,2024-10-03,387314.93,11.31,12,674,Defaulted,1
LN02402,CUST08329,BR044,Vehicle,2026-01-23,180566.82,10.63,12,675,Defaulted,1
LN04970,CUST05543,BR028,Home,2025-07-17,223994.05,8.64,24,698,Approved,0
LN05083,CUST04085,BR021,Home,2026-07-10,461174.76,12.69,24,484,Approved,0
LN00254,CUST09637,BR044,Home,2026-03-30,219070.25,9.15,120,367,Closed,0
LN03962,CUST03893,BR029,Vehicle,2025-01-03,151537.05,6.21,36,838,Active,0
LN00667,CUST03925,BR016,Home,2024-12-06,219450.76,12.18,120,801,Active,0
LN04250,CUST09076,BR040,Personal,2025-08-15,272103.34,7.17,24,358,Defaulted,1
LN02389,CUST05237,BR009,Home,2025-06-17,134626.64,7.63,12,427,Active,0
LN00125,CUST01484,BR000,Vehicle,2026-04-27,-129591.09,7.52,36,805,Closed,0
LN01776,CUST09110,BR025,Personal,2024-12-06,13553.69,10.46,120,835,Active,0
LN03473,CUST08345,BR039,Vehicle,2026-04-03,158707.26,12.18,120,393,Defaulted,1
LN02376,CUST00867,BR041,Home,2024-11-12,377690.57,8.07,24,412,Approved,0
LN00275,CUST01218,BR007,Home,2026-04-17,348991.11,12.2,36,301,Rejected,0
LN03359,CUST02606,BR034,Home,2025-04-06,495331.12,7.69,120,499,Closed,0
LN04086,CUST09166,BR044,Education,2026-04-15,279345.29,16.38,36,306,Approved,0
LN04696,CUST09499,BR025,Home,2024-12-27,301304.2,8.46,120,305,Defaulted,1
LN04026,CUST06457,BR013,Personal,2026-06-28,80215.04,14.65,12,550,Rejected,0
LN00133,CUST01757,BR013,Personal,2025-07-16,407000.87,14.7,120,377,Active,0
LN02184,CUST08433,BR031,Personal,2025-10-22,143015.72,6.22,24,548,Defaulted,1
LN04706,CUST06726,BR002,Home,2026-05-18,469358.92,16.8,12,562,Closed,0
LN00613,CUST01256,BR008,Vehicle,2026-04-03,388186.79,9.6,60,892,Defaulted,1
LN03873,CUST08758,BR022,Home,2025-06-14,209723.18,9.14,60,830,Active,0
LN04216,CUST09136,BR034,Personal,2025-04-04,447015.42,11.86,36,489,Defaulted,1
LN03565,CUST05754,BR013,Home,2026-04-17,114916.96,9.61,12,851,Closed,0
LN01399,CUST01640,BR033,Personal,2025-07-24,477113.27,13.03,120,443,Active,0
LN04328,CUST04774,BR045,Education,2025-07-16,66744.4,16.28,24,570,Rejected,0
LN04389,CUST04820,BR025,Personal,2025-01-03,201803.65,12.88,36,593,Defaulted,1
LN05621,CUST07037,BR043,Personal,2026-06-13,257847.23,13.94,24,837,Rejected,0
LN00429,CUST02141,BR013,Education,2025-10-25,328679.12,15.88,36,750,Defaulted,1
LN05853,CUST00585,BR041,Vehicle,2025-10-29,186410.26,9.72,120,312,Rejected,0
LN04280,CUST00861,BR016,Personal,2026-06-04,118422.3,11.35,60,442,Defaulted,1
LN01849,CUST07010,BR031,Home,2026-03-02,132766.77,7.66,120,580,Active,0
LN01982,CUST09777,BR029,Personal,2025-09-23,82497.82,10.3,36,462,Approved,0
LN05344,CUST07080,BR013,Education,2026-08-26,126108.62,13.48,36,871,Defaulted,1
LN00092,CUST09687,BR027,Home,2025-08-26,207349.27,10.22,24,389,Active,0
LN02783,CUST01455,BR002,Vehicle,2024-11-26,29845.34,17.02,60,510,Closed,0
LN05345,CUST08611,BR025,Vehicle,2025-11-27,374505.19,8.29,12,504,Active,0
LN03469,CUST03162,BR012,Education,2025-03-26,233931.13,8.4,120,599,Approved,0
LN04429,CUST01117,BR006,Home,2024-12-01,316122.34,11.62,12,425,Closed,0
LN02685,CUST05626,BR014,Personal,2025-06-12,110178.72,12.45,12,486,Active,0
LN02038,CUST07574,BR014,Home,2025-03-24,132343.72,6.91,12,474,Active,0
LN05160,CUST08989,BR002,Home,2025-03-17,254236.5,7.57,60,896,Active,0
LN04371,CUST02785,BR015,Vehicle,2025-02-27,469515.94,8.82,12,764,Approved,0
LN03989,CUST02581,BR033,Education,2025-04-18,142301.22,7.05,12,826,Approved,0
LN01488,CUST08213,BR003,Home,2025-12-17,267559.2,10.6,12,634,Active,0
LN01499,CUST05043,BR031,Education,2025-07-27,42544.04,8.96,120,484,Defaulted,1
LN01341,CUST03760,BR029,Education,2025-05-02,39776.94,10.94,120,317,Defaulted,1
LN02086,CUST07967,BR005,Personal,2025-03-01,400324.66,12.64,120,803,Defaulted,1
LN03843,CUST03644,BR030,Home,2026-08-13,450146.95,6.22,36,852,Rejected,0
LN01458,CUST03998,BR029,Vehicle,2025-11-10,93133.93,15.2,24,374,Defaulted,1
LN04756,CUST07701,BR018,Education,2025-06-01,474980.66,16.79,60,474,Closed,0
LN02958,CUST06139,BR015,Personal,2026-01-17,30810.75,8.7,24,594,Approved,0
LN05732,CUST01505,BR035,Personal,2024-10-12,202656.75,16.7,60,503,Rejected,0
LN00596,CUST00504,BR047,Vehicle,2026-07-19,170892.52,14.42,120,467,Closed,0
LN02466,CUST05591,BR027,Home,2025-03-02,275198.11,11.99,36,559,Defaulted,1
LN01032,CUST09524,BR037,Home,2026-03-17,124453.75,13.48,60,774,Approved,0
LN02270,CUST07697,BR025,Education,2024-11-06,466204.01,7.18,12,329,Rejected,0
LN04847,CUST06940,BR026,Personal,2026-06-01,177811.55,12.75,24,845,Closed,0
LN05556,CUST00198,BR018,Education,2026-03-07,417918.52,11.56,24,852,Rejected,0
LN01843,CUST09108,BR038,Education,2024-12-22,269650.6,16.62,12,344,Defaulted,1
LN04445,CUST02786,BR003,Education,2026-05-20,55520.86,17.05,36,438,Defaulted,1
LN02820,CUST09324,BR011,Personal,2024-12-27,417258.09,14.05,60,641,Rejected,0
LN02898,CUST03134,BR030,Home,2026-08-01,471536.17,15.24,24,428,Defaulted,1
LN01481,CUST01265,BR014,Education,2025-03-16,359163.19,11.52,36,393,Defaulted,1
LN00422,CUST04249,BR000,Vehicle,2024-10-22,56812.74,14.09,120,714,Approved,0
LN01414,CUST03972,BR047,Vehicle,2024-12-07,227630.66,12.79,12,595,Closed,0
LN02373,CUST00541,BR002,Personal,2026-06-20,458688.76,6.56,12,358,Defaulted,1
LN03918,CUST00146,BR048,Personal,2026-01-29,156995.82,12.18,120,545,Closed,0
LN03539,CUST01849,BR046,Personal,2025-04-25,230189.28,14.92,60,523,Active,0
LN05996,CUST06250,BR012,Vehicle,2025-01-12,63341.62,15.73,24,597,Defaulted,1
LN00743,CUST05971,BR015,Vehicle,2026-06-17,416985.83,12.18,36,844,Rejected,0
LN00428,CUST05188,BR034,Personal,2026-07-02,171609.75,15.72,120,833,Closed,0
LN01445,CUST03738,BR021,Vehicle,2026-03-04,458200.91,10.93,120,470,Closed,0
LN04485,CUST08464,BR005,Home,2026-02-10,32759.92,13.84,60,453,Defaulted,1
LN01525,CUST04179,BR013,Vehicle,2025-06-27,360766.51,8.08,36,307,Defaulted,1
LN02814,CUST05002,BR015,Personal,2025-10-11,226630.84,16.01,24,477,Active,0
LN02662,CUST06115,BR028,Education,2026-02-06,347776.02,16.35,120,466,Defaulted,1
LN02788,CUST05093,BR035,Home,2025-05-04,401916.43,14.68,120,523,Active,0
LN00894,CUST02219,BR040,Home,2025-07-27,493314.34,10.74,24,767,Rejected,0
LN03760,CUST00369,BR005,Vehicle,2024-10-25,423261.91,12.78,12,893,Defaulted,1
LN01397,CUST01380,BR048,Education,2025-01-10,295239.47,7.25,60,589,Defaulted,1
LN02797,CUST03828,BR041,Vehicle,2025-08-21,476034.43,10.87,12,713,Active,0
LN01838,CUST02772,BR015,Vehicle,2024-12-07,99440.46,15.28,24,460,Active,0
LN02774,CUST08921,BR037,Vehicle,2025-08-03,25491.36,11.0,60,813,Approved,0
LN01352,CUST08173,BR016,Education,2026-07-30,357224.0,16.57,120,449,Approved,0
LN03067,CUST04117,BR016,Home,2026-04-21,416406.11,9.99,60,645,Closed,0
LN04404,CUST05447,BR003,Home,2025-05-08,375418.15,12.35,24,363,Active,0
LN05455,CUST02580,BR024,Home,2026-04-04,372251.92,15.13,60,607,Active,0
LN02560,CUST06971,BR016,Personal,2026-04-23,180111.75,17.67,36,590,Defaulted,1
LN03609,CUST06033,BR030,Vehicle,2025-08-28,459507.37,14.88,60,551,Closed,0
LN00015,CUST05051,BR040,Home,2025-12-10,246032.92,11.86,36,724,Approved,0
LN02368,CUST03390,BR045,Home,2024-10-26,300697.14,15.11,60,588,Defaulted,1
LN01773,CUST06638,BR035,Education,2026-07-16,278872.61,15.43,36,533,Approved,0
LN05526,CUST00271,BR039,Education,2026-03-30,82177.66,13.29,24,573,Active,0
LN02997,CUST08017,BR046,Education,2025-10-03,445714.87,11.98,36,509,Approved,0
LN01172,CUST08996,BR044,Education,2025-03-06,476686.14,12.97,24,843,Active,0
LN04413,CUST04876,BR014,Vehicle,2024-11-22,197117.16,12.26,120,387,Active,0
LN00843,CUST01761,BR013,Personal,2026-08-01,116656.28,12.82,12,438,Active,0
LN05142,CUST04213,BR005,Personal,2025-11-19,115572.11,12.45,60,742,Rejected,0
LN05966,CUST02883,BR021,Personal,2025-07-13,324328.86,12.18,24,617,Defaulted,1
LN05707,CUST07265,BR010,Personal,2026-01-16,369185.57,10.76,120,603,Approved,0
LN05883,CUST06678,BR043,Vehicle,2026-04-10,257715.44,17.69,12,473,Active,0
LN02204,CUST04940,BR040,Home,2025-09-29,46318.4,9.9,60,657,Approved,0
LN03021,CUST01960,BR006,Personal,2025-11-29,395625.14,12.18,120,378,Defaulted,1
LN05376,CUST02038,BR013,Vehicle,2025-09-15,77009.96,8.91,12,383,Defaulted,1
LN02399,CUST09028,BR034,Home,2024-10-18,181844.14,9.92,36,751,Approved,0
LN00281,CUST03446,BR017,Education,2025-07-14,353848.21,11.7,36,525,Defaulted,1
LN01858,CUST04760,BR006,Home,2026-01-29,13969.46,7.48,24,721,Closed,0
LN01325,CUST09996,BR029,Personal,2024-12-27,443390.94,12.97,12,724,Rejected,0
LN04174,CUST02961,BR042,Vehicle,2024-11-26,441370.62,17.12,60,405,Approved,0
LN01180,CUST01622,BR048,Vehicle,2026-04-23,35884.08,11.07,120,453,Rejected,0
LN05064,CUST01986,BR019,Vehicle,2026-07-07,292829.1,8.36,60,787,Approved,0
LN01035,CUST06456,BR037,Home,2025-12-11,274222.96,13.19,24,686,Rejected,0
LN02074,CUST02530,BR012,Personal,2024-10-17,152944.7,14.25,60,580,Active,0
LN01930,CUST03273,BR015,Home,2024-12-02,116057.11,11.34,24,649,Approved,0
LN02308,CUST03727,BR012,Vehicle,2026-02-19,448171.74,15.05,24,568,Closed,0
LN05639,CUST09836,BR020,Vehicle,2025-03-29,378294.07,11.54,24,334,Rejected,0
LN05005,CUST08386,BR005,Personal,2024-11-13,287661.48,14.28,120,604,Approved,0
LN05989,CUST08926,BR020,Vehicle,2026-06-15,380677.09,13.58,120,711,Defaulted,1
LN04117,CUST05669,BR049,Personal,2024-11-22,207800.09,6.33,36,671,Defaulted,1
LN03139,CUST03701,BR002,Home,2025-06-19,18520.48,11.64,60,472,Rejected,0
LN01787,CUST09206,BR035,Personal,2026-06-26,69562.75,12.82,24,883,Defaulted,1
LN05214,CUST05185,BR007,Home,2024-11-05,339403.73,12.18,12,629,Defaulted,1
LN04892,CUST06792,BR020,Vehicle,2024-11-12,277998.08,12.18,12,784,Active,0
LN01871,CUST05243,BR026,Home,2025-08-19,359001.96,10.84,12,776,Approved,0
LN01252,CUST06960,BR032,Personal,2025-07-28,223155.84,16.91,60,883,Closed,0
LN02232,CUST01827,BR047,Home,2025-08-07,436034.97,15.55,36,695,Closed,0
LN00509,CUST05917,BR021,Vehicle,2025-11-12,144345.19,10.92,120,540,Defaulted,1
LN01878,CUST06012,BR003,Vehicle,2025-11-04,331642.44,11.22,60,621,Active,0
LN01707,CUST03216,BR008,Vehicle,2025-12-23,99520.46,7.06,120,393,Closed,0
LN04710,CUST04198,BR015,Education,2025-07-17,464530.98,15.25,36,725,Approved,0
LN00652,CUST07026,BR010,Education,2025-04-12,201467.67,14.06,36,565,Approved,0
LN00417,CUST09662,BR017,Education,2026-04-02,315518.83,12.57,24,387,Active,0
LN03046,CUST02819,BR039,Education,2024-11-03,201196.02,12.18,120,349,Closed,0
LN04986,CUST02172,BR033,Education,2025-10-29,266376.83,8.45,60,731,Defaulted,1
LN00889,CUST99999,BR016,Education,2025-07-27,87267.45,16.81,24,632,Approved,0
LN04923,CUST09099,BR025,Home,2025-07-04,496018.53,17.29,12,840,Rejected,0
LN03158,CUST01589,BR048,Education,2026-02-18,478550.84,6.69,120,335,Closed,0
LN02193,CUST02247,BR040,Education,2025-02-13,136909.24,15.31,24,599,Rejected,0
LN05327,CUST03496,BR036,Education,2025-02-08,479559.96,10.64,60,857,Defaulted,1
LN02220,CUST08964,BR045,Home,2025-07-13,88970.21,16.31,24,777,Approved,0
LN00657,CUST02871,BR017,Vehicle,2025-06-07,249028.61,17.43,60,527,Closed,0
LN05337,CUST03440,BR016,Home,2026-05-29,307861.03,9.85,120,738,Active,0
LN03133,CUST01238,BR017,Personal,2026-07-25,263160.66,12.92,24,522,Approved,0
LN03736,CUST04757,BR035,Education,2025-10-04,166356.72,16.5,12,816,Approved,0
LN05750,CUST02925,BR034,Home,2026-05-28,344032.25,14.53,12,353,Defaulted,1
LN05546,CUST04616,BR034,Vehicle,2025-01-22,142707.75,13.52,24,694,Approved,0
LN01649,CUST01927,BR044,Home,2025-09-29,94501.4,6.53,12,343,Active,0
LN05394,CUST07607,BR029,Home,2025-07-02,55694.89,11.2,12,873,Closed,0
LN00727,CUST07648,BR005,Vehicle,2025-11-12,331513.36,9.21,24,648,Active,0
LN04762,CUST00972,BR040,Vehicle,2024-11-24,110713.85,8.29,24,496,Approved,0
LN00325,CUST00569,BR031,Vehicle,2025-09-10,279086.29,11.14,60,847,Closed,0
LN02904,CUST03361,BR005,Vehicle,2026-08-29,186795.34,17.83,12,424,Defaulted,1
LN02355,CUST04966,BR038,Personal,2026-08-04,14510.78,7.08,24,349,Closed,0
LN05931,CUST04151,BR011,Vehicle,2025-10-13,461430.34,8.51,24,401,Defaulted,1
LN03731,CUST07619,BR013,Personal,2026-04-16,196854.55,9.07,60,435,Active,0
LN05169,CUST06719,BR028,Personal,2026-01-14,484925.64,10.97,120,819,Active,0
LN01529,CUST00933,BR000,Personal,2026-07-15,10917.64,7.32,60,321,Rejected,0
LN00659,CUST07409,BR000,Home,2025-10-08,114822.21,7.05,12,745,Rejected,0
LN05768,CUST06001,BR033,Personal,2025-11-26,434033.41,9.17,120,753,Defaulted,1
LN02287,CUST09678,BR019,Education,2024-11-26,425880.8,12.37,120,829,Active,0
LN03495,CUST08275,BR025,Vehicle,2025-01-29,38018.03,9.38,36,327,Rejected,0
LN04265,CUST08954,BR044,Home,2025-05-10,260795.6,16.36,60,624,Closed,0
LN04503,CUST05869,BR028,Personal,2026-06-02,445476.59,8.79,12,300,Rejected,0
LN03811,CUST08685,BR021,Home,2025-05-22,228206.61,9.91,120,372,Active,0
LN01504,CUST07813,BR031,Home,2025-04-03,286776.09,11.34,24,748,Approved,0
LN03100,CUST08392,BR005,Home,2025-09-30,133045.02,8.51,36,677,Defaulted,1
LN01429,CUST01591,BR009,Home,2025-06-16,499433.97,17.64,24,392,Defaulted,1
LN04104,CUST02875,BR049,Vehicle,2025-05-23,364286.87,16.92,60,413,Closed,0
LN02275,CUST06381,BR028,Vehicle,2025-10-09,481926.18,17.01,24,828,Active,0
LN00068,CUST09467,BR037,Vehicle,2025-11-10,289664.43,9.45,24,519,Defaulted,1
LN05518,CUST05051,BR035,Home,2025-07-12,479691.46,10.72,60,477,Approved,0
LN04958,CUST09589,BR013,Home,2024-10-24,276043.83,15.23,60,492,Active,0
LN03570,CUST01104,BR032,Home,2025-10-21,129068.82,12.74,60,896,Closed,0
LN01457,CUST09766,BR017,Education,2024-09-18,143731.65,12.08,120,353,Defaulted,1
LN03719,CUST02600,BR021,Vehicle,2026-02-11,143607.32,12.63,60,801,Approved,0
LN02453,CUST05347,BR048,Education,2026-02-10,300547.59,7.98,60,501,Closed,0
LN01296,CUST03042,BR014,Personal,2025-03-06,258165.95,17.94,12,724,Defaulted,1
LN00979,CUST07863,BR024,Vehicle,2024-11-10,240672.51,7.23,36,385,Rejected,0
LN00222,CUST02976,BR027,Education,2026-01-17,40886.49,9.03,36,899,Defaulted,1
LN03950,CUST05126,BR016,Home,2026-06-05,105977.37,6.64,12,324,Active,0
LN01177,CUST07184,BR045,Personal,2024-12-09,283774.47,12.14,120,398,Closed,0
LN01929,CUST07227,BR019,Education,2025-01-21,407531.54,16.56,60,699,Rejected,0
LN05456,CUST07257,BR037,Personal,2026-03-03,458931.7,13.29,120,603,Closed,0
LN00077,CUST09268,BR034,Vehicle,2025-02-04,74645.61,15.42,24,405,Approved,0
LN01424,CUST09516,BR005,Personal,2025-09-01,284655.87,10.9,36,841,Active,0
LN00600,CUST00823,BR042,Education,2025-01-06,247774.09,16.23,36,596,Closed,0
LN00703,CUST04363,BR024,Personal,2026-02-10,394014.46,13.18,12,757,Active,0
LN05497,CUST09856,BR005,Home,2026-05-24,118405.32,15.24,24,618,Closed,0
LN05806,CUST00240,BR006,Education,2026-06-17,146646.72,8.41,24,823,Active,0
LN02432,CUST01619,BR032,Education,2025-12-14,425132.65,17.59,60,882,Closed,0
LN05124,CUST03957,BR007,Education,2024-10-13,64462.44,8.94,120,524,Approved,0
LN02617,CUST06299,BR035,Vehicle,2025-02-22,405042.73,9.42,60,886,Active,0
LN05296,CUST00924,BR007,Home,2025-03-21,413066.03,14.68,120,495,Approved,0
LN03667,CUST07236,BR033,Home,2025-06-05,180767.84,17.48,36,777,Active,0
LN02944,CUST02309,BR040,Personal,2024-12-14,445749.88,10.08,12,673,Rejected,0
LN01921,CUST04815,BR000,Personal,2024-09-10,117400.33,17.99,36,559,Closed,0
LN02863,CUST00386,BR020,Education,2025-11-18,29566.77,10.07,36,879,Defaulted,1
LN02174,CUST00016,BR049,Home,2025-10-10,294878.6,8.44,24,374,Rejected,0
LN04119,CUST09867,BR029,Education,2025-03-07,459719.86,10.75,36,889,Closed,0
LN01015,CUST99999,BR027,Education,2026-04-11,211829.76,15.93,12,351,Rejected,0
LN00057,CUST03073,BR005,Home,2025-12-20,90478.12,12.18,120,677,Approved,0
LN03754,CUST02093,BR004,Personal,2026-02-02,362958.9,14.94,24,556,Active,0
LN04716,CUST09673,BR008,Personal,2026-07-21,197915.92,16.54,36,530,Defaulted,1
LN04972,CUST04683,BR031,Personal,2026-01-18,35863.84,6.48,120,770,Approved,0
LN05784,CUST09017,BR042,Education,2025-11-25,249948.12,15.57,24,680,Active,0
LN05510,CUST07016,BR035,Education,2026-06-27,129293.62,8.32,24,567,Closed,0
LN01017,CUST05732,BR017,Education,2024-12-05,207974.68,16.21,36,620,Closed,0
LN05248,CUST09756,BR008,Personal,2025-09-04,451554.31,13.31,36,645,Closed,0
LN00750,CUST01906,BR032,Personal,2025-12-02,149552.18,17.35,36,330,Closed,0
LN01214,CUST06766,BR019,Home,2026-07-14,206291.73,10.77,60,687,Rejected,0
LN05343,CUST03917,BR011,Personal,2025-01-16,271661.13,15.77,120,565,Rejected,0
LN05882,CUST05398,BR028,Education,2024-10-16,344050.62,8.46,60,526,Defaulted,1
LN04876,CUST00931,BR037,Personal,2026-08-05,444353.67,9.9,12,840,Rejected,0
LN02826,CUST03321,BR030,Vehicle,2024-10-05,478684.08,17.06,12,519,Closed,0
LN01314,CUST06640,BR028,Personal,2026-09-03,37741.34,16.85,24,757,Approved,0
LN05108,CUST06578,BR001,Home,2026-03-21,35767.56,7.87,120,373,Active,0
LN02550,CUST05416,BR012,Education,2025-11-12,410034.89,7.8,120,396,Defaulted,1
LN02312,CUST00514,BR026,Vehicle,2026-01-20,99897.48,8.97,60,811,Active,0
LN03466,CUST08307,BR022,Home,2026-03-29,177942.8,14.0,24,868,Closed,0
LN02906,CUST07835,BR019,Education,2026-01-16,231548.14,11.95,36,863,Defaulted,1
LN02714,CUST99999,BR033,Education,2025-01-27,493921.93,6.4,120,577,Active,0
LN05668,CUST06146,BR042,Home,2025-05-23,406794.17,9.08,24,731,Active,0
LN01585,CUST00778,BR024,Personal,2026-07-01,82667.85,11.06,12,340,Defaulted,1
LN03099,CUST07295,BR030,Personal,2025-01-09,183738.23,17.49,24,330,Defaulted,1
LN02903,CUST04000,BR047,Vehicle,2026-03-13,205930.76,17.72,60,525,Rejected,0
LN02416,CUST06052,BR016,Vehicle,2025-12-20,76088.67,6.54,12,680,Closed,0
LN05438,CUST01940,BR006,Home,2024-10-21,340094.59,12.57,120,719,Closed,0
LN01670,CUST08595,BR000,Personal,2025-08-17,10653.48,15.95,60,345,Active,0
LN03769,CUST02426,BR015,Personal,2025-08-05,152738.38,15.98,36,305,Closed,0
LN05789,CUST07942,BR045,Personal,2026-04-19,-89674.2,16.91,60,576,Approved,0
LN01594,CUST08905,BR046,Personal,2026-03-20,335887.95,10.29,120,324,Defaulted,1
LN02808,CUST00182,BR021,Vehicle,2024-10-22,449675.33,10.9,120,815,Closed,0
LN02603,CUST06788,BR033,Vehicle,2025-09-09,263692.92,8.74,36,740,Active,0
LN02945,CUST06268,BR030,Vehicle,2025-05-12,387943.68,10.34,12,629,Rejected,0
LN02298,CUST00022,BR008,Personal,2025-01-23,33427.42,10.26,60,405,Closed,0
LN01467,CUST07009,BR036,Vehicle,2026-01-24,104362.29,6.44,36,476,Rejected,0
LN00534,CUST01167,BR003,Education,2025-04-01,48047.48,6.16,36,423,Active,0
LN05098,CUST00857,BR002,Vehicle,2026-08-18,193364.27,12.94,36,887,Closed,0
LN03219,CUST09821,BR011,Vehicle,2025-07-28,122883.66,9.56,36,424,Active,0
LN04704,CUST00961,BR039,Education,2024-11-05,13179.16,12.03,36,511,Active,0
LN05107,CUST02799,BR033,Vehicle,2026-08-20,293288.93,11.61,12,799,Closed,0
LN05994,CUST08055,BR004,Education,2025-07-05,286307.14,11.53,120,584,Active,0
LN01157,CUST04831,BR047,Education,2025-06-21,343229.9,11.67,12,343,Closed,0
LN03266,CUST07480,BR000,Education,2025-02-13,461062.26,12.18,36,603,Rejected,0
LN01783,CUST04470,BR032,Personal,2026-02-15,328031.79,7.76,120,689,Closed,0
LN02010,CUST06770,BR022,Vehicle,2026-05-17,333903.26,12.09,60,830,Defaulted,1
LN04714,CUST04066,BR005,Home,2026-03-01,181464.98,7.9,120,314,Closed,0
LN04314,CUST06327,BR035,Vehicle,2025-05-01,94593.91,7.07,120,443,Defaulted,1
LN04758,CUST04051,BR026,Home,2026-02-20,303935.31,11.28,12,481,Rejected,0
LN01472,CUST09439,BR008,Personal,2026-03-18,498848.67,9.18,60,841,Active,0
LN02188,CUST08980,BR029,Education,2025-02-26,14528.73,17.95,24,852,Approved,0
LN01224,CUST07101,BR006,Vehicle,2025-08-16,443194.35,13.56,12,767,Rejected,0
LN02337,CUST07902,BR046,Education,2024-10-22,143958.12,12.27,60,852,Approved,0
LN02214,CUST00365,BR036,Education,2025-11-15,417452.14,10.65,36,552,Approved,0
LN03074,CUST05929,BR003,Education,2025-09-05,197653.84,13.96,36,883,Rejected,0
LN04957,CUST01384,BR041,Education,2026-08-25,352313.16,13.1,60,723,Closed,0
LN00681,CUST01460,BR031,Personal,2025-08-12,456101.43,11.04,12,761,Closed,0
LN05630,CUST04661,BR036,Education,2025-01-12,174065.65,11.34,120,665,Rejected,0
LN04362,CUST01445,BR048,Vehicle,2025-07-15,172382.61,17.05,12,564,Rejected,0
LN01480,CUST01887,BR007,Education,2025-09-09,389387.68,10.1,60,451,Closed,0
LN05891,CUST07118,BR004,Vehicle,2026-06-04,338175.45,8.08,12,791,Closed,0
LN00353,CUST04780,BR029,Personal,2024-12-01,229295.7,12.47,12,482,Rejected,0
LN03082,CUST04152,BR000,Vehicle,2025-04-21,257942.61,12.18,36,567,Defaulted,1
LN02996,CUST03835,BR017,Personal,2024-11-19,251446.96,11.66,12,688,Rejected,0
LN00881,CUST06233,BR033,Education,2025-01-03,194122.08,13.53,120,423,Active,0
LN04754,CUST09170,BR005,Vehicle,2025-09-19,246027.01,8.96,24,533,Defaulted,1
LN04407,CUST04204,BR046,Personal,2026-05-10,235312.99,6.66,12,768,Rejected,0
LN03685,CUST09741,BR016,Education,2025-08-03,426677.77,17.37,60,557,Defaulted,1
LN01072,CUST09984,BR006,Personal,2026-06-13,311385.94,10.77,24,777,Active,0
LN05099,CUST03823,BR026,Education,2026-03-16,314112.11,12.52,120,613,Approved,0
LN05515,CUST01033,BR030,Vehicle,2025-06-25,402700.89,10.74,36,741,Closed,0
LN00472,CUST02082,BR044,Personal,2025-05-11,101390.4,12.39,24,869,Active,0
LN03285,CUST03253,BR032,Education,2025-09-14,26000.97,11.2,120,441,Closed,0
LN05751,CUST09824,BR043,Home,2025-11-02,141647.21,7.86,36,637,Closed,0
LN03646,CUST00882,BR018,Vehicle,2026-01-19,49158.4,12.45,36,710,Closed,0
LN03838,CUST00062,BR044,Education,2025-11-16,410563.46,13.91,36,815,Closed,0
LN00243,CUST07400,BR036,Education,2026-07-22,49826.76,6.98,120,635,Active,0
LN05763,CUST07867,BR032,Home,2025-10-28,315016.83,7.45,36,741,Rejected,0
LN04266,CUST04145,BR029,Personal,2025-01-23,467594.85,8.17,12,492,Approved,0
LN04713,CUST07119,BR026,Education,2025-04-12,178889.84,16.79,24,823,Defaulted,1
LN02040,CUST03267,BR010,Education,2025-01-04,347008.79,10.57,120,733,Rejected,0
LN02520,CUST09283,BR014,Personal,2026-05-10,-239930.02,14.26,60,421,Rejected,0
LN01142,CUST04841,BR029,Home,2026-01-22,277394.48,15.45,60,345,Closed,0
LN02516,CUST01854,BR036,Home,2025-10-27,288234.78,9.86,36,399,Active,0
LN00483,CUST05745,BR016,Vehicle,2025-10-30,381876.65,7.34,24,369,Defaulted,1
LN03775,CUST02424,BR006,Personal,2026-02-11,269446.61,16.18,120,711,Active,0
LN04125,CUST04460,BR026,Home,2025-12-28,56875.16,7.24,12,561,Approved,0
LN01204,CUST08340,BR012,Vehicle,2025-10-27,21516.19,15.95,60,365,Rejected,0
LN02006,CUST01679,BR005,Home,2025-10-05,499168.55,13.83,24,684,Rejected,0
LN01239,CUST06185,BR012,Vehicle,2026-01-09,264844.07,6.7,24,895,Defaulted,1
LN04378,CUST09759,BR013,Vehicle,2025-11-28,10161.78,6.08,12,561,Active,0
LN02349,CUST99999,BR028,Personal,2025-07-03,385022.48,12.6,24,635,Closed,0
LN04641,CUST02821,BR003,Vehicle,2025-12-26,101683.13,14.41,12,744,Active,0
LN01009,CUST08795,BR005,Home,2025-03-26,41455.79,14.9,24,649,Defaulted,1
LN05614,CUST03992,BR027,Education,2025-09-25,208075.52,14.66,12,430,Closed,0
LN03119,CUST05242,BR019,Personal,2025-09-27,404893.77,15.16,12,569,Rejected,0
LN04491,CUST06320,BR033,Education,2025-12-15,414453.07,17.13,60,580,Approved,0
LN05445,CUST99999,BR017,Vehicle,2025-06-10,376345.86,16.57,120,553,Closed,0
LN03452,CUST03743,BR043,Home,2025-10-20,266263.78,6.23,36,389,Rejected,0
LN02201,CUST07083,BR040,Education,2025-05-20,303505.14,11.61,24,481,Closed,0
LN02189,CUST07451,BR046,Vehicle,2025-07-12,163127.67,16.77,120,707,Approved,0
LN00570,CUST07494,BR017,Personal,2026-06-18,298509.32,8.88,12,689,Defaulted,1
LN03035,CUST01946,BR017,Personal,2025-04-20,116406.11,8.98,12,694,Closed,0
LN03738,CUST08751,BR027,Education,2025-03-08,34129.76,9.97,36,454,Closed,0
LN00874,CUST06469,BR043,Vehicle,2025-04-07,275627.29,7.39,120,378,Approved,0
LN04744,CUST02671,BR022,Education,2025-04-04,134636.17,7.13,24,879,Rejected,0
LN02518,CUST02324,BR021,Vehicle,2025-05-06,355542.6,8.09,36,731,Rejected,0
LN00354,CUST02368,BR033,Vehicle,2025-03-20,-459340.64,8.2,36,488,Closed,0
LN03120,CUST99999,BR039,Vehicle,2025-12-16,219441.22,17.48,60,738,Defaulted,1
LN01647,CUST03427,BR004,Education,2026-02-20,92267.42,11.93,12,737,Rejected,0
LN04836,CUST02851,BR015,Education,2026-03-29,340194.04,17.65,24,848,Closed,0
LN01256,CUST03640,BR027,Education,2026-01-01,110576.19,7.01,60,478,Defaulted,1
LN04149,CUST04478,BR024,Vehicle,2025-04-25,120965.7,14.49,24,809,Approved,0
LN02343,CUST02179,BR035,Education,2026-07-11,482337.18,14.86,12,880,Defaulted,1
LN04941,CUST00011,BR040,Vehicle,2025-07-31,452430.3,12.63,60,490,Active,0
LN05752,CUST07104,BR015,Education,2025-07-26,409439.78,12.48,36,489,Approved,0
LN04597,CUST05898,BR001,Home,2025-04-04,431408.21,9.03,36,593,Defaulted,1
LN01269,CUST05319,BR046,Vehicle,2025-11-23,92010.09,11.98,12,364,Closed,0
LN04601,CUST04006,BR000,Education,2025-06-19,32406.04,10.21,36,375,Rejected,0
LN04108,CUST03759,BR045,Education,2024-12-25,394304.41,17.87,12,516,Active,0
LN01175,CUST05475,BR014,Home,2025-02-04,340272.83,16.49,36,486,Closed,0
LN01089,CUST06645,BR005,Education,2025-08-12,334326.37,17.61,12,329,Defaulted,1
LN04127,CUST06396,BR035,Education,2025-07-13,233840.0,6.58,12,712,Approved,0
LN03351,CUST01994,BR002,Home,2026-01-30,30751.38,9.53,120,565,Active,0
LN01090,CUST05083,BR020,Personal,2026-06-11,279710.89,15.73,24,795,Rejected,0
LN03028,CUST07929,BR012,Education,2026-01-01,275780.96,13.74,36,488,Closed,0
LN01176,CUST08232,BR046,Personal,2025-05-11,223142.25,17.74,24,642,Rejected,0
LN01263,CUST02708,BR005,Home,2025-08-17,176386.77,10.2,120,372,Approved,0
LN00807,CUST05870,BR004,Education,2024-09-12,493126.25,17.29,60,612,Approved,0
LN04827,CUST01789,BR035,Home,2026-07-08,424883.35,9.41,24,827,Closed,0
LN00608,CUST04910,BR033,Home,2025-01-23,488821.99,13.08,120,842,Rejected,0
LN04727,CUST01657,BR041,Vehicle,2024-11-19,49220.25,7.28,24,433,Closed,0
LN02745,CUST00727,BR023,Home,2026-05-07,481416.94,6.03,36,874,Active,0
LN04829,CUST00464,BR026,Education,2026-03-01,20604.48,10.61,36,302,Defaulted,1
LN00621,CUST02703,BR045,Home,2026-07-11,54386.83,9.49,60,818,Approved,0
LN03889,CUST08143,BR023,Personal,2025-02-12,448049.41,8.05,12,587,Defaulted,1
LN04607,CUST03961,BR022,Vehicle,2026-03-20,84461.64,11.0,12,785,Approved,0
LN01052,CUST01990,BR002,Home,2024-10-09,379067.85,12.07,12,389,Active,0
LN00491,CUST05988,BR005,Personal,2024-10-31,497848.27,8.97,24,750,Defaulted,1
LN00804,CUST00918,BR015,Personal,2024-12-31,300867.34,10.49,24,618,Rejected,0
LN00706,CUST08580,BR039,Education,2025-08-08,105368.53,14.15,12,872,Rejected,0
LN00036,CUST01528,BR025,Personal,2026-05-29,156413.5,12.18,120,569,Active,0
LN02052,CUST01826,BR043,Personal,2026-04-04,283672.92,11.14,36,730,Active,0
LN05102,CUST00298,BR023,Home,2025-07-30,409067.55,15.92,36,416,Closed,0
LN03999,CUST02604,BR033,Education,2025-01-25,404696.52,16.16,24,671,Closed,0
LN05459,CUST01627,BR033,Vehicle,2025-12-11,60488.19,17.39,60,880,Active,0
LN02661,CUST08179,BR019,Home,2025-01-31,230235.0,12.18,120,695,Closed,0
LN00677,CUST08175,BR045,Vehicle,2025-06-03,472669.6,13.63,120,300,Active,0
LN01110,CUST03300,BR020,Education,2025-05-27,94601.7,17.14,60,630,Defaulted,1
LN02704,CUST02990,BR006,Education,2026-06-01,192077.06,15.11,120,530,Rejected,0
LN00683,CUST07140,BR039,Personal,2025-10-10,257507.19,12.05,36,626,Rejected,0
LN01671,CUST09579,BR012,Personal,2025-06-03,168686.32,17.42,12,704,Closed,0
LN04032,CUST05330,BR001,Vehicle,2024-10-02,133435.05,7.04,24,529,Closed,0
LN04559,CUST05043,BR027,Education,2025-11-18,230334.21,10.08,24,519,Closed,0
LN03597,CUST09291,BR034,Vehicle,2025-12-04,434262.32,9.63,24,479,Rejected,0
LN03195,CUST02624,BR001,Home,2025-05-13,18295.38,11.61,24,574,Active,0
LN02441,CUST01974,BR022,Vehicle,2025-05-21,380172.37,17.04,36,820,Closed,0
LN03024,CUST04761,BR015,Education,2025-02-18,311305.94,9.58,120,356,Approved,0
LN02459,CUST05560,BR041,Education,2025-05-05,486356.69,8.89,36,608,Closed,0
LN01723,CUST03432,BR046,Home,2026-01-03,274574.63,8.4,120,830,Active,0
LN05498,CUST07209,BR033,Home,2026-06-25,268422.82,10.31,12,356,Active,0
LN00044,CUST02612,BR000,Home,2025-05-30,418197.9,12.35,12,536,Rejected,0
LN03370,CUST02783,BR000,Vehicle,2025-03-15,205328.19,6.4,12,887,Closed,0
LN03617,CUST01293,BR047,Education,2026-03-23,497058.89,16.02,120,587,Approved,0
LN05535,CUST00622,BR016,Personal,2025-11-18,351526.24,10.08,60,371,Rejected,0
LN00288,CUST03354,BR035,Personal,2025-08-24,305620.86,6.22,36,889,Defaulted,1
LN04311,CUST07657,BR002,Education,2025-09-30,209100.46,15.2,60,674,Rejected,0
LN05037,CUST01268,BR045,Education,2026-04-13,379724.37,17.81,120,323,Defaulted,1
LN05158,CUST02381,BR024,Home,2026-04-21,223344.84,7.23,24,316,Active,0
LN04540,CUST09903,BR038,Home,2025-11-13,200208.69,12.18,36,894,Active,0
LN01437,CUST03239,BR026,Vehicle,2025-02-13,400308.79,13.56,120,467,Closed,0
LN02950,CUST02169,BR006,Personal,2026-02-18,427654.18,13.15,36,788,Active,0
LN04883,CUST08579,BR022,Vehicle,2025-07-03,300132.53,13.99,24,702,Defaulted,1
LN01039,CUST00536,BR032,Home,2025-03-15,337761.05,10.82,12,483,Approved,0
LN01501,CUST05126,BR037,Education,2026-09-03,61420.2,15.95,24,311,Closed,0
LN04350,CUST01252,BR023,Home,2025-03-19,260642.42,17.85,12,861,Approved,0
LN00767,CUST06777,BR026,Personal,2024-11-12,344544.48,7.98,36,455,Closed,0
LN05232,CUST07933,BR039,Vehicle,2025-05-19,497016.87,15.3,120,649,Defaulted,1
LN05796,CUST01820,BR034,Personal,2024-12-15,317863.68,12.74,24,358,Approved,0
LN00279,CUST09146,BR034,Vehicle,2026-03-15,343774.55,16.84,60,667,Closed,0
LN04529,CUST04247,BR014,Personal,2025-07-03,287206.68,17.53,24,408,Closed,0
LN05062,CUST06754,BR042,Education,2024-10-21,129447.05,16.82,24,470,Active,0
LN04535,CUST06305,BR029,Personal,2026-02-28,133826.85,11.84,24,498,Closed,0
LN00182,CUST08164,BR049,Home,2025-07-03,66245.28,11.5,60,458,Active,0
LN01652,CUST00306,BR025,Education,2024-12-28,165366.15,11.4,120,391,Closed,0
LN04851,CUST07954,BR047,Education,2026-01-19,409654.67,15.79,12,886,Active,0
LN02009,CUST04443,BR043,Personal,2024-11-24,80352.96,12.18,24,639,Closed,0
LN03967,CUST07260,BR025,Vehicle,2025-06-24,331829.06,13.24,120,301,Defaulted,1
LN01772,CUST07351,BR000,Personal,2026-04-10,96540.71,13.15,120,757,Closed,0
LN02065,CUST06097,BR035,Vehicle,2025-06-09,152569.63,16.03,36,377,Approved,0
LN01227,CUST00481,BR001,Education,2024-10-17,120278.59,17.71,24,348,Defaulted,1
LN00568,CUST09872,BR043,Education,2025-11-05,124363.77,14.05,36,605,Approved,0
LN05046,CUST07891,BR000,Home,2024-09-30,180787.86,10.16,24,641,Defaulted,1
LN03371,CUST03644,BR010,Personal,2024-10-17,381569.8,11.46,12,788,Defaulted,1
LN03984,CUST06801,BR016,Education,2024-09-20,346077.5,15.78,120,544,Active,0
LN02117,CUST06928,BR038,Education,2025-01-26,143401.29,10.96,36,332,Active,0
LN02753,CUST00405,BR036,Vehicle,2025-06-20,423503.63,12.98,24,380,Defaulted,1
LN02690,CUST04249,BR019,Personal,2026-03-31,224635.57,17.39,120,333,Closed,0
LN05817,CUST03605,BR037,Home,2025-11-14,272022.46,17.65,60,587,Active,0
LN00644,CUST06132,BR007,Vehicle,2026-07-16,187990.63,12.17,120,312,Rejected,0
LN05692,CUST04797,BR000,Education,2025-06-15,365402.18,17.15,36,807,Closed,0
LN03386,CUST06474,BR008,Home,2026-04-29,109548.42,7.88,12,886,Defaulted,1
LN03907,CUST04733,BR035,Education,2025-04-25,52865.01,10.73,12,880,Rejected,0
LN03830,CUST08933,BR042,Personal,2026-07-18,255426.28,15.98,120,320,Defaulted,1
LN00729,CUST05115,BR031,Education,2025-02-04,133813.02,15.27,12,301,Defaulted,1
LN02545,CUST06411,BR023,Personal,2024-10-18,93512.27,11.48,36,497,Defaulted,1
LN05452,CUST04340,BR032,Home,2025-12-12,125961.14,14.71,120,796,Rejected,0
LN04632,CUST06845,BR042,Education,2025-03-11,498158.63,6.58,36,684,Closed,0
LN04788,CUST09993,BR041,Education,2024-11-19,329487.16,6.97,24,655,Approved,0
LN02114,CUST08800,BR029,Vehicle,2026-02-28,415656.49,14.3,120,774,Rejected,0
LN00947,CUST01248,BR013,Personal,2025-10-27,483986.39,7.8,60,495,Approved,0
LN02025,CUST02785,BR034,Personal,2025-03-04,264673.82,13.01,36,479,Active,0
LN01431,CUST03930,BR049,Home,2026-04-18,30711.81,11.8,36,503,Defaulted,1
LN04870,CUST04566,BR027,Personal,2025-12-30,165003.62,14.97,36,380,Approved,0
LN00477,CUST08306,BR017,Home,2024-09-15,209363.41,6.92,24,414,Approved,0
LN03820,CUST02912,BR012,Education,2026-03-24,302603.85,12.22,12,557,Rejected,0
LN04568,CUST09518,BR031,Education,2026-06-22,32430.41,8.22,60,797,Active,0
LN05896,CUST03140,BR004,Vehicle,2026-06-24,244434.05,16.8,12,541,Closed,0
LN00983,CUST02891,BR044,Vehicle,2025-10-31,305785.82,16.01,12,514,Active,0
LN00539,CUST05305,BR002,Education,2026-08-14,278146.34,15.74,36,408,Defaulted,1
LN05529,CUST06008,BR044,Home,2026-01-17,498609.78,12.38,24,433,Active,0
LN03773,CUST00859,BR028,Vehicle,2025-06-02,188874.82,13.56,60,769,Active,0
LN05361,CUST05089,BR010,Vehicle,2025-04-13,154362.97,7.26,120,818,Closed,0
LN05386,CUST05428,BR003,Personal,2026-05-20,360430.72,17.27,12,578,Closed,0
LN02079,CUST02529,BR001,Vehicle,2024-11-27,373413.84,10.04,12,718,Approved,0
LN05012,CUST05874,BR040,Home,2024-10-20,262240.45,10.79,120,402,Defaulted,1
LN05704,CUST08737,BR021,Education,2024-09-27,142121.72,13.92,36,342,Approved,0
LN00427,CUST09435,BR049,Personal,2026-08-23,146104.38,7.77,24,646,Closed,0
LN00073,CUST06863,BR008,Home,2026-07-27,237490.55,7.5,120,351,Rejected,0
LN04040,CUST02942,BR008,Education,2026-01-15,195558.43,15.2,24,595,Closed,0
LN00487,CUST07587,BR026,Education,2024-12-19,64415.7,12.07,12,760,Approved,0
LN02727,CUST09277,BR001,Vehicle,2026-07-28,73257.21,9.4,24,492,Defaulted,1
LN00615,CUST05645,BR043,Personal,2025-05-24,173520.28,7.77,36,679,Defaulted,1
LN01564,CUST09208,BR020,Home,2024-11-24,468229.39,12.88,60,341,Approved,0
LN01619,CUST06917,BR039,Personal,2025-01-15,82658.44,12.44,24,638,Rejected,0
LN01208,CUST06819,BR042,Home,2024-10-20,95033.09,12.42,120,313,Defaulted,1
LN04352,CUST05074,BR046,Personal,2026-02-06,429256.04,16.64,36,737,Closed,0
LN00766,CUST00671,BR024,Personal,2026-02-01,137796.13,14.79,120,372,Rejected,0
LN01742,CUST01390,BR005,Vehicle,2024-10-03,314355.37,12.18,120,770,Rejected,0
LN04256,CUST06953,BR021,Education,2026-01-26,119452.0,7.79,120,410,Defaulted,1
LN04502,CUST09570,BR009,Home,2025-01-20,268788.63,12.18,60,772,Active,0
LN05716,CUST04487,BR018,Education,2025-09-08,16856.77,12.14,24,825,Defaulted,1
LN01536,CUST06635,BR039,Personal,2026-07-04,78730.93,8.8,36,819,Active,0
LN04686,CUST04895,BR045,Home,2024-12-30,213446.84,13.78,60,528,Approved,0
LN00951,CUST04018,BR037,Home,2025-12-11,301292.19,7.92,12,708,Approved,0
LN00962,CUST08669,BR004,Home,2024-10-17,139150.75,8.24,24,372,Rejected,0
LN04324,CUST09486,BR034,Home,2025-08-22,342772.59,12.6,36,807,Defaulted,1
LN00630,CUST04468,BR048,Education,2025-07-02,272186.14,11.56,36,830,Active,0
LN03723,CUST01742,BR020,Personal,2025-03-17,203569.86,15.95,36,302,Approved,0
LN00102,CUST08392,BR009,Vehicle,2026-03-07,211141.63,17.17,36,426,Approved,0
LN02712,CUST00264,BR039,Vehicle,2025-09-14,481173.7,10.19,60,337,Active,0
LN05448,CUST01073,BR047,Home,2026-06-26,281638.38,10.69,24,494,Approved,0
LN00430,CUST06617,BR046,Home,2025-01-08,380927.43,14.5,12,444,Rejected,0
LN03595,CUST07742,BR005,Vehicle,2025-02-14,127818.33,16.87,120,873,Closed,0
LN02363,CUST06841,BR027,Personal,2025-05-15,14696.96,11.11,36,724,Approved,0
LN03281,CUST08578,BR005,Vehicle,2025-02-16,360587.25,16.33,60,571,Approved,0
LN03637,CUST03663,BR022,Vehicle,2026-09-03,337786.3,7.49,36,418,Approved,0
LN03880,CUST99999,BR028,Home,2025-09-04,-469914.15,6.03,12,725,Closed,0
LN02106,CUST08648,BR034,Vehicle,2026-02-14,113870.95,13.99,36,677,Approved,0
LN00090,CUST02027,BR044,Vehicle,2025-06-30,210333.39,12.44,120,824,Defaulted,1
LN05977,CUST08777,BR004,Home,2025-01-23,170356.11,12.49,120,387,Approved,0
LN03823,CUST01873,BR005,Home,2024-10-18,239229.01,16.86,24,320,Approved,0
LN00100,CUST03099,BR011,Home,2026-02-10,290351.97,16.06,24,538,Defaulted,1
LN00231,CUST06616,BR043,Personal,2026-05-05,286100.53,7.08,36,862,Closed,0
LN01677,CUST04703,BR027,Education,2025-03-21,263232.29,15.15,120,884,Defaulted,1
LN03228,CUST09215,BR030,Home,2024-09-28,367638.27,13.33,24,363,Defaulted,1
LN04083,CUST02915,BR009,Vehicle,2025-02-15,215116.54,12.18,36,830,Defaulted,1
LN01856,CUST02863,BR048,Vehicle,2026-07-27,433747.21,16.4,36,714,Closed,0
LN03571,CUST07361,BR001,Education,2025-08-20,131789.16,15.7,12,795,Closed,0
LN01305,CUST07138,BR015,Education,2025-03-08,319675.76,6.34,120,367,Defaulted,1
LN03321,CUST08835,BR011,Personal,2025-05-12,77400.53,14.82,120,618,Defaulted,1
LN05167,CUST00946,BR025,Education,2025-11-02,295969.99,15.41,12,571,Closed,0
LN00067,CUST07629,BR005,Education,2024-11-08,147001.24,9.38,12,703,Rejected,0
LN05266,CUST09082,BR041,Personal,2025-05-02,122744.49,14.5,12,543,Rejected,0
LN01241,CUST01252,BR005,Education,2024-10-19,265496.8,14.95,36,786,Closed,0
LN05971,CUST03001,BR030,Home,2024-10-01,393395.31,12.07,60,892,Defaulted,1
LN01526,CUST01682,BR005,Education,2025-08-27,383365.17,17.07,24,745,Rejected,0
LN03551,CUST08501,BR015,Education,2025-07-27,476234.73,17.87,24,811,Approved,0
LN05197,CUST05930,BR025,Home,2026-08-05,111156.92,7.91,120,657,Closed,0
LN01988,CUST05249,BR047,Home,2024-11-09,-445410.32,6.94,60,496,Approved,0
LN02979,CUST00340,BR046,Vehicle,2025-06-03,53617.9,17.57,120,438,Closed,0
LN04514,CUST00183,BR006,Vehicle,2025-05-09,324036.92,8.07,120,842,Approved,0
LN01962,CUST01241,BR041,Personal,2025-02-27,20480.53,14.82,12,649,Approved,0
LN05003,CUST09311,BR046,Vehicle,2024-10-22,250979.05,13.7,60,405,Approved,0
LN01549,CUST03633,BR005,Education,2026-05-16,199793.38,8.84,120,670,Active,0
LN01779,CUST06527,BR023,Home,2024-12-26,189049.0,12.85,24,758,Approved,0
LN04694,CUST04827,BR027,Vehicle,2025-07-10,367228.44,11.22,120,887,Approved,0
LN04373,CUST08597,BR025,Education,2026-04-11,290608.59,14.24,120,655,Active,0
LN03781,CUST05166,BR048,Vehicle,2025-07-28,466818.25,9.5,60,842,Approved,0
LN01123,CUST08356,BR024,Personal,2026-07-23,54741.35,6.05,36,875,Active,0
LN03530,CUST05634,BR040,Education,2026-07-29,113374.95,14.17,120,814,Rejected,0
LN04718,CUST05316,BR015,Education,2025-08-27,368568.29,10.73,24,352,Closed,0
LN05258,CUST02306,BR022,Personal,2025-09-02,408103.42,14.24,24,596,Rejected,0
LN00567,CUST08691,BR013,Personal,2025-01-01,300702.84,10.42,24,621,Closed,0
LN00790,CUST01276,BR035,Home,2026-04-27,486300.63,17.81,60,452,Rejected,0
LN02436,CUST99999,BR022,Home,2025-05-06,492495.92,14.03,12,604,Approved,0
LN03430,CUST04009,BR038,Education,2025-07-13,446251.51,11.6,36,809,Rejected,0
LN03857,CUST02761,BR046,Vehicle,2025-03-15,306956.39,11.39,120,759,Closed,0
LN00511,CUST00728,BR000,Vehicle,2026-09-01,65884.65,10.4,60,387,Active,0
LN00768,CUST07570,BR015,Education,2025-04-16,470951.37,17.48,36,368,Defaulted,1
LN01315,CUST05468,BR005,Education,2025-02-08,93242.61,6.41,120,886,Closed,0
LN01938,CUST03179,BR005,Education,2026-05-13,184644.75,7.42,36,599,Active,0
LN00933,CUST00600,BR037,Education,2024-09-30,344652.57,7.33,24,407,Closed,0
LN01377,CUST06402,BR028,Education,2025-10-16,487415.64,10.64,12,493,Closed,0
LN04115,CUST01205,BR046,Personal,2025-06-03,176429.4,8.76,36,772,Rejected,0
LN00001,CUST00860,BR029,Home,2024-12-03,66622.78,11.81,36,401,Approved,0
LN02659,CUST09528,BR045,Home,2025-11-25,347776.66,13.68,36,521,Defaulted,1
LN03868,CUST08468,BR036,Home,2025-04-15,103431.21,15.35,60,309,Active,0
LN00105,CUST02454,BR040,Vehicle,2026-01-24,72257.57,12.5,24,707,Closed,0
LN01051,CUST01205,BR026,Home,2026-05-08,175094.17,8.6,12,424,Rejected,0
LN04113,CUST06033,BR027,Home,2025-10-01,135970.09,9.98,120,731,Active,0
LN03272,CUST03748,BR049,Vehicle,2025-09-09,43614.48,8.93,24,508,Active,0
LN05924,CUST99999,BR007,Vehicle,2025-09-19,252109.2,17.61,36,744,Approved,0
LN04258,CUST06034,BR037,Home,2024-12-22,256393.42,12.81,120,727,Defaulted,1
LN04968,CUST05593,BR028,Vehicle,2025-08-03,404582.59,17.95,60,390,Defaulted,1
LN05408,CUST99999,BR000,Vehicle,2025-04-06,227966.34,9.26,120,442,Defaulted,1
LN03383,CUST00492,BR015,Education,2025-09-09,136353.48,17.37,120,363,Active,0
LN02210,CUST02711,BR000,Home,2025-10-26,496522.71,17.66,24,387,Closed,0
LN05423,CUST02841,BR011,Education,2025-06-12,289676.71,11.74,36,813,Approved,0
LN04918,CUST05002,BR031,Home,2026-05-09,230804.31,8.62,12,839,Closed,0
LN04211,CUST05213,BR005,Personal,2025-06-30,403248.67,15.34,60,401,Defaulted,1
LN02265,CUST09759,BR016,Vehicle,2025-05-29,110266.48,12.91,120,436,Approved,0
LN05235,CUST02080,BR039,Home,2025-04-07,415234.84,7.75,36,750,Closed,0
LN01609,CUST00105,BR036,Education,2026-04-11,415448.41,9.98,12,825,Defaulted,1
LN01678,CUST06563,BR007,Personal,2025-08-28,114589.46,14.65,12,810,Defaulted,1
LN03842,CUST08326,BR016,Personal,2026-07-15,322877.27,16.95,24,717,Closed,0
LN04998,CUST04131,BR028,Vehicle,2026-03-04,409236.65,17.29,24,712,Active,0
LN04753,CUST00808,BR029,Vehicle,2026-07-02,85790.9,6.74,12,607,Approved,0
LN01521,CUST02896,BR034,Vehicle,2025-05-24,65013.65,7.51,24,543,Active,0
LN04515,CUST07755,BR001,Home,2024-12-08,472907.43,13.68,36,493,Approved,0
LN05848,CUST08683,BR048,Vehicle,2026-05-06,169566.78,13.67,36,422,Approved,0
LN05406,CUST05730,BR034,Vehicle,2025-05-15,169188.68,7.71,36,475,Approved,0
LN02853,CUST00201,BR035,Personal,2025-04-12,458259.83,13.03,60,748,Closed,0
LN03269,CUST06708,BR007,Home,2026-05-02,55501.14,8.11,120,329,Defaulted,1
LN04950,CUST03867,BR020,Home,2024-09-20,374799.31,13.95,36,478,Approved,0
LN03693,CUST05911,BR002,Home,2025-01-06,20603.27,8.79,60,600,Rejected,0
LN02043,CUST01442,BR004,Home,2025-09-11,227459.47,11.72,36,831,Active,0
LN03798,CUST09519,BR005,Home,2025-09-02,346345.75,8.42,36,719,Active,0
LN04446,CUST03791,BR005,Vehicle,2025-07-19,40952.19,7.93,36,498,Closed,0
LN01067,CUST08533,BR047,Vehicle,2024-11-28,299849.11,12.61,120,657,Defaulted,1
LN00262,CUST04973,BR005,Vehicle,2024-12-16,64437.63,12.4,36,309,Closed,0
LN02352,CUST07909,BR045,Education,2025-11-12,105680.8,16.42,60,313,Approved,0
LN01264,CUST01750,BR034,Vehicle,2025-04-26,162314.62,14.81,36,329,Active,0
LN04167,CUST99999,BR035,Home,2024-11-18,401320.38,14.03,12,862,Closed,0
LN05284,CUST09145,BR049,Vehicle,2026-02-15,40489.84,16.81,12,376,Active,0
LN04375,CUST02294,BR021,Vehicle,2025-11-15,375089.28,15.35,12,526,Approved,0
LN03782,CUST05119,BR004,Vehicle,2025-07-22,132779.93,17.67,24,303,Defaulted,1
LN04842,CUST01094,BR046,Home,2026-07-24,43542.05,6.26,36,535,Defaulted,1
LN02724,CUST04790,BR000,Education,2024-10-12,217526.81,7.35,120,443,Active,0
LN05315,CUST08022,BR005,Home,2026-01-10,439032.42,7.43,12,654,Defaulted,1
LN01740,CUST09771,BR040,Home,2026-05-13,192445.53,14.38,60,729,Defaulted,1
LN01587,CUST03762,BR000,Home,2026-07-02,340820.49,6.43,12,511,Defaulted,1
LN04039,CUST09480,BR041,Personal,2024-10-21,250048.13,7.93,12,533,Rejected,0
LN04523,CUST01273,BR046,Vehicle,2025-10-09,394794.39,9.49,36,507,Rejected,0
LN05114,CUST03346,BR039,Vehicle,2025-06-24,277282.37,8.03,24,772,Rejected,0
LN02572,CUST07167,BR014,Education,2026-06-04,44100.01,15.67,36,669,Rejected,0
LN04419,CUST03343,BR039,Personal,2024-10-30,27380.1,14.57,120,741,Defaulted,1
LN05506,CUST07813,BR045,Home,2026-08-21,406024.29,16.73,36,786,Rejected,0
LN03025,CUST05867,BR012,Personal,2026-04-26,412958.12,6.12,24,446,Rejected,0
LN04817,CUST06785,BR042,Vehicle,2025-03-02,203478.3,13.24,24,684,Closed,0
LN01223,CUST01762,BR035,Education,2025-09-14,472149.93,15.31,36,659,Rejected,0
LN03449,CUST08858,BR023,Education,2025-08-26,311066.44,6.51,12,807,Closed,0
LN03016,CUST09702,BR020,Education,2024-09-30,322974.47,7.12,60,841,Defaulted,1
LN00967,CUST01120,BR008,Personal,2025-08-27,441918.71,12.18,12,529,Active,0
LN04340,CUST06587,BR047,Vehicle,2026-03-06,140000.12,13.57,24,392,Closed,0
LN02591,CUST01283,BR040,Vehicle,2024-11-23,200509.61,16.0,24,572,Defaulted,1
LN03625,CUST00992,BR007,Education,2025-12-01,401621.28,8.22,24,562,Closed,0
LN04277,CUST08301,BR044,Personal,2025-05-19,169275.25,12.57,120,825,Closed,0
LN04458,CUST03113,BR027,Personal,2025-02-08,131459.03,13.4,120,758,Closed,0
LN04381,CUST07243,BR000,Personal,2025-06-25,487520.95,13.56,24,397,Approved,0
LN05654,CUST03158,BR029,Personal,2025-12-28,375596.28,14.95,12,529,Active,0
LN05807,CUST03440,BR028,Vehicle,2025-12-14,462535.95,16.8,12,524,Approved,0
LN05570,CUST02795,BR048,Vehicle,2026-01-17,234057.79,8.78,36,873,Closed,0
LN02683,CUST05661,BR034,Education,2026-04-11,81475.87,10.43,60,479,Approved,0
LN05905,CUST08092,BR042,Home,2025-04-29,443120.01,9.92,60,514,Approved,0
LN05689,CUST07943,BR012,Home,2025-09-24,390804.93,7.2,24,720,Closed,0
LN03470,CUST01105,BR016,Home,2026-03-20,206071.28,11.63,36,617,Approved,0
LN03031,CUST09802,BR011,Vehicle,2025-09-29,243138.96,14.64,12,512,Approved,0
LN03590,CUST01363,BR038,Vehicle,2026-07-03,38494.05,15.72,60,894,Rejected,0
LN00821,CUST01296,BR010,Personal,2025-09-03,69357.9,14.61,12,354,Defaulted,1
LN00162,CUST04413,BR043,Home,2025-12-05,436697.11,9.42,120,771,Rejected,0
LN02452,CUST09032,BR000,Home,2026-01-22,319876.44,12.18,60,605,Approved,0
LN02118,CUST01382,BR001,Personal,2025-04-08,49626.18,10.48,60,456,Approved,0
LN03322,CUST08386,BR025,Personal,2025-09-15,499151.8,9.26,120,524,Closed,0
LN05276,CUST05882,BR021,Personal,2025-01-01,432668.73,13.6,60,780,Defaulted,1
LN04124,CUST01474,BR046,Home,2026-04-28,39699.07,12.18,60,514,Approved,0
LN04991,CUST09943,BR045,Personal,2026-04-23,290557.07,12.06,24,797,Defaulted,1
LN05816,CUST06429,BR003,Education,2025-07-06,467697.66,13.82,120,770,Closed,0
LN04066,CUST03278,BR042,Education,2025-04-06,452825.21,9.56,120,442,Approved,0
LN04887,CUST06781,BR027,Personal,2026-05-15,441085.8,11.38,12,552,Rejected,0
LN05272,CUST09641,BR002,Personal,2025-02-22,334296.35,8.88,120,568,Rejected,0
LN03957,CUST08442,BR005,Personal,2026-06-24,471707.98,17.16,12,367,Rejected,0
LN02809,CUST03112,BR003,Education,2024-11-05,20329.52,11.62,36,384,Defaulted,1
LN04024,CUST05255,BR037,Education,2026-02-21,412106.54,6.31,36,335,Closed,0
LN03935,CUST05618,BR026,Education,2024-12-25,460800.41,16.22,60,457,Rejected,0
LN00152,CUST05592,BR020,Vehicle,2024-12-25,159942.99,14.61,36,667,Closed,0
LN01832,CUST03712,BR028,Vehicle,2024-12-07,418093.12,8.9,120,800,Rejected,0
LN00725,CUST01331,BR035,Vehicle,2026-03-03,41475.27,17.48,60,538,Rejected,0
LN00599,CUST07576,BR002,Personal,2026-04-13,105961.23,15.98,120,810,Defaulted,1
LN02135,CUST03716,BR009,Vehicle,2026-01-12,100134.23,13.79,36,576,Active,0
LN00710,CUST04719,BR023,Vehicle,2025-05-22,478716.32,11.18,24,402,Approved,0
LN05244,CUST01269,BR044,Personal,2025-01-06,155573.44,12.91,120,489,Approved,0
LN05580,CUST05074,BR017,Personal,2025-06-04,196930.73,9.47,24,707,Rejected,0
LN04861,CUST03969,BR027,Education,2025-08-15,197305.4,14.02,120,638,Defaulted,1
LN02318,CUST03081,BR027,Home,2025-05-11,146630.42,12.9,120,558,Closed,0
LN04130,CUST02964,BR028,Home,2024-10-01,198238.49,8.35,24,636,Active,0
LN01877,CUST04882,BR007,Personal,2025-06-20,120733.52,7.99,24,625,Active,0
LN01031,CUST07112,BR042,Vehicle,2025-07-13,152418.66,15.44,36,349,Closed,0
LN04184,CUST02904,BR017,Home,2024-11-27,412328.5,9.77,24,358,Active,0
LN02281,CUST09560,BR036,Vehicle,2026-03-26,262710.73,7.05,24,437,Closed,0
LN03589,CUST04357,BR010,Vehicle,2025-05-20,430322.46,14.47,60,399,Rejected,0
LN05479,CUST06079,BR047,Vehicle,2024-10-21,320028.05,15.02,36,877,Defaulted,1
LN01688,CUST02958,BR016,Education,2025-11-26,235197.63,12.54,120,678,Active,0
LN02744,CUST04577,BR035,Personal,2026-07-09,387104.07,12.14,12,420,Active,0
LN03468,CUST00692,BR018,Home,2026-01-24,323339.54,8.33,12,356,Approved,0
LN02869,CUST02282,BR026,Home,2025-08-20,117328.8,6.82,12,858,Approved,0
LN01907,CUST05291,BR005,Vehicle,2026-04-25,458473.42,15.49,12,715,Approved,0
LN00663,CUST02193,BR033,Personal,2025-10-29,384366.19,6.56,36,390,Closed,0
LN01534,CUST00791,BR008,Personal,2025-07-02,71004.46,8.37,60,477,Approved,0
LN05778,CUST08617,BR000,Home,2024-10-04,379155.0,12.13,120,749,Defaulted,1
LN00193,CUST03510,BR024,Education,2024-12-05,289155.27,11.66,120,611,Defaulted,1
LN00247,CUST01154,BR034,Education,2025-03-12,493587.72,6.54,60,419,Rejected,0
LN03800,CUST09865,BR049,Vehicle,2024-10-22,357601.47,13.29,12,631,Approved,0
LN05858,CUST03398,BR001,Personal,2025-04-01,447193.12,13.03,60,661,Approved,0
LN03246,CUST03893,BR007,Education,2026-01-02,215754.7,12.13,120,506,Closed,0
LN02908,CUST03267,BR012,Vehicle,2026-05-17,491399.2,12.98,120,482,Rejected,0
LN01641,CUST04109,BR014,Home,2025-01-21,294780.82,16.98,60,569,Closed,0
LN05993,CUST07543,BR028,Vehicle,2024-09-29,217387.33,8.46,120,409,Approved,0
LN04166,CUST05780,BR006,Vehicle,2024-11-29,480068.71,11.03,120,511,Approved,0
LN05674,CUST07437,BR022,Education,2026-03-22,410615.52,6.04,36,819,Rejected,0
LN05830,CUST04493,BR033,Education,2026-01-04,58446.87,17.72,12,467,Closed,0
LN00485,CUST00412,BR045,Personal,2025-10-05,219010.9,11.01,120,454,Closed,0
LN04779,CUST01609,BR041,Personal,2024-12-19,220892.38,12.46,60,533,Rejected,0
LN02912,CUST02606,BR014,Personal,2024-12-11,84069.36,13.97,60,764,Active,0
LN02141,CUST07758,BR031,Home,2025-06-27,397390.14,9.92,12,565,Defaulted,1
LN01598,CUST00001,BR042,Vehicle,2026-07-17,491139.71,17.9,60,418,Closed,0
LN05303,CUST02670,BR006,Vehicle,2024-12-11,91819.16,8.03,120,335,Active,0
LN00930,CUST00077,BR009,Education,2025-04-07,334590.69,11.88,12,398,Active,0
LN05405,CUST07204,BR014,Vehicle,2025-10-03,334087.0,6.08,60,795,Defaulted,1
LN05914,CUST00616,BR046,Education,2025-12-21,426541.17,17.95,60,463,Closed,0
LN05013,CUST05581,BR017,Personal,2025-05-06,415177.68,14.95,12,553,Closed,0
LN04917,CUST02176,BR034,Vehicle,2024-10-20,22879.54,16.44,12,317,Approved,0
LN00226,CUST02385,BR005,Education,2025-01-04,487028.01,16.11,120,371,Approved,0
LN03076,CUST01999,BR036,Vehicle,2025-04-03,325559.0,13.52,120,834,Defaulted,1
LN00280,CUST08050,BR029,Personal,2025-05-08,214553.47,6.25,36,854,Closed,0
LN04751,CUST05054,BR012,Vehicle,2024-12-18,53258.42,16.28,12,457,Approved,0
LN01099,CUST01481,BR029,Home,2024-11-14,452835.43,17.78,12,379,Defaulted,1
LN02016,CUST00148,BR001,Personal,2026-07-21,347259.49,8.73,120,797,Closed,0
LN01307,CUST07980,BR040,Education,2025-04-01,231530.08,10.94,60,859,Active,0
LN01918,CUST05752,BR018,Personal,2026-05-13,438171.69,12.86,120,405,Rejected,0
LN02964,CUST01936,BR047,Home,2025-10-03,98577.26,10.49,60,691,Approved,0
LN05942,CUST04734,BR027,Education,2025-10-20,305004.28,14.01,36,808,Active,0
LN02404,CUST05068,BR000,Education,2024-10-29,17667.19,6.27,24,497,Closed,0
LN04290,CUST05457,BR005,Home,2025-01-25,61331.55,6.66,24,417,Defaulted,1
LN02315,CUST05343,BR002,Personal,2025-05-17,220377.96,10.3,12,647,Defaulted,1
LN03201,CUST09010,BR049,Education,2025-04-28,202789.6,13.43,60,497,Active,0
LN02970,CUST01932,BR044,Vehicle,2025-10-15,282294.73,14.18,24,737,Closed,0
LN01925,CUST05699,BR048,Education,2024-12-17,431086.51,16.63,24,836,Active,0
LN02472,CUST06285,BR000,Home,2026-05-13,362394.24,12.92,36,824,Defaulted,1
LN01879,CUST00963,BR041,Education,2026-08-09,90466.31,13.58,60,482,Approved,0
LN00530,CUST07192,BR005,Vehicle,2025-02-13,339961.87,8.0,24,434,Rejected,0
LN05937,CUST05840,BR047,Home,2025-10-06,324066.59,17.85,36,364,Active,0
LN01041,CUST07973,BR020,Personal,2026-03-03,228466.32,7.47,36,471,Active,0
LN05640,CUST03968,BR038,Vehicle,2024-11-28,199517.4,8.17,36,504,Active,0
LN05962,CUST00888,BR047,Personal,2025-06-21,-140008.79,7.05,60,664,Approved,0
LN02833,CUST03760,BR031,Home,2025-06-16,105564.81,7.77,12,734,Closed,0
LN02100,CUST06488,BR010,Home,2026-06-26,117763.03,11.24,36,322,Approved,0
LN03750,CUST07331,BR042,Education,2025-03-11,248888.51,6.94,120,420,Defaulted,1
LN00493,CUST02967,BR020,Home,2025-03-16,241787.21,11.09,36,395,Rejected,0
LN02960,CUST02416,BR040,Personal,2025-01-27,215281.01,8.68,36,380,Active,0
LN01044,CUST08666,BR045,Vehicle,2026-06-30,381638.52,17.97,60,543,Active,0
LN05385,CUST09190,BR016,Vehicle,2026-07-27,467077.89,12.18,12,338,Approved,0
LN00893,CUST09865,BR042,Vehicle,2025-09-04,239361.19,14.61,60,472,Closed,0
LN03856,CUST02032,BR029,Education,2026-08-19,99736.33,9.28,24,553,Active,0
LN01312,CUST08230,BR021,Home,2026-02-03,361683.9,15.13,36,537,Active,0
LN01047,CUST03600,BR021,Home,2026-05-26,45185.7,10.18,12,874,Closed,0
LN05522,CUST00515,BR038,Personal,2025-04-30,338246.53,12.89,60,606,Closed,0
LN03293,CUST03227,BR001,Home,2025-05-31,392578.89,14.28,120,760,Defaulted,1
LN04650,CUST02462,BR012,Vehicle,2025-02-15,318204.31,17.2,24,869,Active,0
LN03424,CUST02468,BR014,Vehicle,2026-06-20,228248.66,15.04,36,787,Rejected,0
LN00401,CUST05949,BR043,Vehicle,2025-08-27,225351.33,14.29,120,497,Active,0
LN02173,CUST04200,BR006,Home,2026-04-17,482792.67,14.99,60,399,Approved,0
LN03797,CUST01629,BR004,Vehicle,2026-05-26,167835.17,15.49,24,621,Approved,0
LN04953,CUST00297,BR002,Education,2024-09-18,368171.24,10.03,36,585,Active,0
LN05795,CUST02410,BR007,Vehicle,2025-02-04,272164.31,11.88,60,810,Closed,0
LN04521,CUST07678,BR004,Education,2026-02-28,244563.82,17.66,24,800,Defaulted,1
LN03220,CUST05832,BR021,Vehicle,2025-12-05,293908.76,17.96,12,599,Closed,0
LN03779,CUST08342,BR009,Personal,2025-05-13,423947.28,7.13,120,612,Active,0
LN01910,CUST06284,BR019,Home,2025-12-07,158350.13,16.49,36,810,Defaulted,1
LN01029,CUST05031,BR009,Education,2026-08-14,149698.75,17.48,12,351,Closed,0
LN02634,CUST07950,BR001,Personal,2025-07-31,475401.68,17.38,36,459,Rejected,0
LN05561,CUST01174,BR006,Vehicle,2025-11-22,118935.92,6.93,12,709,Closed,0
LN00997,CUST07783,BR046,Home,2024-09-23,370352.87,13.3,12,479,Rejected,0
LN05583,CUST00893,BR046,Personal,2026-01-15,262106.06,8.66,24,733,Closed,0
LN00757,CUST06031,BR017,Education,2026-02-14,163343.35,6.7,120,493,Active,0
LN03904,CUST04757,BR037,Home,2025-12-01,357815.27,16.21,36,424,Closed,0
LN01483,CUST01040,BR042,Education,2025-11-10,-199736.75,10.25,60,730,Closed,0
LN05533,CUST06222,BR035,Home,2025-01-21,417457.21,12.09,36,579,Defaulted,1
LN03008,CUST06207,BR001,Home,2025-12-22,391809.54,14.22,60,697,Rejected,0
LN02494,CUST00572,BR020,Education,2026-02-28,41026.43,11.55,60,529,Active,0
LN01708,CUST08219,BR040,Vehicle,2026-04-09,162510.17,16.31,60,689,Defaulted,1
LN00990,CUST02116,BR020,Education,2026-01-27,146566.6,10.85,12,482,Rejected,0
LN03837,CUST08033,BR013,Education,2026-02-11,93083.42,14.64,60,673,Active,0
LN01004,CUST04451,BR035,Personal,2024-12-05,458185.9,8.55,36,642,Closed,0
LN01540,CUST05179,BR001,Vehicle,2025-05-13,58537.65,7.47,60,742,Closed,0
LN01635,CUST08601,BR010,Home,2025-07-25,27919.21,7.81,120,857,Active,0
LN05365,CUST09733,BR005,Personal,2024-10-04,446082.66,10.81,120,333,Defaulted,1
LN00906,CUST07984,BR039,Education,2026-07-24,102618.36,14.07,60,820,Rejected,0
LN05740,CUST05953,BR038,Education,2025-11-20,103679.69,17.66,24,591,Approved,0
LN04153,CUST07082,BR034,Education,2024-11-04,459243.41,17.81,12,573,Active,0
LN02760,CUST05525,BR005,Home,2025-07-05,83076.2,10.33,60,842,Approved,0
LN05006,CUST00662,BR007,Home,2026-08-27,143083.47,6.73,12,854,Approved,0
LN05783,CUST04961,BR014,Home,2026-05-22,153035.71,13.96,60,687,Closed,0
LN02620,CUST08381,BR013,Vehicle,2025-11-08,222349.8,15.35,120,338,Closed,0
LN05801,CUST01867,BR043,Home,2025-08-12,191884.56,15.66,120,649,Active,0
LN00258,CUST05592,BR042,Home,2026-04-21,116176.46,15.69,12,824,Defaulted,1
LN01725,CUST06276,BR026,Vehicle,2026-02-16,221051.14,14.13,120,513,Approved,0
LN03651,CUST07951,BR042,Vehicle,2026-08-01,193836.44,13.82,60,543,Closed,0
LN01855,CUST06471,BR011,Personal,2025-01-06,220195.29,9.51,120,501,Closed,0
LN02755,CUST09765,BR005,Education,2026-07-30,159244.17,9.7,12,593,Active,0
LN02180,CUST03631,BR018,Education,2026-02-16,242029.78,13.17,36,374,Defaulted,1
LN03834,CUST05668,BR014,Home,2026-04-22,20685.33,13.63,120,778,Rejected,0
LN03227,CUST02587,BR015,Personal,2026-01-09,419414.25,9.12,24,529,Active,0
LN03040,CUST06068,BR032,Education,2026-05-26,272459.51,9.72,12,679,Active,0
LN02456,CUST08017,BR042,Home,2025-06-16,285860.94,10.95,12,770,Rejected,0
LN05378,CUST04683,BR022,Education,2024-11-15,342485.59,8.21,120,551,Rejected,0
LN03196,CUST05738,BR029,Vehicle,2025-01-12,265826.67,8.52,120,722,Rejected,0
LN04757,CUST01216,BR046,Personal,2026-08-03,45883.44,11.5,120,301,Rejected,0
LN05987,CUST03504,BR018,Home,2025-03-27,32212.34,6.24,60,610,Rejected,0
LN02861,CUST03155,BR040,Education,2025-07-05,45958.17,16.05,36,747,Defaulted,1
LN01333,CUST01771,BR032,Home,2026-06-10,486897.76,11.15,120,479,Rejected,0
LN05390,CUST09943,BR033,Personal,2026-05-24,66767.86,15.49,12,783,Closed,0
LN03136,CUST03965,BR047,Education,2025-06-19,22262.3,13.04,120,319,Defaulted,1
LN03715,CUST04117,BR000,Personal,2025-12-13,240127.69,6.65,60,308,Closed,0
LN00370,CUST07509,BR004,Education,2026-07-09,28514.27,12.54,36,760,Active,0
LN03983,CUST09447,BR040,Education,2024-09-17,394119.3,11.88,36,845,Closed,0
LN01318,CUST08684,BR025,Education,2025-11-04,339976.19,7.14,24,894,Active,0
LN04005,CUST09961,BR042,Personal,2025-03-14,443050.95,12.28,12,628,Active,0
LN01268,CUST08901,BR040,Vehicle,2025-05-03,263647.56,11.56,36,816,Rejected,0
LN01863,CUST09135,BR045,Personal,2025-07-21,270287.41,17.66,60,468,Active,0
LN03767,CUST07294,BR008,Home,2026-01-07,83302.85,14.92,12,304,Closed,0
LN02111,CUST06406,BR032,Education,2026-08-30,364764.31,10.71,60,451,Approved,0
LN05587,CUST04479,BR013,Personal,2026-03-12,377886.94,7.75,24,304,Approved,0
LN03990,CUST02565,BR037,Education,2024-09-21,182856.55,16.34,60,392,Defaulted,1
LN00971,CUST02243,BR003,Personal,2026-07-23,46907.5,14.86,36,686,Defaulted,1
LN04898,CUST05308,BR011,Vehicle,2025-12-23,395690.2,7.29,12,565,Closed,0
LN04438,CUST07069,BR027,Home,2025-11-10,72613.65,10.54,36,601,Active,0
LN05998,CUST00154,BR001,Education,2025-11-26,307899.02,15.11,36,860,Closed,0
LN03169,CUST05590,BR046,Vehicle,2025-06-18,318488.02,13.39,24,540,Active,0
LN01657,CUST04644,BR040,Home,2025-08-30,388059.47,11.0,36,404,Closed,0
LN03622,CUST03922,BR009,Home,2024-09-10,102726.43,17.39,24,510,Approved,0
LN02104,CUST00689,BR014,Education,2026-01-03,405753.2,6.64,36,750,Rejected,0
LN05536,CUST03841,BR003,Education,2026-02-28,154271.08,8.13,60,500,Approved,0
LN03947,CUST06160,BR000,Home,2026-06-21,438214.55,8.09,24,412,Closed,0
LN03173,CUST06046,BR033,Education,2025-12-19,152069.18,17.21,36,394,Closed,0
LN02630,CUST06416,BR049,Vehicle,2025-04-29,415303.6,10.0,120,798,Defaulted,1
LN01874,CUST08906,BR023,Vehicle,2025-06-16,56283.96,16.97,120,893,Active,0
LN01255,CUST00329,BR003,Education,2026-05-15,277791.72,9.57,24,604,Defaulted,1
LN02095,CUST04349,BR015,Home,2025-04-12,164014.29,16.99,24,309,Approved,0
LN05014,CUST02014,BR009,Home,2026-02-07,47289.52,7.61,36,754,Defaulted,1
LN00650,CUST03324,BR010,Education,2025-07-14,356497.38,15.39,24,790,Approved,0
LN03319,CUST04426,BR009,Home,2026-03-09,70967.45,15.8,12,737,Rejected,0
LN00413,CUST03672,BR026,Personal,2025-04-26,126748.58,11.58,12,518,Closed,0
LN00313,CUST09331,BR025,Vehicle,2025-03-11,398188.95,13.88,24,599,Active,0
LN03308,CUST03709,BR030,Home,2025-03-18,256240.53,13.01,36,621,Approved,0
LN01153,CUST02679,BR020,Home,2025-03-15,97354.66,8.48,36,676,Closed,0
LN05670,CUST05806,BR041,Home,2025-02-02,442756.23,16.13,36,687,Active,0
LN00228,CUST01802,BR020,Personal,2026-04-23,445759.31,17.91,60,861,Active,0
LN04563,CUST09175,BR040,Education,2025-07-22,162993.6,10.89,120,524,Active,0
LN03358,CUST09784,BR011,Vehicle,2025-10-31,178608.88,15.67,24,604,Approved,0
LN03988,CUST03719,BR047,Education,2025-10-29,370491.78,16.98,120,800,Closed,0
LN01644,CUST01266,BR028,Vehicle,2026-07-16,371939.8,15.02,24,856,Closed,0
LN00008,CUST05578,BR005,Education,2026-04-03,456268.39,11.96,120,853,Closed,0
LN03395,CUST05258,BR013,Personal,2026-07-24,104448.49,7.49,12,665,Approved,0
LN01543,CUST05776,BR027,Vehicle,2026-03-09,203878.26,6.26,12,343,Defaulted,1
LN05760,CUST01567,BR005,Education,2026-06-05,255488.45,12.18,120,583,Closed,0
LN03726,CUST07519,BR046,Home,2025-07-17,314876.85,12.69,36,710,Rejected,0
LN00759,CUST09091,BR014,Personal,2025-10-10,255370.08,17.54,12,551,Rejected,0
LN01835,CUST09013,BR031,Education,2024-10-06,495376.95,9.02,24,682,Rejected,0
LN04669,CUST09677,BR043,Home,2026-02-17,408395.09,11.98,36,648,Closed,0
LN02203,CUST09223,BR021,Personal,2024-09-14,250325.17,9.13,12,399,Active,0
LN05946,CUST07382,BR039,Home,2025-01-20,392648.47,9.55,120,752,Defaulted,1
LN00495,CUST01122,BR005,Vehicle,2025-04-17,396585.94,14.69,60,661,Defaulted,1
LN05087,CUST06828,BR023,Personal,2025-09-09,373283.54,8.66,120,897,Active,0
LN05680,CUST09265,BR021,Personal,2025-04-14,54030.38,17.63,36,416,Defaulted,1
LN02115,CUST01638,BR017,Personal,2025-04-03,90184.5,14.53,24,663,Active,0
LN03262,CUST05184,BR020,Education,2025-07-30,445959.72,6.48,12,788,Closed,0
LN01687,CUST00529,BR010,Personal,2025-07-01,159822.15,15.9,24,396,Active,0
LN03437,CUST09135,BR034,Personal,2026-08-28,18262.81,11.26,60,358,Closed,0
LN02841,CUST08611,BR023,Vehicle,2025-06-23,492864.32,17.76,120,826,Active,0
LN05058,CUST04078,BR011,Education,2025-09-28,316887.54,7.86,24,831,Approved,0
LN04824,CUST07143,BR037,Education,2025-06-01,430177.81,14.35,60,824,Rejected,0
LN00590,CUST06619,BR032,Personal,2026-02-08,491775.83,12.88,60,527,Approved,0
LN03450,CUST06689,BR015,Home,2026-01-19,23722.61,6.87,120,433,Defaulted,1
LN04462,CUST01504,BR016,Education,2025-07-07,420100.29,13.49,24,688,Rejected,0
LN02438,CUST09435,BR032,Education,2025-06-27,483315.6,12.88,120,404,Active,0
LN00412,CUST00559,BR001,Personal,2025-02-02,276336.52,17.4,60,473,Closed,0
LN02938,CUST07833,BR029,Education,2025-07-24,40365.79,6.55,24,719,Approved,0
LN01777,CUST07595,BR003,Education,2025-09-06,494153.29,14.69,12,446,Active,0
LN00168,CUST03304,BR016,Vehicle,2025-09-26,12769.53,11.61,120,339,Closed,0
LN04837,CUST02843,BR021,Education,2026-05-27,31177.77,12.96,12,789,Active,0
LN02844,CUST00935,BR015,Vehicle,2026-04-23,453918.05,16.7,120,798,Rejected,0
LN04242,CUST05630,BR018,Personal,2025-07-12,47664.88,17.89,60,617,Active,0
LN01881,CUST08564,BR000,Home,2025-06-13,69297.7,10.29,60,485,Rejected,0
LN04358,CUST01574,BR012,Education,2025-11-19,436370.07,11.05,12,540,Closed,0
LN02673,CUST02454,BR014,Vehicle,2025-11-12,408681.65,14.5,36,689,Approved,0
LN02035,CUST05962,BR018,Education,2025-08-05,108881.79,16.43,60,798,Closed,0
LN01320,CUST08502,BR024,Personal,2026-01-24,380284.07,17.31,24,702,Active,0
LN00103,CUST99999,BR023,Vehicle,2026-09-05,104339.66,7.99,24,382,Defaulted,1
LN05304,CUST03365,BR023,Personal,2024-09-17,140995.41,11.95,36,563,Approved,0
LN01815,CUST99999,BR025,Home,2026-01-02,429153.92,14.52,36,498,Rejected,0
LN05933,CUST02600,BR005,Education,2025-01-09,184065.4,12.13,36,495,Rejected,0
LN05165,CUST03164,BR005,Home,2024-09-26,440325.99,14.23,120,790,Closed,0
LN05044,CUST00935,BR026,Education,2026-04-30,451410.12,16.58,24,580,Active,0
LN05907,CUST02460,BR041,Personal,2025-08-18,325149.11,6.02,36,829,Approved,0
LN03980,CUST03764,BR014,Personal,2025-10-26,402566.24,12.18,120,578,Closed,0
LN01963,CUST01125,BR005,Personal,2025-12-29,472645.44,16.0,36,398,Closed,0
LN03211,CUST03796,BR025,Personal,2025-04-28,353783.68,8.5,24,413,Active,0
LN01300,CUST00614,BR042,Vehicle,2026-03-08,470345.63,6.56,60,338,Closed,0
LN04841,CUST00969,BR008,Personal,2025-06-20,119995.45,17.57,36,703,Approved,0
LN04244,CUST01257,BR017,Vehicle,2026-06-23,463410.75,7.39,120,350,Active,0
LN02993,CUST06652,BR036,Education,2025-05-01,133487.22,9.52,24,691,Closed,0
LN02752,CUST06748,BR012,Education,2026-05-21,414269.07,12.68,60,831,Closed,0
LN04253,CUST05750,BR007,Education,2026-06-03,92260.66,14.19,36,732,Defaulted,1
LN03487,CUST01132,BR012,Education,2026-06-12,385061.79,16.95,60,619,Defaulted,1
LN02515,CUST01727,BR020,Education,2025-03-08,346542.4,15.29,24,522,Defaulted,1
LN02988,CUST99999,BR017,Home,2026-01-14,422241.09,12.01,24,837,Approved,0
LN02294,CUST08706,BR037,Home,2026-04-21,370882.16,8.62,36,374,Closed,0
LN00812,CUST06949,BR013,Personal,2026-07-27,477895.96,6.12,24,777,Active,0
LN05052,CUST04932,BR007,Vehicle,2024-10-27,217396.98,11.88,36,445,Rejected,0
LN01701,CUST00013,BR047,Education,2026-07-11,332973.66,8.69,36,866,Approved,0
LN05457,CUST02159,BR023,Education,2025-06-13,234279.89,13.39,60,337,Approved,0
LN03341,CUST07659,BR013,Home,2026-05-25,198579.57,17.12,24,328,Active,0
LN03613,CUST01907,BR005,Education,2025-09-02,194139.5,14.28,36,444,Defaulted,1
LN00921,CUST08007,BR009,Vehicle,2026-04-11,135803.38,10.02,60,517,Approved,0
LN03088,CUST08733,BR014,Personal,2026-07-12,35769.82,9.06,24,320,Defaulted,1
LN03569,CUST02610,BR000,Vehicle,2024-11-10,149119.53,11.68,12,886,Closed,0
LN00434,CUST07421,BR006,Education,2026-07-01,224168.26,11.11,24,736,Approved,0
LN02122,CUST09011,BR018,Personal,2026-08-24,166237.39,14.36,36,838,Active,0
LN05319,CUST06477,BR035,Education,2025-12-04,188930.04,9.62,60,578,Defaulted,1
LN02175,CUST03191,BR024,Home,2024-12-05,455241.23,16.35,120,736,Active,0
LN01491,CUST02353,BR000,Home,2026-07-22,295077.72,10.32,24,867,Approved,0
LN05566,CUST06232,BR041,Personal,2026-08-24,106630.89,11.49,24,743,Active,0
LN02583,CUST07183,BR023,Home,2025-03-10,234427.17,15.4,24,761,Rejected,0
LN01055,CUST05975,BR012,Home,2025-08-06,375278.85,14.2,36,515,Closed,0
LN01407,CUST09610,BR043,Vehicle,2025-11-09,159417.97,17.18,12,317,Closed,0
LN05488,CUST04603,BR024,Education,2026-08-21,319036.72,8.6,12,644,Defaulted,1
LN04411,CUST00314,BR032,Home,2025-06-05,377653.09,17.31,36,316,Defaulted,1
LN04509,CUST06603,BR008,Vehicle,2025-12-29,454712.09,11.0,12,738,Defaulted,1
LN03954,CUST01776,BR026,Personal,2024-09-12,333484.59,11.16,36,555,Active,0
LN00831,CUST08258,BR022,Education,2025-09-03,157258.11,16.45,36,447,Approved,0
LN02146,CUST05542,BR027,Education,2025-06-22,103451.45,10.38,120,757,Approved,0
LN05079,CUST07371,BR019,Vehicle,2025-10-08,82883.34,14.83,12,358,Rejected,0
LN02975,CUST99999,BR026,Personal,2025-05-16,204304.22,17.59,12,457,Approved,0
LN01138,CUST08705,BR025,Education,2026-04-19,314074.01,8.9,60,709,Active,0
LN04838,CUST09117,BR029,Vehicle,2024-11-26,420534.6,15.85,12,804,Closed,0
LN05714,CUST04645,BR034,Vehicle,2026-05-10,139106.85,15.85,60,423,Approved,0
LN00115,CUST00502,BR014,Personal,2025-06-29,359886.62,12.18,12,353,Defaulted,1
LN03960,CUST03700,BR024,Personal,2024-10-30,279947.19,12.75,120,857,Defaulted,1
LN03215,CUST08043,BR046,Personal,2025-06-21,95670.09,15.13,60,445,Approved,0
LN00492,CUST02504,BR008,Vehicle,2026-07-22,47543.71,12.18,120,876,Rejected,0
LN04013,CUST06239,BR005,Education,2026-05-18,287038.73,6.1,24,548,Closed,0
LN01645,CUST03638,BR026,Education,2025-07-02,479805.46,13.87,120,352,Approved,0
LN01693,CUST00525,BR032,Education,2025-04-25,106847.41,6.07,36,668,Active,0
LN03181,CUST01884,BR026,Home,2026-03-16,44876.63,12.46,120,770,Closed,0
LN02612,CUST09346,BR033,Vehicle,2024-09-12,488187.74,6.17,12,585,Defaulted,1
LN04733,CUST08479,BR013,Home,2025-06-13,38418.81,11.26,120,497,Approved,0
LN05051,CUST01985,BR043,Vehicle,2025-10-19,311047.0,10.85,24,367,Closed,0
LN02574,CUST00687,BR033,Education,2026-07-27,384556.05,12.18,36,308,Active,0
LN05115,CUST09663,BR048,Vehicle,2024-12-09,418194.32,6.01,60,615,Active,0
LN01768,CUST00125,BR039,Home,2026-06-10,171875.27,15.46,36,339,Active,0
LN05213,CUST07370,BR027,Education,2025-07-11,300312.58,6.51,24,820,Approved,0
LN04412,CUST01134,BR045,Personal,2025-09-12,278536.21,14.55,60,600,Approved,0
LN00832,CUST00232,BR009,Home,2026-02-08,83340.0,8.22,12,506,Active,0
LN05442,CUST02987,BR047,Education,2026-06-27,285288.8,7.74,12,373,Defaulted,1
LN00406,CUST09204,BR034,Vehicle,2026-05-09,161541.75,14.53,60,636,Closed,0
LN02592,CUST00923,BR032,Home,2026-06-21,68359.03,10.4,24,552,Defaulted,1
LN05927,CUST07099,BR015,Home,2026-07-13,211708.89,16.17,36,892,Defaulted,1
LN01308,CUST00130,BR007,Education,2026-05-12,410565.66,17.06,60,558,Rejected,0
LN03803,CUST04370,BR041,Home,2025-07-28,309602.78,9.59,24,306,Closed,0
LN04448,CUST03871,BR033,Home,2025-01-29,290230.49,16.32,36,709,Defaulted,1
LN02483,CUST06588,BR002,Vehicle,2025-05-27,285757.33,16.59,60,625,Active,0
LN02257,CUST05946,BR029,Home,2025-12-09,247948.08,17.36,60,463,Approved,0
LN00191,CUST05535,BR036,Education,2026-02-18,127862.19,13.28,36,667,Closed,0
LN02597,CUST03711,BR049,Personal,2024-12-30,353733.97,8.88,24,797,Active,0
LN01113,CUST07776,BR019,Vehicle,2026-06-30,124194.55,11.45,60,567,Rejected,0
LN05612,CUST01030,BR035,Personal,2026-07-27,335087.75,9.85,36,853,Closed,0
LN04099,CUST01093,BR048,Personal,2026-06-29,386078.28,8.1,12,405,Closed,0
LN03447,CUST07927,BR043,Home,2025-05-26,467216.1,7.59,24,327,Active,0
LN01758,CUST06980,BR030,Education,2026-07-20,88750.64,6.15,24,659,Defaulted,1
LN05572,CUST07297,BR048,Education,2024-11-27,208448.55,8.7,12,808,Active,0
LN05997,CUST07246,BR041,Personal,2026-07-03,26127.75,15.89,24,798,Closed,0
LN05222,CUST00441,BR010,Vehicle,2025-04-22,342527.23,9.11,120,510,Defaulted,1
LN05028,CUST03866,BR005,Vehicle,2025-10-19,20176.26,11.67,12,492,Defaulted,1
LN04982,CUST09886,BR008,Personal,2026-08-24,280322.99,12.18,12,718,Active,0
LN03519,CUST07997,BR022,Home,2024-10-26,358641.32,7.69,120,381,Rejected,0
LN01195,CUST03629,BR040,Home,2026-06-16,219213.44,8.69,120,348,Rejected,0
LN02309,CUST06272,BR049,Education,2026-08-26,44396.34,8.87,12,372,Rejected,0
LN00601,CUST00928,BR038,Personal,2026-08-28,394539.42,8.07,60,542,Active,0
LN05065,CUST02240,BR017,Personal,2025-11-22,276897.17,7.92,60,653,Defaulted,1
LN03019,CUST09168,BR028,Vehicle,2026-01-19,381389.49,6.62,60,394,Approved,0
LN03893,CUST02700,BR041,Education,2024-10-13,37904.49,8.38,12,409,Active,0
LN03507,CUST03075,BR026,Home,2025-04-03,140663.23,17.38,60,764,Closed,0
LN01297,CUST04497,BR014,Vehicle,2025-04-19,436736.38,11.49,120,674,Rejected,0
LN02680,CUST02659,BR005,Home,2025-07-05,98849.67,6.48,60,446,Closed,0
LN00895,CUST07041,BR042,Personal,2024-10-26,218400.99,12.18,24,775,Defaulted,1
LN02927,CUST05744,BR000,Personal,2024-12-17,160797.26,12.74,12,346,Rejected,0
LN00647,CUST00924,BR038,Personal,2024-09-26,462776.9,7.86,120,833,Active,0
LN05724,CUST06768,BR004,Vehicle,2025-07-06,351689.63,8.8,12,339,Closed,0
LN04931,CUST06761,BR016,Vehicle,2026-07-30,473926.99,15.77,36,483,Approved,0
LN05618,CUST03197,BR002,Vehicle,2025-11-06,272412.97,10.93,12,591,Active,0
LN00829,CUST09795,BR029,Home,2024-12-20,17553.43,13.96,36,531,Active,0
LN01070,CUST06704,BR020,Personal,2026-01-14,408852.15,12.19,12,335,Approved,0
LN04815,CUST09548,BR003,Personal,2024-12-20,344522.27,9.63,120,316,Defaulted,1
LN03697,CUST09607,BR048,Home,2026-07-19,393540.5,12.18,60,441,Closed,0
LN00948,CUST04033,BR032,Vehicle,2024-09-28,407589.68,9.96,120,548,Defaulted,1
LN03234,CUST07935,BR002,Education,2026-05-03,344891.84,11.59,12,391,Rejected,0
LN03691,CUST06547,BR006,Vehicle,2025-08-31,93928.49,13.35,24,394,Active,0
LN05599,CUST01167,BR030,Vehicle,2024-10-30,462380.68,7.13,60,427,Active,0
LN04799,CUST06197,BR015,Personal,2025-07-12,130097.49,13.73,36,801,Defaulted,1
LN02089,CUST05777,BR042,Personal,2025-06-06,394812.53,11.6,120,529,Active,0
LN05976,CUST00151,BR005,Education,2025-08-20,390533.26,10.18,60,742,Rejected,0
LN01614,CUST08508,BR015,Home,2026-01-13,349881.07,7.67,12,535,Active,0
LN00308,CUST00301,BR015,Personal,2024-10-02,287126.52,12.21,36,323,Closed,0
LN01936,CUST09776,BR011,Education,2025-06-13,262236.01,10.06,120,864,Defaulted,1
LN03150,CUST09496,BR031,Vehicle,2025-07-05,261961.52,7.39,60,859,Rejected,0
LN04297,CUST07357,BR034,Personal,2026-03-12,446098.77,7.81,36,558,Defaulted,1
LN02335,CUST03983,BR038,Education,2025-08-25,326832.67,10.97,120,476,Defaulted,1
LN03821,CUST99999,BR036,Personal,2026-06-14,234197.25,11.96,60,345,Closed,0
LN02479,CUST08100,BR017,Home,2026-07-26,152301.35,9.7,60,549,Defaulted,1
LN04655,CUST00406,BR006,Home,2025-10-26,96511.55,14.17,120,314,Rejected,0
LN04088,CUST07647,BR015,Education,2026-03-15,472149.9,10.72,60,505,Closed,0
LN03506,CUST03607,BR006,Home,2026-04-16,177767.07,14.86,120,721,Closed,0
LN05734,CUST06468,BR025,Personal,2025-08-15,121627.04,6.02,12,693,Rejected,0
LN02334,CUST02634,BR005,Personal,2025-09-01,206940.89,12.18,60,394,Defaulted,1
LN01696,CUST00374,BR019,Education,2026-02-01,287531.45,17.95,24,896,Active,0
LN03784,CUST06136,BR035,Personal,2025-04-28,149481.14,14.8,12,392,Closed,0
LN04954,CUST05856,BR001,Home,2025-03-30,426755.83,14.38,36,375,Defaulted,1
LN00508,CUST04968,BR002,Home,2026-06-04,143540.27,11.18,60,876,Approved,0
LN01617,CUST01925,BR042,Vehicle,2024-11-25,125115.3,14.2,24,541,Active,0
LN01519,CUST05658,BR029,Vehicle,2025-09-19,197197.07,14.19,60,739,Approved,0
LN02155,CUST08656,BR000,Vehicle,2024-10-18,397423.17,9.9,24,442,Rejected,0
LN04079,CUST06204,BR049,Home,2026-08-30,210447.26,16.94,24,467,Rejected,0
LN04586,CUST02052,BR037,Home,2025-08-29,175674.35,12.27,12,551,Defaulted,1
LN00769,CUST07956,BR039,Personal,2025-10-13,335094.58,8.69,60,770,Defaulted,1
LN02991,CUST05004,BR034,Personal,2024-12-14,272608.64,10.78,36,823,Rejected,0
LN05753,CUST06240,BR025,Personal,2026-04-18,185994.6,6.97,60,538,Closed,0
LN02568,CUST04135,BR047,Home,2025-08-13,39961.63,13.3,120,493,Approved,0
LN01493,CUST04799,BR021,Education,2026-07-11,172145.21,9.31,120,536,Active,0
LN01197,CUST03067,BR005,Education,2025-04-26,81955.6,17.45,24,725,Closed,0
LN00411,CUST05237,BR042,Education,2025-01-06,439655.41,15.71,120,417,Closed,0
LN05221,CUST08448,BR030,Personal,2025-03-10,320381.7,16.65,120,590,Rejected,0
LN02276,CUST00646,BR033,Vehicle,2025-02-05,70209.03,9.8,120,327,Active,0
LN05742,CUST08042,BR018,Home,2025-01-03,483669.61,12.8,60,444,Active,0
LN04698,CUST05313,BR039,Vehicle,2026-01-12,456232.09,12.18,120,891,Defaulted,1
LN03320,CUST06919,BR023,Education,2025-09-22,179074.93,13.99,12,683,Defaulted,1
LN00792,CUST00302,BR012,Vehicle,2025-08-27,59551.34,16.91,24,618,Rejected,0
LN02338,CUST05110,BR017,Home,2025-06-21,292925.64,8.33,12,523,Active,0
LN05446,CUST00681,BR010,Vehicle,2026-09-04,426558.25,7.71,36,796,Rejected,0
LN00515,CUST07186,BR035,Personal,2026-07-22,60266.43,8.73,12,624,Closed,0
LN03949,CUST09540,BR014,Education,2024-11-04,440384.45,13.82,24,496,Active,0
LN04916,CUST03178,BR036,Personal,2026-01-22,-408736.66,6.13,60,862,Approved,0
LN02747,CUST00342,BR027,Personal,2026-07-12,438692.16,7.34,60,575,Rejected,0
LN04630,CUST08869,BR036,Home,2026-05-03,125591.42,14.32,36,382,Defaulted,1
LN00853,CUST03517,BR031,Education,2026-07-09,114185.36,12.79,120,470,Closed,0
LN03748,CUST00816,BR039,Personal,2026-06-05,315956.24,16.08,12,303,Active,0
LN05280,CUST08415,BR031,Vehicle,2025-06-11,184356.89,17.63,12,653,Closed,0
LN00361,CUST09358,BR019,Home,2025-01-28,201946.6,14.86,36,769,Defaulted,1
LN05180,CUST08864,BR041,Personal,2026-04-04,397855.09,14.22,12,657,Defaulted,1
LN01380,CUST08245,BR003,Personal,2026-08-20,190651.94,6.95,36,628,Defaulted,1
LN03631,CUST00389,BR004,Education,2024-10-27,324187.82,12.18,120,790,Defaulted,1
LN04421,CUST00721,BR009,Home,2024-10-12,186381.15,14.73,12,848,Rejected,0
LN04760,CUST02806,BR026,Vehicle,2024-10-15,262954.22,17.62,12,681,Approved,0
LN02757,CUST01846,BR035,Home,2026-04-08,468471.01,12.79,24,757,Closed,0
LN03476,CUST09256,BR026,Education,2025-04-25,23079.65,13.65,12,460,Defaulted,1
LN00098,CUST03561,BR040,Education,2025-06-10,433682.97,9.68,120,359,Approved,0
LN05678,CUST02939,BR022,Personal,2025-04-02,278215.1,9.36,12,309,Closed,0
LN02000,CUST02493,BR007,Personal,2025-05-18,305055.61,15.71,24,682,Approved,0
LN02827,CUST04615,BR044,Personal,2024-12-15,444495.93,16.31,12,563,Approved,0
LN03768,CUST03676,BR019,Vehicle,2026-02-17,414727.1,6.52,36,382,Defaulted,1
LN05078,CUST07531,BR007,Education,2026-04-06,37218.14,14.58,24,410,Rejected,0
LN04384,CUST00348,BR020,Vehicle,2026-04-30,39957.44,16.88,12,716,Rejected,0
LN01410,CUST07291,BR039,Home,2024-11-15,58444.51,10.01,12,713,Active,0
LN01901,CUST05047,BR036,Education,2024-12-14,283555.5,14.86,12,457,Closed,0
LN01349,CUST07832,BR023,Vehicle,2024-11-09,409353.81,14.22,24,849,Approved,0
LN05191,CUST07680,BR024,Home,2026-03-14,296606.64,11.58,120,303,Active,0
LN04194,CUST04749,BR015,Home,2026-07-10,468317.72,13.14,36,731,Closed,0
LN04507,CUST01961,BR037,Personal,2025-04-27,375722.61,16.08,12,316,Closed,0
LN02028,CUST05782,BR008,Personal,2026-06-12,128418.9,11.79,12,837,Active,0
LN03416,CUST03423,BR047,Home,2026-06-30,213275.51,8.9,120,611,Closed,0
LN04612,CUST01719,BR042,Vehicle,2024-11-26,281991.77,13.63,60,748,Approved,0
LN02865,CUST06439,BR012,Home,2025-03-30,112772.11,15.42,12,672,Approved,0
LN03660,CUST00139,BR024,Personal,2026-02-20,230078.45,16.15,12,520,Approved,0
LN02556,CUST99999,BR035,Vehicle,2026-07-01,136356.3,8.22,36,402,Active,0
LN05318,CUST03899,BR000,Education,2024-11-12,27498.37,13.03,60,787,Rejected,0
LN02317,CUST02520,BR041,Personal,2026-01-08,83858.88,7.1,12,378,Approved,0
LN02147,CUST09092,BR013,Education,2025-05-08,288422.09,16.56,60,670,Approved,0
LN02481,CUST99999,BR038,Home,2024-10-07,393662.48,13.52,120,328,Approved,0
LN04443,CUST03072,BR040,Home,2025-09-01,46254.55,15.47,36,421,Rejected,0
LN00365,CUST03769,BR013,Education,2026-07-19,389613.6,14.5,60,490,Active,0
LN05691,CUST04482,BR037,Home,2024-10-20,259606.92,7.92,12,510,Active,0
LN04648,CUST00268,BR028,Vehicle,2025-02-15,369980.7,12.54,24,865,Rejected,0
LN02476,CUST06164,BR032,Personal,2025-11-01,448566.05,8.31,24,735,Active,0
LN01003,CUST07147,BR011,Home,2026-02-09,185793.17,7.33,36,628,Active,0
LN00334,CUST07806,BR001,Personal,2026-02-01,477467.74,17.26,60,837,Defaulted,1
LN02513,CUST04666,BR006,Home,2026-05-09,164487.45,9.02,24,358,Defaulted,1
LN03213,CUST09120,BR040,Education,2026-06-03,214690.74,10.01,24,527,Approved,0
LN03176,CUST07016,BR040,Home,2025-10-01,367974.44,13.23,36,358,Defaulted,1
LN00172,CUST06585,BR012,Education,2026-07-08,437294.57,6.3,24,623,Rejected,0
LN05424,CUST09959,BR029,Home,2026-04-26,457952.33,12.15,120,477,Approved,0
LN01763,CUST08467,BR033,Home,2025-04-07,307604.63,11.34,60,629,Approved,0
LN04664,CUST06289,BR040,Education,2025-11-26,315069.54,14.67,36,672,Closed,0
LN01597,CUST08032,BR004,Home,2025-09-22,219182.02,8.47,120,405,Closed,0
LN04134,CUST02850,BR042,Home,2025-08-23,140733.85,15.36,24,668,Approved,0
LN05049,CUST07774,BR002,Vehicle,2025-08-07,499583.29,9.39,36,490,Closed,0
LN04325,CUST06094,BR006,Home,2025-12-16,250830.74,13.44,120,891,Defaulted,1
LN04790,CUST01620,BR025,Home,2025-06-14,391550.59,12.94,120,437,Active,0
LN03343,CUST07468,BR042,Personal,2025-04-21,221509.36,14.59,24,356,Closed,0
LN05851,CUST06681,BR026,Home,2025-04-18,177844.22,10.48,24,785,Approved,0
LN05592,CUST01515,BR042,Personal,2025-05-26,197101.16,10.49,12,844,Closed,0
LN00217,CUST08338,BR003,Home,2024-11-29,16022.42,16.33,120,741,Defaulted,1
LN01381,CUST99999,BR008,Home,2025-04-12,14944.3,15.12,120,775,Closed,0
LN00827,CUST03596,BR036,Home,2024-12-11,439660.71,7.89,12,510,Closed,0
LN03268,CUST01673,BR045,Home,2025-10-02,239267.34,14.06,120,892,Rejected,0
LN02647,CUST05063,BR034,Education,2026-01-11,255072.56,10.86,60,461,Rejected,0
LN05230,CUST08210,BR020,Home,2026-06-16,477841.0,13.3,120,815,Defaulted,1
LN05873,CUST05269,BR013,Personal,2026-02-28,245163.59,14.57,24,421,Active,0
LN00686,CUST04178,BR013,Personal,2026-08-07,362635.32,12.18,24,586,Rejected,0
LN04092,CUST06483,BR043,Vehicle,2024-11-06,442317.74,8.48,36,380,Active,0
LN02852,CUST04200,BR037,Education,2026-01-25,266795.5,15.68,120,582,Defaulted,1
LN05176,CUST01464,BR042,Education,2026-04-20,452055.55,9.42,12,460,Rejected,0
LN05400,CUST01312,BR027,Personal,2026-05-07,20676.59,8.66,60,554,Defaulted,1
LN02446,CUST02014,BR026,Personal,2026-06-13,113216.34,13.14,120,567,Rejected,0
LN02250,CUST09503,BR032,Personal,2025-06-16,442284.08,11.21,12,747,Rejected,0
LN00059,CUST03843,BR013,Education,2026-05-27,256239.52,14.47,120,470,Approved,0
LN01037,CUST07970,BR034,Home,2026-06-15,140451.86,8.3,24,753,Defaulted,1
LN05573,CUST03084,BR025,Home,2026-09-05,60567.91,10.23,24,865,Defaulted,1
LN05242,CUST03494,BR025,Vehicle,2025-12-06,320335.91,12.56,36,855,Approved,0
LN00004,CUST05734,BR042,Home,2025-04-09,247927.44,12.67,36,466,Approved,0
LN02998,CUST02151,BR028,Vehicle,2026-01-18,179735.67,16.61,120,353,Defaulted,1
LN05393,CUST06869,BR009,Education,2024-09-23,166516.83,15.42,12,868,Defaulted,1
LN05749,CUST09637,BR036,Home,2025-06-02,13493.71,8.2,24,407,Rejected,0
LN02496,CUST06171,BR017,Home,2026-01-06,25451.97,10.29,60,572,Approved,0
LN01920,CUST06295,BR014,Personal,2025-12-14,445681.03,8.32,36,794,Defaulted,1
LN03403,CUST00882,BR030,Education,2025-05-15,159060.21,10.75,60,703,Defaulted,1
LN02822,CUST03311,BR041,Personal,2025-12-23,206073.28,14.12,36,327,Rejected,0
LN02088,CUST00845,BR026,Vehicle,2024-12-01,84157.22,7.46,36,748,Rejected,0
LN01554,CUST05655,BR005,Home,2024-10-06,215408.0,6.64,12,324,Closed,0
LN00809,CUST99999,BR043,Home,2026-04-14,444400.03,6.01,60,319,Active,0
LN00442,CUST02489,BR024,Education,2025-07-18,219887.97,15.01,24,588,Approved,0
LN04516,CUST03358,BR002,Personal,2025-03-12,65078.31,17.03,12,771,Closed,0
LN02061,CUST04225,BR045,Vehicle,2025-05-22,396824.82,7.15,60,361,Defaulted,1
LN04677,CUST01635,BR005,Personal,2024-10-24,213586.22,9.38,24,799,Active,0
LN03860,CUST02668,BR000,Vehicle,2026-03-08,364098.35,14.61,36,403,Defaulted,1
LN02982,CUST08491,BR027,Home,2026-08-04,427932.94,14.42,36,559,Approved,0
LN05702,CUST06924,BR045,Personal,2025-02-10,404074.56,8.29,36,499,Defaulted,1
LN01970,CUST05189,BR005,Home,2025-10-18,440800.61,6.85,120,487,Rejected,0
LN02415,CUST07999,BR025,Vehicle,2026-08-12,266747.36,16.74,36,659,Active,0
LN00660,CUST07418,BR027,Vehicle,2025-07-15,214749.53,11.71,120,817,Closed,0
LN04235,CUST09146,BR005,Vehicle,2025-12-30,21758.01,12.18,36,365,Closed,0
LN01978,CUST03610,BR040,Education,2025-07-16,107216.36,6.7,24,304,Approved,0
LN02385,CUST02810,BR032,Vehicle,2025-10-20,255341.35,14.51,60,521,Approved,0
LN02431,CUST07710,BR047,Education,2024-12-17,119514.39,14.93,24,678,Active,0
LN03409,CUST06593,BR032,Personal,2024-11-16,30222.18,8.61,120,551,Rejected,0
LN01323,CUST00545,BR018,Personal,2025-04-02,268675.82,6.68,12,554,Active,0
LN04627,CUST05454,BR005,Home,2025-08-15,175984.8,17.27,36,536,Closed,0
LN01894,CUST07052,BR009,Home,2026-01-17,464642.71,6.12,60,502,Closed,0
LN05494,CUST04623,BR027,Home,2026-03-18,152445.38,13.78,24,813,Active,0
LN03125,CUST07547,BR037,Vehicle,2025-09-08,61735.53,10.84,60,569,Rejected,0
LN01770,CUST09400,BR038,Home,2026-05-27,445605.9,13.32,60,719,Closed,0
LN02582,CUST02591,BR034,Personal,2025-06-25,324931.41,9.41,36,639,Active,0
LN01423,CUST05233,BR009,Personal,2025-11-03,96764.75,8.42,120,537,Defaulted,1
LN04186,CUST00917,BR039,Home,2024-11-16,124994.93,8.64,12,500,Rejected,0
LN03734,CUST09369,BR042,Home,2024-10-21,464235.94,10.88,36,336,Active,0
LN00076,CUST00878,BR043,Home,2025-11-30,54040.36,16.5,60,320,Rejected,0
LN05832,CUST01133,BR023,Education,2025-10-18,268487.7,9.94,24,707,Approved,0
LN02873,CUST05476,BR016,Personal,2026-03-01,385379.2,10.86,60,778,Defaulted,1
LN00740,CUST05449,BR022,Vehicle,2025-04-29,34604.43,7.26,60,807,Approved,0
LN04480,CUST09665,BR019,Personal,2025-05-19,18477.06,14.66,12,557,Closed,0
LN00088,CUST99999,BR038,Vehicle,2026-07-13,67556.42,14.81,120,601,Active,0
LN00223,CUST01959,BR013,Personal,2025-10-07,452470.53,11.66,12,349,Active,0
LN05362,CUST02031,BR026,Education,2025-08-20,13695.14,15.56,60,825,Active,0
LN05262,CUST00421,BR006,Vehicle,2024-11-17,219379.96,15.35,120,821,Defaulted,1
LN04575,CUST09878,BR040,Personal,2026-05-19,319550.73,12.18,60,539,Rejected,0
LN00523,CUST02782,BR049,Education,2025-01-06,23849.7,14.66,24,330,Approved,0
LN00049,CUST07099,BR025,Personal,2025-05-27,124156.38,14.55,12,545,Defaulted,1
LN03900,CUST00596,BR044,Education,2025-03-29,425566.39,7.32,36,623,Rejected,0
LN02375,CUST05093,BR000,Education,2026-03-16,205429.94,11.32,36,893,Closed,0
LN04102,CUST05710,BR028,Vehicle,2026-08-05,34977.28,12.07,36,681,Active,0
LN02080,CUST02964,BR038,Personal,2025-11-30,254708.24,13.43,36,767,Approved,0
LN00546,CUST04330,BR001,Personal,2025-04-10,187523.57,9.51,36,679,Defaulted,1
LN05880,CUST08081,BR027,Home,2026-02-26,47602.36,15.31,60,638,Rejected,0
LN01126,CUST00822,BR000,Vehicle,2026-07-23,192229.04,15.09,60,716,Closed,0
LN01162,CUST04033,BR028,Vehicle,2025-08-04,401515.08,13.81,24,821,Closed,0
LN02872,CUST01998,BR029,Personal,2025-04-17,201444.25,17.53,60,853,Defaulted,1
LN03184,CUST06352,BR002,Vehicle,2025-09-10,415746.94,13.77,60,797,Defaulted,1
LN02229,CUST02376,BR000,Personal,2026-07-09,492654.78,6.78,24,747,Closed,0
LN02672,CUST06362,BR049,Education,2025-10-07,380378.33,7.88,60,408,Defaulted,1
LN02974,CUST00946,BR004,Personal,2025-01-11,494711.2,11.94,60,457,Active,0
LN00400,CUST08308,BR048,Education,2026-05-10,487378.84,17.49,60,320,Closed,0
LN02047,CUST08435,BR022,Vehicle,2024-11-13,90379.57,16.41,12,656,Approved,0
LN03402,CUST00619,BR023,Home,2025-04-19,441782.73,15.82,36,780,Defaulted,1
LN00780,CUST09945,BR041,Personal,2025-03-01,141710.58,13.07,120,518,Closed,0
LN00813,CUST06882,BR046,Vehicle,2024-11-29,246843.61,10.44,36,771,Approved,0
LN01460,CUST08780,BR013,Personal,2024-11-19,353912.59,15.95,24,692,Rejected,0
LN00315,CUST00980,BR023,Home,2026-02-09,55781.61,17.57,60,876,Approved,0
LN04046,CUST08995,BR027,Personal,2026-06-26,37141.46,10.32,120,855,Defaulted,1
LN03327,CUST99999,BR008,Home,2026-05-18,289962.27,17.7,36,321,Active,0
LN03461,CUST03696,BR047,Personal,2025-02-04,130020.13,9.96,60,512,Active,0
LN00286,CUST08754,BR015,Personal,2026-08-07,15403.76,11.56,36,327,Active,0
LN03890,CUST06968,BR011,Education,2025-06-22,364985.61,10.47,36,880,Approved,0
LN04935,CUST06553,BR030,Vehicle,2025-05-11,409637.62,11.24,60,396,Active,0
LN00731,CUST04854,BR023,Personal,2026-02-06,273189.17,6.76,24,781,Approved,0
LN05140,CUST08792,BR027,Personal,2025-02-10,268888.9,16.1,60,465,Active,0
LN04635,CUST04624,BR000,Personal,2026-04-03,19922.2,7.29,12,733,Active,0
LN02798,CUST01968,BR002,Education,2024-10-10,273786.35,15.7,36,539,Approved,0
LN04309,CUST02782,BR013,Education,2025-07-22,445298.2,6.0,36,487,Rejected,0
LN01837,CUST09816,BR033,Vehicle,2025-09-25,488016.16,10.04,24,465,Defaulted,1
LN01045,CUST08609,BR014,Education,2026-02-21,167415.03,17.7,60,517,Closed,0
LN04962,CUST01260,BR042,Home,2025-04-18,425847.65,14.03,60,600,Rejected,0
LN01553,CUST08884,BR034,Vehicle,2025-09-27,381166.34,12.27,24,689,Active,0
LN04237,CUST05047,BR044,Personal,2025-08-29,51426.23,13.82,12,302,Closed,0
LN04073,CUST04886,BR004,Home,2026-08-07,427651.56,12.21,36,714,Closed,0
LN00294,CUST07996,BR042,Personal,2024-09-24,498914.35,15.7,12,744,Closed,0
LN05480,CUST09456,BR005,Home,2025-03-07,182738.65,7.84,24,484,Approved,0
LN01449,CUST00556,BR033,Personal,2026-01-10,98720.82,10.08,120,452,Defaulted,1
LN01469,CUST99999,BR008,Home,2025-01-05,93221.32,7.66,12,438,Rejected,0
LN04131,CUST04594,BR021,Education,2026-01-13,455643.78,10.41,60,457,Closed,0
LN00116,CUST06910,BR005,Personal,2025-04-05,153380.24,9.64,120,520,Approved,0
LN02031,CUST02408,BR002,Education,2025-07-28,-299421.06,12.42,60,726,Defaulted,1
LN05648,CUST00615,BR018,Personal,2024-11-05,429613.14,6.7,12,408,Approved,0
LN05519,CUST09971,BR043,Home,2025-12-07,302263.49,12.06,120,366,Rejected,0
LN01345,CUST02033,BR023,Personal,2025-10-01,315924.41,12.44,36,655,Rejected,0
LN02390,CUST01283,BR010,Education,2025-06-24,388537.95,9.84,24,308,Closed,0
LN03963,CUST06811,BR019,Education,2024-09-15,111865.15,13.57,24,761,Approved,0
LN02980,CUST00382,BR027,Vehicle,2026-09-08,143151.87,14.27,120,866,Approved,0
LN01937,CUST00482,BR044,Home,2026-05-14,41299.13,10.22,60,397,Active,0
LN02859,CUST07718,BR035,Vehicle,2025-09-30,16666.15,16.3,60,584,Approved,0
LN04590,CUST04538,BR040,Home,2026-04-25,219743.42,14.91,24,442,Defaulted,1
LN01250,CUST09828,BR015,Personal,2025-11-15,46923.9,7.08,12,862,Rejected,0
LN00717,CUST06881,BR027,Education,2026-08-08,333268.45,13.36,36,750,Closed,0
LN02946,CUST00910,BR021,Home,2026-01-19,211640.69,9.77,12,424,Rejected,0
LN03708,CUST05808,BR032,Education,2026-07-26,469258.4,8.77,120,677,Rejected,0
LN02022,CUST05280,BR029,Vehicle,2025-08-08,310298.84,17.42,120,800,Closed,0
LN00233,CUST04061,BR036,Vehicle,2025-10-24,270666.15,12.62,36,368,Closed,0
LN03771,CUST08089,BR025,Vehicle,2025-09-27,-460932.89,15.99,12,480,Active,0
LN04885,CUST01873,BR028,Home,2025-08-07,115299.25,8.19,36,517,Defaulted,1
LN04879,CUST03406,BR012,Personal,2026-04-15,309903.07,8.97,36,879,Closed,0
LN04056,CUST06410,BR049,Vehicle,2026-08-22,167125.72,6.73,60,706,Closed,0
LN03408,CUST02895,BR046,Education,2026-04-28,474286.26,16.13,120,898,Defaulted,1
LN04830,CUST04471,BR002,Education,2024-12-19,394596.78,16.23,24,394,Rejected,0
LN02348,CUST01013,BR002,Personal,2025-10-06,277165.5,15.78,12,754,Closed,0
LN03879,CUST09428,BR041,Vehicle,2025-09-29,188540.46,15.92,120,806,Approved,0
LN01475,CUST02382,BR037,Vehicle,2026-03-09,171568.24,7.3,36,613,Approved,0
LN02003,CUST03083,BR004,Education,2025-10-25,253650.29,8.21,24,432,Active,0
LN05819,CUST09714,BR044,Personal,2025-11-10,449277.78,17.7,36,403,Approved,0
LN05034,CUST02253,BR040,Home,2025-01-15,12907.41,12.18,120,522,Closed,0
LN05675,CUST00446,BR039,Vehicle,2026-08-27,304765.41,9.04,60,613,Rejected,0
LN04027,CUST01892,BR002,Home,2024-11-09,22754.48,6.99,120,312,Approved,0
LN03238,CUST04968,BR005,Education,2026-03-22,291982.89,11.36,12,772,Active,0
LN05340,CUST09915,BR017,Vehicle,2024-10-11,334292.58,15.45,24,364,Rejected,0
LN04299,CUST01447,BR010,Vehicle,2025-08-14,126679.81,11.53,12,509,Approved,0
LN03725,CUST03849,BR008,Education,2024-10-12,121566.45,16.06,24,342,Active,0
LN03925,CUST03360,BR006,Education,2026-03-24,20949.02,12.53,120,591,Approved,0
LN02626,CUST01098,BR041,Home,2024-12-03,497819.14,10.64,24,433,Approved,0
LN05278,CUST05798,BR032,Education,2026-03-14,86958.85,13.91,120,435,Defaulted,1
LN05287,CUST07620,BR005,Personal,2026-06-06,476855.29,10.89,60,880,Defaulted,1
LN04589,CUST00310,BR005,Education,2026-05-01,253895.94,7.65,120,799,Closed,0
LN00989,CUST00793,BR025,Vehicle,2026-05-07,137922.73,13.25,36,543,Rejected,0
LN00639,CUST03775,BR034,Home,2025-08-31,384061.43,6.96,24,439,Rejected,0
LN03886,CUST02472,BR014,Personal,2026-06-22,-101204.76,10.38,24,705,Closed,0
LN02874,CUST09428,BR032,Personal,2026-08-20,228194.44,6.3,60,879,Approved,0
LN03478,CUST01913,BR027,Vehicle,2026-02-13,38264.81,6.7,120,676,Defaulted,1
LN02636,CUST08915,BR013,Personal,2026-05-17,50164.7,12.09,24,752,Rejected,0
LN01646,CUST08941,BR000,Personal,2026-01-02,432513.15,15.21,36,532,Rejected,0
LN01011,CUST05109,BR044,Vehicle,2025-06-21,362206.63,9.54,60,314,Approved,0
LN03259,CUST03220,BR045,Education,2024-09-22,293818.38,15.14,12,750,Approved,0
LN05970,CUST09309,BR027,Vehicle,2026-02-19,87830.47,6.78,36,669,Defaulted,1
LN02064,CUST05907,BR029,Home,2025-07-24,492084.5,10.92,60,867,Closed,0
LN00289,CUST00225,BR000,Personal,2024-12-10,109545.43,13.32,36,772,Approved,0
LN04525,CUST01096,BR024,Vehicle,2025-07-29,183788.71,15.3,12,492,Defaulted,1
LN03553,CUST01991,BR020,Education,2025-11-08,170110.46,6.59,60,403,Defaulted,1
LN00913,CUST02635,BR023,Personal,2025-04-27,334264.93,7.92,120,429,Defaulted,1
LN02018,CUST06549,BR000,Vehicle,2025-11-10,243068.98,16.71,24,740,Approved,0
LN00588,CUST03709,BR001,Education,2026-02-19,259411.07,8.21,36,481,Approved,0
LN01560,CUST01875,BR008,Personal,2024-11-24,101701.07,17.98,60,463,Closed,0
LN05119,CUST04837,BR027,Vehicle,2024-10-18,397067.03,13.97,24,438,Rejected,0
LN04058,CUST02575,BR023,Vehicle,2025-03-05,14642.81,15.84,60,553,Active,0
LN03247,CUST02005,BR023,Home,2026-05-02,105174.14,13.92,60,566,Active,0
LN02725,CUST07183,BR018,Vehicle,2026-05-15,101303.4,17.36,36,325,Rejected,0
LN00120,CUST00206,BR030,Vehicle,2025-11-14,492619.56,16.14,120,735,Defaulted,1
LN00489,CUST07164,BR044,Education,2025-06-06,141080.81,6.56,36,501,Active,0
LN02110,CUST09074,BR000,Vehicle,2025-12-25,396646.25,11.24,120,448,Defaulted,1
LN01432,CUST01312,BR048,Home,2025-09-30,297509.85,17.94,60,337,Approved,0
LN00977,CUST06371,BR029,Education,2025-03-22,145914.15,12.18,24,428,Active,0
LN04490,CUST07411,BR039,Home,2025-05-09,499105.62,15.63,120,655,Defaulted,1
LN04794,CUST03792,BR001,Home,2026-02-06,309552.07,13.73,24,544,Approved,0
LN05870,CUST08316,BR035,Education,2026-01-01,36649.61,11.17,12,693,Active,0
LN03113,CUST07938,BR003,Home,2025-02-22,40367.77,11.43,12,372,Defaulted,1
LN00751,CUST06254,BR008,Education,2025-12-23,456759.62,8.48,36,399,Closed,0
LN00368,CUST06293,BR022,Personal,2025-08-18,-86239.26,12.18,12,853,Approved,0
LN05323,CUST02062,BR035,Education,2026-06-01,436448.85,13.61,24,618,Closed,0
LN01729,CUST00575,BR007,Education,2026-02-02,-435235.97,6.92,60,308,Approved,0
LN00547,CUST08010,BR025,Education,2024-10-12,188875.13,14.32,120,464,Closed,0
LN01328,CUST09005,BR000,Education,2025-01-14,426216.91,7.56,24,889,Active,0
LN02101,CUST04737,BR000,Home,2025-11-17,474141.24,9.23,12,496,Defaulted,1
LN00261,CUST02961,BR044,Education,2024-12-14,361936.62,8.27,120,582,Rejected,0
LN05153,CUST08504,BR014,Home,2026-05-03,327577.78,11.99,36,359,Defaulted,1
LN00341,CUST07206,BR029,Education,2026-03-28,278578.83,12.47,60,715,Defaulted,1
LN00701,CUST08865,BR047,Personal,2026-04-07,108477.28,9.08,60,708,Approved,0
LN03340,CUST05690,BR004,Education,2026-05-01,60853.14,12.09,60,402,Closed,0
LN04308,CUST03318,BR022,Education,2026-05-18,170170.61,16.63,60,731,Approved,0
LN03831,CUST02041,BR018,Vehicle,2024-11-03,105139.42,14.19,24,364,Rejected,0
LN05696,CUST00983,BR035,Vehicle,2025-04-24,206710.99,9.51,60,317,Closed,0
LN02889,CUST02120,BR022,Education,2026-06-26,60683.23,17.93,36,477,Closed,0
LN05695,CUST08033,BR022,Education,2024-11-15,449909.29,12.67,12,751,Active,0
LN05241,CUST08346,BR006,Education,2026-04-29,195588.21,7.3,12,694,Rejected,0
LN03502,CUST04570,BR000,Vehicle,2025-03-29,143931.5,16.16,36,593,Closed,0
LN02238,CUST06910,BR011,Education,2025-04-20,155587.41,17.2,12,515,Approved,0
LN02651,CUST09794,BR011,Home,2026-03-20,104537.87,15.44,36,530,Active,0
LN05803,CUST99999,BR004,Home,2026-06-08,82345.31,6.62,60,898,Defaulted,1
LN00564,CUST05541,BR031,Vehicle,2026-07-25,310881.37,15.07,120,443,Rejected,0
LN03499,CUST06696,BR021,Vehicle,2026-09-04,261625.82,12.17,36,503,Rejected,0
LN04406,CUST05850,BR047,Education,2025-08-27,439092.69,17.62,60,688,Rejected,0
LN03978,CUST04994,BR012,Vehicle,2024-09-20,483641.35,16.41,24,435,Rejected,0
LN04782,CUST09208,BR044,Home,2025-04-30,449007.9,8.94,24,742,Rejected,0
LN01275,CUST08238,BR014,Personal,2026-04-23,444772.59,7.37,12,518,Approved,0
LN00183,CUST05855,BR015,Vehicle,2025-07-01,365724.7,8.5,24,336,Defaulted,1
LN05652,CUST09158,BR036,Personal,2025-05-28,210251.23,6.87,36,304,Rejected,0
LN03662,CUST02949,BR022,Home,2026-07-19,373625.37,16.94,120,453,Defaulted,1
LN02128,CUST07870,BR043,Home,2024-12-28,145681.83,7.9,36,342,Rejected,0
LN00998,CUST00984,BR025,Personal,2026-01-03,431225.52,13.49,36,737,Active,0
LN01396,CUST01933,BR000,Home,2026-07-06,488819.62,7.46,24,374,Closed,0
LN03558,CUST09168,BR023,Education,2026-05-23,96170.36,16.08,60,537,Approved,0
LN04926,CUST01371,BR000,Education,2025-10-01,54794.11,10.69,24,395,Defaulted,1
LN03154,CUST05565,BR028,Vehicle,2025-11-09,18277.74,11.44,60,823,Defaulted,1
LN03548,CUST07214,BR006,Education,2026-04-11,63192.13,12.9,60,805,Defaulted,1
LN02420,CUST09817,BR020,Home,2024-11-10,46072.95,9.47,120,472,Closed,0
LN00980,CUST03228,BR002,Vehicle,2025-09-08,200329.34,13.71,120,568,Rejected,0
LN01576,CUST01389,BR018,Personal,2025-09-07,101091.84,8.04,120,682,Closed,0
LN02537,CUST09203,BR000,Education,2025-01-11,62545.54,13.36,60,386,Rejected,0
LN01883,CUST09884,BR022,Vehicle,2025-07-14,280357.93,15.65,120,628,Active,0
LN01215,CUST02711,BR037,Vehicle,2026-04-15,104248.15,17.37,60,741,Rejected,0
LN05747,CUST02721,BR025,Vehicle,2024-11-13,109871.55,6.26,24,501,Defaulted,1
LN03398,CUST06102,BR004,Home,2025-09-13,417710.43,14.56,36,552,Approved,0
LN02116,CUST05671,BR013,Personal,2024-09-30,436873.46,10.53,120,370,Defaulted,1
LN05444,CUST03159,BR034,Personal,2025-07-06,479328.46,6.74,24,331,Active,0
LN02831,CUST06574,BR017,Personal,2026-01-22,192459.49,13.5,60,414,Defaulted,1
LN02207,CUST07788,BR006,Education,2025-01-22,205343.05,15.92,24,305,Active,0
LN05245,CUST00404,BR024,Home,2024-11-29,114723.36,15.92,24,715,Rejected,0
LN03807,CUST00869,BR037,Home,2025-07-06,311375.07,17.04,60,438,Rejected,0
LN02450,CUST00581,BR015,Vehicle,2025-10-21,466365.6,14.29,12,728,Rejected,0
LN00327,CUST01895,BR009,Home,2026-05-10,496752.67,15.13,60,820,Defaulted,1
LN05756,CUST07299,BR010,Vehicle,2025-11-11,128664.34,7.03,12,622,Closed,0
LN02084,CUST07340,BR017,Home,2026-01-31,130989.08,11.57,36,483,Approved,0
LN05812,CUST03768,BR035,Personal,2026-08-19,245978.64,14.09,24,803,Defaulted,1
LN02331,CUST03489,BR032,Personal,2025-10-07,481969.29,7.54,36,404,Approved,0
LN05297,CUST02170,BR035,Education,2024-11-20,334175.19,15.95,60,333,Closed,0
LN05010,CUST09615,BR003,Home,2025-12-27,57028.09,17.24,12,565,Active,0
LN02751,CUST00526,BR036,Personal,2024-12-13,462876.47,11.18,12,651,Approved,0
LN03765,CUST07674,BR044,Personal,2026-08-17,238630.51,12.24,60,688,Defaulted,1
LN04499,CUST01517,BR026,Vehicle,2026-06-26,125724.27,17.45,120,484,Active,0
LN04712,CUST05244,BR045,Home,2026-04-13,485443.93,17.41,36,867,Defaulted,1
LN05644,CUST08181,BR039,Education,2026-07-29,280155.4,8.36,60,742,Active,0
LN03000,CUST06905,BR014,Education,2025-12-11,445480.54,14.32,36,709,Rejected,0
LN02675,CUST03674,BR042,Home,2025-07-08,255604.04,16.26,12,509,Closed,0
LN04966,CUST06897,BR043,Vehicle,2026-04-26,188569.14,17.75,36,731,Defaulted,1
LN00143,CUST03157,BR009,Home,2026-01-30,135923.11,6.24,60,533,Closed,0
LN00382,CUST00876,BR028,Personal,2026-06-29,464704.84,9.27,120,775,Active,0
LN00955,CUST01202,BR019,Home,2024-11-12,200044.1,7.62,24,687,Active,0
LN04070,CUST06539,BR022,Home,2026-02-21,50764.9,10.55,60,775,Closed,0
LN01442,CUST02604,BR043,Home,2025-04-19,304674.34,8.26,60,606,Approved,0
LN03179,CUST99999,BR001,Vehicle,2024-10-08,470770.71,6.04,12,321,Rejected,0
LN01942,CUST02852,BR026,Personal,2024-09-20,220233.52,16.7,12,383,Active,0
LN03342,CUST00025,BR004,Home,2024-12-30,390297.13,10.04,12,782,Defaulted,1
LN01069,CUST09916,BR017,Personal,2025-06-16,262324.2,14.22,120,615,Rejected,0
LN05216,CUST06411,BR032,Personal,2025-11-23,429120.36,7.18,120,540,Defaulted,1
LN01532,CUST03056,BR001,Vehicle,2025-03-12,40535.69,9.19,12,640,Active,0
LN01903,CUST05203,BR017,Home,2025-11-20,417256.04,13.28,24,625,Closed,0
LN01012,CUST04146,BR021,Education,2025-01-16,115511.96,12.61,12,452,Active,0
LN03235,CUST06093,BR009,Home,2025-12-01,298087.53,16.59,36,363,Active,0
LN01998,CUST00207,BR032,Education,2025-11-07,156116.68,12.3,36,451,Closed,0
LN03326,CUST03276,BR041,Personal,2026-09-03,157309.65,9.47,120,664,Approved,0
LN01048,CUST06783,BR015,Personal,2024-12-11,56195.23,17.9,36,466,Active,0
LN00398,CUST09561,BR002,Education,2026-08-28,292691.85,9.24,120,600,Closed,0
LN05815,CUST08802,BR024,Home,2024-11-14,225035.43,6.77,36,668,Rejected,0
LN02049,CUST00560,BR030,Personal,2025-08-09,54092.92,13.97,120,358,Approved,0
LN04755,CUST00725,BR016,Personal,2026-05-13,269335.22,16.51,24,310,Closed,0
LN00307,CUST03420,BR031,Personal,2026-08-12,348022.23,15.06,36,702,Defaulted,1
LN04981,CUST01409,BR013,Education,2025-10-10,115413.81,12.98,120,450,Active,0
LN01364,CUST08202,BR014,Education,2025-11-28,13003.04,7.68,120,729,Rejected,0
LN05150,CUST03569,BR016,Home,2025-12-11,365441.71,10.31,12,423,Approved,0
LN02217,CUST05330,BR010,Vehicle,2026-05-27,72786.17,17.89,12,435,Active,0
LN02902,CUST01635,BR045,Home,2026-03-14,180392.49,7.5,60,868,Closed,0
LN03328,CUST05243,BR024,Vehicle,2026-03-22,83488.74,17.86,120,847,Defaulted,1
LN05825,CUST02159,BR015,Home,2026-08-21,167377.84,15.82,24,546,Approved,0
LN00265,CUST00956,BR027,Vehicle,2025-11-09,284586.13,15.37,24,540,Defaulted,1
LN02884,CUST01130,BR023,Personal,2026-03-16,187179.23,8.22,36,720,Defaulted,1
LN03004,CUST01307,BR005,Personal,2026-02-01,145568.27,17.39,60,567,Rejected,0
LN04177,CUST99999,BR001,Personal,2025-01-31,252047.74,13.18,60,356,Closed,0
LN04334,CUST05201,BR000,Vehicle,2026-02-27,247368.48,14.18,12,813,Defaulted,1
LN02840,CUST03744,BR049,Home,2025-08-23,29657.12,6.76,120,357,Rejected,0
LN03934,CUST09137,BR010,Home,2025-01-17,449408.17,9.86,12,514,Closed,0
LN05888,CUST00026,BR041,Education,2025-06-24,206398.1,10.43,36,868,Closed,0
LN05990,CUST07505,BR023,Home,2026-02-25,190768.04,7.33,12,720,Active,0
LN05951,CUST02223,BR001,Home,2026-06-20,234973.65,17.25,24,418,Approved,0
LN04695,CUST04524,BR034,Personal,2025-09-23,128783.8,13.83,60,725,Defaulted,1
LN03703,CUST00517,BR045,Home,2026-02-02,325701.2,17.63,60,604,Rejected,0
LN00206,CUST08800,BR014,Personal,2025-08-26,30653.7,13.84,12,616,Approved,0
LN03772,CUST02962,BR034,Education,2024-10-14,219472.0,7.83,36,466,Defaulted,1
LN03541,CUST02749,BR047,Education,2025-12-29,156308.49,13.47,60,632,Active,0
LN01344,CUST08567,BR049,Personal,2025-04-07,367977.47,8.54,24,625,Closed,0
LN01769,CUST07473,BR035,Personal,2025-09-17,123258.77,7.52,120,572,Approved,0
LN05112,CUST01802,BR000,Vehicle,2024-11-07,459321.86,6.33,36,353,Defaulted,1
LN05944,CUST07366,BR046,Education,2025-11-23,450417.44,10.68,60,713,Rejected,0
LN00409,CUST00512,BR023,Personal,2026-03-20,380935.82,14.41,36,521,Approved,0
LN05138,CUST01912,BR005,Education,2024-09-14,461838.99,17.01,120,461,Approved,0
LN00331,CUST04014,BR040,Vehicle,2025-02-02,417790.63,16.62,12,832,Closed,0
LN01603,CUST00917,BR024,Personal,2025-03-09,211813.1,12.04,60,467,Approved,0
LN00964,CUST00922,BR028,Home,2025-06-29,384881.08,14.02,12,601,Approved,0
LN04992,CUST03981,BR045,Personal,2026-06-18,174568.61,8.82,36,850,Rejected,0
LN03216,CUST00522,BR009,Personal,2025-05-23,175907.13,13.01,120,462,Rejected,0
LN00468,CUST04107,BR010,Vehicle,2026-02-11,129808.67,12.89,36,819,Defaulted,1
LN02614,CUST09177,BR040,Education,2024-11-08,143225.28,16.53,120,615,Approved,0
LN05983,CUST00556,BR027,Home,2025-06-02,46672.98,17.43,24,435,Defaulted,1
LN03022,CUST00557,BR044,Education,2025-04-01,173789.05,16.05,120,549,Rejected,0
LN00312,CUST05088,BR027,Education,2025-10-12,100945.99,15.44,36,741,Rejected,0
LN02345,CUST05251,BR016,Education,2024-11-17,383493.96,13.49,60,663,Active,0
LN05431,CUST01181,BR013,Vehicle,2025-03-14,261513.86,7.68,60,596,Defaulted,1
LN05490,CUST09953,BR025,Personal,2025-02-11,452037.48,16.29,120,742,Approved,0
LN05898,CUST01590,BR049,Education,2026-07-06,302088.28,16.29,60,331,Active,0
LN05189,CUST08921,BR013,Home,2024-10-24,453871.68,7.13,24,703,Active,0
LN01544,CUST03676,BR034,Personal,2026-08-18,102413.48,10.6,60,664,Defaulted,1
LN01851,CUST09153,BR036,Education,2025-07-30,240912.85,9.83,120,770,Rejected,0
LN04517,CUST06615,BR031,Vehicle,2025-05-03,231410.75,12.11,24,405,Closed,0
LN04948,CUST99999,BR020,Education,2026-04-29,99559.21,17.81,36,638,Approved,0
LN03906,CUST08912,BR020,Education,2025-07-29,262131.01,15.6,36,452,Approved,0
LN05485,CUST06115,BR043,Home,2025-09-14,367960.69,14.66,120,789,Active,0
LN03714,CUST06309,BR004,Vehicle,2024-11-25,141505.4,6.27,120,848,Approved,0
LN05077,CUST05594,BR048,Home,2025-03-04,427260.05,6.91,12,754,Approved,0
LN01807,CUST03291,BR035,Education,2026-01-16,62873.8,17.26,36,729,Active,0
LN03014,CUST03211,BR024,Vehicle,2026-06-10,210403.39,10.21,36,593,Active,0
LN01202,CUST05490,BR000,Home,2024-09-18,105892.28,13.42,12,411,Defaulted,1
LN05285,CUST04524,BR001,Education,2025-04-28,449830.86,15.45,120,821,Closed,0
LN02277,CUST09951,BR007,Personal,2026-08-12,134892.16,8.61,12,425,Active,0
LN04724,CUST02710,BR034,Education,2026-05-02,17857.84,11.28,60,569,Defaulted,1
LN02499,CUST06566,BR043,Home,2025-01-14,326545.04,17.56,120,605,Active,0
LN04454,CUST08263,BR033,Home,2024-09-30,47432.73,11.36,24,511,Defaulted,1
LN04748,CUST03722,BR049,Vehicle,2025-05-28,380584.51,12.18,12,868,Active,0
LN04366,CUST09949,BR015,Education,2025-08-08,270671.08,14.43,36,359,Closed,0
LN00431,CUST02479,BR000,Personal,2024-10-22,377268.04,7.58,120,301,Defaulted,1
LN01034,CUST03507,BR020,Education,2024-11-06,13844.01,15.11,120,679,Defaulted,1
LN05120,CUST08105,BR049,Home,2025-01-25,455445.54,13.34,36,673,Rejected,0
LN05923,CUST03161,BR003,Home,2026-04-06,398369.66,12.88,36,558,Defaulted,1
LN03603,CUST07106,BR015,Home,2026-05-29,82327.34,11.41,12,759,Approved,0
LN01791,CUST04612,BR047,Home,2024-11-17,459478.54,12.42,120,819,Closed,0
LN04606,CUST08923,BR024,Vehicle,2026-04-21,413086.21,7.41,36,382,Active,0
LN05581,CUST07099,BR001,Personal,2025-05-14,58122.36,14.71,120,454,Closed,0
LN03819,CUST04027,BR036,Home,2025-10-29,261993.03,14.42,120,710,Active,0
LN02407,CUST03920,BR000,Home,2025-11-15,215306.91,15.43,36,889,Approved,0
LN05188,CUST08693,BR001,Personal,2025-09-25,346491.16,7.96,12,648,Rejected,0
LN03680,CUST07846,BR015,Vehicle,2025-04-27,197110.24,15.58,120,649,Rejected,0
LN00147,CUST03627,BR005,Vehicle,2026-08-19,14091.37,14.5,36,767,Closed,0
LN04557,CUST00249,BR002,Home,2026-06-03,429513.29,17.17,36,305,Rejected,0
LN02806,CUST00855,BR006,Personal,2026-01-17,53256.31,6.09,36,698,Closed,0
LN01744,CUST01925,BR046,Personal,2025-06-18,424530.83,6.77,60,794,Approved,0
LN00179,CUST00698,BR044,Education,2025-08-01,-192997.47,9.19,24,861,Closed,0
LN02302,CUST09496,BR014,Vehicle,2025-09-03,100623.22,13.12,120,624,Rejected,0
LN02152,CUST04268,BR044,Education,2025-12-15,469464.23,12.24,36,458,Approved,0
LN05348,CUST09642,BR023,Personal,2026-03-24,402953.68,16.12,24,472,Active,0
LN01567,CUST06644,BR015,Personal,2025-08-28,420405.74,14.55,120,300,Closed,0
LN05919,CUST02565,BR049,Vehicle,2025-02-19,285418.29,10.35,24,854,Active,0
LN01706,CUST99999,BR045,Education,2026-08-16,480849.54,9.44,60,895,Approved,0
LN05547,CUST01140,BR002,Home,2025-06-28,219443.48,15.27,120,555,Rejected,0
LN00658,CUST08989,BR007,Education,2026-01-19,495035.07,9.17,24,502,Approved,0
LN01327,CUST07206,BR042,Education,2024-10-24,227747.36,17.65,60,466,Approved,0
LN01542,CUST00984,BR041,Home,2025-09-10,35122.46,15.41,120,580,Rejected,0
LN04433,CUST06771,BR046,Education,2026-08-31,183462.42,9.41,36,841,Active,0
LN02362,CUST04431,BR047,Education,2025-02-01,195752.49,16.75,120,459,Closed,0
LN03454,CUST04422,BR029,Education,2026-07-30,177825.0,13.86,12,484,Defaulted,1
LN04478,CUST09008,BR010,Personal,2025-01-31,31938.46,15.73,60,820,Rejected,0
LN03140,CUST02780,BR044,Education,2024-10-13,208539.23,15.02,12,333,Active,0
LN00132,CUST06019,BR000,Home,2025-05-11,258868.16,9.96,60,621,Active,0
LN01902,CUST08227,BR010,Education,2026-05-12,432067.73,14.89,12,848,Approved,0
LN00749,CUST03818,BR015,Education,2026-05-11,191301.73,12.18,60,386,Approved,0
LN04773,CUST02931,BR044,Vehicle,2025-08-28,235026.32,16.68,24,837,Approved,0
LN04206,CUST07389,BR039,Education,2025-03-15,45750.33,8.95,24,734,Rejected,0
LN05061,CUST02575,BR046,Vehicle,2025-06-14,141748.68,11.13,12,709,Closed,0
LN04327,CUST09718,BR049,Personal,2025-12-04,474639.82,12.74,36,820,Defaulted,1
LN01735,CUST06052,BR011,Education,2026-08-10,437591.98,9.87,24,771,Active,0
LN00764,CUST00666,BR019,Personal,2026-04-02,231154.66,6.16,60,782,Approved,0
LN01831,CUST05450,BR018,Education,2025-07-22,216134.3,12.78,24,542,Active,0
LN03679,CUST02606,BR019,Education,2024-09-25,121876.89,15.83,12,455,Closed,0
LN01968,CUST00072,BR042,Vehicle,2026-07-13,216782.57,7.87,36,318,Active,0
LN05885,CUST06604,BR004,Home,2026-08-24,94649.78,12.74,120,584,Active,0
LN00563,CUST06172,BR042,Education,2024-11-05,354396.9,12.18,120,629,Rejected,0
LN03375,CUST02645,BR005,Home,2025-03-02,344651.18,11.45,120,647,Closed,0
LN04074,CUST07485,BR039,Home,2025-11-03,356693.86,16.75,24,431,Rejected,0
LN02782,CUST05410,BR042,Vehicle,2025-05-15,24229.0,11.12,60,613,Approved,0
LN02130,CUST00767,BR048,Vehicle,2026-01-31,124926.61,12.95,36,315,Defaulted,1
LN03166,CUST02307,BR002,Vehicle,2025-05-29,463779.86,16.46,60,614,Active,0
LN00712,CUST03374,BR016,Education,2025-05-09,61732.06,17.52,36,322,Approved,0
LN04780,CUST00717,BR029,Vehicle,2026-07-25,232380.56,8.82,24,747,Active,0
LN04812,CUST06447,BR004,Vehicle,2025-02-20,333965.59,16.8,36,543,Active,0
LN03626,CUST08112,BR002,Education,2024-11-03,143051.41,7.96,60,689,Defaulted,1
LN02535,CUST07264,BR025,Education,2025-10-22,431756.99,8.98,60,303,Closed,0
LN00637,CUST04964,BR028,Personal,2026-06-04,491046.34,10.9,36,513,Approved,0
LN02019,CUST07121,BR047,Home,2026-03-21,326097.75,12.37,60,479,Active,0
LN01132,CUST04242,BR047,Personal,2024-11-13,-420133.82,8.61,24,611,Closed,0
LN02012,CUST06099,BR027,Personal,2024-12-05,425482.84,13.07,24,509,Defaulted,1
LN00301,CUST09435,BR021,Education,2024-11-02,155052.03,10.41,12,770,Defaulted,1
LN05576,CUST99999,BR036,Education,2025-05-23,397349.11,6.97,24,536,Defaulted,1
LN03405,CUST03642,BR029,Home,2026-01-22,248876.12,9.09,24,789,Closed,0
LN00668,CUST06970,BR040,Personal,2026-07-21,211065.42,11.41,120,686,Approved,0
LN04293,CUST01879,BR016,Education,2025-11-09,138783.28,14.78,36,577,Defaulted,1
LN05282,CUST09846,BR028,Vehicle,2025-10-11,483553.06,15.71,120,385,Closed,0
LN03911,CUST04729,BR012,Home,2025-03-05,139120.61,7.33,12,689,Defaulted,1
LN00415,CUST03343,BR017,Vehicle,2024-10-23,283037.33,14.84,24,618,Rejected,0
LN03142,CUST01588,BR036,Education,2024-10-17,183045.66,8.83,60,844,Closed,0
LN03103,CUST03175,BR040,Vehicle,2025-09-30,294118.04,15.03,60,581,Closed,0
LN03376,CUST06589,BR009,Personal,2026-01-16,133028.72,11.15,120,398,Defaulted,1
LN04011,CUST06003,BR010,Education,2025-06-10,209550.74,9.25,24,624,Closed,0
LN03112,CUST03655,BR000,Education,2025-03-13,19048.29,12.4,120,722,Active,0
LN00277,CUST04735,BR015,Home,2026-02-25,41872.52,6.68,60,808,Defaulted,1
LN01243,CUST08363,BR049,Home,2025-01-01,176653.38,8.83,120,323,Active,0
LN00825,CUST04632,BR004,Home,2026-08-21,350532.98,8.31,24,785,Rejected,0
LN05364,CUST09095,BR012,Education,2025-01-01,147842.13,6.7,12,628,Defaulted,1
LN02439,CUST04998,BR015,Home,2026-01-20,262019.97,14.95,12,590,Rejected,0
LN03005,CUST08848,BR014,Home,2026-01-06,331414.87,17.39,12,750,Rejected,0
LN03107,CUST08605,BR044,Vehicle,2024-09-26,484971.76,17.41,12,322,Rejected,0
LN02986,CUST09714,BR046,Home,2025-03-21,357265.1,13.75,12,654,Approved,0
LN01999,CUST02665,BR048,Personal,2026-03-15,424102.58,9.41,24,816,Defaulted,1
LN02387,CUST99999,BR020,Personal,2025-12-25,417231.36,10.97,120,572,Approved,0
LN00550,CUST06731,BR004,Vehicle,2026-04-29,494111.5,6.99,60,660,Approved,0
LN05212,CUST01301,BR015,Vehicle,2026-06-06,74280.7,14.83,36,847,Approved,0
LN03639,CUST01481,BR031,Home,2024-10-02,291173.79,17.18,120,805,Approved,0
LN04132,CUST09141,BR009,Education,2025-04-08,420082.69,6.2,60,626,Defaulted,1
LN04310,CUST09182,BR034,Personal,2026-02-12,22518.23,14.25,24,800,Defaulted,1
LN05543,CUST04712,BR045,Vehicle,2026-02-06,337039.72,13.48,24,592,Active,0
LN02540,CUST06744,BR000,Education,2026-05-23,44095.07,15.39,120,439,Active,0
LN05203,CUST08750,BR049,Vehicle,2025-06-24,297803.77,13.45,24,637,Approved,0
LN05175,CUST01192,BR009,Education,2024-09-09,32330.54,15.51,36,433,Active,0
LN05291,CUST08671,BR012,Education,2026-07-03,29942.9,14.22,24,485,Rejected,0
LN04582,CUST06646,BR041,Home,2025-10-30,47041.98,6.77,12,494,Approved,0
LN02932,CUST09591,BR025,Personal,2025-05-06,209475.06,15.27,60,697,Approved,0
LN03069,CUST05845,BR047,Vehicle,2025-10-12,405518.09,16.14,120,383,Rejected,0
LN01986,CUST07426,BR006,Home,2024-11-04,217277.08,13.18,120,320,Approved,0
LN02703,CUST01531,BR005,Vehicle,2025-05-28,211313.16,7.47,60,701,Approved,0
LN00542,CUST09348,BR027,Vehicle,2024-11-18,310875.29,11.28,24,445,Defaulted,1
LN00053,CUST03152,BR046,Personal,2024-11-22,161688.98,14.19,60,527,Approved,0
LN05918,CUST09951,BR030,Vehicle,2025-08-17,391756.68,14.07,24,520,Defaulted,1
LN04062,CUST00954,BR007,Personal,2026-02-27,396598.82,10.11,24,859,Closed,0
LN03833,CUST05738,BR039,Education,2026-05-25,434543.41,7.6,60,387,Closed,0
LN00358,CUST09163,BR042,Education,2025-08-22,11835.1,7.78,24,829,Approved,0
LN01839,CUST03726,BR027,Education,2024-11-22,186936.28,14.6,12,305,Approved,0
LN03029,CUST05347,BR004,Home,2026-01-17,191844.72,10.49,12,547,Closed,0
LN02784,CUST06892,BR034,Vehicle,2024-11-09,310207.58,12.92,60,402,Active,0
LN01595,CUST09127,BR006,Education,2026-07-29,421418.4,13.51,120,324,Defaulted,1
LN03123,CUST05776,BR021,Vehicle,2026-01-29,234076.9,9.74,12,693,Closed,0
LN05369,CUST07876,BR004,Education,2025-03-17,278682.68,6.04,36,727,Rejected,0
LN03643,CUST00451,BR007,Home,2026-04-28,99472.59,7.05,120,796,Rejected,0
LN03881,CUST00136,BR003,Home,2024-11-23,334773.51,15.99,12,398,Defaulted,1
LN00333,CUST03009,BR043,Home,2024-11-22,342447.14,9.88,60,493,Rejected,0
LN01164,CUST01304,BR008,Personal,2025-11-09,492168.89,17.22,36,848,Defaulted,1
LN03694,CUST06481,BR009,Home,2025-04-10,124242.18,8.01,24,484,Defaulted,1
LN05690,CUST03662,BR033,Education,2025-01-05,257903.86,7.68,24,663,Defaulted,1
LN04726,CUST08069,BR041,Education,2026-03-31,70642.73,15.17,120,523,Closed,0
LN01648,CUST04780,BR002,Home,2025-03-14,170141.95,17.9,60,817,Closed,0
LN04910,CUST05983,BR018,Home,2025-12-23,88868.19,13.33,24,738,Defaulted,1
LN01167,CUST01301,BR001,Vehicle,2026-03-07,153434.97,13.14,12,522,Defaulted,1
LN05125,CUST01966,BR029,Vehicle,2025-07-16,399384.46,10.78,12,853,Rejected,0
LN02602,CUST07833,BR032,Home,2026-06-14,274322.83,11.09,60,321,Defaulted,1
LN03361,CUST04781,BR048,Home,2025-11-18,382792.82,16.96,120,340,Rejected,0
LN01971,CUST02472,BR003,Vehicle,2025-04-30,233878.33,9.84,60,438,Approved,0
LN05948,CUST00992,BR021,Personal,2026-07-19,495068.13,12.89,24,750,Rejected,0
LN03346,CUST03764,BR020,Education,2026-03-16,305393.93,12.05,60,666,Defaulted,1
LN02985,CUST04931,BR045,Personal,2024-11-08,261843.59,15.96,24,458,Defaulted,1
LN00499,CUST05104,BR049,Home,2025-11-03,301534.5,15.16,12,789,Approved,0
LN03923,CUST05628,BR045,Personal,2026-06-08,325380.56,14.5,36,336,Closed,0
LN00814,CUST01906,BR002,Home,2026-05-05,172528.22,13.28,60,769,Approved,0
LN01259,CUST01341,BR009,Vehicle,2025-10-18,280958.04,13.56,120,818,Approved,0
LN05322,CUST06470,BR022,Education,2026-08-21,68893.86,16.33,24,654,Rejected,0
LN02562,CUST02822,BR030,Personal,2025-04-07,222356.62,8.81,24,450,Active,0
LN03267,CUST04213,BR000,Home,2025-07-23,345372.02,15.99,24,855,Rejected,0
LN02278,CUST08789,BR007,Education,2026-05-03,408677.66,7.28,12,798,Rejected,0
LN04908,CUST02363,BR034,Personal,2025-02-14,319275.36,13.05,36,827,Approved,0
LN04531,CUST05314,BR011,Personal,2025-01-30,296407.96,17.97,12,649,Closed,0
LN03331,CUST08707,BR023,Home,2024-12-11,299757.87,12.24,60,355,Approved,0
LN05110,CUST05326,BR024,Personal,2025-04-06,322793.61,8.65,36,836,Closed,0
LN00838,CUST06891,BR009,Home,2026-08-01,383493.09,12.18,60,855,Rejected,0
LN01232,CUST02343,BR016,Personal,2024-12-05,111865.29,15.39,60,334,Rejected,0
LN04133,CUST06644,BR012,Education,2026-05-09,335873.58,16.07,36,364,Defaulted,1
LN01040,CUST01625,BR002,Home,2024-11-26,330962.1,12.34,24,504,Approved,0
LN00295,CUST09007,BR008,Vehicle,2025-12-08,129896.23,9.23,60,595,Closed,0
LN01246,CUST04197,BR026,Education,2025-05-01,335950.01,11.25,36,757,Rejected,0
LN05367,CUST02653,BR048,Personal,2026-01-01,44515.59,7.52,12,317,Active,0
LN02543,CUST06852,BR008,Education,2026-07-18,162244.73,11.45,60,794,Closed,0
LN04275,CUST01942,BR044,Personal,2026-05-08,30122.52,12.18,120,820,Approved,0
LN01750,CUST00968,BR033,Vehicle,2025-05-19,313411.88,14.67,36,858,Rejected,0
LN02697,CUST02946,BR009,Vehicle,2026-04-18,82686.2,13.3,120,445,Approved,0
LN04315,CUST08417,BR000,Home,2025-03-14,133587.01,14.96,120,839,Closed,0
LN01508,CUST07266,BR022,Home,2026-03-25,99413.4,13.66,12,726,Approved,0
LN00963,CUST99999,BR008,Education,2025-03-29,112178.49,14.63,24,420,Closed,0
LN02163,CUST05827,BR042,Home,2025-04-07,357470.68,11.12,12,514,Approved,0
LN05729,CUST99999,BR047,Home,2025-06-21,331358.85,11.26,24,756,Rejected,0
LN02611,CUST02504,BR000,Education,2025-12-29,465017.1,9.38,36,808,Closed,0
LN01923,CUST03225,BR010,Home,2026-07-06,295450.33,13.33,24,612,Defaulted,1
LN03550,CUST05141,BR028,Education,2025-06-25,159527.58,8.05,12,356,Defaulted,1
LN01681,CUST09633,BR045,Home,2025-02-09,311738.35,14.83,120,689,Approved,0
LN01438,CUST02139,BR027,Personal,2025-04-03,151226.62,16.12,12,406,Defaulted,1
LN03413,CUST03212,BR027,Home,2025-10-28,198098.73,12.1,36,610,Active,0
LN02882,CUST99999,BR044,Vehicle,2025-01-20,239520.68,14.55,36,833,Closed,0
LN01673,CUST06675,BR005,Home,2025-04-28,485897.21,11.97,36,539,Active,0
LN01710,CUST09444,BR002,Personal,2026-06-16,432883.2,16.83,24,710,Approved,0
LN04963,CUST07701,BR032,Vehicle,2026-01-09,89828.89,9.93,120,559,Defaulted,1
LN03818,CUST05488,BR037,Vehicle,2024-11-18,87241.66,6.83,24,506,Active,0
LN02015,CUST00285,BR049,Education,2026-01-26,310299.13,10.87,60,353,Rejected,0
LN01394,CUST00892,BR015,Home,2026-02-10,274632.2,8.76,120,641,Defaulted,1
LN00210,CUST09986,BR018,Education,2026-03-20,460570.01,11.66,60,551,Active,0
LN05915,CUST03644,BR001,Home,2026-01-22,474698.23,6.06,120,886,Rejected,0
LN05969,CUST02415,BR005,Vehicle,2024-12-13,122366.29,10.08,24,399,Active,0
LN00141,CUST06668,BR047,Education,2025-05-10,221541.27,8.05,60,746,Closed,0
LN02715,CUST00040,BR045,Education,2026-05-31,192508.8,12.61,60,584,Approved,0
LN05275,CUST09782,BR016,Education,2025-05-20,468337.31,6.11,120,419,Approved,0
LN00549,CUST04846,BR007,Personal,2025-05-25,29229.35,8.14,120,864,Active,0
LN04439,CUST04512,BR014,Personal,2025-01-10,69506.88,8.68,12,717,Closed,0
LN05774,CUST00228,BR045,Vehicle,2025-07-11,322926.45,10.96,24,339,Closed,0
LN04426,CUST06751,BR010,Vehicle,2026-06-29,384572.1,6.91,12,641,Rejected,0
LN05314,CUST00556,BR015,Home,2026-02-23,136901.27,15.57,60,583,Rejected,0
LN05741,CUST08456,BR008,Vehicle,2024-10-25,399525.96,15.7,60,807,Approved,0
LN00050,CUST09670,BR011,Education,2024-11-26,453689.84,7.39,12,687,Approved,0
LN01278,CUST08592,BR033,Vehicle,2025-02-18,143027.27,11.89,120,550,Defaulted,1
LN05397,CUST04534,BR009,Vehicle,2025-06-13,149874.28,14.79,60,542,Rejected,0
LN01713,CUST04555,BR030,Home,2025-04-18,429623.31,12.12,12,467,Defaulted,1
LN05238,CUST09739,BR028,Education,2025-02-12,162925.04,8.03,12,303,Defaulted,1
LN05622,CUST09499,BR001,Personal,2025-09-15,306983.78,16.86,36,876,Rejected,0
LN04959,CUST08745,BR014,Vehicle,2026-05-14,336657.26,12.18,36,592,Active,0
LN02848,CUST02702,BR035,Vehicle,2025-10-24,496746.82,7.39,36,761,Closed,0
LN04787,CUST07905,BR041,Personal,2025-04-08,167954.0,15.49,120,843,Approved,0
LN00834,CUST06371,BR005,Education,2025-11-16,239604.1,13.94,36,718,Closed,0
LN00081,CUST08571,BR017,Vehicle,2026-02-03,82708.84,11.01,60,581,Approved,0
LN03816,CUST08024,BR047,Home,2026-06-27,21231.57,8.28,12,604,Closed,0
LN00335,CUST00154,BR015,Education,2025-08-08,260392.33,6.92,36,780,Active,0
LN05220,CUST06396,BR022,Vehicle,2024-12-18,375032.95,15.83,12,504,Approved,0
LN04320,CUST05067,BR031,Vehicle,2025-08-02,79632.41,10.16,36,421,Active,0
LN01057,CUST04380,BR041,Home,2025-06-22,367122.87,8.12,24,485,Active,0
LN05194,CUST00919,BR005,Personal,2024-10-12,40499.43,7.72,12,429,Rejected,0
LN04536,CUST02398,BR018,Home,2026-08-22,106948.78,14.38,120,742,Active,0
LN02879,CUST07446,BR009,Home,2026-07-02,34385.93,6.77,60,696,Active,0
LN04175,CUST03226,BR017,Vehicle,2024-12-19,74575.47,14.42,24,378,Approved,0
LN03629,CUST01476,BR022,Home,2025-06-02,106376.35,7.53,12,385,Closed,0
LN02244,CUST05607,BR017,Home,2026-05-23,135986.18,12.55,36,373,Closed,0
LN05902,CUST07798,BR046,Vehicle,2026-07-14,281872.67,11.71,12,667,Closed,0
LN03420,CUST03667,BR024,Home,2026-08-24,324426.39,18.0,36,686,Defaulted,1
LN02347,CUST01929,BR033,Education,2025-12-13,110091.1,9.86,12,359,Approved,0
LN04818,CUST04922,BR005,Personal,2025-10-16,134860.64,11.44,120,640,Rejected,0
LN00900,CUST01342,BR021,Home,2026-08-11,207969.85,17.47,60,826,Rejected,0
LN04674,CUST07504,BR027,Home,2026-05-11,455107.45,14.53,60,397,Closed,0
LN02718,CUST00987,BR009,Education,2026-03-18,99614.95,9.38,12,367,Closed,0
LN01637,CUST99999,BR000,Vehicle,2026-02-19,375917.52,10.84,60,476,Rejected,0
LN00553,CUST02539,BR029,Education,2025-03-30,28618.94,9.32,36,348,Defaulted,1
LN02354,CUST02023,BR002,Home,2026-04-04,172765.0,8.92,12,326,Closed,0
LN02726,CUST02524,BR023,Education,2025-02-09,188301.39,12.36,120,550,Active,0
LN02835,CUST01875,BR007,Personal,2025-11-22,372749.35,10.63,24,783,Active,0
LN02559,CUST05223,BR044,Education,2024-11-12,438841.73,16.94,120,509,Active,0
LN00252,CUST01648,BR023,Vehicle,2024-11-08,469019.24,12.94,60,302,Closed,0
LN03747,CUST99999,BR037,Home,2026-02-12,101532.41,12.34,12,784,Closed,0
LN02027,CUST04576,BR024,Home,2025-05-29,230246.16,9.57,60,497,Closed,0
LN02378,CUST05469,BR033,Education,2026-01-22,53844.41,8.21,120,556,Rejected,0
LN04808,CUST06799,BR038,Personal,2024-11-17,360570.97,12.2,36,662,Approved,0
LN02176,CUST00392,BR031,Personal,2025-06-03,406171.5,10.11,120,667,Closed,0
LN03649,CUST03277,BR004,Home,2025-07-31,187452.9,13.61,12,378,Active,0
LN01898,CUST08105,BR034,Home,2026-05-12,129251.16,14.22,120,542,Defaulted,1
LN04417,CUST05592,BR019,Vehicle,2025-08-25,63702.96,14.7,120,741,Closed,0
LN05339,CUST00305,BR048,Personal,2024-12-12,372566.31,13.08,60,502,Rejected,0
LN02512,CUST05413,BR022,Home,2026-04-12,161333.47,6.9,60,444,Active,0
LN02054,CUST08325,BR016,Vehicle,2026-05-31,445470.89,12.45,120,653,Defaulted,1
LN00392,CUST01693,BR027,Vehicle,2024-10-23,315902.3,16.51,120,842,Defaulted,1
LN05995,CUST04654,BR019,Personal,2024-10-16,475834.15,11.53,24,868,Approved,0
LN03337,CUST00277,BR030,Vehicle,2025-07-11,256570.29,16.26,24,837,Active,0
LN03728,CUST05178,BR030,Home,2025-03-09,249435.51,14.18,120,341,Closed,0
LN00075,CUST08529,BR005,Vehicle,2025-06-15,451679.56,13.7,60,875,Closed,0
LN05237,CUST07396,BR047,Personal,2024-11-05,228568.04,11.41,36,718,Closed,0
LN00742,CUST03579,BR005,Education,2025-11-07,84799.96,8.03,120,503,Closed,0
LN00230,CUST08120,BR005,Education,2025-10-31,381252.23,11.56,120,455,Rejected,0
LN03348,CUST05102,BR043,Education,2025-06-04,251566.29,14.31,60,857,Rejected,0
LN05662,CUST99999,BR043,Education,2025-12-23,255930.11,12.97,12,478,Active,0
LN02642,CUST09262,BR036,Education,2026-08-12,112619.91,7.36,120,690,Active,0
LN04551,CUST00627,BR047,Vehicle,2026-07-12,498687.1,15.35,12,764,Closed,0
LN02482,CUST05976,BR034,Home,2026-02-04,155386.08,7.57,120,795,Active,0
LN01954,CUST00769,BR004,Personal,2025-08-22,246134.71,6.9,36,563,Approved,0
LN04553,CUST02044,BR018,Vehicle,2024-09-15,291931.33,10.09,36,651,Rejected,0
LN00326,CUST05442,BR028,Personal,2025-03-15,363708.05,9.16,36,525,Approved,0
LN05585,CUST03389,BR016,Vehicle,2024-11-15,372854.0,11.89,12,828,Rejected,0
LN00818,CUST08905,BR036,Home,2026-05-25,311060.9,7.85,120,845,Defaulted,1
LN05267,CUST06748,BR019,Personal,2026-06-11,309562.99,15.31,120,322,Defaulted,1
LN02011,CUST09732,BR003,Education,2026-03-07,334106.01,10.88,12,431,Rejected,0
LN00109,CUST09762,BR031,Personal,2025-01-18,160318.65,8.16,24,812,Defaulted,1
LN01509,CUST06540,BR005,Vehicle,2025-04-27,310594.14,10.54,60,397,Defaulted,1
LN02750,CUST06317,BR029,Personal,2025-04-08,266357.22,11.26,24,620,Closed,0
LN00154,CUST01306,BR044,Education,2026-04-09,277325.65,6.16,12,751,Rejected,0
LN02447,CUST09833,BR017,Personal,2026-04-04,277331.43,11.04,120,882,Approved,0
LN01546,CUST08711,BR015,Vehicle,2025-07-01,349476.11,15.51,36,864,Active,0
LN01147,CUST00804,BR038,Home,2024-09-21,361674.65,13.14,12,381,Rejected,0
LN02364,CUST06643,BR000,Home,2025-12-21,149084.61,15.48,24,405,Defaulted,1
LN01656,CUST00661,BR024,Education,2025-03-24,428467.61,10.89,120,563,Approved,0
LN03130,CUST02555,BR015,Vehicle,2024-11-30,273232.01,14.91,36,797,Active,0
LN04524,CUST06653,BR041,Education,2025-07-06,-351599.26,13.22,24,649,Defaulted,1
LN05341,CUST01689,BR032,Home,2025-09-01,415365.71,6.54,120,460,Defaulted,1
LN02923,CUST00929,BR032,Home,2025-06-21,267189.84,15.45,24,687,Defaulted,1
LN02780,CUST02800,BR037,Vehicle,2025-11-05,396680.54,14.51,12,355,Active,0
LN04466,CUST08615,BR048,Personal,2025-02-14,473625.12,12.14,120,858,Closed,0
LN00317,CUST06102,BR017,Education,2025-02-21,54510.71,12.18,60,609,Defaulted,1
LN01209,CUST09328,BR010,Education,2025-11-11,192919.45,9.33,60,869,Rejected,0
LN01143,CUST01409,BR005,Home,2026-03-14,317538.87,13.51,60,746,Active,0
LN00426,CUST02744,BR020,Vehicle,2025-10-03,88370.99,17.21,60,305,Active,0
LN04593,CUST00584,BR036,Vehicle,2025-10-09,74217.31,6.7,60,319,Defaulted,1
LN03561,CUST02832,BR006,Personal,2025-02-24,15177.89,9.68,24,692,Rejected,0
LN03347,CUST06599,BR019,Personal,2024-11-08,499904.52,17.61,12,846,Closed,0
LN01625,CUST03911,BR012,Home,2025-05-17,294572.94,17.44,12,341,Rejected,0
LN02427,CUST00685,BR043,Education,2026-01-30,-330181.64,6.52,60,607,Closed,0
LN03709,CUST07162,BR009,Vehicle,2026-07-30,297271.24,8.79,60,768,Closed,0
LN01406,CUST09752,BR000,Home,2026-04-21,134831.81,6.02,120,466,Closed,0
LN01370,CUST09076,BR018,Personal,2025-04-05,64035.6,12.32,36,350,Rejected,0
LN04768,CUST09032,BR013,Vehicle,2024-12-13,161570.12,12.06,120,630,Defaulted,1
LN01573,CUST03788,BR016,Education,2026-01-29,498035.61,8.13,24,316,Rejected,0
LN04418,CUST01724,BR009,Vehicle,2025-05-13,448768.2,13.62,60,412,Active,0
LN02901,CUST01141,BR042,Education,2025-01-08,253054.65,15.83,12,589,Approved,0
LN00306,CUST02327,BR044,Home,2024-10-30,126970.2,16.24,12,743,Approved,0
LN04680,CUST06265,BR012,Vehicle,2026-01-30,176442.43,14.78,36,541,Defaulted,1
LN03802,CUST09765,BR012,Education,2025-07-25,286946.79,15.34,60,535,Defaulted,1
LN01914,CUST09435,BR028,Personal,2025-03-07,401974.05,15.01,24,735,Active,0
LN05839,CUST07970,BR000,Home,2025-11-22,-312864.41,6.5,120,833,Closed,0
LN01062,CUST04944,BR040,Personal,2024-09-17,461484.82,7.3,12,448,Active,0
LN00852,CUST06986,BR036,Home,2026-04-08,181229.34,12.91,120,359,Defaulted,1
LN04161,CUST02587,BR000,Home,2025-01-05,326507.75,14.75,60,766,Defaulted,1
LN04985,CUST08718,BR044,Education,2025-01-06,108580.23,13.06,60,763,Rejected,0
LN03291,CUST03923,BR033,Education,2026-08-17,202142.65,11.96,36,829,Closed,0
LN01386,CUST07657,BR018,Education,2026-06-02,98811.42,7.71,60,818,Active,0
LN01895,CUST03654,BR011,Personal,2025-12-15,136097.57,8.64,120,389,Defaulted,1
LN02949,CUST06628,BR041,Personal,2025-09-04,270852.05,6.16,36,774,Rejected,0
LN01354,CUST04494,BR022,Education,2026-04-01,27228.75,14.56,120,403,Rejected,0
LN04813,CUST02345,BR019,Education,2025-09-13,350836.74,14.7,36,440,Rejected,0
LN02507,CUST00097,BR043,Education,2025-03-11,24112.67,9.72,60,350,Defaulted,1
LN03979,CUST04234,BR043,Personal,2024-09-13,301138.09,12.18,36,827,Closed,0
LN02230,CUST03009,BR044,Vehicle,2025-05-09,57162.79,12.36,120,351,Defaulted,1
LN05646,CUST03829,BR010,Personal,2025-01-10,217876.25,16.48,60,769,Rejected,0
LN04527,CUST09107,BR005,Education,2024-12-24,488157.63,13.56,36,796,Closed,0
LN00078,CUST04887,BR033,Vehicle,2026-03-09,252799.5,7.35,120,499,Active,0
LN01207,CUST07679,BR012,Vehicle,2024-10-13,182712.97,16.68,24,618,Active,0
LN05991,CUST07162,BR005,Education,2024-11-17,360434.26,12.18,120,516,Active,0
LN03276,CUST08016,BR049,Vehicle,2026-03-26,217325.58,12.04,24,639,Active,0
LN05582,CUST01490,BR020,Personal,2025-01-16,266689.25,14.77,12,733,Closed,0
LN03537,CUST03240,BR004,Personal,2026-08-20,226344.16,6.78,24,793,Approved,0
LN05665,CUST02256,BR027,Education,2025-01-08,362160.74,17.38,120,564,Active,0
LN02382,CUST00830,BR024,Home,2026-03-11,458972.71,14.86,36,520,Rejected,0
LN01660,CUST09274,BR040,Vehicle,2024-09-15,125309.52,13.63,60,414,Defaulted,1
LN00816,CUST08152,BR032,Home,2025-02-24,129781.58,15.34,60,889,Approved,0
LN01550,CUST06342,BR025,Education,2026-06-07,422428.97,11.48,36,851,Defaulted,1
LN00264,CUST02869,BR037,Home,2025-09-12,155959.4,12.32,120,602,Rejected,0
LN02078,CUST05772,BR041,Vehicle,2025-06-08,358832.83,11.6,60,882,Rejected,0
LN04038,CUST03163,BR036,Education,2025-09-12,63716.24,10.1,36,685,Closed,0
LN02791,CUST09405,BR046,Home,2026-03-19,310395.49,13.49,120,331,Defaulted,1
LN04766,CUST08790,BR025,Vehicle,2025-08-30,18619.06,6.13,120,524,Rejected,0
LN01192,CUST03028,BR040,Personal,2025-12-15,59564.02,7.03,120,847,Closed,0
LN04257,CUST09116,BR005,Home,2025-12-13,26309.92,12.39,12,322,Closed,0
LN00720,CUST06241,BR004,Vehicle,2025-05-06,334339.69,15.21,12,461,Approved,0
LN05735,CUST07236,BR000,Personal,2025-09-04,404625.26,15.92,24,521,Approved,0
LN00861,CUST05342,BR007,Education,2025-04-11,372025.44,12.45,24,609,Closed,0
LN04533,CUST00270,BR034,Home,2026-01-14,158073.6,14.68,24,555,Rejected,0
LN02977,CUST07730,BR046,Home,2026-03-12,86403.86,16.21,24,501,Active,0
LN03930,CUST06318,BR002,Education,2025-01-16,40733.58,9.09,60,552,Approved,0
LN04746,CUST03962,BR003,Vehicle,2026-06-13,37790.42,12.53,120,642,Rejected,0
LN02652,CUST06659,BR012,Home,2024-12-28,109904.37,9.28,24,815,Active,0
LN02381,CUST01169,BR048,Education,2025-03-19,397303.47,11.79,24,350,Rejected,0
LN05538,CUST02572,BR005,Vehicle,2026-08-30,320678.12,9.79,12,332,Rejected,0
LN04069,CUST02561,BR043,Education,2024-11-04,269926.87,9.42,24,736,Approved,0
LN05156,CUST09269,BR014,Personal,2026-08-08,164060.91,14.5,120,525,Rejected,0
LN00559,CUST06938,BR018,Education,2025-08-06,279494.32,6.46,36,882,Approved,0
LN02720,CUST07789,BR024,Vehicle,2025-08-29,473088.81,6.76,24,700,Defaulted,1
LN01161,CUST02599,BR005,Home,2025-06-02,275923.61,16.64,60,368,Closed,0
LN00521,CUST02502,BR004,Vehicle,2026-04-07,242153.85,6.64,36,771,Defaulted,1
LN01353,CUST02632,BR044,Personal,2025-08-09,40600.18,13.73,12,532,Approved,0
LN01640,CUST07867,BR005,Vehicle,2025-01-18,361273.25,7.75,12,819,Defaulted,1
LN02168,CUST07394,BR032,Personal,2025-12-23,133888.55,12.13,120,679,Approved,0
LN02926,CUST01054,BR031,Home,2025-11-10,330542.47,17.02,120,628,Rejected,0
LN05063,CUST01581,BR024,Education,2025-10-01,155574.57,12.18,12,444,Rejected,0
LN01915,CUST03097,BR044,Education,2025-05-21,418785.2,9.38,120,877,Rejected,0
LN00376,CUST05691,BR049,Education,2025-11-01,165303.19,15.86,12,384,Defaulted,1
LN01872,CUST06542,BR025,Personal,2025-03-10,194183.14,8.91,24,694,Defaulted,1
LN00819,CUST01062,BR003,Vehicle,2026-03-02,457490.35,17.72,24,745,Rejected,0
LN00305,CUST01060,BR049,Education,2025-03-04,238276.94,10.75,24,589,Defaulted,1
LN01875,CUST04146,BR026,Education,2024-11-24,191694.06,11.03,24,356,Active,0
LN00128,CUST02790,BR011,Home,2025-03-04,430417.66,9.53,60,897,Rejected,0
LN05095,CUST04039,BR034,Personal,2024-10-05,155855.61,7.14,60,409,Approved,0
LN03126,CUST07823,BR041,Vehicle,2025-04-17,495786.91,11.65,120,766,Closed,0
LN03808,CUST01014,BR006,Education,2025-03-15,489764.96,16.56,24,685,Active,0
LN02546,CUST00007,BR010,Home,2026-01-19,182706.76,16.16,120,878,Rejected,0
LN02987,CUST03456,BR036,Education,2025-02-07,201508.44,10.37,120,397,Closed,0
LN03673,CUST03560,BR045,Vehicle,2024-12-15,451184.25,9.96,60,594,Closed,0
LN04052,CUST02891,BR035,Personal,2026-07-06,408412.61,16.69,24,567,Defaulted,1
LN04631,CUST02028,BR015,Education,2026-05-31,35304.48,7.29,24,356,Defaulted,1
LN05219,CUST01478,BR048,Personal,2026-02-04,414069.42,13.52,120,598,Rejected,0
LN05210,CUST99999,BR048,Personal,2024-12-20,420866.24,13.89,60,561,Defaulted,1
LN04305,CUST05462,BR019,Vehicle,2026-06-06,171399.79,11.8,60,518,Active,0
LN05113,CUST02657,BR049,Home,2025-11-25,255205.55,12.66,36,522,Closed,0
LN02653,CUST00441,BR042,Personal,2025-04-22,101657.85,9.17,24,505,Rejected,0
LN00310,CUST03170,BR030,Education,2025-05-22,89687.87,7.56,12,538,Rejected,0
LN01568,CUST00116,BR045,Personal,2024-09-19,188274.27,17.82,60,871,Active,0
LN02327,CUST02649,BR028,Personal,2025-04-09,498871.15,12.26,60,517,Approved,0
LN01790,CUST07519,BR043,Personal,2025-06-19,78997.81,10.42,120,418,Defaulted,1
LN03233,CUST05777,BR000,Vehicle,2026-05-09,256978.62,12.19,24,618,Defaulted,1
LN01436,CUST02383,BR043,Personal,2024-10-18,145107.52,16.99,120,523,Approved,0
LN03855,CUST99999,BR034,Home,2025-09-14,477251.03,6.25,120,393,Closed,0
LN03596,CUST08752,BR030,Home,2026-03-18,209203.77,16.46,60,319,Defaulted,1
LN01638,CUST07294,BR035,Home,2026-05-16,169479.8,17.96,120,593,Approved,0
LN05228,CUST09927,BR023,Vehicle,2025-07-10,18389.82,6.36,120,468,Active,0
LN05794,CUST08243,BR035,Education,2026-05-28,204403.57,17.5,36,517,Approved,0
LN05562,CUST00178,BR016,Education,2024-10-03,114333.72,13.42,120,845,Approved,0
LN04545,CUST03672,BR021,Personal,2025-01-31,225412.44,7.86,12,862,Rejected,0
LN05366,CUST05911,BR026,Home,2025-12-28,483889.38,15.84,12,705,Approved,0
LN04640,CUST04524,BR016,Home,2026-03-14,303657.19,6.18,12,848,Rejected,0
LN00684,CUST03636,BR032,Personal,2024-12-06,479758.42,14.73,24,773,Approved,0
LN02709,CUST01460,BR045,Home,2026-02-21,65916.23,15.19,12,515,Active,0
LN05396,CUST06219,BR029,Home,2026-03-16,369662.08,13.81,120,868,Closed,0
LN05308,CUST06663,BR006,Vehicle,2025-02-27,164320.75,6.8,120,462,Rejected,0
LN01700,CUST01646,BR039,Vehicle,2025-11-21,229216.11,6.32,12,568,Defaulted,1
LN00810,CUST03345,BR016,Vehicle,2026-07-08,285518.43,15.19,36,597,Active,0
LN02792,CUST01159,BR006,Home,2025-08-04,317856.93,12.18,24,533,Approved,0
LN02819,CUST06132,BR038,Home,2024-10-02,81328.2,9.39,60,541,Defaulted,1
LN01100,CUST06305,BR009,Vehicle,2025-04-12,454487.54,15.68,36,746,Closed,0
LN03124,CUST07913,BR020,Education,2026-02-12,279962.65,8.24,36,327,Active,0
LN05254,CUST05606,BR003,Personal,2026-04-29,221981.32,14.34,60,419,Approved,0
LN02700,CUST07880,BR034,Vehicle,2024-10-12,295361.58,16.78,120,594,Defaulted,1
LN03072,CUST03637,BR007,Personal,2025-05-13,158226.94,10.54,36,520,Approved,0
LN05253,CUST05811,BR024,Home,2025-06-13,54772.01,7.13,24,741,Closed,0
LN02148,CUST06356,BR027,Education,2026-03-22,408963.34,17.12,12,785,Defaulted,1
LN02192,CUST06869,BR000,Vehicle,2024-09-13,134583.68,9.8,60,531,Closed,0
LN05505,CUST08236,BR043,Home,2026-03-09,210943.94,13.54,60,476,Closed,0
LN02877,CUST04318,BR028,Vehicle,2024-12-12,376793.9,11.2,120,409,Active,0
LN05332,CUST09706,BR033,Home,2024-12-17,240899.43,11.7,12,772,Closed,0
LN01136,CUST01308,BR006,Education,2025-09-22,169441.31,13.92,60,725,Approved,0
LN00363,CUST99999,BR004,Education,2025-09-02,145086.09,11.44,60,747,Approved,0
LN05265,CUST04675,BR036,Personal,2026-02-22,134443.54,14.72,12,400,Closed,0
LN04881,CUST01032,BR012,Vehicle,2025-12-09,127122.56,10.33,36,571,Defaulted,1
LN03305,CUST04025,BR034,Vehicle,2025-12-25,72519.71,6.58,24,488,Rejected,0
LN02205,CUST03271,BR028,Education,2026-04-11,27023.65,17.18,36,530,Rejected,0
LN03053,CUST07084,BR000,Personal,2025-09-03,-100931.56,10.41,24,788,Rejected,0
LN01981,CUST01735,BR037,Vehicle,2024-11-30,19032.76,17.98,120,859,Rejected,0
LN00218,CUST02911,BR030,Education,2026-07-16,300889.76,6.11,120,799,Active,0
LN00595,CUST06530,BR008,Personal,2026-07-26,59771.53,7.19,60,524,Active,0
LN04170,CUST03539,BR002,Personal,2025-08-19,407397.89,16.03,24,853,Rejected,0
LN01065,CUST04243,BR006,Personal,2026-06-08,344550.89,11.61,60,630,Rejected,0
LN05641,CUST02716,BR028,Personal,2024-11-04,450366.35,14.94,24,683,Active,0
LN02527,CUST02105,BR038,Vehicle,2025-11-25,323301.53,6.93,24,407,Rejected,0
LN01590,CUST99999,BR003,Home,2025-10-27,463985.3,8.99,24,603,Closed,0
LN05524,CUST06297,BR021,Education,2024-12-22,124742.66,10.84,24,837,Approved,0
LN02261,CUST02461,BR017,Vehicle,2025-07-12,134218.03,13.25,24,447,Approved,0
LN00240,CUST04548,BR006,Home,2024-12-03,469846.41,7.82,12,463,Closed,0
LN05663,CUST99999,BR021,Home,2026-07-31,315714.45,7.48,60,587,Closed,0
LN02113,CUST06907,BR005,Vehicle,2026-06-14,455667.52,12.34,36,605,Closed,0
LN04708,CUST09067,BR001,Education,2026-04-28,322102.35,8.09,12,869,Rejected,0
LN00918,CUST03391,BR025,Home,2026-06-19,218814.26,17.56,36,412,Defaulted,1
LN03013,CUST03630,BR025,Education,2024-10-09,143869.72,17.66,24,358,Active,0
LN03572,CUST04199,BR030,Vehicle,2025-10-23,195566.12,8.28,24,513,Defaulted,1
LN01786,CUST08320,BR022,Home,2025-07-13,421777.14,10.11,12,310,Active,0
LN00598,CUST01531,BR039,Personal,2026-01-03,45946.77,14.06,24,472,Defaulted,1
LN02464,CUST07927,BR011,Home,2025-09-20,147984.3,6.8,60,351,Defaulted,1
LN04164,CUST01338,BR033,Personal,2025-05-11,173878.63,12.47,60,723,Approved,0
LN02598,CUST08004,BR037,Education,2024-12-23,493335.3,16.35,36,355,Closed,0
LN01580,CUST05420,BR032,Home,2026-01-05,414219.86,6.52,24,692,Active,0
LN00403,CUST01150,BR005,Home,2025-08-02,377066.63,11.44,12,448,Active,0
LN05845,CUST09088,BR002,Personal,2026-08-27,-492904.48,16.61,36,549,Active,0
LN05765,CUST05583,BR028,Home,2026-07-13,391888.0,11.85,12,799,Rejected,0
LN02367,CUST00593,BR018,Vehicle,2025-01-03,47968.77,12.89,60,574,Rejected,0
LN01064,CUST00688,BR043,Vehicle,2025-07-31,94732.02,7.7,12,701,Approved,0
LN01985,CUST02428,BR018,Personal,2025-08-18,121925.04,14.27,24,808,Approved,0
LN01958,CUST06780,BR029,Personal,2025-12-13,75281.11,11.88,120,469,Active,0
LN03641,CUST03731,BR001,Education,2025-07-22,321954.11,10.73,24,317,Defaulted,1
LN00323,CUST05854,BR030,Vehicle,2025-11-25,173697.84,10.88,36,342,Rejected,0
LN00452,CUST00851,BR027,Personal,2025-07-30,438911.25,16.15,120,575,Rejected,0
LN00944,CUST09184,BR025,Personal,2026-08-23,39167.84,15.09,120,476,Defaulted,1
LN04447,CUST09480,BR041,Vehicle,2026-01-10,141198.32,9.65,36,660,Rejected,0
LN01984,CUST07979,BR003,Personal,2026-08-15,345028.04,10.58,60,716,Defaulted,1
LN04700,CUST04887,BR044,Education,2026-01-08,388897.96,13.64,24,894,Rejected,0
LN00138,CUST03242,BR039,Education,2025-11-22,64782.18,15.76,36,679,Rejected,0
LN00135,CUST06374,BR037,Home,2024-10-29,455761.97,7.44,36,370,Active,0
LN02443,CUST08461,BR043,Education,2024-12-16,482431.44,9.52,60,611,Rejected,0
LN03400,CUST09077,BR021,Personal,2025-02-09,388837.95,8.67,12,392,Rejected,0
LN05673,CUST08307,BR009,Personal,2025-11-12,438778.89,13.68,120,474,Active,0
LN04348,CUST09040,BR034,Vehicle,2024-12-01,12554.13,13.29,24,588,Rejected,0
LN02802,CUST99999,BR004,Home,2025-06-08,386995.78,12.43,36,315,Rejected,0
LN02834,CUST05806,BR040,Personal,2025-07-02,66018.33,12.52,12,545,Defaulted,1
LN02187,CUST02279,BR009,Vehicle,2024-10-13,404824.28,8.35,24,658,Defaulted,1
LN04209,CUST03255,BR020,Personal,2025-01-17,231663.35,10.35,36,565,Approved,0
LN03258,CUST09131,BR049,Personal,2025-02-03,108130.42,13.54,120,424,Closed,0
LN03602,CUST04160,BR041,Personal,2025-08-20,33377.09,17.45,24,839,Active,0
LN05934,CUST06175,BR015,Personal,2024-10-28,85440.89,8.77,12,659,Active,0
LN04946,CUST03009,BR004,Education,2026-04-23,156421.92,11.25,36,740,Closed,0
LN03155,CUST07241,BR037,Vehicle,2025-04-13,245053.08,14.54,120,742,Approved,0
LN00805,CUST02797,BR040,Home,2026-01-30,140998.91,10.5,120,335,Approved,0
LN04800,CUST05450,BR049,Education,2026-01-06,360213.88,7.1,24,436,Closed,0
LN04947,CUST07984,BR021,Home,2025-09-08,169062.45,8.83,60,471,Defaulted,1
LN00213,CUST07098,BR007,Vehicle,2026-04-22,298457.6,6.64,12,423,Closed,0
LN02526,CUST06823,BR007,Home,2026-02-16,86750.75,16.61,24,756,Approved,0
LN03884,CUST07206,BR016,Personal,2025-09-07,195778.26,14.3,120,874,Defaulted,1
LN01631,CUST00458,BR033,Home,2025-08-08,113620.46,7.76,120,698,Defaulted,1
LN01326,CUST03810,BR040,Home,2024-11-02,51830.7,12.01,24,714,Defaulted,1
LN00533,CUST03636,BR003,Education,2026-07-02,16693.34,14.57,36,559,Rejected,0
LN05552,CUST03339,BR000,Personal,2024-12-15,362720.85,9.75,36,570,Closed,0
LN00087,CUST08006,BR014,Personal,2025-03-07,429571.15,12.18,36,718,Active,0
LN01134,CUST03452,BR030,Vehicle,2026-03-21,438542.47,9.3,12,327,Approved,0
LN05476,CUST01378,BR010,Home,2025-09-23,27546.55,11.52,120,540,Active,0
LN05171,CUST08697,BR005,Education,2026-02-28,174622.19,16.16,120,491,Approved,0
LN00364,CUST04146,BR044,Education,2025-03-21,95859.9,16.22,120,498,Closed,0
LN04667,CUST05368,BR014,Personal,2025-10-12,166977.37,7.38,120,414,Rejected,0
LN00605,CUST03627,BR014,Home,2025-01-12,279644.81,15.42,36,381,Closed,0
LN04634,CUST05904,BR004,Home,2026-05-30,52850.58,10.62,36,584,Rejected,0
LN00034,CUST07734,BR019,Vehicle,2025-12-09,499387.52,17.03,36,521,Approved,0
LN04558,CUST02925,BR029,Vehicle,2025-07-03,455688.78,11.74,36,833,Closed,0
LN00170,CUST05232,BR002,Home,2026-04-18,99617.95,14.69,24,618,Active,0
LN03257,CUST06469,BR000,Education,2024-12-02,411228.12,9.77,36,876,Active,0
LN02194,CUST07088,BR023,Home,2025-04-30,249285.69,17.16,120,725,Approved,0
LN02491,CUST03062,BR013,Personal,2025-01-12,148424.43,12.8,60,522,Defaulted,1
LN02878,CUST07064,BR041,Personal,2024-12-22,452087.94,11.86,120,681,Rejected,0
LN04207,CUST02690,BR034,Vehicle,2025-11-26,368073.53,9.86,120,821,Rejected,0
LN04735,CUST03217,BR026,Vehicle,2024-10-27,-181170.25,17.85,60,792,Closed,0
LN04160,CUST06838,BR048,Vehicle,2026-01-13,202070.75,17.34,24,614,Active,0
LN04033,CUST07871,BR041,Vehicle,2024-11-19,203693.32,11.87,120,492,Rejected,0
LN00867,CUST08837,BR009,Education,2025-03-12,-404154.26,16.59,60,452,Approved,0
LN00531,CUST05588,BR008,Education,2026-02-23,302107.65,9.83,24,627,Defaulted,1
LN04645,CUST00071,BR033,Vehicle,2025-12-30,344178.75,11.21,60,786,Active,0
LN02981,CUST09748,BR013,Personal,2025-10-16,386289.4,10.72,24,638,Active,0
LN01520,CUST03778,BR031,Personal,2025-06-03,54902.72,12.71,60,543,Approved,0
LN03928,CUST00018,BR023,Home,2025-09-24,160350.68,10.27,60,647,Approved,0
LN04481,CUST09278,BR000,Home,2025-02-08,391482.33,6.99,36,646,Active,0
LN04901,CUST00287,BR014,Home,2026-02-26,281683.06,12.18,24,302,Closed,0
LN03164,CUST08244,BR048,Personal,2025-06-24,273690.28,15.37,12,503,Defaulted,1
LN04151,CUST03521,BR032,Home,2025-03-18,490048.96,6.15,36,740,Defaulted,1
LN05022,CUST05675,BR030,Home,2024-12-23,488527.8,6.24,12,605,Approved,0
LN04382,CUST09018,BR048,Home,2025-07-08,118811.94,11.69,24,311,Rejected,0
LN02888,CUST08566,BR022,Personal,2026-02-19,381011.65,13.89,12,738,Approved,0
LN05725,CUST09130,BR035,Home,2025-01-29,320646.97,9.79,36,880,Active,0
LN04987,CUST00279,BR004,Personal,2025-05-19,179630.8,12.04,12,434,Closed,0
LN02754,CUST07986,BR003,Vehicle,2025-08-13,339774.46,16.28,24,592,Approved,0
LN04434,CUST00142,BR017,Home,2026-04-06,498395.94,17.05,24,859,Defaulted,1
LN03422,CUST06236,BR016,Vehicle,2025-07-29,295474.46,15.12,24,806,Approved,0
LN01828,CUST01000,BR027,Vehicle,2026-03-06,302119.77,13.48,36,476,Rejected,0
LN03576,CUST07365,BR041,Education,2026-08-21,276045.47,7.04,12,400,Active,0
LN02894,CUST02242,BR012,Vehicle,2024-10-28,240970.4,16.93,60,534,Closed,0
LN00127,CUST00863,BR036,Home,2024-10-21,271335.68,14.86,36,642,Active,0
LN05383,CUST03786,BR015,Personal,2025-02-09,224820.57,9.56,24,725,Approved,0
LN04410,CUST09991,BR028,Personal,2025-09-18,214731.21,17.83,60,885,Closed,0
LN00735,CUST04892,BR008,Personal,2026-04-12,81192.94,7.87,12,766,Closed,0
LN02575,CUST03690,BR027,Vehicle,2025-06-06,364757.74,15.57,36,502,Active,0
LN05507,CUST02068,BR042,Vehicle,2024-12-27,387378.17,16.08,60,713,Defaulted,1
LN03746,CUST04396,BR045,Education,2026-05-01,206806.14,9.53,36,567,Approved,0
LN01107,CUST08519,BR007,Vehicle,2025-12-26,116721.57,16.17,36,317,Closed,0
LN00797,CUST02125,BR039,Education,2025-02-06,489169.03,12.86,24,466,Rejected,0
LN00836,CUST09685,BR006,Education,2025-05-12,151554.78,11.99,12,852,Active,0
LN03455,CUST03824,BR011,Personal,2026-09-07,47656.24,6.73,12,737,Rejected,0
LN04476,CUST04322,BR033,Personal,2026-07-17,427841.01,9.76,120,626,Rejected,0
LN03682,CUST06432,BR014,Home,2026-02-13,47283.79,15.6,120,542,Rejected,0
LN00031,CUST03005,BR014,Vehicle,2025-07-30,445949.93,8.31,120,891,Closed,0
LN00235,CUST06287,BR024,Vehicle,2024-09-08,398186.35,10.88,12,672,Active,0
LN00425,CUST07253,BR044,Education,2025-09-13,406145.54,6.37,12,792,Rejected,0
LN03419,CUST05158,BR045,Home,2026-08-18,87713.02,17.83,12,645,Closed,0
LN02350,CUST07321,BR003,Vehicle,2025-09-02,448877.91,16.43,36,423,Defaulted,1
LN03329,CUST06614,BR034,Education,2025-04-08,394117.07,15.54,36,629,Closed,0
LN01891,CUST04445,BR047,Personal,2026-02-04,32713.1,14.17,120,620,Approved,0
LN04809,CUST04586,BR009,Personal,2026-03-08,404905.39,6.23,60,469,Rejected,0
LN04795,CUST02941,BR022,Vehicle,2026-08-11,366996.95,12.81,36,838,Defaulted,1
LN04619,CUST08469,BR047,Education,2026-07-19,158359.06,17.07,12,514,Closed,0
LN03098,CUST02235,BR006,Personal,2026-04-23,56886.24,10.1,60,597,Defaulted,1
LN02965,CUST03807,BR001,Vehicle,2026-08-16,299583.48,16.32,12,866,Active,0
LN02801,CUST06376,BR037,Vehicle,2026-08-17,196482.21,17.12,60,674,Rejected,0
LN00651,CUST05713,BR020,Home,2025-05-20,171558.97,14.22,24,391,Approved,0
LN03296,CUST03866,BR005,Home,2026-02-14,261359.63,8.68,36,559,Defaulted,1
LN05294,CUST03854,BR024,Vehicle,2026-04-12,172431.21,17.25,24,589,Closed,0
LN04065,CUST08841,BR041,Education,2025-09-12,123672.64,13.82,12,857,Active,0
LN02411,CUST06900,BR008,Personal,2025-03-22,291441.16,6.88,12,617,Approved,0
LN04090,CUST09555,BR026,Personal,2025-07-14,428868.73,6.56,12,528,Active,0
LN00104,CUST07215,BR038,Education,2026-02-20,375115.05,7.73,12,519,Rejected,0
LN00479,CUST03974,BR012,Home,2026-01-03,489930.87,7.65,24,865,Approved,0
LN02366,CUST00161,BR000,Vehicle,2025-10-02,60376.2,17.39,120,811,Defaulted,1
LN04273,CUST05415,BR019,Home,2025-09-24,343330.16,6.87,120,552,Defaulted,1
LN04642,CUST06509,BR022,Personal,2026-01-12,393275.08,12.6,12,434,Defaulted,1
LN03225,CUST05621,BR038,Education,2026-07-17,300988.64,12.39,36,805,Closed,0
LN03509,CUST08120,BR008,Education,2025-04-30,456456.53,11.28,60,728,Defaulted,1
LN02595,CUST09786,BR017,Personal,2025-05-26,132447.67,15.42,60,713,Defaulted,1
LN00799,CUST06809,BR003,Education,2026-03-02,83719.79,13.17,24,702,Closed,0
LN04188,CUST07427,BR013,Education,2025-11-12,36174.17,8.73,120,621,Defaulted,1
LN03121,CUST05647,BR003,Home,2026-07-25,65565.18,13.73,120,613,Active,0
LN02569,CUST99999,BR023,Education,2024-11-18,249772.11,13.7,36,549,Defaulted,1
LN00631,CUST09337,BR001,Personal,2026-07-17,400769.6,15.97,60,649,Defaulted,1
LN00907,CUST01604,BR011,Education,2026-04-25,104024.9,6.53,60,857,Rejected,0
LN00845,CUST03812,BR040,Home,2025-08-05,280151.97,10.47,120,311,Closed,0
LN01757,CUST05178,BR023,Home,2025-10-31,51066.13,13.07,120,641,Active,0
LN00065,CUST04297,BR042,Education,2026-08-25,171134.19,14.43,24,671,Defaulted,1
LN01199,CUST01386,BR011,Personal,2025-06-15,80880.9,11.33,120,428,Rejected,0
LN01242,CUST04203,BR024,Personal,2025-01-03,391704.37,8.24,24,833,Approved,0
LN05717,CUST04435,BR000,Vehicle,2025-09-22,368860.27,6.66,24,338,Approved,0
LN03492,CUST04557,BR005,Education,2025-07-16,415321.49,7.81,12,579,Approved,0
LN04934,CUST09323,BR010,Personal,2026-09-03,271539.13,13.56,24,388,Approved,0
LN04770,CUST01106,BR014,Vehicle,2026-07-06,94567.04,7.96,60,462,Approved,0
LN03839,CUST07829,BR000,Personal,2025-02-23,190753.46,15.19,36,799,Closed,0
LN03206,CUST08662,BR018,Personal,2025-10-08,403839.92,12.18,24,535,Active,0
LN01612,CUST01895,BR031,Home,2024-11-23,466922.98,11.78,24,598,Active,0
LN04819,CUST08090,BR049,Home,2026-02-18,86848.51,8.67,120,345,Closed,0
LN03939,CUST04188,BR025,Home,2025-01-28,401042.83,11.09,60,730,Defaulted,1
LN01191,CUST02969,BR036,Home,2025-10-20,11238.5,11.91,24,771,Rejected,0
LN03966,CUST03904,BR049,Personal,2025-08-28,25602.45,8.2,36,587,Rejected,0
LN01293,CUST05085,BR010,Home,2025-09-07,199907.51,10.25,24,346,Closed,0
LN05415,CUST06683,BR023,Personal,2026-08-04,488886.95,7.08,24,373,Rejected,0
LN04912,CUST08207,BR039,Vehicle,2025-02-01,334172.6,14.84,120,734,Active,0
LN00063,CUST05675,BR011,Personal,2025-10-29,38810.05,7.88,120,581,Closed,0
LN04103,CUST09732,BR005,Education,2025-11-01,244869.39,13.74,12,403,Rejected,0
LN03511,CUST03252,BR001,Vehicle,2026-03-23,387657.02,14.42,120,493,Defaulted,1
LN01537,CUST02255,BR005,Vehicle,2026-05-03,273447.75,13.71,24,838,Defaulted,1
LN03323,CUST08680,BR018,Personal,2025-06-05,34102.61,17.92,24,722,Closed,0
LN01219,CUST05408,BR010,Vehicle,2024-09-17,232955.41,16.59,120,718,Active,0
LN02497,CUST07097,BR008,Personal,2026-05-29,334623.47,14.35,12,345,Closed,0
LN00585,CUST04748,BR007,Personal,2026-08-07,182395.18,12.6,60,509,Approved,0
LN02967,CUST09493,BR032,Vehicle,2024-10-21,369593.35,12.43,24,812,Defaulted,1
LN05492,CUST04818,BR024,Home,2024-12-18,205194.11,6.91,60,856,Active,0
LN02495,CUST07521,BR011,Home,2026-04-29,493121.23,6.94,36,453,Defaulted,1
LN00803,CUST01646,BR032,Vehicle,2025-03-16,234796.46,13.18,36,528,Approved,0
LN05771,CUST02741,BR004,Vehicle,2025-09-12,209926.94,15.41,60,541,Active,0
LN01018,CUST03476,BR004,Vehicle,2026-05-05,342391.81,15.64,60,895,Rejected,0
LN02429,CUST04283,BR016,Personal,2026-02-04,339597.88,12.87,120,527,Active,0
LN00785,CUST06493,BR000,Home,2024-10-13,485825.5,10.15,12,643,Approved,0
LN03920,CUST04507,BR004,Personal,2025-05-28,374697.66,7.44,120,618,Closed,0
LN00019,CUST03385,BR016,Home,2024-11-19,223140.3,10.14,36,655,Rejected,0
LN01096,CUST03335,BR025,Personal,2025-03-17,38631.19,17.06,12,596,Closed,0
LN01654,CUST03665,BR008,Education,2025-09-01,348551.08,12.72,120,636,Defaulted,1
LN04952,CUST08635,BR040,Vehicle,2024-10-30,491066.0,9.86,24,616,Active,0
LN02478,CUST01753,BR003,Personal,2026-04-04,370206.75,6.64,24,889,Approved,0
LN05901,CUST08997,BR028,Education,2024-11-23,100736.21,7.15,36,431,Rejected,0
LN04853,CUST03092,BR004,Personal,2024-12-27,50278.78,8.74,120,869,Rejected,0
LN01338,CUST08190,BR024,Home,2024-12-13,23538.58,7.69,36,767,Rejected,0
LN01651,CUST04790,BR041,Home,2025-12-04,358972.11,10.76,12,874,Closed,0
LN01888,CUST09873,BR011,Home,2026-06-10,473411.6,9.23,120,495,Active,0
LN02462,CUST09614,BR001,Vehicle,2025-05-31,232918.19,12.3,12,798,Closed,0
LN02623,CUST01715,BR036,Vehicle,2025-12-24,29719.94,12.31,36,884,Approved,0
LN05683,CUST05454,BR038,Vehicle,2024-11-21,93005.57,17.86,12,310,Defaulted,1
LN05864,CUST05325,BR034,Vehicle,2025-09-10,267809.95,10.28,120,648,Defaulted,1
LN04045,CUST01812,BR023,Home,2025-10-01,313271.95,8.56,60,477,Rejected,0
LN05912,CUST06430,BR039,Home,2026-03-28,448752.89,12.18,60,662,Defaulted,1
LN02474,CUST04260,BR024,Personal,2025-10-07,487558.51,13.17,60,681,Defaulted,1
LN02608,CUST07544,BR031,Vehicle,2026-03-10,355399.49,9.93,120,802,Approved,0
LN00516,CUST00395,BR008,Home,2024-12-21,427595.9,16.75,120,670,Active,0
LN01149,CUST07083,BR025,Education,2025-04-24,97481.12,14.99,12,510,Closed,0
LN00273,CUST99999,BR038,Vehicle,2026-08-30,42843.76,12.18,24,877,Closed,0
LN03583,CUST03664,BR021,Education,2025-10-05,399826.05,14.4,12,391,Closed,0
LN01249,CUST02322,BR037,Personal,2024-12-09,191875.32,14.39,12,336,Closed,0
LN03942,CUST05552,BR045,Home,2025-11-03,124294.62,13.41,12,401,Active,0
LN04983,CUST05197,BR047,Education,2025-02-12,304864.58,15.93,36,485,Rejected,0
LN01084,CUST07311,BR039,Personal,2026-08-23,400656.92,15.8,36,325,Approved,0
LN00040,CUST05393,BR048,Personal,2026-05-26,399618.95,17.88,36,364,Closed,0
LN01896,CUST07102,BR036,Vehicle,2024-09-24,142218.39,13.99,12,476,Rejected,0
LN05151,CUST07707,BR047,Education,2025-09-26,279117.85,16.27,120,849,Active,0
LN03851,CUST07552,BR048,Vehicle,2026-04-06,259203.18,12.62,60,742,Approved,0
LN00052,CUST08226,BR013,Education,2025-06-30,117702.35,12.82,36,504,Defaulted,1
LN04909,CUST08151,BR011,Vehicle,2025-10-15,164997.81,17.29,24,749,Active,0
LN02777,CUST03451,BR003,Personal,2025-12-19,28695.27,14.84,24,535,Active,0
LN02243,CUST05978,BR035,Vehicle,2025-01-19,401387.08,10.33,36,427,Rejected,0
LN02172,CUST02672,BR038,Personal,2025-02-22,427548.39,15.7,120,523,Defaulted,1
LN03023,CUST00882,BR032,Education,2026-01-26,441812.27,6.76,12,638,Approved,0
LN00297,CUST04642,BR040,Vehicle,2025-03-05,413283.87,6.66,24,562,Active,0
LN00970,CUST05373,BR005,Personal,2026-04-22,218623.19,15.52,12,628,Rejected,0
LN00665,CUST07449,BR027,Home,2026-09-07,49881.26,15.94,36,771,Defaulted,1
LN04129,CUST02850,BR046,Personal,2025-05-19,163410.75,12.18,12,619,Rejected,0
LN02557,CUST06063,BR048,Home,2024-12-13,56168.97,17.18,36,515,Active,0
LN00619,CUST08053,BR012,Home,2026-05-24,429245.29,6.25,36,628,Approved,0
LN05955,CUST04136,BR035,Vehicle,2025-08-28,42907.31,13.72,36,865,Approved,0
LN01311,CUST07126,BR032,Education,2025-12-10,332395.91,8.63,120,823,Approved,0
LN03924,CUST08328,BR005,Home,2025-09-22,129421.39,15.81,120,644,Approved,0
LN04670,CUST07566,BR021,Home,2026-06-03,423954.78,7.53,24,532,Active,0
LN01094,CUST04926,BR039,Vehicle,2025-05-16,374446.0,6.2,120,619,Active,0
LN01005,CUST03876,BR045,Vehicle,2025-11-20,291805.16,17.71,24,462,Defaulted,1
LN01511,CUST03342,BR031,Personal,2025-12-07,330361.76,9.66,12,746,Closed,0
LN03456,CUST09171,BR048,Vehicle,2024-12-21,202542.78,11.24,12,871,Rejected,0
LN05161,CUST04443,BR036,Home,2025-01-02,252213.98,9.54,60,755,Rejected,0
LN05558,CUST00571,BR041,Home,2025-07-09,324586.66,10.99,36,414,Approved,0
LN03869,CUST00060,BR048,Personal,2025-06-30,280827.69,14.71,36,755,Active,0
LN05129,CUST06502,BR008,Home,2026-07-12,104685.64,16.2,24,534,Closed,0
LN01351,CUST08896,BR039,Education,2024-10-08,491309.64,10.3,12,639,Active,0
LN03877,CUST02854,BR008,Vehicle,2025-10-11,480694.4,9.75,12,494,Closed,0
LN04936,CUST04042,BR043,Personal,2024-12-19,317448.35,11.48,60,886,Approved,0
LN02103,CUST03850,BR045,Education,2026-06-05,495328.21,7.52,24,572,Defaulted,1
LN05965,CUST03720,BR009,Personal,2025-10-05,187581.21,16.76,24,324,Approved,0
LN02656,CUST07358,BR046,Home,2025-12-29,288795.32,6.33,24,648,Rejected,0
LN04137,CUST08305,BR008,Home,2025-06-11,62435.23,17.46,120,344,Closed,0
LN04542,CUST06511,BR032,Education,2025-09-23,418776.83,17.23,36,552,Defaulted,1
LN05906,CUST03225,BR041,Personal,2026-04-08,259282.74,13.69,36,581,Defaulted,1
LN05711,CUST03998,BR044,Personal,2026-06-25,108315.4,17.63,12,726,Closed,0
LN05066,CUST03966,BR029,Vehicle,2025-01-15,250792.74,11.68,12,480,Closed,0
LN02014,CUST02368,BR039,Vehicle,2026-01-29,230347.94,7.59,12,676,Defaulted,1
LN00607,CUST01852,BR034,Home,2026-05-30,311317.75,8.31,12,774,Active,0
LN01705,CUST08321,BR026,Personal,2024-10-16,169830.68,6.91,12,611,Closed,0
LN04616,CUST09803,BR012,Vehicle,2026-04-14,369879.17,8.11,24,639,Defaulted,1
LN05860,CUST05966,BR049,Home,2026-01-29,82855.35,17.14,120,303,Rejected,0
LN03363,CUST09968,BR047,Personal,2025-04-06,398738.97,15.9,36,662,Defaulted,1
LN05967,CUST04212,BR005,Vehicle,2026-01-14,142898.54,12.38,12,632,Rejected,0
LN01853,CUST09218,BR029,Vehicle,2026-04-07,55049.59,7.83,120,811,Approved,0
LN00000,CUST07270,BR001,Vehicle,2026-01-17,34462.02,17.88,60,310,Active,0
LN04620,CUST04647,BR014,Vehicle,2024-10-03,108176.55,14.51,120,715,Closed,0
LN04555,CUST05884,BR006,Vehicle,2024-12-23,286270.57,16.39,36,694,Rejected,0
LN00352,CUST07992,BR004,Personal,2026-07-09,431696.2,8.38,36,618,Active,0
LN00876,CUST08915,BR038,Personal,2025-05-14,421637.81,7.56,24,626,Defaulted,1
LN05056,CUST08832,BR009,Education,2026-01-08,203593.38,15.34,120,430,Active,0
LN04156,CUST02258,BR036,Home,2025-01-05,498413.67,6.27,36,693,Closed,0
LN04021,CUST01505,BR034,Home,2026-03-03,132019.78,8.63,12,731,Closed,0
LN00726,CUST04261,BR026,Home,2025-04-25,105086.4,9.2,120,509,Closed,0
LN05850,CUST09269,BR004,Home,2026-05-11,200347.18,12.3,24,305,Closed,0
LN01498,CUST05346,BR048,Vehicle,2026-07-03,31264.38,6.39,12,466,Defaulted,1
LN01812,CUST00574,BR049,Personal,2025-03-08,480364.78,15.3,24,486,Closed,0
LN01814,CUST07848,BR039,Vehicle,2024-09-27,391487.45,6.33,24,626,Approved,0
LN04332,CUST04135,BR042,Home,2026-08-23,407048.54,8.05,24,393,Approved,0
LN00357,CUST04495,BR006,Home,2025-10-29,79496.13,11.54,60,322,Approved,0
LN02224,CUST06511,BR034,Home,2025-08-12,233557.62,6.85,36,899,Defaulted,1
LN00716,CUST04530,BR026,Personal,2026-03-21,83575.29,12.53,36,775,Active,0
LN00724,CUST07002,BR001,Education,2025-07-17,397074.65,15.34,60,411,Rejected,0
LN02405,CUST06397,BR019,Vehicle,2025-05-22,41543.69,8.63,60,869,Active,0
LN00285,CUST03436,BR003,Personal,2025-08-14,220642.55,12.94,36,313,Closed,0
LN05351,CUST09356,BR011,Home,2024-09-30,91066.4,14.6,120,361,Active,0
LN05981,CUST00495,BR046,Education,2025-11-10,19177.84,7.74,120,814,Rejected,0
LN05579,CUST08516,BR049,Home,2025-03-11,215073.03,17.21,12,399,Closed,0
LN02226,CUST01246,BR022,Vehicle,2025-08-31,81724.21,9.67,120,756,Closed,0
LN02083,CUST00536,BR007,Personal,2025-01-06,284322.14,10.7,60,605,Rejected,0
LN00414,CUST07404,BR039,Education,2025-02-24,427035.02,14.41,36,675,Defaulted,1
LN01586,CUST00213,BR027,Vehicle,2025-05-21,429114.7,17.4,12,884,Active,0
LN00857,CUST02590,BR047,Vehicle,2026-04-14,416768.06,10.76,120,309,Defaulted,1
LN03885,CUST00661,BR019,Education,2026-04-22,244564.08,13.99,24,786,Defaulted,1
LN04945,CUST02229,BR005,Education,2025-01-20,498295.82,7.0,60,634,Active,0
LN00372,CUST04777,BR014,Education,2025-11-09,12275.8,13.46,60,732,Active,0
LN02544,CUST02551,BR008,Education,2025-03-21,436498.53,15.69,60,324,Active,0
LN03198,CUST05793,BR012,Education,2025-12-30,-10646.74,6.65,120,619,Rejected,0
LN04028,CUST03439,BR000,Vehicle,2026-01-28,126150.34,14.05,24,840,Rejected,0
LN05985,CUST02120,BR040,Vehicle,2026-06-20,216624.01,14.61,60,841,Active,0
LN04777,CUST02415,BR038,Home,2026-02-24,295149.23,7.82,12,427,Closed,0
LN04465,CUST03924,BR036,Personal,2025-02-21,326290.36,11.9,120,856,Rejected,0
LN03619,CUST04796,BR013,Home,2025-07-12,242079.07,6.14,24,831,Approved,0
LN00662,CUST01015,BR024,Personal,2026-06-25,384904.64,12.62,24,544,Active,0
LN02218,CUST05510,BR031,Education,2025-06-10,260930.89,12.82,12,708,Defaulted,1
LN05975,CUST00924,BR048,Education,2025-12-13,420815.55,8.49,60,647,Active,0
LN03751,CUST00082,BR013,Vehicle,2025-04-30,29854.57,12.67,60,785,Approved,0
LN00518,CUST08082,BR025,Personal,2024-12-06,480819.23,9.71,60,397,Active,0
LN05530,CUST07987,BR003,Vehicle,2025-09-21,309492.24,11.15,60,724,Defaulted,1
LN01284,CUST08820,BR048,Education,2025-01-21,408428.93,15.36,36,625,Active,0
LN01450,CUST09017,BR019,Personal,2025-12-24,276676.01,11.61,24,675,Closed,0
LN02239,CUST08561,BR003,Vehicle,2024-12-06,159843.27,8.51,120,731,Closed,0
LN00069,CUST01016,BR040,Home,2025-04-23,388354.73,16.87,60,472,Approved,0
LN01371,CUST03564,BR048,Vehicle,2025-11-29,197919.42,16.2,60,697,Active,0
LN02435,CUST09067,BR023,Vehicle,2024-11-12,208946.14,16.95,120,592,Rejected,0
LN03832,CUST00679,BR021,Personal,2025-02-01,243762.71,6.39,60,876,Approved,0
LN00732,CUST03177,BR011,Personal,2026-09-08,113670.68,13.53,120,885,Defaulted,1
LN00879,CUST06283,BR019,Vehicle,2024-11-09,101535.87,14.8,36,774,Rejected,0
LN01374,CUST00824,BR044,Education,2026-04-18,435133.24,9.11,60,801,Active,0
LN02762,CUST00193,BR024,Vehicle,2025-01-31,419894.9,8.77,36,623,Approved,0
LN04089,CUST04933,BR012,Home,2026-06-07,58697.56,16.15,12,598,Approved,0
LN02030,CUST09793,BR041,Vehicle,2025-07-14,284382.43,8.91,12,398,Rejected,0
LN01001,CUST00827,BR032,Education,2024-12-15,161788.52,17.51,12,678,Rejected,0
LN03577,CUST03072,BR004,Personal,2025-11-20,322080.5,6.26,24,383,Defaulted,1
LN00592,CUST09086,BR007,Vehicle,2025-06-09,227006.55,9.91,120,388,Defaulted,1
LN04085,CUST03046,BR021,Vehicle,2024-12-28,298639.48,11.59,36,397,Approved,0
LN04201,CUST00206,BR000,Home,2024-11-12,50995.07,9.55,36,457,Closed,0
LN00449,CUST05878,BR038,Home,2024-10-08,83056.88,16.43,24,600,Rejected,0
LN01558,CUST00526,BR020,Education,2025-05-23,32505.72,9.26,12,850,Closed,0
LN03766,CUST01364,BR049,Personal,2025-01-22,449937.23,8.61,24,635,Defaulted,1
LN02410,CUST02610,BR044,Education,2025-04-16,129957.26,10.63,60,305,Rejected,0
LN05598,CUST07686,BR003,Home,2026-02-28,273282.03,10.1,120,810,Approved,0
LN03788,CUST05039,BR014,Education,2025-10-30,282839.41,9.9,120,511,Active,0
LN04801,CUST08975,BR047,Vehicle,2025-05-03,265483.42,6.25,12,486,Active,0
LN05398,CUST05979,BR026,Personal,2025-09-15,155859.27,7.5,120,627,Rejected,0
LN01518,CUST03093,BR031,Vehicle,2025-10-31,148094.58,14.6,120,319,Active,0
LN02723,CUST05374,BR026,Home,2025-02-11,83669.48,10.62,120,595,Defaulted,1
LN04569,CUST08662,BR012,Personal,2025-08-18,466641.99,8.76,120,447,Approved,0
LN02839,CUST00989,BR035,Home,2026-02-17,129242.72,10.31,120,367,Defaulted,1
LN00299,CUST08208,BR014,Home,2025-02-26,58234.4,12.73,12,884,Active,0
LN01389,CUST99999,BR003,Education,2025-09-08,372314.78,10.54,24,848,Defaulted,1
LN04707,CUST03575,BR001,Vehicle,2026-07-23,101598.32,15.92,120,681,Approved,0
LN05661,CUST02212,BR024,Education,2025-01-14,168835.66,16.82,24,840,Closed,0
LN02001,CUST06813,BR006,Personal,2025-06-30,232427.15,8.23,60,651,Rejected,0
LN00909,CUST99999,BR032,Vehicle,2025-06-30,36311.62,11.47,120,438,Active,0
LN04198,CUST08566,BR039,Personal,2025-07-26,435317.03,15.54,36,846,Defaulted,1
LN03080,CUST00695,BR037,Education,2024-11-22,291096.63,16.88,36,384,Approved,0
LN05032,CUST06911,BR011,Home,2026-03-21,260606.99,6.95,36,779,Approved,0
LN03101,CUST08448,BR036,Home,2025-10-12,458603.2,6.46,120,629,Rejected,0
LN02196,CUST08080,BR041,Personal,2026-04-27,69439.31,15.67,24,700,Closed,0
LN03066,CUST01137,BR002,Education,2024-12-18,192002.64,12.18,24,828,Approved,0
LN05523,CUST01191,BR032,Personal,2025-05-16,369136.98,8.66,12,849,Closed,0
LN05672,CUST08802,BR046,Vehicle,2026-03-03,308495.69,11.83,24,444,Approved,0
LN03740,CUST01813,BR010,Personal,2026-08-20,50378.17,9.48,24,759,Rejected,0
LN00237,CUST09208,BR020,Home,2025-05-17,456200.13,17.31,60,384,Closed,0
LN02925,CUST09655,BR036,Home,2026-05-25,287667.05,12.18,36,610,Defaulted,1
LN04450,CUST01504,BR012,Home,2026-01-18,439022.76,6.04,120,542,Defaulted,1
LN04025,CUST00249,BR034,Personal,2026-06-13,105644.97,17.37,120,558,Active,0
LN00159,CUST08901,BR006,Home,2025-12-06,360279.43,11.15,12,527,Rejected,0
LN05926,CUST06269,BR041,Education,2025-10-14,277615.75,11.4,36,679,Rejected,0
LN02503,CUST03648,BR026,Education,2025-07-24,348370.79,14.34,120,550,Defaulted,1
LN00070,CUST07869,BR018,Education,2026-06-14,464724.28,10.32,120,771,Rejected,0
LN00291,CUST07022,BR043,Personal,2025-03-01,458316.63,7.28,36,483,Rejected,0
LN03263,CUST08547,BR021,Personal,2025-01-03,224307.03,17.07,12,441,Defaulted,1
LN00024,CUST07849,BR009,Vehicle,2024-09-28,207456.67,12.18,120,363,Approved,0
LN02336,CUST01778,BR047,Personal,2024-10-07,181852.07,12.03,60,364,Closed,0
LN05852,CUST02895,BR008,Personal,2026-07-13,20707.17,16.4,60,498,Rejected,0
LN01059,CUST02713,BR011,Education,2025-10-05,204752.42,13.42,24,395,Approved,0
LN03902,CUST08676,BR034,Personal,2026-09-04,73915.33,6.96,24,707,Defaulted,1
LN03527,CUST06534,BR042,Personal,2025-10-03,355344.3,14.44,120,409,Closed,0
LN00898,CUST01619,BR005,Personal,2025-07-31,422682.94,9.98,120,424,Active,0
LN03687,CUST08319,BR043,Education,2025-06-29,496761.04,12.63,24,334,Approved,0
LN01780,CUST05757,BR033,Vehicle,2026-04-16,240511.8,14.55,60,366,Defaulted,1
LN00028,CUST09998,BR026,Home,2026-01-25,294404.9,8.86,120,769,Closed,0
LN03333,CUST08584,BR015,Vehicle,2026-02-15,445630.64,14.35,36,560,Approved,0
LN02374,CUST05433,BR029,Education,2025-06-01,253989.65,9.64,120,659,Active,0
LN04769,CUST01814,BR010,Home,2026-08-30,312250.8,11.86,120,860,Active,0
LN01794,CUST05238,BR027,Home,2024-09-18,480266.15,16.85,60,718,Active,0
LN04683,CUST01073,BR049,Home,2026-07-12,153828.7,16.1,24,426,Closed,0
LN03943,CUST04927,BR042,Personal,2026-01-19,262341.38,13.29,60,884,Defaulted,1
LN03744,CUST06124,BR046,Vehicle,2025-11-30,231121.22,15.28,24,421,Approved,0
LN02448,CUST07896,BR020,Education,2026-02-22,98125.59,7.84,60,418,Active,0
LN00545,CUST08924,BR027,Vehicle,2026-06-14,281166.01,8.43,120,578,Closed,0
LN03933,CUST01948,BR046,Home,2025-06-08,460174.64,7.47,60,589,Approved,0
LN05861,CUST07329,BR011,Education,2025-09-20,435237.92,9.44,60,583,Defaulted,1
LN04022,CUST06460,BR018,Education,2025-03-02,470206.74,17.81,24,353,Active,0
LN05224,CUST05209,BR014,Vehicle,2026-06-30,334624.24,8.34,120,763,Approved,0
LN05417,CUST08876,BR002,Education,2026-05-05,259787.14,17.59,12,573,Defaulted,1
LN04053,CUST09897,BR016,Vehicle,2024-11-21,159503.5,6.98,60,553,Defaulted,1
LN04394,CUST02985,BR048,Home,2025-04-25,398089.41,11.26,60,448,Closed,0
LN04904,CUST01907,BR003,Education,2026-06-27,343297.57,14.59,24,802,Closed,0
LN02463,CUST00671,BR036,Vehicle,2026-04-26,376404.99,8.51,60,441,Active,0
LN04734,CUST05737,BR044,Personal,2026-06-30,295929.48,7.58,120,726,Active,0
LN00830,CUST07561,BR003,Personal,2026-05-23,410261.64,6.75,36,899,Defaulted,1
LN04008,CUST05951,BR013,Home,2025-10-21,237713.76,14.78,24,740,Approved,0
LN02465,CUST01171,BR039,Personal,2025-02-04,19741.16,12.04,24,369,Rejected,0
LN00571,CUST04312,BR040,Home,2025-06-21,162484.3,12.9,36,363,Approved,0
LN00574,CUST03141,BR022,Home,2025-01-01,89191.87,15.09,24,467,Closed,0
LN04147,CUST09788,BR008,Education,2026-04-30,191848.65,10.28,24,846,Rejected,0
LN02124,CUST04517,BR020,Home,2025-06-07,342429.07,14.51,36,551,Defaulted,1
LN04023,CUST05167,BR025,Education,2025-04-28,406530.46,16.17,60,469,Active,0
LN02701,CUST05075,BR040,Personal,2025-06-08,493582.8,8.93,120,830,Defaulted,1
LN03606,CUST01567,BR005,Education,2024-12-19,447401.54,13.77,36,599,Approved,0
LN03937,CUST06901,BR007,Personal,2025-11-06,268340.13,14.98,24,319,Rejected,0
LN04106,CUST01837,BR018,Vehicle,2026-04-17,116444.4,6.55,60,354,Defaulted,1
LN03562,CUST05679,BR011,Home,2026-04-22,340023.1,7.93,120,409,Closed,0
LN02249,CUST03983,BR000,Vehicle,2026-08-23,325157.52,10.27,24,555,Rejected,0
LN05894,CUST08895,BR043,Home,2025-05-07,275140.43,8.88,120,575,Active,0
LN04494,CUST07737,BR038,Home,2025-07-09,177058.58,9.81,36,666,Defaulted,1
LN02263,CUST02160,BR004,Home,2025-05-06,338271.88,17.79,36,589,Approved,0
LN04914,CUST00244,BR010,Education,2025-07-09,197494.17,14.41,12,638,Approved,0
LN03568,CUST09944,BR006,Home,2026-05-12,45987.9,10.33,24,403,Approved,0
LN00758,CUST07687,BR013,Personal,2025-02-20,291339.38,8.62,24,490,Approved,0
LN00071,CUST06439,BR043,Home,2026-01-09,137952.3,6.76,60,752,Approved,0
LN00144,CUST05915,BR028,Personal,2025-09-30,35570.68,15.22,12,453,Rejected,0
LN02615,CUST04079,BR046,Personal,2024-09-22,259790.65,16.04,120,760,Active,0
LN02324,CUST05132,BR028,Education,2026-01-11,219433.41,7.96,60,406,Active,0
LN01056,CUST06320,BR048,Education,2026-02-03,130455.29,15.57,60,740,Closed,0
LN02059,CUST06721,BR035,Education,2025-11-18,423397.5,13.4,12,615,Approved,0
LN00099,CUST06184,BR011,Vehicle,2025-02-17,251787.7,8.24,12,404,Active,0
LN05508,CUST05753,BR032,Personal,2026-05-02,119258.96,9.03,120,336,Defaulted,1
LN03425,CUST06217,BR012,Personal,2025-01-22,183996.44,17.48,24,538,Active,0
LN02984,CUST00358,BR048,Vehicle,2026-06-27,319222.23,7.75,24,343,Rejected,0
LN05371,CUST09041,BR036,Home,2025-04-25,194973.88,10.21,60,879,Defaulted,1
LN05555,CUST08264,BR043,Vehicle,2024-09-09,383243.24,14.87,12,866,Rejected,0
LN02386,CUST08667,BR013,Education,2025-10-19,490989.22,8.76,12,353,Defaulted,1
LN02717,CUST08259,BR035,Vehicle,2024-10-27,169043.54,17.77,36,665,Closed,0
LN00208,CUST04282,BR044,Education,2026-03-22,402592.85,8.2,24,769,Closed,0
LN00007,CUST04426,BR005,Personal,2024-12-25,465183.9,14.96,24,658,Closed,0
LN01058,CUST04757,BR020,Home,2024-10-31,376410.55,14.66,120,452,Closed,0
LN03713,CUST05755,BR024,Personal,2024-10-30,26235.4,14.23,24,485,Defaulted,1
LN01097,CUST99999,BR012,Education,2026-06-15,284532.34,17.11,60,499,Active,0
LN05309,CUST04086,BR002,Education,2024-12-18,90268.7,16.51,36,337,Defaulted,1
LN05418,CUST02887,BR043,Personal,2025-04-14,266346.47,8.43,12,578,Defaulted,1
LN04254,CUST03856,BR031,Home,2026-06-09,14736.47,15.48,120,671,Closed,0
LN02922,CUST06468,BR041,Home,2025-11-26,183282.55,15.32,36,716,Defaulted,1
LN03845,CUST99999,BR033,Vehicle,2025-05-01,373000.65,14.75,120,606,Active,0
LN01745,CUST00619,BR009,Personal,2026-03-30,-408077.22,15.28,36,812,Closed,0
LN01658,CUST08503,BR035,Home,2025-03-25,41686.12,17.59,36,523,Rejected,0
LN05550,CUST09379,BR036,Education,2026-02-24,102143.89,15.34,24,816,Defaulted,1
LN05628,CUST07769,BR013,Home,2026-02-23,301330.76,7.16,12,339,Active,0
LN01667,CUST00158,BR009,Vehicle,2025-11-06,270932.29,14.9,36,761,Active,0
LN01205,CUST03850,BR012,Vehicle,2024-12-15,193993.65,16.53,120,330,Rejected,0
LN05757,CUST03153,BR038,Education,2024-10-25,363414.51,16.18,24,620,Active,0
LN00003,CUST99999,BR005,Education,2026-04-06,382673.48,13.74,36,411,Closed,0
LN00914,CUST08162,BR033,Vehicle,2026-04-16,363356.57,16.73,24,700,Active,0
LN00110,CUST05056,BR017,Education,2025-10-27,242861.46,11.76,36,378,Closed,0
LN05808,CUST04631,BR036,Education,2025-03-27,497984.28,11.96,24,657,Rejected,0
LN04562,CUST07192,BR005,Home,2025-09-27,345044.76,10.45,60,757,Active,0
LN00935,CUST02136,BR013,Education,2025-05-27,441849.2,14.18,120,326,Defaulted,1
LN01818,CUST03230,BR015,Personal,2025-05-20,376395.45,12.97,36,305,Approved,0
LN03240,CUST05574,BR014,Education,2025-12-05,348203.28,17.51,12,344,Defaulted,1
LN00437,CUST05881,BR020,Education,2025-12-14,476627.68,6.99,120,672,Closed,0
LN01019,CUST99999,BR022,Home,2026-06-06,384358.55,11.86,60,666,Closed,0
LN02742,CUST09250,BR036,Education,2025-04-18,236787.02,15.13,60,758,Rejected,0
LN02933,CUST03415,BR012,Education,2025-07-14,254298.92,10.85,12,496,Approved,0
LN04109,CUST02103,BR034,Education,2026-05-14,462120.54,11.67,36,302,Closed,0
LN01630,CUST02430,BR023,Home,2025-06-26,153804.5,11.56,120,634,Rejected,0
LN03910,CUST07117,BR017,Education,2025-05-22,55690.01,17.03,12,546,Approved,0
LN02096,CUST05179,BR001,Personal,2025-11-27,51488.21,12.18,36,386,Active,0
LN01145,CUST04491,BR027,Education,2025-08-22,156541.51,14.41,36,836,Active,0
LN02136,CUST04481,BR043,Home,2024-10-01,237667.26,9.78,36,711,Active,0
LN05947,CUST06587,BR004,Home,2025-02-04,464320.05,9.2,120,619,Approved,0
LN00554,CUST07056,BR033,Personal,2025-01-11,-306709.34,10.53,12,410,Closed,0
LN02778,CUST07616,BR032,Education,2026-06-08,220610.67,10.19,24,336,Approved,0
LN02008,CUST07446,BR042,Home,2025-08-08,68987.65,7.2,120,676,Closed,0
LN01533,CUST08984,BR039,Personal,2025-11-26,97968.86,9.56,36,433,Defaulted,1
LN03598,CUST01903,BR025,Education,2025-09-22,470052.82,12.18,36,708,Defaulted,1
LN04678,CUST09890,BR033,Education,2025-04-11,319196.95,15.52,12,337,Closed,0
LN05307,CUST09095,BR016,Vehicle,2026-05-07,314662.1,13.99,120,742,Approved,0
LN04737,CUST06009,BR023,Education,2025-10-28,186999.14,13.02,36,607,Rejected,0
LN05450,CUST02693,BR025,Personal,2025-01-22,167576.13,15.18,120,740,Active,0
LN01512,CUST09078,BR003,Education,2025-12-02,497575.85,13.42,12,775,Closed,0
LN05243,CUST00904,BR044,Personal,2024-12-01,408444.09,15.16,60,418,Rejected,0
LN00824,CUST00125,BR043,Personal,2025-03-20,499170.4,11.3,120,734,Active,0
LN02678,CUST02597,BR029,Home,2024-10-11,328397.46,9.52,24,629,Rejected,0
LN01346,CUST06467,BR028,Personal,2025-11-01,126434.4,11.78,12,732,Rejected,0
LN02255,CUST05784,BR020,Home,2025-03-15,339390.44,11.92,36,385,Approved,0
LN03303,CUST08224,BR004,Education,2026-02-28,468541.92,10.86,60,390,Closed,0
LN02607,CUST00645,BR043,Home,2026-04-20,59762.74,14.86,12,347,Closed,0
LN02288,CUST04082,BR000,Home,2024-12-30,78206.34,7.23,24,848,Active,0
LN04138,CUST03504,BR005,Home,2025-11-11,153372.26,10.7,60,883,Defaulted,1
LN02062,CUST02978,BR015,Personal,2026-02-10,97883.15,12.04,60,870,Active,0
LN01592,CUST08783,BR033,Personal,2025-05-11,236642.12,7.55,36,453,Defaulted,1
LN00501,CUST09879,BR027,Vehicle,2025-04-30,170498.16,10.39,60,757,Defaulted,1
LN01709,CUST02113,BR035,Personal,2025-09-28,259847.36,13.09,12,846,Rejected,0
LN01563,CUST05797,BR003,Personal,2025-08-15,125464.74,15.75,60,371,Active,0
LN02351,CUST01828,BR001,Vehicle,2025-12-02,396958.88,15.16,24,754,Rejected,0
LN05542,CUST05214,BR010,Home,2025-02-28,485782.19,17.24,36,369,Active,0
LN02534,CUST09259,BR036,Personal,2025-10-03,307347.4,13.36,24,335,Approved,0
LN01975,CUST03713,BR024,Personal,2024-10-25,35570.65,14.71,120,444,Rejected,0
LN00849,CUST01605,BR035,Education,2025-08-20,153243.32,11.24,24,324,Approved,0
LN02454,CUST09911,BR022,Vehicle,2025-08-02,69161.79,10.98,120,322,Active,0
LN04728,CUST02541,BR022,Vehicle,2026-03-29,380194.54,17.01,12,462,Active,0
LN02171,CUST06164,BR045,Education,2025-04-08,439477.95,13.28,60,668,Active,0
LN03698,CUST06361,BR008,Education,2026-03-25,375613.75,9.78,120,433,Defaulted,1
LN02127,CUST09700,BR015,Education,2026-07-15,48603.21,17.56,60,837,Rejected,0
LN02066,CUST05656,BR020,Home,2026-07-18,399232.64,10.57,24,858,Active,0
LN01683,CUST01394,BR036,Personal,2026-07-02,275104.84,9.76,120,710,Approved,0
LN01468,CUST04543,BR041,Education,2026-06-16,184483.94,15.59,12,810,Approved,0
LN05374,CUST09281,BR035,Education,2026-07-25,333983.54,16.37,24,871,Active,0
LN01643,CUST01560,BR019,Personal,2025-12-25,20505.53,6.39,24,462,Defaulted,1
LN00965,CUST00419,BR000,Education,2025-05-20,474479.37,14.98,36,533,Rejected,0
LN04821,CUST04686,BR036,Education,2024-09-15,55662.51,16.85,36,442,Approved,0
LN02041,CUST04406,BR040,Vehicle,2026-02-23,240905.98,13.21,12,739,Rejected,0
LN05122,CUST05696,BR049,Education,2026-05-25,266943.99,11.03,24,389,Approved,0
LN04318,CUST00687,BR005,Vehicle,2025-01-05,144161.02,15.8,12,616,Rejected,0
LN03222,CUST05842,BR017,Home,2026-05-19,395440.4,17.29,24,821,Rejected,0
LN03161,CUST00159,BR013,Education,2024-12-16,227856.74,14.27,12,677,Closed,0
LN05269,CUST01473,BR031,Vehicle,2026-03-03,13771.92,13.84,24,765,Defaulted,1
LN02928,CUST01900,BR021,Home,2025-12-27,71948.85,11.78,120,448,Defaulted,1
LN05886,CUST03918,BR028,Vehicle,2025-04-04,427789.79,10.4,24,407,Closed,0
LN04353,CUST01881,BR039,Home,2025-06-10,238880.81,8.4,120,508,Active,0
LN03270,CUST07982,BR042,Vehicle,2025-12-26,397466.58,17.02,60,676,Approved,0
LN02279,CUST08853,BR039,Vehicle,2025-06-06,313112.51,7.57,60,486,Defaulted,1
LN05093,CUST02158,BR004,Home,2026-09-01,138599.55,8.94,24,423,Closed,0
LN03302,CUST01524,BR011,Vehicle,2026-05-25,140182.45,16.65,24,708,Approved,0
LN01581,CUST08920,BR023,Vehicle,2026-02-28,257242.71,11.15,24,609,Defaulted,1
LN00664,CUST08415,BR008,Education,2025-05-23,153298.28,17.69,120,425,Rejected,0
LN01130,CUST08966,BR028,Personal,2025-10-14,36660.96,7.6,120,873,Rejected,0
LN00459,CUST02738,BR015,Personal,2025-03-29,35343.23,14.18,60,584,Closed,0
LN05810,CUST08274,BR016,Vehicle,2026-08-16,26266.19,6.77,24,843,Active,0
LN05627,CUST07090,BR019,Vehicle,2026-04-19,98515.43,17.61,120,807,Approved,0
LN01620,CUST03144,BR009,Vehicle,2026-03-01,353997.48,13.55,12,754,Rejected,0
LN02746,CUST07468,BR041,Education,2024-10-15,392020.83,10.5,36,792,Defaulted,1
LN03672,CUST03951,BR007,Personal,2025-10-23,394944.88,9.31,12,791,Rejected,0
LN03944,CUST04390,BR048,Vehicle,2024-10-23,167695.48,8.56,120,506,Active,0
LN00079,CUST04859,BR018,Personal,2024-11-01,-62243.44,10.57,120,651,Rejected,0
LN00207,CUST99999,BR028,Personal,2024-09-10,232487.11,8.81,24,568,Defaulted,1
LN03959,CUST07374,BR000,Personal,2025-03-06,111129.5,8.21,12,721,Defaulted,1
LN00391,CUST00635,BR033,Education,2026-08-09,113233.39,8.5,24,391,Rejected,0
LN05574,CUST00731,BR042,Home,2025-09-28,271191.21,14.74,120,593,Closed,0
LN03737,CUST02994,BR017,Personal,2025-04-20,444699.58,12.69,120,357,Closed,0
LN03044,CUST05806,BR033,Home,2025-04-27,280988.54,11.52,12,894,Approved,0
LN01682,CUST09989,BR044,Education,2025-07-03,320556.33,12.62,120,722,Rejected,0
LN03148,CUST07570,BR032,Personal,2025-04-20,435548.02,7.24,60,352,Approved,0
LN05054,CUST02778,BR006,Personal,2026-03-15,177391.87,12.18,12,873,Closed,0
LN02237,CUST04285,BR004,Education,2025-07-29,161743.48,14.8,60,697,Defaulted,1
LN01854,CUST06228,BR017,Vehicle,2026-03-26,346105.32,6.54,120,801,Active,0
LN02670,CUST04741,BR005,Personal,2025-10-07,41917.25,16.94,24,696,Rejected,0
LN02803,CUST05463,BR010,Vehicle,2025-12-29,356386.4,12.18,60,886,Active,0
LN05290,CUST03124,BR036,Home,2025-07-19,107833.25,10.92,12,824,Closed,0
LN01317,CUST07564,BR016,Personal,2024-12-06,148486.55,14.15,120,381,Approved,0
LN00482,CUST07668,BR005,Home,2024-11-03,425306.75,13.47,120,347,Rejected,0
LN04895,CUST01170,BR023,Personal,2025-12-18,362647.9,8.68,24,854,Rejected,0
LN03288,CUST08931,BR035,Personal,2025-05-09,276510.23,17.91,36,796,Rejected,0
LN05373,CUST02897,BR004,Vehicle,2025-07-25,272667.61,16.15,120,385,Defaulted,1
LN04919,CUST00886,BR033,Education,2026-08-06,381692.06,11.47,12,644,Rejected,0
LN03251,CUST08353,BR011,Personal,2026-06-08,389365.62,6.16,12,421,Defaulted,1
LN05183,CUST01211,BR018,Personal,2024-11-27,225144.6,12.04,36,308,Active,0
LN05541,CUST07788,BR043,Home,2025-06-12,450153.61,15.49,60,562,Defaulted,1
LN05986,CUST03085,BR031,Education,2026-08-03,227748.66,11.17,120,878,Rejected,0
LN02749,CUST06581,BR010,Personal,2025-05-23,382645.98,15.48,12,543,Defaulted,1
LN00840,CUST02472,BR028,Home,2025-12-27,391117.87,7.62,24,549,Defaulted,1
LN05731,CUST06054,BR026,Education,2025-08-20,141318.26,7.14,24,727,Active,0
LN03127,CUST07355,BR011,Vehicle,2025-10-29,129627.04,16.74,36,373,Active,0
LN01860,CUST05252,BR035,Home,2026-06-17,55925.18,17.96,120,372,Approved,0
LN00635,CUST07483,BR021,Education,2025-02-27,271419.21,15.19,12,321,Approved,0
LN04475,CUST09448,BR033,Education,2026-05-21,241249.58,14.63,24,707,Active,0
LN00316,CUST02975,BR035,Education,2025-09-20,247328.02,16.55,12,674,Closed,0
LN03397,CUST07186,BR028,Home,2025-09-12,143468.44,10.09,120,377,Defaulted,1
LN00641,CUST07102,BR010,Vehicle,2025-05-03,390647.37,12.58,120,619,Closed,0
LN02843,CUST01774,BR011,Vehicle,2025-08-18,162866.06,9.1,36,722,Active,0
LN01715,CUST03374,BR029,Vehicle,2026-05-21,202447.59,12.92,24,885,Active,0
LN03037,CUST06642,BR000,Education,2025-04-30,422420.85,14.81,24,857,Defaulted,1
LN04295,CUST02011,BR029,Education,2026-03-26,412869.62,15.0,12,669,Defaulted,1
LN01420,CUST08987,BR003,Personal,2024-09-08,421416.0,12.12,60,360,Approved,0
LN03730,CUST02305,BR002,Home,2025-02-23,459913.97,8.54,60,816,Closed,0
LN03729,CUST02555,BR039,Education,2025-11-01,325660.69,17.25,24,396,Closed,0
LN05754,CUST00512,BR023,Personal,2025-12-10,245178.68,15.2,36,642,Approved,0
LN05631,CUST09399,BR035,Home,2025-08-24,287160.39,6.88,36,547,Defaulted,1
LN03153,CUST06687,BR036,Home,2026-04-24,139923.01,10.4,24,623,Rejected,0
LN00498,CUST05073,BR047,Vehicle,2026-06-17,232388.1,17.67,60,428,Defaulted,1
LN04849,CUST03982,BR032,Home,2026-07-19,149634.46,16.39,36,439,Approved,0
LN00661,CUST99999,BR036,Home,2026-02-17,152993.36,16.28,12,431,Closed,0
LN01229,CUST07617,BR025,Education,2026-09-08,439655.52,7.67,36,552,Rejected,0
LN05474,CUST05622,BR003,Vehicle,2025-05-06,123350.87,14.45,36,684,Defaulted,1
LN01285,CUST07686,BR025,Vehicle,2025-11-10,395291.68,12.16,12,827,Approved,0
LN04224,CUST07175,BR027,Vehicle,2025-04-28,389024.4,14.01,60,821,Defaulted,1
LN04705,CUST03847,BR029,Home,2026-01-13,356353.74,6.2,60,882,Active,0
LN04229,CUST06582,BR023,Education,2025-03-22,87393.72,13.36,24,446,Active,0
LN00798,CUST00364,BR043,Vehicle,2026-03-19,222865.87,7.02,60,446,Closed,0
LN00033,CUST01899,BR019,Home,2025-08-22,475639.18,12.18,12,312,Defaulted,1
LN00844,CUST00876,BR033,Vehicle,2025-10-05,76980.59,7.3,12,530,Closed,0
LN00609,CUST04175,BR018,Personal,2026-07-24,64544.02,14.89,24,303,Defaulted,1
LN05195,CUST02339,BR003,Personal,2026-08-24,265717.76,12.09,60,886,Rejected,0
LN00245,CUST09874,BR032,Personal,2026-05-27,318085.16,12.17,24,899,Closed,0
LN00691,CUST04780,BR010,Home,2026-03-12,345262.74,17.22,120,867,Closed,0
LN01766,CUST01239,BR011,Vehicle,2025-03-26,-95161.44,11.39,36,693,Active,0
LN02484,CUST08616,BR043,Personal,2026-07-20,132182.63,15.94,12,486,Approved,0
LN04759,CUST02197,BR033,Vehicle,2026-04-23,267984.28,8.1,24,649,Active,0
LN03250,CUST01772,BR037,Personal,2024-12-31,371811.9,13.15,24,898,Active,0
LN00654,CUST04804,BR042,Education,2024-10-31,304720.84,10.15,60,798,Active,0
LN01734,CUST99999,BR028,Vehicle,2024-11-22,498716.75,16.76,24,583,Closed,0
LN02665,CUST04646,BR005,Vehicle,2025-10-19,391127.95,11.05,12,509,Rejected,0
LN02578,CUST07133,BR029,Home,2025-07-27,445279.65,10.7,120,618,Defaulted,1
LN02731,CUST00778,BR016,Education,2025-05-06,56213.2,17.16,60,302,Active,0
LN04176,CUST06837,BR008,Vehicle,2024-11-14,69894.75,10.97,120,464,Active,0
LN05467,CUST07164,BR035,Vehicle,2025-11-19,53920.93,14.77,60,655,Active,0
LN01211,CUST09442,BR046,Vehicle,2026-03-03,157289.65,12.5,36,652,Rejected,0
LN04223,CUST03882,BR005,Personal,2025-08-01,363742.75,11.05,120,414,Active,0
LN05030,CUST06998,BR042,Education,2026-05-09,471099.71,16.26,60,320,Closed,0
LN00161,CUST05530,BR020,Personal,2026-08-06,336603.84,8.83,24,539,Rejected,0
LN01572,CUST08586,BR006,Home,2026-07-16,426488.13,17.75,36,893,Rejected,0
LN05060,CUST04042,BR028,Home,2025-10-09,443646.87,9.06,120,520,Defaulted,1
LN05136,CUST00599,BR017,Education,2025-11-11,257874.98,13.61,24,741,Active,0
LN00347,CUST01841,BR025,Education,2024-10-25,56543.46,6.57,12,649,Active,0
LN00763,CUST03266,BR047,Home,2026-05-19,380297.86,12.29,24,817,Rejected,0
LN04511,CUST06513,BR038,Home,2024-11-12,110795.1,10.2,120,358,Approved,0
LN00250,CUST06197,BR042,Vehicle,2026-07-21,-315968.21,9.35,12,448,Active,0
LN01120,CUST02538,BR020,Personal,2025-03-27,101416.29,12.18,60,483,Rejected,0
LN04145,CUST04804,BR033,Education,2025-06-30,279875.21,10.85,60,762,Approved,0
LN03284,CUST02064,BR033,Vehicle,2026-02-04,258211.37,13.83,24,450,Closed,0
LN03977,CUST04008,BR001,Vehicle,2025-09-21,177241.53,17.48,12,735,Defaulted,1
LN04112,CUST04172,BR009,Vehicle,2024-11-07,187932.94,11.52,24,740,Closed,0
LN02645,CUST05779,BR001,Education,2025-10-29,450157.06,11.57,60,811,Approved,0
LN03157,CUST05575,BR030,Education,2026-01-05,448958.99,16.73,24,459,Defaulted,1
LN03921,CUST05783,BR030,Education,2025-03-26,375585.8,16.92,12,650,Active,0
LN02710,CUST02723,BR033,Vehicle,2025-09-03,127850.9,10.29,60,470,Approved,0
LN00666,CUST04158,BR047,Home,2024-09-29,15602.01,7.58,36,541,Closed,0
LN01711,CUST04356,BR034,Home,2026-08-11,214168.34,14.26,24,511,Closed,0
LN02167,CUST04839,BR031,Education,2025-09-20,132894.02,7.39,120,336,Approved,0
LN02449,CUST00204,BR039,Vehicle,2026-08-17,180224.71,11.63,120,744,Rejected,0
LN02500,CUST99999,BR030,Education,2026-03-22,184561.64,12.67,120,726,Approved,0
LN01465,CUST01136,BR005,Personal,2025-09-01,350534.06,15.51,120,385,Rejected,0
LN03718,CUST06163,BR031,Personal,2025-12-16,202895.07,13.59,60,810,Active,0
LN03786,CUST04164,BR000,Education,2025-01-28,161900.91,10.16,24,491,Defaulted,1
LN02876,CUST09342,BR001,Education,2025-02-10,231090.65,9.48,12,804,Rejected,0
LN00999,CUST07790,BR039,Vehicle,2025-01-04,470911.91,11.27,24,672,Closed,0
LN01653,CUST07979,BR006,Personal,2025-03-07,274358.22,17.06,24,737,Closed,0
LN05952,CUST04522,BR009,Vehicle,2024-10-22,395924.56,16.97,60,885,Active,0
LN00737,CUST00137,BR012,Education,2025-01-21,389665.61,6.15,36,579,Closed,0
LN05217,CUST06365,BR046,Personal,2024-10-26,454071.02,17.66,24,584,Active,0
LN03480,CUST05520,BR030,Education,2025-02-05,284649.28,13.01,120,877,Defaulted,1
LN03664,CUST08708,BR018,Home,2024-12-20,446432.51,10.74,12,708,Active,0
LN03011,CUST08458,BR005,Personal,2026-08-26,305290.13,7.61,60,667,Approved,0
LN04804,CUST01553,BR000,Home,2026-04-17,303374.44,13.37,60,354,Rejected,0
LN05320,CUST07500,BR033,Home,2025-12-07,244792.98,13.65,36,843,Active,0
LN03854,CUST09116,BR001,Vehicle,2026-04-16,277785.84,9.08,60,617,Rejected,0
LN01137,CUST04177,BR028,Vehicle,2025-11-13,83861.13,6.21,12,834,Closed,0
LN01190,CUST09900,BR036,Education,2026-04-21,37190.45,6.85,60,694,Closed,0
LN01569,CUST02433,BR046,Education,2026-03-23,45615.12,12.5,36,375,Rejected,0
LN03274,CUST01815,BR033,Education,2026-06-28,88462.84,7.27,36,457,Defaulted,1
LN03180,CUST07161,BR033,Home,2024-12-23,78896.84,9.39,36,503,Active,0
LN00433,CUST09827,BR024,Personal,2024-11-09,407302.06,16.67,60,524,Closed,0
LN00083,CUST07208,BR005,Home,2026-05-01,475252.76,14.83,120,544,Defaulted,1
LN03485,CUST00660,BR018,Home,2026-08-05,295673.18,7.94,24,585,Closed,0
LN05694,CUST05480,BR038,Home,2025-08-06,308160.63,13.87,36,622,Rejected,0
LN05805,CUST06103,BR025,Home,2024-12-31,495062.34,7.29,120,458,Defaulted,1
LN02916,CUST00913,BR047,Personal,2025-03-10,170278.84,14.99,24,560,Approved,0
LN05980,CUST02321,BR011,Personal,2025-12-07,258453.35,16.43,12,521,Approved,0
LN02580,CUST09973,BR035,Vehicle,2025-07-12,407851.7,7.76,36,775,Closed,0
LN04691,CUST03907,BR036,Education,2026-04-22,104920.81,17.82,60,326,Approved,0
LN00722,CUST06941,BR047,Education,2025-07-22,407896.31,16.25,12,421,Defaulted,1
LN01043,CUST08070,BR040,Home,2025-04-30,419602.8,13.33,24,467,Rejected,0
LN01759,CUST09200,BR039,Home,2025-06-19,369270.35,16.82,60,798,Closed,0
LN02676,CUST01377,BR007,Personal,2026-07-18,355369.74,6.97,12,726,Approved,0
LN00632,CUST06819,BR039,Home,2024-10-08,301945.69,7.19,120,330,Active,0
LN05925,CUST99999,BR036,Vehicle,2026-04-20,429922.06,17.79,12,500,Active,0
LN01359,CUST09130,BR010,Vehicle,2024-11-17,55697.46,7.48,120,548,Defaulted,1
LN02303,CUST07295,BR032,Vehicle,2026-04-16,29077.52,17.43,120,672,Rejected,0
LN00890,CUST00009,BR046,Vehicle,2025-07-21,263006.51,16.88,12,531,Approved,0
LN03105,CUST05037,BR040,Vehicle,2025-05-05,466055.64,17.82,120,368,Defaulted,1
LN00267,CUST05699,BR042,Home,2025-04-01,340590.26,10.25,60,636,Defaulted,1
LN01633,CUST00899,BR040,Education,2025-03-16,56466.92,16.29,60,405,Active,0
LN04212,CUST04108,BR012,Education,2025-01-17,287110.62,17.7,36,362,Approved,0
LN01023,CUST02872,BR031,Education,2025-12-01,91153.83,8.96,36,573,Closed,0
LN01193,CUST07643,BR015,Education,2025-04-15,398202.84,9.14,120,317,Active,0
LN04920,CUST08532,BR028,Personal,2026-05-17,277610.79,16.23,36,767,Closed,0
LN05828,CUST04368,BR004,Home,2026-05-11,86785.13,17.37,24,428,Approved,0
LN05036,CUST00864,BR002,Vehicle,2024-12-15,22139.32,11.48,24,780,Defaulted,1
LN00136,CUST06892,BR004,Education,2025-02-18,259530.17,7.96,36,367,Active,0
LN01485,CUST08073,BR043,Home,2025-07-02,485070.95,17.78,36,729,Defaulted,1
LN00467,CUST04380,BR046,Personal,2024-12-18,143784.11,17.65,120,606,Active,0
LN04035,CUST03612,BR031,Home,2025-06-29,129957.75,17.62,12,651,Defaulted,1
LN01081,CUST04524,BR008,Personal,2025-04-05,79033.71,12.18,24,565,Approved,0
LN04376,CUST08263,BR020,Home,2025-12-02,453438.67,10.5,12,468,Rejected,0
LN00576,CUST03486,BR046,Education,2024-12-15,342958.93,11.39,60,472,Closed,0
LN05159,CUST03618,BR034,Personal,2026-05-19,46044.9,12.18,12,379,Closed,0
LN00917,CUST05415,BR038,Personal,2026-08-01,48554.99,15.36,120,699,Defaulted,1
LN00602,CUST05029,BR020,Home,2026-08-31,247892.99,11.84,120,508,Closed,0
LN04778,CUST03096,BR031,Home,2026-08-15,399906.58,6.56,36,345,Defaulted,1
LN03063,CUST01724,BR044,Education,2026-07-08,179268.73,12.18,24,526,Approved,0
LN04609,CUST08806,BR046,Personal,2025-11-06,362549.83,8.2,36,305,Closed,0
LN03297,CUST05818,BR033,Vehicle,2026-04-30,371944.41,17.31,120,350,Rejected,0
LN02177,CUST99999,BR001,Personal,2025-08-07,448387.14,17.36,36,362,Approved,0
LN02414,CUST05017,BR011,Education,2026-01-30,210413.79,8.83,24,383,Closed,0
LN02887,CUST03500,BR030,Education,2026-05-30,467736.12,8.15,36,508,Rejected,0
LN00045,CUST07041,BR028,Education,2025-04-11,347175.8,12.17,120,425,Closed,0
LN02779,CUST09836,BR013,Home,2025-01-26,40906.84,17.33,12,624,Closed,0
LN04173,CUST04383,BR003,Home,2025-04-05,189346.56,6.38,36,627,Active,0
LN00540,CUST06541,BR043,Education,2026-06-27,123276.18,15.4,24,340,Defaulted,1
LN04391,CUST04478,BR016,Education,2024-09-27,111864.08,10.49,12,450,Approved,0
LN05268,CUST06103,BR025,Education,2026-03-09,266185.49,7.49,36,653,Approved,0
LN01655,CUST07057,BR022,Education,2026-01-16,216456.51,6.54,60,593,Defaulted,1
LN04386,CUST07869,BR025,Vehicle,2025-12-09,196178.5,12.18,36,434,Approved,0
LN00405,CUST01931,BR000,Education,2026-03-29,229466.76,16.12,36,482,Defaulted,1
LN04338,CUST03109,BR047,Personal,2026-05-15,397757.35,11.14,24,530,Active,0
LN05250,CUST08938,BR036,Home,2025-07-20,427989.92,14.35,24,785,Approved,0
LN00274,CUST06015,BR034,Vehicle,2025-10-31,448902.4,16.47,36,609,Closed,0
LN02707,CUST09335,BR019,Home,2026-06-14,77660.99,8.62,36,610,Approved,0
LN02169,CUST09651,BR004,Home,2025-08-17,318141.69,11.97,120,811,Rejected,0
LN05196,CUST08947,BR018,Home,2025-03-06,410549.35,16.88,36,783,Closed,0
LN04344,CUST05558,BR010,Personal,2025-12-13,248907.03,15.43,36,774,Rejected,0
LN00866,CUST05966,BR026,Home,2026-01-07,398522.12,11.44,24,364,Closed,0
LN02306,CUST08553,BR032,Education,2025-12-02,299810.47,17.4,60,407,Active,0
LN02565,CUST00258,BR013,Vehicle,2025-10-11,155115.69,14.5,12,513,Defaulted,1
LN01639,CUST04904,BR026,Education,2025-01-25,337436.14,8.08,120,564,Defaulted,1
LN04661,CUST04485,BR010,Personal,2026-03-08,98597.21,15.88,36,503,Active,0
LN04720,CUST06715,BR048,Personal,2025-05-20,376017.56,13.87,36,473,Rejected,0
LN05460,CUST08219,BR023,Vehicle,2024-09-29,453187.24,10.52,36,381,Rejected,0
LN00114,CUST07385,BR033,Education,2025-09-02,325754.12,11.41,120,507,Closed,0
LN03739,CUST01271,BR000,Education,2026-06-03,76828.84,10.13,24,412,Defaulted,1
LN05922,CUST02630,BR009,Vehicle,2025-07-21,359831.93,11.21,60,673,Approved,0
LN01340,CUST04435,BR031,Personal,2026-02-24,107736.72,12.18,120,328,Rejected,0
LN05619,CUST06040,BR001,Personal,2025-06-26,163135.91,12.05,24,459,Closed,0
LN00679,CUST09860,BR040,Vehicle,2026-05-11,178805.91,8.05,24,878,Closed,0
LN01087,CUST00768,BR007,Vehicle,2025-09-18,87537.24,15.9,24,741,Approved,0
LN01817,CUST03828,BR005,Education,2025-11-18,195304.19,12.17,120,614,Approved,0
LN05178,CUST05615,BR012,Home,2025-06-27,352980.11,15.66,36,724,Active,0
LN03170,CUST06919,BR014,Education,2026-04-17,340180.6,9.78,60,340,Rejected,0
LN04894,CUST04675,BR013,Education,2025-11-11,463054.49,15.43,12,650,Defaulted,1
LN02522,CUST06519,BR016,Education,2026-08-11,321810.58,13.21,12,564,Defaulted,1
LN03542,CUST06680,BR042,Education,2025-02-26,87892.9,9.9,36,704,Closed,0
LN00762,CUST01887,BR047,Home,2026-08-08,110758.44,15.14,24,389,Approved,0
LN05331,CUST02313,BR029,Education,2026-05-29,489329.6,9.53,120,400,Defaulted,1
LN02573,CUST00612,BR001,Education,2025-08-24,85279.44,12.4,36,319,Approved,0
LN05336,CUST02999,BR019,Personal,2026-06-14,456724.67,9.65,24,511,Approved,0
LN05568,CUST07601,BR028,Home,2025-12-26,361388.55,7.89,60,662,Closed,0
LN04930,CUST05300,BR008,Education,2025-10-23,482206.71,12.02,60,704,Active,0
LN00474,CUST06748,BR023,Vehicle,2026-04-14,437787.44,17.41,24,421,Active,0
LN04976,CUST05807,BR030,Home,2025-01-04,389325.98,13.32,12,431,Rejected,0
LN04826,CUST00140,BR016,Home,2024-12-10,210216.44,15.0,24,346,Defaulted,1
LN03364,CUST07763,BR017,Home,2024-12-23,386821.39,12.57,36,568,Closed,0
LN05863,CUST09196,BR023,Personal,2025-12-24,232497.31,11.29,36,581,Defaulted,1
LN03882,CUST01029,BR040,Personal,2026-05-24,423723.44,9.15,120,329,Rejected,0
LN05693,CUST05068,BR048,Vehicle,2024-09-10,254325.99,14.2,24,375,Approved,0
LN02669,CUST01138,BR040,Vehicle,2025-11-04,116450.82,12.22,120,534,Rejected,0
LN05026,CUST00609,BR028,Home,2025-09-28,169576.7,11.22,36,401,Closed,0
LN01676,CUST01712,BR020,Personal,2026-02-26,55494.09,16.07,120,465,Active,0
LN03368,CUST01696,BR000,Education,2025-12-07,294191.83,6.41,120,530,Defaulted,1
LN03822,CUST04744,BR033,Education,2025-02-02,176974.11,9.61,24,425,Defaulted,1
LN02045,CUST04437,BR028,Vehicle,2024-11-17,449047.61,8.05,120,745,Rejected,0
LN01289,CUST09018,BR024,Personal,2025-07-22,498111.95,18.0,12,429,Active,0
LN04638,CUST04591,BR041,Vehicle,2025-06-07,395530.39,13.05,60,764,Defaulted,1
LN00074,CUST07916,BR023,Vehicle,2026-07-09,464315.67,15.56,60,393,Active,0
LN02090,CUST03036,BR028,Education,2026-06-26,69806.35,6.04,120,340,Approved,0
LN04539,CUST04182,BR018,Vehicle,2025-01-20,308200.14,11.87,24,407,Defaulted,1
LN04988,CUST03977,BR039,Education,2025-07-08,267687.55,14.53,12,802,Rejected,0
LN00976,CUST07326,BR020,Personal,2025-08-01,283254.01,9.35,12,340,Active,0
LN04306,CUST03216,BR026,Vehicle,2026-06-28,190385.46,9.37,120,803,Closed,0
LN05375,CUST04041,BR007,Education,2025-11-09,354707.7,15.07,120,347,Active,0
LN01404,CUST06881,BR042,Personal,2025-07-16,108417.1,13.42,12,683,Active,0
LN04820,CUST02330,BR042,Education,2025-08-19,349362.92,14.86,36,803,Closed,0
LN00043,CUST07513,BR025,Personal,2025-08-02,291392.49,12.07,12,588,Rejected,0
LN05382,CUST03510,BR005,Education,2025-07-30,434229.32,7.14,24,609,Approved,0
LN04143,CUST07609,BR025,Personal,2025-12-07,319671.23,17.97,36,622,Rejected,0
LN00441,CUST06905,BR031,Home,2025-03-09,465975.39,13.02,12,511,Rejected,0
LN03872,CUST02591,BR012,Education,2026-01-24,406779.32,14.32,36,674,Closed,0
LN03138,CUST09242,BR024,Education,2025-07-18,443255.29,7.04,120,420,Closed,0
LN01932,CUST00145,BR005,Education,2026-07-12,205822.86,11.95,24,682,Defaulted,1
LN00952,CUST01970,BR036,Education,2025-11-20,178995.7,14.43,12,380,Defaulted,1
LN05106,CUST04306,BR023,Vehicle,2025-07-28,271208.62,7.65,24,699,Active,0
LN01939,CUST01249,BR031,Home,2025-03-11,304527.63,7.76,12,329,Rejected,0
LN02053,CUST07629,BR030,Personal,2025-06-24,192898.25,14.35,120,495,Rejected,0
LN02994,CUST06416,BR029,Vehicle,2025-12-29,196762.35,17.74,12,308,Closed,0
LN05871,CUST01104,BR041,Education,2025-12-24,140229.09,17.82,60,355,Approved,0
LN00786,CUST02878,BR011,Vehicle,2025-03-17,489826.7,13.42,120,317,Rejected,0
LN02489,CUST06633,BR027,Vehicle,2025-06-27,101585.67,11.99,60,870,Defaulted,1
LN03582,CUST01661,BR049,Education,2026-08-10,206595.27,7.09,12,840,Active,0
LN03229,CUST05672,BR048,Education,2025-12-15,377144.92,6.49,60,889,Closed,0
LN02509,CUST08535,BR008,Vehicle,2025-12-26,222436.12,12.18,60,619,Approved,0
LN01753,CUST00281,BR000,Education,2025-01-22,450676.31,15.33,24,584,Rejected,0
LN04183,CUST00570,BR034,Education,2025-07-21,79114.35,6.03,120,454,Active,0
LN02493,CUST09879,BR009,Vehicle,2026-06-15,182248.74,9.97,36,861,Closed,0
LN00953,CUST99999,BR027,Home,2026-02-04,27103.87,12.18,12,711,Rejected,0
LN02934,CUST00442,BR024,Education,2026-03-18,271330.15,14.2,60,712,Approved,0
LN04693,CUST08378,BR043,Home,2026-02-15,220553.4,14.67,36,394,Defaulted,1
LN02461,CUST04000,BR023,Home,2025-02-21,101586.86,7.01,12,675,Active,0
LN01098,CUST04873,BR025,Education,2026-09-03,51491.32,15.59,12,678,Defaulted,1
LN03888,CUST06219,BR008,Vehicle,2026-08-19,391281.57,15.96,12,445,Active,0
LN05421,CUST02261,BR032,Personal,2025-09-09,51542.51,12.48,60,834,Closed,0
LN00436,CUST04452,BR004,Home,2024-10-31,286576.5,11.31,60,465,Rejected,0
LN05321,CUST01016,BR028,Personal,2025-03-28,101344.26,10.41,24,892,Rejected,0
LN01226,CUST99999,BR035,Home,2025-01-29,263160.21,14.23,120,546,Defaulted,1
LN05357,CUST04206,BR007,Education,2025-02-21,397632.0,14.76,24,385,Rejected,0
LN00322,CUST01816,BR005,Vehicle,2026-07-25,414866.29,9.68,60,452,Approved,0
LN00282,CUST01045,BR011,Home,2026-02-11,380602.58,17.17,36,779,Approved,0
LN04179,CUST09131,BR027,Home,2025-08-22,288676.69,11.58,120,351,Approved,0
LN00848,CUST01733,BR032,Home,2025-11-07,343304.55,16.12,24,389,Approved,0
LN02657,CUST04628,BR018,Vehicle,2025-06-09,447671.23,8.76,12,459,Rejected,0
LN02978,CUST04857,BR005,Vehicle,2025-03-02,134239.39,9.79,120,420,Closed,0
LN00582,CUST08905,BR020,Education,2026-05-19,16170.38,9.85,24,362,Closed,0
LN05700,CUST09471,BR009,Vehicle,2025-12-18,24588.23,14.28,24,716,Closed,0
LN00878,CUST04208,BR049,Education,2025-11-01,18104.33,10.47,24,800,Defaulted,1
LN00975,CUST06028,BR015,Home,2026-06-16,280585.38,14.39,120,754,Approved,0
LN02093,CUST02719,BR015,Vehicle,2024-12-06,282876.41,6.29,24,320,Rejected,0
LN02646,CUST06144,BR037,Personal,2024-09-20,159177.29,9.94,12,502,Rejected,0
LN05038,CUST07454,BR040,Personal,2026-05-07,81366.44,12.18,60,637,Rejected,0
LN01319,CUST09323,BR002,Home,2025-03-01,18990.84,10.93,12,508,Rejected,0
LN00469,CUST05726,BR003,Vehicle,2026-01-22,77159.24,7.53,12,345,Defaulted,1
LN00870,CUST05560,BR038,Home,2024-11-07,-75776.83,13.76,24,572,Defaulted,1
LN00565,CUST09580,BR010,Home,2026-02-26,260028.7,7.97,36,653,Closed,0
LN04530,CUST09220,BR034,Home,2025-08-02,155781.62,7.98,24,769,Active,0
LN02654,CUST06040,BR009,Vehicle,2025-08-07,249618.52,10.03,120,630,Approved,0
LN04233,CUST00975,BR009,Personal,2025-09-28,426944.1,7.67,36,505,Closed,0
LN03224,CUST01124,BR002,Personal,2026-03-25,494492.6,8.65,24,812,Rejected,0
LN03560,CUST03551,BR043,Vehicle,2026-06-11,261790.11,9.48,120,325,Defaulted,1
LN04361,CUST03262,BR009,Vehicle,2026-01-23,267489.72,9.5,120,447,Rejected,0
LN05202,CUST01436,BR005,Education,2026-08-04,48782.82,17.3,24,792,Rejected,0
LN00512,CUST01365,BR024,Personal,2026-02-05,180359.15,14.99,12,698,Active,0
LN01880,CUST07151,BR014,Personal,2026-01-21,37430.34,10.62,36,534,Defaulted,1
LN03309,CUST06155,BR033,Personal,2025-04-12,285025.0,13.61,60,742,Rejected,0
LN02586,CUST05108,BR037,Home,2025-06-26,21664.96,8.31,120,581,Rejected,0
LN02682,CUST09031,BR011,Home,2025-03-24,330246.92,14.61,36,863,Rejected,0
LN02896,CUST06990,BR040,Personal,2025-11-03,222526.66,11.96,120,865,Rejected,0
LN05395,CUST07669,BR029,Personal,2026-05-08,356701.14,8.42,60,641,Approved,0
LN05929,CUST04078,BR039,Personal,2026-06-07,202772.65,10.46,12,364,Rejected,0
LN05239,CUST07797,BR005,Education,2024-12-22,141591.51,9.92,12,623,Closed,0
LN04556,CUST08185,BR000,Personal,2025-02-06,87151.95,8.04,120,664,Active,0
LN01738,CUST03568,BR003,Personal,2024-10-08,196906.13,16.23,60,811,Active,0
LN02058,CUST07842,BR024,Home,2025-12-07,426263.66,9.13,120,710,Closed,0
LN04238,CUST09135,BR024,Home,2024-11-30,492818.91,12.18,12,558,Closed,0
LN05414,CUST06671,BR002,Vehicle,2024-09-30,79102.15,12.89,120,410,Defaulted,1
LN01362,CUST09655,BR008,Personal,2026-06-19,454984.71,13.83,120,309,Active,0
LN02856,CUST09101,BR025,Education,2024-09-28,114296.88,10.13,120,626,Approved,0
LN03536,CUST04082,BR005,Personal,2026-01-17,173393.94,6.4,120,681,Defaulted,1
LN01530,CUST03598,BR039,Home,2025-02-01,181818.15,9.23,120,524,Closed,0
LN03825,CUST02817,BR005,Personal,2025-06-27,224679.95,16.44,60,843,Rejected,0
LN04501,CUST05305,BR038,Home,2025-12-31,258288.76,15.22,24,374,Rejected,0
LN05954,CUST03237,BR049,Education,2024-10-03,37874.84,10.82,12,578,Approved,0
LN01074,CUST09181,BR023,Personal,2026-03-11,419615.06,9.97,120,749,Approved,0
LN01408,CUST00954,BR017,Vehicle,2024-10-06,186432.09,12.66,36,546,Rejected,0
LN05018,CUST07766,BR027,Vehicle,2025-01-22,152079.58,12.62,36,334,Approved,0
LN04241,CUST03327,BR003,Education,2024-09-13,286221.66,12.25,36,834,Approved,0
LN00094,CUST05618,BR033,Education,2026-06-17,350749.5,9.92,60,506,Active,0
LN00389,CUST06799,BR032,Vehicle,2026-07-11,444102.6,15.88,36,430,Approved,0
LN03526,CUST09865,BR022,Home,2026-02-22,65689.12,9.25,24,713,Rejected,0
LN03853,CUST05103,BR033,Vehicle,2026-04-11,370614.13,9.82,60,568,Approved,0
LN05745,CUST07893,BR045,Home,2026-02-08,329015.05,6.25,36,368,Rejected,0
LN02056,CUST07693,BR019,Education,2025-11-14,164466.93,17.44,120,608,Closed,0
LN02166,CUST00593,BR048,Home,2025-08-03,349778.66,13.34,60,626,Closed,0
LN02072,CUST04917,BR005,Home,2026-08-20,51975.46,8.44,24,650,Approved,0
LN02935,CUST06218,BR029,Vehicle,2026-03-20,333150.18,7.22,60,738,Defaulted,1
LN01306,CUST02667,BR005,Education,2026-08-26,402339.47,13.4,120,498,Active,0
LN04428,CUST01756,BR045,Home,2026-01-24,267559.64,8.8,120,534,Active,0
LN01230,CUST01524,BR038,Education,2026-07-09,268482.11,11.42,24,377,Closed,0
LN02365,CUST03959,BR022,Vehicle,2025-09-12,68456.79,8.84,36,690,Active,0
LN01435,CUST07314,BR032,Education,2026-04-21,412218.12,7.41,24,737,Closed,0
LN03048,CUST00364,BR004,Vehicle,2024-10-24,439070.16,10.81,36,399,Defaulted,1
LN05868,CUST00001,BR020,Personal,2025-07-17,13897.55,15.84,12,423,Active,0
LN04581,CUST03783,BR024,Home,2025-03-01,497639.24,13.89,24,504,Rejected,0
LN03049,CUST04258,BR008,Education,2025-01-08,63195.94,13.13,120,642,Defaulted,1
LN03684,CUST02438,BR028,Vehicle,2025-11-04,466300.13,7.5,24,727,Closed,0
LN05247,CUST09974,BR036,Personal,2025-08-23,338456.83,11.23,36,464,Active,0
LN04271,CUST07972,BR040,Personal,2026-03-01,145666.55,13.92,12,406,Closed,0
LN01173,CUST00074,BR013,Home,2024-12-10,413660.83,12.18,60,767,Rejected,0
LN00126,CUST07858,BR031,Education,2026-05-03,66002.73,10.44,60,703,Active,0
LN00232,CUST05534,BR006,Personal,2026-08-25,68801.35,12.18,24,384,Approved,0
LN00884,CUST01917,BR016,Vehicle,2026-03-01,478708.97,12.47,12,813,Approved,0
LN01433,CUST09477,BR024,Vehicle,2026-01-06,144540.62,14.08,24,756,Active,0
LN03117,CUST02092,BR000,Home,2024-10-17,446614.8,16.41,60,588,Closed,0
LN02039,CUST01689,BR023,Home,2025-06-25,308363.38,6.04,12,719,Active,0
LN04546,CUST09793,BR049,Personal,2025-05-10,328294.66,12.43,12,537,Closed,0
LN00150,CUST01663,BR007,Education,2024-12-27,118398.54,8.22,12,795,Defaulted,1
LN03345,CUST08652,BR019,Vehicle,2025-04-19,211548.12,13.52,36,347,Rejected,0
LN03594,CUST03408,BR024,Vehicle,2026-02-18,57828.9,17.81,36,301,Active,0
LN03256,CUST07170,BR042,Personal,2026-03-06,26755.77,9.0,24,617,Active,0
LN03484,CUST02871,BR040,Home,2026-01-17,215361.49,12.26,24,521,Approved,0
LN00733,CUST07730,BR012,Vehicle,2025-06-29,407466.57,7.74,24,540,Rejected,0
LN03086,CUST02841,BR012,Education,2025-07-29,37454.28,16.81,12,383,Approved,0
LN00266,CUST08352,BR017,Education,2025-01-14,204999.07,15.23,36,451,Approved,0
LN03764,CUST01779,BR047,Education,2026-04-02,133354.79,6.05,120,681,Closed,0
LN03912,CUST01673,BR035,Education,2025-06-30,452130.91,16.4,60,646,Closed,0
LN04741,CUST09417,BR049,Personal,2026-06-10,18248.33,14.09,36,800,Rejected,0
LN04599,CUST06251,BR018,Vehicle,2025-11-03,169194.44,6.66,60,364,Approved,0
LN01967,CUST07843,BR004,Education,2026-08-14,125164.11,15.02,60,357,Active,0
LN00869,CUST02551,BR029,Vehicle,2025-08-15,174597.78,12.1,12,325,Rejected,0
LN05840,CUST01916,BR000,Vehicle,2025-12-08,43037.69,8.45,36,566,Approved,0
LN00877,CUST00224,BR033,Education,2026-08-02,405290.24,14.17,12,857,Active,0
LN01212,CUST01333,BR021,Personal,2024-12-15,331744.76,16.87,60,547,Closed,0
LN01899,CUST08636,BR012,Personal,2025-05-25,73300.12,10.96,24,369,Defaulted,1
LN01596,CUST06047,BR047,Vehicle,2026-04-20,186585.28,7.91,36,895,Rejected,0
LN01470,CUST05445,BR044,Education,2025-09-30,62089.85,8.67,12,401,Rejected,0
LN00164,CUST00663,BR017,Personal,2025-06-16,293678.91,13.58,36,760,Active,0
LN00787,CUST04143,BR020,Home,2025-09-12,330914.59,11.88,36,715,Closed,0
LN05231,CUST09316,BR039,Education,2026-04-02,356051.8,10.29,24,397,Closed,0
LN01724,CUST09472,BR045,Vehicle,2025-03-21,106816.45,13.0,36,703,Defaulted,1
LN00130,CUST08755,BR041,Personal,2024-10-02,115648.44,10.99,36,513,Rejected,0
LN03540,CUST08497,BR045,Education,2025-06-20,251665.8,7.64,12,580,Rejected,0
LN04932,CUST06854,BR008,Education,2024-09-17,174693.73,14.94,120,581,Closed,0
LN05823,CUST06080,BR000,Vehicle,2025-10-16,78422.82,12.22,60,371,Defaulted,1
LN05273,CUST03096,BR008,Home,2026-06-19,43702.52,14.21,36,832,Approved,0
LN03804,CUST05283,BR003,Home,2025-11-14,43777.02,8.53,24,833,Defaulted,1
LN00517,CUST07400,BR005,Personal,2025-04-01,304670.14,10.1,120,404,Defaulted,1
LN03896,CUST06038,BR016,Home,2025-02-26,308469.1,16.36,24,487,Closed,0
LN02490,CUST00597,BR019,Personal,2025-01-05,275597.34,14.42,120,387,Defaulted,1
LN03012,CUST01708,BR023,Education,2025-11-19,100422.17,10.69,12,673,Active,0
LN05198,CUST05402,BR041,Home,2026-06-26,268446.11,14.28,120,684,Rejected,0
LN00060,CUST07989,BR034,Home,2024-10-11,142877.11,7.43,36,451,Closed,0
LN01368,CUST07827,BR028,Education,2026-02-12,264019.7,6.18,24,640,Closed,0
LN00604,CUST02105,BR031,Personal,2026-07-11,50352.97,15.29,36,553,Rejected,0
LN04856,CUST07478,BR026,Personal,2025-11-19,275903.05,8.25,120,648,Rejected,0
LN00153,CUST07392,BR000,Personal,2025-03-18,72436.18,16.01,120,838,Rejected,0
LN02913,CUST05906,BR038,Home,2025-02-11,309650.48,6.85,60,639,Rejected,0
LN02648,CUST03830,BR012,Home,2025-10-13,216952.42,15.87,24,761,Rejected,0
LN00047,CUST06235,BR001,Education,2025-02-22,174985.78,6.22,120,625,Closed,0
LN01593,CUST02720,BR007,Vehicle,2026-01-07,163602.89,16.46,12,822,Rejected,0
LN01752,CUST09235,BR023,Personal,2025-07-27,287910.63,12.42,120,659,Active,0
LN03852,CUST01637,BR005,Personal,2024-12-08,50404.46,12.08,12,358,Approved,0
LN05890,CUST07264,BR007,Vehicle,2025-05-28,277153.43,12.18,60,576,Approved,0
LN00580,CUST05301,BR006,Home,2026-08-07,383716.22,15.83,36,428,Rejected,0
LN00995,CUST08554,BR030,Personal,2025-02-09,86281.3,10.53,36,458,Rejected,0
LN01610,CUST09078,BR000,Home,2024-11-17,22085.21,12.76,60,489,Closed,0
LN04354,CUST99999,BR025,Home,2025-01-15,419137.3,8.95,60,423,Approved,0
LN00342,CUST05596,BR013,Education,2024-10-20,231977.23,15.56,60,410,Closed,0
LN00928,CUST02898,BR042,Personal,2025-09-22,75883.95,16.22,60,699,Defaulted,1
LN03034,CUST04494,BR046,Home,2025-11-05,345426.77,11.84,36,886,Active,0
LN00066,CUST00995,BR049,Education,2025-06-29,330209.58,15.29,24,428,Active,0
LN03644,CUST09729,BR017,Vehicle,2024-12-22,312128.04,14.55,60,378,Rejected,0
LN03501,CUST00614,BR031,Education,2024-09-13,103733.66,15.99,12,845,Active,0
LN05708,CUST09297,BR046,Vehicle,2025-04-22,309026.64,14.28,12,880,Approved,0
LN02406,CUST02757,BR045,Home,2024-11-20,58833.96,7.29,120,697,Closed,0
LN05370,CUST01141,BR005,Vehicle,2026-01-23,55526.71,7.32,60,592,Rejected,0
LN04869,CUST01810,BR048,Education,2025-07-24,203611.19,16.44,60,553,Rejected,0
LN03279,CUST00674,BR033,Personal,2024-12-24,47686.21,12.57,24,471,Rejected,0
LN02473,CUST05432,BR011,Personal,2024-11-25,285723.98,11.06,120,805,Rejected,0
LN05624,CUST09381,BR048,Home,2026-07-11,392301.22,11.8,120,369,Rejected,0
LN00685,CUST04809,BR015,Personal,2025-07-04,94474.11,11.75,24,667,Closed,0
LN00041,CUST08792,BR006,Personal,2025-01-10,393055.47,13.8,36,337,Defaulted,1
LN05021,CUST05919,BR048,Home,2026-03-11,254192.43,14.63,60,326,Closed,0
LN01233,CUST05136,BR024,Education,2026-06-08,402159.18,7.93,36,737,Approved,0
LN03618,CUST04769,BR002,Personal,2024-09-24,276334.72,10.68,36,513,Rejected,0
LN05504,CUST08536,BR045,Personal,2025-12-07,169042.4,9.86,60,479,Active,0
LN05264,CUST09401,BR014,Home,2026-05-28,284494.35,6.95,120,726,Closed,0
LN01686,CUST03714,BR001,Vehicle,2025-03-11,261234.37,13.15,24,702,Defaulted,1
LN01049,CUST09146,BR012,Personal,2026-05-19,295605.99,11.47,60,818,Rejected,0
LN00246,CUST02255,BR035,Education,2025-05-04,318539.6,10.88,36,399,Closed,0
LN01144,CUST04566,BR013,Vehicle,2025-09-24,468272.65,10.06,12,443,Rejected,0
LN04550,CUST05552,BR002,Vehicle,2024-10-19,471804.34,6.65,24,681,Closed,0
LN01236,CUST00060,BR004,Personal,2025-09-24,116567.33,11.15,60,496,Rejected,0
LN01148,CUST01279,BR028,Education,2024-11-19,309539.7,15.41,120,635,Active,0
LN01283,CUST04430,BR014,Personal,2025-03-13,291472.54,15.85,36,421,Rejected,0
LN05720,CUST07951,BR012,Vehicle,2025-04-01,135782.29,15.36,12,567,Active,0
LN01782,CUST00891,BR044,Personal,2026-07-08,178988.15,9.26,12,406,Rejected,0
LN01674,CUST00955,BR015,Home,2026-01-17,366348.74,12.97,60,553,Defaulted,1
LN02274,CUST07527,BR008,Personal,2025-10-25,70142.63,13.54,60,728,Rejected,0
LN02738,CUST07156,BR017,Home,2024-10-06,397153.66,12.18,24,581,Defaulted,1
LN04588,CUST01716,BR047,Vehicle,2026-04-07,59736.89,9.77,12,506,Approved,0
LN02341,CUST01124,BR014,Personal,2024-11-06,386923.29,7.96,36,554,Active,0
LN02590,CUST07329,BR002,Vehicle,2026-08-31,437951.03,10.15,12,818,Defaulted,1
LN01632,CUST00207,BR046,Education,2024-12-30,140215.72,10.28,60,463,Approved,0
LN01845,CUST05592,BR047,Personal,2025-08-26,125124.8,10.81,36,526,Active,0
LN01827,CUST07761,BR016,Home,2026-08-15,394409.97,10.61,60,624,Active,0
LN05728,CUST02550,BR033,Home,2025-07-01,363131.42,12.73,12,729,Approved,0
LN01373,CUST07274,BR036,Education,2026-04-23,349525.48,8.73,24,813,Approved,0
LN05978,CUST08044,BR046,Personal,2026-07-16,332516.73,9.53,24,764,Defaulted,1
LN03941,CUST00204,BR049,Personal,2026-07-30,140931.57,7.66,60,376,Defaulted,1
LN02846,CUST00331,BR030,Education,2025-11-27,115286.88,7.63,120,468,Approved,0
LN00925,CUST06941,BR013,Personal,2025-12-20,325036.29,16.27,36,707,Active,0
LN05184,CUST09121,BR048,Vehicle,2025-02-14,475664.38,9.49,120,496,Defaulted,1
LN00272,CUST03987,BR013,Education,2025-02-19,154948.55,14.16,60,714,Rejected,0
LN04658,CUST06169,BR013,Personal,2025-10-31,397850.98,10.99,60,809,Closed,0
LN04431,CUST01647,BR033,Vehicle,2026-05-22,422103.54,13.03,12,671,Active,0
LN00189,CUST05791,BR006,Education,2026-07-08,105024.63,6.77,12,548,Approved,0
LN03300,CUST09889,BR018,Personal,2026-02-18,272202.32,9.87,12,801,Rejected,0
LN01238,CUST01639,BR037,Vehicle,2025-11-30,480323.28,12.18,36,665,Rejected,0
LN01557,CUST07725,BR008,Vehicle,2025-12-10,55674.82,15.95,60,393,Active,0
LN05024,CUST06638,BR044,Education,2024-09-16,185681.01,8.66,24,464,Active,0
LN00994,CUST00345,BR040,Home,2025-03-19,76335.51,16.96,12,667,Closed,0
LN05727,CUST08633,BR024,Vehicle,2026-07-27,392711.13,10.38,60,486,Rejected,0
LN05094,CUST05162,BR024,Vehicle,2026-07-06,123909.83,9.06,36,455,Active,0
LN00510,CUST08787,BR038,Vehicle,2025-04-28,65641.73,12.06,60,890,Closed,0
LN00788,CUST03644,BR049,Personal,2025-12-26,441252.27,17.61,60,859,Approved,0
LN05843,CUST06464,BR049,Education,2026-09-07,216710.61,14.71,36,366,Defaulted,1
LN02564,CUST06530,BR034,Home,2026-08-12,485090.31,8.68,120,706,Closed,0
LN03755,CUST07071,BR019,Education,2025-10-17,416679.38,13.76,24,603,Closed,0
LN05090,CUST06331,BR012,Education,2026-08-23,458914.0,16.95,36,677,Active,0
LN05632,CUST01894,BR031,Personal,2024-11-04,393367.72,16.55,36,311,Closed,0
LN03875,CUST06121,BR044,Education,2025-03-30,-38451.04,8.15,12,672,Active,0
LN00986,CUST00094,BR015,Home,2025-03-01,446306.88,12.37,60,460,Approved,0
LN00292,CUST09151,BR006,Personal,2024-10-27,494700.24,8.53,36,616,Defaulted,1
LN01941,CUST08853,BR001,Home,2025-05-17,208281.15,9.94,12,471,Approved,0
LN04989,CUST02669,BR028,Education,2025-12-07,123743.02,15.29,60,568,Defaulted,1
LN04497,CUST01251,BR013,Vehicle,2025-06-05,416757.29,16.05,60,360,Active,0
LN04453,CUST05048,BR049,Vehicle,2025-07-12,139804.52,10.97,36,361,Active,0
LN05703,CUST09216,BR011,Home,2024-11-22,279461.32,15.81,60,797,Defaulted,1
LN00117,CUST09062,BR015,Vehicle,2026-08-27,167943.32,10.93,12,535,Rejected,0
LN03365,CUST05939,BR027,Personal,2024-12-01,337200.45,14.03,120,661,Rejected,0
LN00058,CUST01021,BR018,Education,2025-04-01,126031.04,15.28,36,511,Defaulted,1
LN00257,CUST02557,BR019,Education,2024-10-31,250398.75,9.49,60,481,Active,0
LN05155,CUST00920,BR025,Education,2026-03-30,214173.39,15.13,12,423,Approved,0
LN03471,CUST03008,BR048,Home,2025-01-30,300497.48,16.94,120,670,Approved,0
LN04345,CUST00186,BR000,Home,2026-01-16,196775.75,17.0,36,338,Approved,0
LN00770,CUST05124,BR018,Vehicle,2026-02-05,436923.72,11.49,36,791,Closed,0
LN04364,CUST99999,BR038,Home,2025-05-23,166650.89,10.7,24,578,Active,0
LN00139,CUST04636,BR027,Home,2026-07-20,286991.59,10.19,120,749,Approved,0
LN05425,CUST06040,BR000,Home,2025-12-05,267829.58,10.81,24,628,Approved,0
LN04200,CUST05162,BR001,Home,2026-05-06,291574.61,6.76,120,898,Approved,0
LN03444,CUST02787,BR011,Home,2025-12-20,312692.85,10.22,120,361,Defaulted,1
LN04374,CUST06855,BR025,Personal,2025-10-15,361421.58,14.9,120,765,Defaulted,1
LN03188,CUST06468,BR000,Personal,2025-12-22,248034.22,12.7,36,679,Rejected,0
LN00209,CUST02511,BR023,Education,2026-07-20,388117.37,6.12,36,523,Closed,0
LN01602,CUST07833,BR017,Home,2024-10-31,124697.34,7.97,24,430,Rejected,0
LN01020,CUST01645,BR005,Education,2025-01-13,496044.04,10.58,12,785,Defaulted,1
LN04810,CUST08622,BR016,Home,2024-11-20,137359.07,9.39,120,548,Defaulted,1
LN01953,CUST05016,BR023,Education,2025-09-12,164197.6,12.75,36,526,Rejected,0
LN03339,CUST09744,BR010,Vehicle,2025-06-03,439997.32,17.35,60,680,Approved,0
LN04701,CUST03854,BR033,Education,2025-07-26,453934.07,12.91,60,893,Rejected,0
LN04873,CUST06364,BR025,Personal,2026-07-07,175676.73,16.41,24,717,Approved,0
LN05800,CUST05882,BR009,Home,2026-02-20,488136.77,15.49,24,523,Closed,0
LN04357,CUST06139,BR015,Education,2024-10-12,332160.97,8.29,60,875,Rejected,0
LN01348,CUST04388,BR018,Home,2025-08-14,463844.91,8.97,12,317,Active,0
LN05887,CUST01067,BR010,Personal,2026-08-05,78612.59,6.53,12,442,Rejected,0
LN03149,CUST07480,BR016,Vehicle,2024-11-04,241318.14,13.4,120,793,Active,0
LN00256,CUST08445,BR006,Personal,2026-06-03,429586.67,11.03,24,793,Approved,0
LN03795,CUST04426,BR045,Vehicle,2026-03-11,246580.57,7.47,120,495,Closed,0
LN03566,CUST02800,BR046,Vehicle,2025-12-14,280373.29,17.2,36,396,Active,0
LN04571,CUST00090,BR022,Personal,2025-01-15,497090.37,8.76,120,706,Active,0
LN00269,CUST04493,BR027,Vehicle,2026-07-17,70730.21,17.3,60,763,Closed,0
LN01122,CUST05619,BR000,Home,2025-04-13,131782.64,16.8,12,619,Approved,0
LN03438,CUST05722,BR035,Home,2025-04-20,84289.21,11.64,36,441,Closed,0
LN03338,CUST00232,BR034,Personal,2026-06-05,386680.05,7.8,12,834,Approved,0
LN03051,CUST01863,BR002,Education,2025-07-27,93669.73,16.18,60,312,Approved,0
LN03223,CUST01316,BR008,Education,2026-08-07,188605.47,15.73,24,404,Defaulted,1
LN03733,CUST02642,BR002,Home,2026-05-03,302866.64,14.84,24,818,Rejected,0
LN04120,CUST08490,BR041,Home,2026-06-21,336710.47,12.62,120,323,Rejected,0
LN01928,CUST03683,BR015,Home,2026-05-21,273743.85,6.13,36,776,Active,0
LN02523,CUST01749,BR038,Vehicle,2026-06-18,333401.28,17.1,60,306,Active,0
LN01262,CUST05895,BR008,Vehicle,2026-08-14,51136.31,14.6,120,777,Active,0
LN05190,CUST01283,BR006,Education,2024-12-27,192736.74,11.68,24,874,Rejected,0
LN00329,CUST03863,BR038,Vehicle,2026-05-28,34153.08,6.81,24,634,Closed,0
LN00745,CUST07941,BR019,Personal,2025-05-02,147961.39,10.01,60,827,Rejected,0
LN05686,CUST06414,BR033,Vehicle,2025-11-26,148378.12,13.76,60,401,Active,0
LN04783,CUST06782,BR000,Personal,2025-01-09,126957.55,13.8,60,802,Rejected,0
LN01165,CUST07368,BR041,Home,2025-05-22,232904.24,17.87,60,892,Approved,0
LN02931,CUST07069,BR039,Home,2024-10-29,135933.05,10.91,36,419,Active,0
LN00490,CUST08867,BR032,Personal,2026-07-24,411829.09,12.24,60,616,Rejected,0
LN02105,CUST05175,BR039,Home,2025-12-28,102210.24,15.21,12,406,Closed,0
LN03050,CUST03119,BR001,Personal,2025-08-15,397949.12,9.45,12,825,Approved,0
LN02692,CUST04757,BR011,Personal,2026-01-08,362441.57,6.04,120,575,Rejected,0
LN05454,CUST07966,BR003,Personal,2026-05-27,193245.43,13.11,120,589,Defaulted,1
LN00113,CUST01028,BR036,Vehicle,2025-01-12,315481.58,14.15,24,365,Defaulted,1
LN01186,CUST04263,BR044,Education,2025-09-19,302364.82,15.79,36,627,Defaulted,1
LN00238,CUST02049,BR035,Home,2025-09-22,17266.78,8.0,24,891,Defaulted,1
LN00528,CUST07266,BR014,Education,2026-03-19,248845.83,16.77,24,608,Active,0
LN04294,CUST07542,BR002,Personal,2024-09-28,292117.54,17.13,120,660,Rejected,0
LN05979,CUST00912,BR006,Home,2025-09-11,70838.49,9.31,120,793,Active,0
LN02671,CUST07418,BR039,Personal,2026-05-11,392311.19,9.91,60,603,Approved,0
LN00700,CUST00249,BR028,Home,2026-09-08,297809.72,8.87,12,891,Rejected,0
LN05545,CUST07533,BR005,Vehicle,2026-06-02,417914.22,8.01,12,471,Active,0
LN00030,CUST02734,BR042,Vehicle,2025-11-05,95748.45,16.02,12,865,Defaulted,1
LN02616,CUST03348,BR037,Personal,2025-03-25,95972.94,9.54,24,849,Closed,0
LN04171,CUST07845,BR033,Education,2025-06-14,87019.41,16.84,60,543,Defaulted,1
LN02862,CUST01628,BR025,Education,2026-08-18,208560.63,9.82,12,513,Closed,0
LN02323,CUST02159,BR005,Home,2025-08-17,48273.75,9.35,12,350,Closed,0
LN02816,CUST03629,BR046,Personal,2026-04-13,176755.53,6.64,36,627,Closed,0
LN05785,CUST03779,BR038,Vehicle,2026-02-16,64112.84,9.83,36,854,Rejected,0
LN01730,CUST07029,BR039,Education,2026-02-18,325678.29,10.78,120,452,Defaulted,1
LN00591,CUST08647,BR018,Personal,2024-11-26,321162.04,14.26,12,865,Closed,0
LN04082,CUST00922,BR043,Personal,2024-09-20,221916.85,15.03,36,443,Defaulted,1
LN03189,CUST09080,BR046,Education,2026-08-02,255607.83,6.03,12,806,Closed,0
LN03783,CUST05694,BR040,Personal,2025-01-01,369601.68,16.29,12,408,Approved,0
LN01850,CUST07117,BR045,Home,2025-11-01,173582.61,10.09,120,422,Rejected,0
LN05447,CUST05254,BR035,Education,2026-06-21,183457.83,14.09,36,412,Approved,0
LN03742,CUST02461,BR036,Home,2025-11-29,15197.64,10.04,12,527,Closed,0
LN02920,CUST01829,BR023,Vehicle,2025-06-15,149595.43,6.27,60,572,Rejected,0
LN02641,CUST00155,BR024,Personal,2026-06-19,367546.53,6.78,120,466,Closed,0
LN05131,CUST01893,BR016,Vehicle,2026-05-01,344133.53,17.84,60,723,Active,0
LN04182,CUST01448,BR033,Home,2025-10-11,64866.76,7.24,12,637,Approved,0
LN03932,CUST08640,BR022,Vehicle,2026-05-18,404321.16,9.37,12,483,Active,0
LN00336,CUST01409,BR033,Personal,2025-06-10,457769.25,17.53,120,397,Approved,0
LN01332,CUST03511,BR026,Education,2026-04-12,356280.25,16.82,120,780,Active,0
LN04905,CUST01161,BR045,Home,2026-02-01,63155.82,13.85,12,531,Active,0
LN04518,CUST09590,BR009,Education,2024-12-07,104281.41,9.58,12,425,Closed,0
LN03199,CUST04523,BR046,Personal,2026-04-05,160892.42,16.39,12,357,Active,0
LN04600,CUST04939,BR035,Education,2026-06-09,263353.69,13.57,24,798,Rejected,0
LN05520,CUST04476,BR007,Vehicle,2024-11-25,321788.31,16.71,36,576,Rejected,0
LN01944,CUST07622,BR037,Home,2025-04-02,233382.47,14.69,12,589,Active,0
LN05388,CUST06893,BR035,Vehicle,2025-03-20,400517.64,12.32,24,340,Rejected,0
LN00513,CUST04492,BR041,Home,2024-11-27,383799.18,16.49,120,561,Active,0
LN03055,CUST99999,BR041,Vehicle,2025-05-30,208511.78,10.86,120,405,Approved,0
LN02587,CUST03604,BR002,Education,2025-03-01,35261.89,8.65,36,689,Defaulted,1
LN03286,CUST04979,BR001,Vehicle,2025-10-21,43964.97,7.35,60,530,Closed,0
LN03721,CUST03554,BR032,Personal,2026-07-17,-362716.85,9.63,60,517,Approved,0
LN02618,CUST03831,BR036,Education,2026-06-18,445331.54,15.51,36,620,Defaulted,1
LN01751,CUST09508,BR031,Home,2026-04-11,234375.61,14.49,36,477,Defaulted,1
LN02776,CUST07815,BR044,Education,2025-08-08,35505.68,13.48,12,793,Rejected,0
LN02850,CUST05054,BR014,Education,2025-07-14,432503.3,6.62,60,652,Defaulted,1
LN05302,CUST05515,BR028,Vehicle,2024-12-25,463145.1,11.21,12,836,Closed,0
LN02793,CUST04650,BR040,Home,2025-01-15,369712.42,15.53,36,788,Active,0
LN01524,CUST06446,BR027,Education,2025-11-04,309266.76,16.68,24,519,Closed,0
LN01343,CUST01165,BR025,Home,2025-07-17,218789.08,6.26,24,319,Defaulted,1
LN03972,CUST03816,BR031,Education,2026-09-03,152628.65,16.75,24,752,Closed,0
LN04822,CUST01902,BR020,Home,2024-09-14,469518.22,8.82,60,584,Closed,0
LN00388,CUST07987,BR045,Education,2025-02-21,171276.99,17.89,24,508,Approved,0
LN04377,CUST09421,BR046,Personal,2026-02-24,12156.79,15.18,120,583,Rejected,0
LN02195,CUST00078,BR036,Personal,2025-02-19,329817.63,10.31,60,460,Closed,0
LN05101,CUST09241,BR000,Home,2026-01-30,370423.52,14.48,24,344,Active,0
LN00163,CUST03748,BR019,Education,2025-07-15,436351.67,7.34,36,817,Closed,0
LN05509,CUST07237,BR048,Education,2024-12-03,311927.75,7.61,24,874,Closed,0
LN02866,CUST06401,BR008,Personal,2026-05-02,170871.27,8.76,36,696,Approved,0
LN04995,CUST04427,BR011,Personal,2026-01-20,34147.3,14.0,60,520,Approved,0
LN02787,CUST04796,BR046,Education,2025-04-25,281744.53,8.68,36,713,Active,0
LN03185,CUST09009,BR007,Personal,2025-10-16,339274.06,11.73,120,631,Rejected,0
LN02325,CUST02547,BR037,Personal,2025-05-01,270875.36,11.78,12,768,Approved,0
LN04369,CUST01666,BR034,Education,2024-11-23,482763.33,10.97,120,886,Rejected,0
LN01996,CUST03374,BR001,Vehicle,2026-01-12,26444.0,15.58,12,539,Rejected,0
LN05502,CUST01462,BR009,Education,2024-09-25,291192.76,10.2,36,774,Rejected,0
LN03564,CUST00152,BR002,Vehicle,2026-02-18,260317.66,6.14,24,553,Defaulted,1
LN04199,CUST07226,BR008,Education,2025-07-06,398367.71,10.24,36,630,Rejected,0
LN05685,CUST09797,BR039,Personal,2025-07-10,10561.52,12.18,12,392,Rejected,0
LN00966,CUST02204,BR029,Personal,2025-02-19,361250.23,8.27,24,365,Defaulted,1
LN04884,CUST03121,BR047,Home,2025-06-08,181869.08,15.38,60,474,Rejected,0
LN00377,CUST03051,BR037,Vehicle,2026-06-19,330610.1,13.75,60,872,Approved,0
LN05527,CUST08334,BR018,Personal,2025-08-13,257825.07,15.37,24,532,Defaulted,1
LN03878,CUST07024,BR031,Home,2026-07-25,347320.57,7.56,24,564,Defaulted,1
LN01265,CUST05604,BR029,Home,2026-07-08,477291.66,17.29,120,602,Approved,0
LN05743,CUST02659,BR030,Personal,2026-04-15,366275.44,8.84,12,458,Rejected,0
LN03446,CUST09653,BR010,Education,2026-08-30,473129.11,12.18,36,402,Defaulted,1
LN02660,CUST00948,BR016,Education,2025-07-28,337127.54,8.72,60,693,Closed,0
LN04416,CUST08347,BR017,Personal,2026-03-03,201375.43,13.02,60,766,Active,0
LN00440,CUST07390,BR028,Personal,2026-07-09,326934.77,17.97,24,632,Active,0
LN04473,CUST99999,BR029,Home,2025-11-30,251947.05,13.1,12,850,Closed,0
LN05402,CUST02938,BR030,Personal,2025-06-02,165373.51,15.16,36,531,Approved,0
LN02976,CUST01439,BR039,Vehicle,2026-09-04,495549.56,17.65,12,619,Rejected,0
LN05179,CUST06106,BR042,Vehicle,2026-06-29,415773.17,12.21,36,827,Rejected,0
LN03475,CUST03786,BR046,Home,2026-05-15,338054.3,11.74,36,675,Approved,0
LN04044,CUST00990,BR002,Home,2024-11-11,25776.25,14.12,120,838,Active,0
LN03052,CUST00115,BR027,Education,2025-09-19,-27986.91,7.81,36,471,Active,0
LN03003,CUST02567,BR000,Vehicle,2025-01-18,173054.22,17.17,24,855,Approved,0
LN02542,CUST05546,BR032,Education,2024-12-24,241626.38,9.27,36,559,Rejected,0
LN01739,CUST09847,BR048,Personal,2025-05-05,184521.81,14.77,120,642,Closed,0
LN04488,CUST09765,BR034,Personal,2025-10-22,122663.33,17.16,60,647,Rejected,0
LN03429,CUST03583,BR033,Education,2026-06-19,51154.86,12.69,120,453,Rejected,0
LN05096,CUST02035,BR029,Education,2025-11-11,226242.45,10.66,60,352,Rejected,0
LN03615,CUST02535,BR041,Vehicle,2026-05-27,224942.76,9.66,36,640,Active,0
LN01990,CUST02817,BR037,Personal,2025-12-24,75443.55,10.45,24,629,Active,0
LN01366,CUST07878,BR015,Home,2024-09-24,22081.47,7.17,120,426,Approved,0
LN05085,CUST07269,BR006,Home,2025-03-16,306915.58,8.35,24,656,Rejected,0
LN03102,CUST03747,BR003,Vehicle,2025-09-05,427730.21,16.47,120,598,Active,0
LN00924,CUST06413,BR037,Personal,2026-05-22,343137.71,12.18,12,421,Rejected,0
LN02434,CUST01431,BR000,Vehicle,2026-09-06,413042.65,7.72,12,412,Defaulted,1
LN01626,CUST09905,BR045,Personal,2026-05-19,247003.42,13.35,60,392,Defaulted,1
LN01036,CUST04212,BR045,Home,2026-02-26,398945.74,17.53,120,588,Rejected,0
LN01690,CUST03591,BR042,Personal,2025-11-28,321808.71,10.05,12,543,Active,0
LN03191,CUST05276,BR040,Personal,2024-12-25,299145.77,7.67,12,877,Approved,0
LN05088,CUST08362,BR013,Personal,2025-06-17,170895.1,12.59,120,877,Approved,0
LN01822,CUST03173,BR004,Education,2026-01-24,445270.8,11.17,12,303,Closed,0
LN01722,CUST05897,BR038,Vehicle,2025-02-02,223781.79,13.8,24,537,Rejected,0
LN01510,CUST00038,BR045,Home,2026-06-20,211860.24,13.52,12,525,Closed,0
LN00345,CUST00537,BR035,Education,2026-01-22,136292.63,11.16,36,329,Rejected,0
LN03147,CUST01556,BR000,Personal,2025-11-11,431117.07,7.74,12,570,Active,0
LN02655,CUST05925,BR015,Home,2024-09-09,400986.37,16.12,36,646,Defaulted,1
LN01650,CUST02356,BR046,Personal,2026-08-18,304641.1,8.81,36,815,Closed,0
LN03953,CUST00192,BR030,Education,2026-04-24,-237031.16,11.64,60,589,Approved,0
LN04263,CUST02411,BR011,Personal,2025-02-11,346926.5,13.86,120,820,Closed,0
LN02235,CUST09832,BR003,Home,2026-03-13,266900.13,17.46,24,844,Approved,0
LN01789,CUST06812,BR021,Home,2025-11-14,28215.89,12.12,120,552,Defaulted,1
LN04388,CUST03416,BR028,Personal,2025-10-01,174210.89,14.47,120,816,Defaulted,1
LN00465,CUST01066,BR049,Education,2025-04-02,309953.41,10.47,60,430,Rejected,0
LN00936,CUST09510,BR010,Home,2026-02-09,297148.02,17.21,60,418,Rejected,0
LN01989,CUST05291,BR026,Home,2025-05-16,169774.55,6.25,12,644,Rejected,0
LN04647,CUST07962,BR027,Vehicle,2026-05-10,196948.57,12.18,36,785,Closed,0
LN01589,CUST06731,BR038,Home,2026-07-07,102984.14,13.71,36,745,Active,0
LN05313,CUST09906,BR029,Home,2025-06-24,131116.71,7.58,36,478,Active,0
LN02068,CUST04259,BR038,Education,2026-09-08,29504.78,6.79,12,323,Closed,0
LN01893,CUST01286,BR020,Vehicle,2026-01-19,238825.81,16.14,60,676,Closed,0
LN00214,CUST06546,BR005,Personal,2025-01-24,391413.85,11.15,36,881,Closed,0
LN04067,CUST05455,BR009,Vehicle,2024-10-14,96845.74,17.16,12,545,Closed,0
LN04020,CUST99999,BR002,Personal,2025-03-15,151344.59,11.97,24,533,Active,0
LN03919,CUST03453,BR001,Home,2026-02-21,33781.39,16.32,36,896,Defaulted,1
LN04004,CUST00634,BR030,Home,2025-01-01,439349.41,16.42,60,508,Rejected,0
LN00885,CUST04234,BR014,Home,2025-01-04,108708.78,7.06,36,806,Closed,0
LN02488,CUST09086,BR008,Education,2025-12-15,305337.6,15.97,36,316,Approved,0
LN04341,CUST00226,BR045,Personal,2026-08-04,337098.65,15.68,120,786,Rejected,0
LN03325,CUST05345,BR008,Education,2026-09-03,231525.83,8.57,12,378,Approved,0
LN01042,CUST08577,BR019,Education,2026-05-01,179823.21,12.48,24,521,Rejected,0
LN05548,CUST05730,BR000,Vehicle,2025-05-04,126812.3,9.26,36,563,Approved,0
LN05770,CUST09271,BR035,Personal,2025-03-10,394000.06,16.05,36,301,Active,0
LN04093,CUST00203,BR012,Vehicle,2025-04-28,19662.67,9.43,12,487,Rejected,0
LN02157,CUST04795,BR015,Education,2025-01-08,497804.91,7.12,60,811,Active,0
LN03640,CUST07256,BR034,Home,2025-04-18,238341.72,16.52,12,452,Approved,0
LN00017,CUST01184,BR044,Personal,2024-10-02,493228.35,12.18,120,853,Defaulted,1
LN04159,CUST05741,BR002,Personal,2026-05-09,133889.74,17.96,24,367,Rejected,0
LN04192,CUST09941,BR027,Education,2026-05-10,343041.18,12.83,24,475,Rejected,0
LN04785,CUST09549,BR038,Home,2026-09-02,253155.24,6.94,36,431,Rejected,0
LN04329,CUST07692,BR001,Vehicle,2025-10-28,173985.85,13.32,60,871,Defaulted,1
LN03858,CUST02068,BR030,Home,2026-03-02,113675.25,8.38,12,814,Closed,0
LN00846,CUST09504,BR049,Home,2026-06-15,306646.18,8.91,36,572,Defaulted,1
LN03059,CUST02490,BR033,Education,2026-07-09,361189.67,11.74,24,548,Closed,0
LN01014,CUST03368,BR039,Personal,2025-12-23,407226.23,11.77,36,699,Approved,0
LN04649,CUST09968,BR005,Home,2026-06-01,464607.84,13.38,12,704,Closed,0
LN02763,CUST02007,BR035,Vehicle,2025-09-28,409108.9,17.04,120,361,Rejected,0
LN03178,CUST99999,BR047,Education,2024-10-13,406547.82,16.68,36,812,Defaulted,1
LN04402,CUST01996,BR034,Education,2024-12-27,257614.31,7.16,120,571,Defaulted,1
LN04993,CUST04769,BR000,Education,2026-01-25,99151.29,16.5,24,639,Closed,0
LN04835,CUST04815,BR041,Home,2024-11-16,130443.89,13.84,120,449,Rejected,0
LN04528,CUST08002,BR025,Education,2025-11-28,283348.39,14.6,120,691,Active,0
LN05468,CUST02597,BR039,Vehicle,2025-02-01,344694.45,6.23,120,767,Closed,0
LN03434,CUST04967,BR043,Home,2026-09-05,338652.57,12.63,120,724,Active,0
LN00756,CUST06090,BR002,Vehicle,2025-08-17,451425.27,13.79,120,630,Rejected,0
LN03528,CUST03156,BR004,Personal,2026-08-25,426894.92,17.14,12,518,Rejected,0
LN05311,CUST04270,BR016,Vehicle,2026-06-09,91705.33,13.41,12,400,Approved,0
LN05182,CUST05867,BR023,Vehicle,2025-05-04,483954.77,12.49,120,870,Rejected,0
LN04107,CUST00689,BR003,Vehicle,2026-04-05,381954.57,16.06,120,420,Closed,0
LN03815,CUST07786,BR033,Education,2025-08-23,353322.34,9.73,60,640,Closed,0
LN05835,CUST01910,BR036,Personal,2024-12-04,41804.28,8.94,12,639,Active,0
LN04955,CUST09036,BR013,Education,2025-02-22,33593.89,11.68,60,751,Approved,0
LN03194,CUST04728,BR038,Vehicle,2025-12-28,187740.96,9.62,60,785,Active,0
LN03761,CUST01818,BR001,Vehicle,2025-11-14,471492.42,12.62,24,309,Defaulted,1
LN01290,CUST01500,BR005,Education,2025-08-23,67106.86,13.73,120,551,Closed,0
LN05797,CUST02964,BR013,Education,2024-10-11,461720.61,10.99,60,645,Rejected,0
LN03316,CUST04402,BR041,Vehicle,2026-03-09,382807.2,13.69,120,721,Active,0
LN03812,CUST00489,BR005,Personal,2026-01-23,39579.26,9.21,12,688,Active,0
LN04452,CUST07117,BR023,Home,2025-08-09,96272.85,12.18,24,815,Defaulted,1
LN04672,CUST07658,BR013,Education,2024-12-22,169565.94,7.91,36,748,Rejected,0
LN01487,CUST02752,BR030,Home,2026-08-25,119276.19,12.01,24,329,Closed,0
LN05477,CUST01248,BR032,Education,2024-10-07,-417412.08,14.04,120,470,Approved,0
LN04675,CUST02466,BR031,Personal,2025-07-24,256298.17,8.45,120,867,Defaulted,1
LN03940,CUST00238,BR013,Personal,2026-08-21,114719.36,7.38,60,367,Closed,0
LN02397,CUST08266,BR042,Personal,2026-02-17,411524.66,9.93,12,456,Active,0
LN04736,CUST01447,BR030,Vehicle,2026-05-19,423306.42,10.0,36,381,Closed,0
LN03187,CUST02437,BR017,Personal,2025-01-01,134848.25,11.41,36,428,Closed,0
LN02830,CUST03052,BR012,Home,2026-05-05,485935.15,14.11,60,579,Active,0
LN00883,CUST01828,BR036,Education,2025-07-02,336048.35,12.58,24,551,Closed,0
LN05218,CUST00692,BR049,Vehicle,2025-08-11,426721.61,16.42,120,563,Rejected,0
LN01761,CUST09227,BR005,Personal,2025-10-02,228522.98,16.42,60,521,Approved,0
LN00381,CUST04869,BR027,Education,2026-04-16,269056.07,16.52,12,669,Approved,0
LN00178,CUST03696,BR017,Home,2026-02-18,188177.6,17.32,60,708,Rejected,0
LN02423,CUST05105,BR046,Education,2024-12-26,48156.33,9.76,24,865,Active,0
LN05532,CUST00787,BR000,Vehicle,2025-05-12,173667.19,16.22,36,859,Active,0
LN04243,CUST02259,BR009,Education,2025-05-24,401946.74,12.11,36,898,Defaulted,1
LN05761,CUST01128,BR005,Vehicle,2025-10-18,181598.94,17.05,60,481,Closed,0
LN05682,CUST03569,BR014,Home,2025-03-11,39239.11,11.11,12,696,Active,0
LN00626,CUST05063,BR027,Education,2025-01-09,485337.54,12.18,120,307,Approved,0
LN01796,CUST06257,BR033,Education,2025-10-29,379794.44,14.18,120,588,Rejected,0
LN03504,CUST02468,BR040,Vehicle,2025-03-09,239467.46,15.52,36,352,Active,0
LN00569,CUST08702,BR049,Education,2024-10-05,471216.94,8.7,60,778,Active,0
LN01384,CUST01913,BR025,Personal,2025-08-12,483156.6,14.19,120,563,Approved,0
LN01201,CUST04788,BR035,Education,2025-04-30,467296.75,14.13,24,603,Closed,0
LN04508,CUST02863,BR041,Education,2026-08-22,465824.62,7.05,120,809,Active,0
LN03607,CUST01151,BR000,Vehicle,2025-10-11,101548.86,11.25,12,796,Defaulted,1
LN04405,CUST06129,BR043,Personal,2025-06-01,134199.88,15.57,120,463,Approved,0
LN01294,CUST02419,BR042,Home,2025-04-22,310405.43,15.76,24,890,Rejected,0
LN03710,CUST06241,BR049,Vehicle,2024-09-20,352604.67,13.95,60,580,Approved,0
LN01721,CUST05724,BR040,Education,2026-01-15,287067.31,8.29,36,694,Closed,0
LN01506,CUST03356,BR045,Vehicle,2024-09-09,109214.5,9.56,12,748,Active,0
LN05908,CUST08737,BR013,Home,2026-05-02,-203176.49,17.62,12,301,Active,0
LN01235,CUST01240,BR025,Home,2025-07-16,239352.08,9.78,24,442,Defaulted,1
LN05827,CUST08313,BR011,Education,2024-09-17,491420.02,6.67,60,333,Approved,0
LN04937,CUST09009,BR019,Education,2025-07-05,10123.7,15.82,12,387,Rejected,0
LN05544,CUST00066,BR025,Education,2025-12-09,486237.92,16.78,24,506,Approved,0
LN04337,CUST03915,BR005,Education,2024-10-06,282198.6,6.9,60,594,Rejected,0
LN03226,CUST05423,BR044,Vehicle,2026-02-24,205706.15,8.69,24,601,Active,0
LN01601,CUST06732,BR033,Personal,2025-12-31,224993.49,9.55,60,479,Active,0
LN01904,CUST09667,BR021,Home,2025-02-14,148200.75,9.5,12,334,Closed,0
LN04472,CUST08690,BR025,Education,2024-10-26,490103.55,12.18,12,687,Closed,0
LN01008,CUST03177,BR045,Vehicle,2026-03-05,24140.38,12.18,24,866,Rejected,0
LN05841,CUST06996,BR047,Education,2025-12-04,237714.64,8.41,60,732,Closed,0
LN01911,CUST07285,BR002,Vehicle,2025-02-22,235725.23,6.6,60,667,Rejected,0
LN00842,CUST05401,BR016,Education,2026-03-20,129956.39,15.72,24,895,Active,0
LN04048,CUST05876,BR041,Vehicle,2026-01-21,345664.68,13.26,120,807,Approved,0
LN03366,CUST02295,BR039,Home,2025-12-30,428841.39,11.91,120,666,Closed,0
LN01727,CUST07115,BR032,Home,2026-03-21,451582.67,6.37,24,673,Closed,0
LN05664,CUST00382,BR026,Education,2025-08-11,123767.49,11.61,60,793,Approved,0
LN05645,CUST00378,BR044,Vehicle,2025-06-26,-166413.41,12.63,12,784,Defaulted,1
LN04470,CUST08684,BR040,Vehicle,2026-05-29,202539.28,9.23,120,583,Defaulted,1
LN05932,CUST08911,BR001,Education,2026-05-15,133322.91,13.88,36,341,Approved,0
LN01502,CUST08220,BR004,Education,2026-05-12,20949.93,13.15,24,468,Closed,0
LN00544,CUST05334,BR004,Personal,2025-08-03,379074.58,12.18,60,475,Rejected,0
LN00988,CUST06898,BR034,Vehicle,2024-10-31,27141.42,8.49,36,680,Defaulted,1
LN05838,CUST09697,BR044,Home,2025-01-01,122694.91,8.99,120,584,Active,0
LN00905,CUST09310,BR035,Home,2026-07-05,311888.3,12.23,24,835,Rejected,0
LN01231,CUST02120,BR025,Vehicle,2025-09-14,173765.49,10.62,12,716,Closed,0
LN01237,CUST09130,BR017,Home,2024-11-04,173780.72,9.3,12,559,Approved,0
LN03578,CUST09198,BR007,Personal,2024-12-04,265695.46,13.13,24,601,Rejected,0
LN04158,CUST00650,BR025,Personal,2026-03-14,344494.48,17.02,60,520,Approved,0
LN01951,CUST08632,BR027,Vehicle,2026-04-10,273540.53,15.3,36,613,Closed,0
LN02137,CUST07898,BR002,Vehicle,2024-11-18,16692.34,14.58,120,477,Rejected,0
LN02063,CUST07373,BR035,Education,2024-12-11,290879.25,11.47,24,537,Approved,0
LN05916,CUST06413,BR025,Home,2024-11-16,187012.35,13.68,60,837,Defaulted,1
LN04284,CUST04134,BR030,Vehicle,2024-12-05,80652.84,8.92,60,443,Defaulted,1
LN03106,CUST07427,BR022,Home,2025-09-29,466889.61,12.03,60,822,Rejected,0
LN05299,CUST02395,BR021,Vehicle,2024-11-26,369818.47,6.82,120,869,Active,0
LN03743,CUST04120,BR020,Vehicle,2025-05-13,432212.01,12.58,12,878,Defaulted,1
LN05762,CUST03510,BR034,Home,2025-07-30,388234.06,6.93,12,310,Closed,0
LN00617,CUST03584,BR002,Vehicle,2026-08-31,60388.08,13.11,12,395,Active,0
LN05859,CUST02155,BR018,Education,2025-07-02,353016.68,13.13,12,837,Defaulted,1
LN05283,CUST08456,BR012,Education,2024-10-16,187870.71,10.24,36,300,Approved,0
LN01642,CUST07179,BR037,Education,2024-11-08,479761.89,16.58,36,511,Defaulted,1
LN04432,CUST06992,BR025,Education,2025-01-13,383288.42,8.52,24,419,Closed,0
LN01441,CUST00362,BR046,Vehicle,2026-08-29,187206.21,6.58,120,810,Closed,0
LN02817,CUST03628,BR035,Vehicle,2026-02-17,168054.03,8.3,36,627,Defaulted,1
LN03518,CUST04276,BR049,Education,2025-03-10,490988.62,12.18,12,872,Approved,0
LN01182,CUST00341,BR045,Education,2025-01-29,414224.0,15.82,120,874,Rejected,0
LN01288,CUST01521,BR039,Personal,2024-09-10,484147.08,12.76,12,386,Closed,0
LN01127,CUST00943,BR019,Personal,2025-04-10,23859.61,12.18,60,389,Rejected,0
LN00215,CUST09561,BR007,Vehicle,2025-10-07,55730.78,15.46,36,537,Approved,0
LN02554,CUST05000,BR029,Education,2026-06-27,297318.43,6.28,24,849,Defaulted,1
LN00579,CUST02923,BR039,Home,2025-06-18,73922.21,17.88,12,473,Defaulted,1
LN05844,CUST00178,BR007,Home,2024-11-24,19371.91,10.56,24,896,Defaulted,1
LN02161,CUST05887,BR044,Vehicle,2026-02-13,138534.77,12.63,12,672,Approved,0
LN02102,CUST06525,BR049,Personal,2026-04-27,477535.33,14.4,120,797,Defaulted,1
LN03128,CUST06465,BR011,Education,2024-09-14,107290.68,12.72,12,545,Closed,0
LN03038,CUST03825,BR034,Vehicle,2025-09-18,396612.39,12.46,60,710,Active,0
LN02254,CUST07569,BR019,Personal,2024-11-29,179526.52,10.4,24,503,Defaulted,1
LN00912,CUST05256,BR010,Personal,2025-06-08,294286.42,12.13,120,830,Defaulted,1
LN04583,CUST04298,BR000,Vehicle,2025-04-20,468858.75,10.69,60,470,Rejected,0
LN02917,CUST02011,BR046,Education,2026-05-14,171240.78,13.69,60,487,Active,0
LN02273,CUST00301,BR034,Personal,2024-12-05,302402.04,9.25,120,685,Closed,0
LN03861,CUST00802,BR000,Vehicle,2025-02-13,363929.12,16.74,24,701,Defaulted,1
LN02165,CUST04719,BR043,Education,2026-02-04,373388.33,16.72,36,868,Active,0
LN00025,CUST02047,BR041,Education,2025-11-17,18103.19,10.17,60,741,Active,0
LN03642,CUST07262,BR002,Education,2025-01-25,155999.14,14.39,120,363,Rejected,0
LN03659,CUST99999,BR001,Vehicle,2024-11-09,460947.13,13.28,36,319,Rejected,0
LN03961,CUST09359,BR045,Home,2026-03-11,64264.13,7.6,24,880,Active,0
LN02989,CUST09495,BR047,Vehicle,2025-11-09,341823.15,16.86,36,538,Active,0
LN01749,CUST03953,BR039,Vehicle,2025-04-25,18607.07,9.97,60,444,Active,0
LN03516,CUST04958,BR028,Education,2025-06-14,411466.19,6.25,36,398,Closed,0
LN01562,CUST08712,BR019,Home,2026-06-26,426076.95,15.33,12,866,Rejected,0
LN05363,CUST08514,BR004,Home,2026-07-26,155362.02,12.18,24,333,Closed,0
LN03474,CUST03699,BR039,Home,2025-05-27,283940.03,6.69,12,566,Closed,0
LN00891,CUST00260,BR040,Vehicle,2025-05-23,398493.82,15.86,24,841,Approved,0
LN03849,CUST03074,BR034,Personal,2026-09-05,310716.18,13.78,120,548,Closed,0
LN01071,CUST04422,BR002,Education,2026-08-01,363856.23,11.57,60,808,Approved,0
LN03522,CUST03832,BR005,Personal,2025-09-04,499734.94,14.24,12,343,Defaulted,1
LN05192,CUST07345,BR014,Vehicle,2025-04-13,15971.9,13.84,24,627,Rejected,0
LN01398,CUST01290,BR020,Home,2025-05-22,434768.06,16.76,60,856,Rejected,0
LN04913,CUST07469,BR027,Vehicle,2026-04-11,320517.77,10.0,60,383,Defaulted,1
LN03545,CUST07352,BR016,Vehicle,2025-09-14,295152.38,16.39,24,337,Defaulted,1
LN02286,CUST08474,BR021,Vehicle,2025-03-10,123100.71,15.42,12,670,Defaulted,1
LN03174,CUST04945,BR048,Vehicle,2025-10-08,101475.12,10.41,60,839,Rejected,0
LN04457,CUST03303,BR013,Home,2026-07-25,282780.88,16.71,60,355,Active,0
LN00293,CUST05600,BR027,Vehicle,2025-05-28,438287.72,10.44,120,660,Defaulted,1
LN00981,CUST03719,BR006,Education,2024-09-23,412130.94,9.9,36,595,Active,0
LN05767,CUST05718,BR010,Home,2025-09-11,379274.72,15.24,120,875,Closed,0
LN02240,CUST02196,BR048,Personal,2025-07-19,443553.51,17.93,120,620,Closed,0
LN02291,CUST03754,BR008,Vehicle,2025-01-20,242034.43,7.03,24,718,Rejected,0
LN05295,CUST08134,BR041,Personal,2025-11-09,479251.67,11.13,60,720,Rejected,0
LN01861,CUST04399,BR007,Home,2025-09-23,392657.26,8.79,24,644,Approved,0
LN04187,CUST06982,BR009,Personal,2025-06-09,65595.65,6.13,24,594,Defaulted,1
LN03809,CUST00602,BR016,Vehicle,2025-03-25,301796.27,11.8,60,841,Approved,0
LN02067,CUST08984,BR017,Personal,2026-02-06,250334.42,6.76,60,715,Active,0
LN02299,CUST02460,BR008,Personal,2026-05-01,130765.34,12.96,60,666,Closed,0
LN05609,CUST09488,BR015,Vehicle,2026-03-31,367067.53,11.98,60,723,Closed,0
LN01434,CUST04311,BR033,Education,2025-08-17,25915.85,6.83,24,833,Rejected,0
LN02132,CUST01549,BR020,Home,2024-11-01,291630.29,11.01,36,502,Approved,0
LN05412,CUST09211,BR013,Home,2025-12-15,418034.32,15.0,12,445,Closed,0
LN01156,CUST04223,BR034,Vehicle,2025-12-03,245864.36,15.87,36,726,Rejected,0
LN01616,CUST00634,BR047,Vehicle,2026-07-17,481516.25,17.14,12,492,Active,0
LN02864,CUST06031,BR019,Home,2024-12-08,419256.46,12.18,24,324,Approved,0
LN05698,CUST08543,BR018,Personal,2026-02-04,11739.01,10.92,60,497,Closed,0
LN05440,CUST01882,BR002,Education,2025-02-25,26130.11,13.56,24,412,Approved,0
LN03627,CUST05287,BR042,Vehicle,2024-10-13,26261.94,15.47,24,720,Approved,0
LN01188,CUST06136,BR048,Vehicle,2026-03-24,300318.34,17.52,24,896,Defaulted,1
LN05611,CUST09164,BR010,Personal,2025-01-15,387678.62,15.65,12,822,Closed,0
LN05082,CUST00242,BR035,Education,2026-07-06,47363.27,10.59,12,328,Rejected,0
LN05072,CUST04103,BR043,Personal,2026-08-03,335266.95,12.18,120,491,Closed,0
LN02517,CUST05055,BR046,Home,2025-03-12,181218.31,15.66,60,325,Closed,0
LN00985,CUST04225,BR043,Education,2025-06-06,434454.48,17.17,36,488,Closed,0
LN00089,CUST05463,BR040,Vehicle,2024-11-25,347886.56,16.38,60,370,Active,0
LN04101,CUST08799,BR014,Vehicle,2026-02-15,461839.01,10.8,24,522,Active,0
LN00346,CUST05986,BR023,Home,2024-11-23,378381.48,7.78,24,566,Active,0
LN03870,CUST03927,BR012,Education,2025-09-05,209643.47,12.18,36,714,Active,0
LN04652,CUST01015,BR000,Vehicle,2024-10-24,94101.16,12.87,36,847,Defaulted,1
LN04228,CUST02387,BR044,Vehicle,2025-06-15,334442.4,6.35,12,677,Approved,0
LN04938,CUST07498,BR006,Personal,2026-07-08,383955.45,12.57,12,817,Closed,0
LN02186,CUST08123,BR005,Personal,2025-05-05,70395.25,11.9,24,439,Closed,0
LN04468,CUST04485,BR025,Education,2026-04-15,301706.58,15.47,36,743,Closed,0
LN00872,CUST00846,BR026,Vehicle,2025-04-17,496164.14,16.67,24,880,Active,0
LN03986,CUST02607,BR020,Education,2026-03-22,280790.95,10.77,120,855,Closed,0
LN00705,CUST08427,BR018,Education,2025-06-17,456911.58,7.25,60,583,Active,0
LN04095,CUST08960,BR009,Personal,2025-11-20,187228.5,11.4,24,786,Rejected,0
LN05764,CUST02365,BR021,Education,2026-02-23,243231.7,17.85,60,723,Active,0
LN02370,CUST99999,BR033,Education,2024-11-27,187008.97,11.91,120,519,Closed,0
LN00739,CUST03472,BR021,Education,2025-11-24,320222.34,10.31,36,513,Defaulted,1
LN03115,CUST00187,BR004,Education,2025-06-09,435746.69,9.13,36,532,Rejected,0
LN04587,CUST06009,BR000,Home,2025-11-21,484199.62,11.77,12,582,Active,0
LN02800,CUST05482,BR009,Education,2026-07-15,58736.18,12.57,36,645,Defaulted,1
LN05781,CUST00498,BR018,Personal,2026-08-08,389614.48,12.21,24,387,Active,0
LN03581,CUST00508,BR023,Education,2025-11-07,249227.49,8.56,12,867,Defaulted,1
LN04504,CUST08039,BR030,Personal,2026-02-13,196477.41,17.55,36,715,Active,0
LN01000,CUST09831,BR001,Personal,2025-03-12,108835.23,11.84,12,605,Approved,0
LN04205,CUST04627,BR017,Personal,2026-08-12,136441.51,14.99,60,819,Defaulted,1
LN02854,CUST02497,BR002,Education,2025-03-20,486955.81,13.28,120,881,Active,0
LN03423,CUST08277,BR020,Education,2026-07-25,80221.92,12.18,60,546,Defaulted,1
LN01379,CUST01796,BR015,Personal,2025-08-17,474349.31,6.78,60,598,Defaulted,1
LN00146,CUST02693,BR016,Vehicle,2026-07-27,20858.17,15.79,120,352,Rejected,0
LN02905,CUST06583,BR017,Vehicle,2026-03-05,414916.01,17.24,36,737,Defaulted,1
LN03255,CUST07430,BR037,Personal,2025-11-26,346254.31,17.28,36,678,Rejected,0
LN04018,CUST09471,BR003,Personal,2025-08-30,220313.28,13.17,12,715,Rejected,0
LN03994,CUST03406,BR044,Education,2026-02-13,354293.34,6.56,120,882,Closed,0
LN01848,CUST06059,BR016,Home,2026-04-08,302011.38,17.71,24,445,Closed,0
LN05324,CUST09030,BR025,Home,2024-11-05,470321.5,8.58,36,494,Defaulted,1
LN02570,CUST03200,BR026,Education,2026-08-16,408538.23,12.18,60,892,Approved,0
LN04286,CUST08828,BR009,Personal,2025-11-19,130670.2,15.56,120,645,Active,0
LN01418,CUST09903,BR009,Vehicle,2025-10-12,324148.54,9.96,36,599,Defaulted,1
LN04679,CUST08095,BR007,Home,2026-07-13,199069.13,11.87,60,657,Approved,0
LN02259,CUST06267,BR001,Home,2025-10-19,330746.55,14.77,60,505,Closed,0
LN00408,CUST01081,BR047,Personal,2026-02-04,175953.01,13.51,36,599,Defaulted,1
LN00919,CUST05951,BR010,Vehicle,2025-07-30,473463.76,11.98,120,751,Closed,0
LN01184,CUST07992,BR027,Education,2025-02-23,168594.76,9.08,36,698,Active,0
LN04512,CUST04005,BR012,Education,2026-02-12,243683.66,9.69,60,414,Defaulted,1
LN00939,CUST06565,BR046,Home,2025-07-19,342309.47,7.4,12,628,Rejected,0
LN04114,CUST02378,BR007,Personal,2026-04-10,378006.15,12.18,12,360,Closed,0
LN02401,CUST08691,BR016,Vehicle,2026-01-11,296901.88,12.37,60,659,Closed,0
LN05593,CUST06326,BR002,Vehicle,2025-08-20,74924.49,13.69,120,676,Active,0
LN05758,CUST07450,BR028,Education,2026-06-23,380007.72,12.56,24,341,Active,0
LN03520,CUST04776,BR034,Personal,2026-02-08,214945.22,12.9,120,697,Rejected,0
LN00695,CUST04544,BR039,Education,2026-08-27,14069.37,14.34,120,888,Active,0
LN04833,CUST05956,BR025,Home,2025-03-04,340650.25,9.3,36,553,Approved,0
LN01076,CUST08058,BR007,Home,2025-08-12,77112.91,14.92,24,840,Rejected,0
LN03752,CUST01920,BR045,Vehicle,2026-07-20,331503.11,13.67,12,518,Closed,0
LN00586,CUST99999,BR000,Personal,2025-06-12,123971.37,15.43,120,492,Defaulted,1
LN01993,CUST09686,BR009,Education,2024-12-15,63831.28,12.18,36,459,Approved,0
LN05181,CUST02560,BR005,Education,2026-03-26,442476.76,16.98,120,674,Approved,0
LN01347,CUST00145,BR013,Home,2025-09-26,256602.52,12.02,60,698,Closed,0
LN00623,CUST08120,BR001,Home,2026-05-30,26255.34,7.18,36,559,Defaulted,1
LN04287,CUST01036,BR027,Personal,2025-02-10,467177.29,13.04,36,764,Active,0
LN00634,CUST02745,BR015,Vehicle,2025-09-08,284943.95,9.68,24,657,Defaulted,1
LN03758,CUST05285,BR010,Personal,2025-04-29,167874.79,15.02,36,887,Closed,0
LN02897,CUST05160,BR016,Home,2025-04-21,394957.13,9.48,36,777,Defaulted,1
LN01913,CUST06869,BR002,Home,2026-07-15,193677.61,11.78,24,660,Active,0
LN01762,CUST04585,BR032,Personal,2026-08-18,161217.76,16.59,60,688,Closed,0
LN04495,CUST03359,BR009,Home,2025-12-07,155567.71,17.55,24,576,Defaulted,1
LN01234,CUST05760,BR004,Education,2024-10-28,316013.83,17.71,12,611,Rejected,0
LN03695,CUST02761,BR021,Home,2025-02-01,381079.74,15.11,60,336,Closed,0
LN05826,CUST03830,BR026,Education,2026-07-18,217354.69,8.18,60,611,Active,0
LN03623,CUST04997,BR026,Home,2026-04-10,405927.23,17.29,36,470,Approved,0
LN02131,CUST02044,BR013,Personal,2025-07-16,104449.62,17.8,12,404,Closed,0
LN02421,CUST03331,BR020,Home,2025-12-04,102951.22,6.74,24,319,Active,0
LN05475,CUST08052,BR046,Home,2025-01-22,173660.35,11.45,12,554,Rejected,0
LN02228,CUST08551,BR016,Personal,2024-11-07,295873.56,8.89,12,577,Active,0
LN05043,CUST04054,BR014,Vehicle,2024-12-08,317536.1,15.05,36,453,Active,0
LN05227,CUST07211,BR047,Education,2026-05-23,449558.16,14.57,24,393,Approved,0
LN04723,CUST06316,BR040,Vehicle,2026-07-14,186387.02,7.69,60,554,Defaulted,1
LN04839,CUST06543,BR000,Personal,2024-11-27,93115.81,15.76,12,712,Rejected,0
LN00860,CUST09111,BR031,Home,2026-01-16,41738.38,15.0,36,556,Defaulted,1
LN05025,CUST04651,BR037,Personal,2025-01-13,78883.77,13.97,60,557,Rejected,0
LN03175,CUST99999,BR040,Personal,2025-07-16,209135.93,14.23,12,443,Rejected,0
LN02181,CUST06172,BR034,Home,2026-02-16,401109.66,12.18,60,483,Approved,0
LN00290,CUST04893,BR030,Home,2025-03-19,460605.68,17.05,60,823,Approved,0
LN00298,CUST07679,BR005,Home,2025-12-09,123160.78,17.29,24,676,Defaulted,1
LN02955,CUST08036,BR033,Vehicle,2026-06-13,78940.76,11.97,24,675,Defaulted,1
LN02129,CUST05693,BR000,Vehicle,2025-11-21,131960.21,6.63,36,830,Active,0
LN00064,CUST00161,BR009,Personal,2024-12-13,367340.54,16.23,36,687,Rejected,0
LN04135,CUST00165,BR031,Education,2025-09-24,67350.33,6.76,36,303,Closed,0
LN02766,CUST09984,BR036,Personal,2025-06-20,158994.44,6.56,60,352,Active,0
LN04628,CUST09424,BR048,Education,2026-07-12,211764.63,6.52,12,416,Closed,0
LN01486,CUST09077,BR005,Vehicle,2025-02-03,95083.26,13.5,12,528,Closed,0
LN03134,CUST09165,BR005,Home,2025-04-01,308750.77,16.94,36,659,Closed,0
LN00124,CUST07035,BR022,Education,2026-06-24,30963.8,9.16,120,742,Closed,0
LN04639,CUST00589,BR013,Vehicle,2026-07-08,462503.26,7.93,120,502,Rejected,0
LN01615,CUST06082,BR032,Education,2026-03-08,487799.93,16.98,12,467,Defaulted,1
LN05790,CUST04565,BR012,Vehicle,2025-08-22,122726.64,16.94,120,493,Active,0
LN04960,CUST02350,BR028,Personal,2025-07-14,410758.29,15.32,120,712,Rejected,0
LN00366,CUST00574,BR038,Home,2026-08-26,473927.67,6.39,36,531,Active,0
LN04965,CUST99999,BR028,Personal,2025-10-02,31239.35,8.77,60,570,Defaulted,1
LN02604,CUST00226,BR029,Vehicle,2026-03-02,14299.63,6.84,24,340,Rejected,0
LN05007,CUST08671,BR023,Personal,2025-08-11,81314.37,16.29,36,897,Approved,0
LN00390,CUST04465,BR038,Education,2025-07-16,425329.57,14.95,12,683,Rejected,0
LN00450,CUST09087,BR014,Personal,2026-01-02,479331.47,16.42,60,320,Defaulted,1
LN03908,CUST07081,BR025,Home,2025-01-04,331365.98,7.91,36,856,Closed,0
LN01254,CUST05136,BR044,Education,2025-12-15,336489.61,17.89,36,361,Closed,0
LN03084,CUST07470,BR040,Vehicle,2026-07-11,241109.87,11.38,60,697,Approved,0
LN04094,CUST00160,BR009,Education,2025-01-12,381327.9,11.92,120,800,Closed,0
LN02815,CUST01356,BR042,Personal,2026-05-23,331063.92,12.18,120,743,Approved,0
LN00284,CUST01693,BR024,Home,2025-06-25,244159.88,11.14,12,579,Approved,0
LN03958,CUST01788,BR041,Home,2026-01-10,205145.64,13.51,120,514,Active,0
LN05578,CUST09407,BR007,Education,2024-11-07,364744.26,11.72,12,620,Approved,0
LN02821,CUST06588,BR017,Education,2026-06-29,180861.97,8.61,120,390,Active,0
LN03993,CUST05991,BR040,Vehicle,2026-03-04,277691.69,10.26,36,748,Approved,0
LN05928,CUST07376,BR043,Vehicle,2025-06-25,62833.6,9.62,24,714,Approved,0
LN02060,CUST07002,BR036,Home,2025-11-18,261019.52,17.08,120,376,Active,0
LN04579,CUST07347,BR037,Personal,2024-10-03,120878.49,7.51,60,853,Approved,0
LN00278,CUST04555,BR021,Education,2025-02-11,487687.54,10.57,120,871,Active,0
LN03312,CUST04579,BR025,Education,2025-03-01,472316.73,7.26,12,725,Rejected,0
LN01216,CUST04853,BR035,Vehicle,2025-09-24,142654.15,9.0,12,641,Closed,0
LN00734,CUST02180,BR007,Personal,2026-02-16,389081.96,12.05,36,353,Rejected,0
LN01728,CUST06656,BR029,Vehicle,2026-04-27,137809.23,7.09,24,431,Rejected,0
LN02383,CUST01651,BR026,Personal,2025-08-14,200299.77,17.53,120,895,Closed,0
LN02956,CUST06789,BR048,Home,2026-05-07,117640.59,14.62,60,307,Closed,0
LN05086,CUST07130,BR045,Vehicle,2024-10-13,245809.29,8.98,120,791,Closed,0
LN01119,CUST09503,BR013,Home,2026-05-20,249094.48,13.95,24,696,Approved,0
LN04276,CUST06026,BR046,Personal,2025-03-15,45054.02,7.05,36,457,Defaulted,1
LN05786,CUST02118,BR016,Vehicle,2026-01-02,241077.66,13.74,120,730,Approved,0
LN01121,CUST04547,BR007,Education,2025-05-30,448408.12,6.31,120,711,Rejected,0
LN05521,CUST00478,BR014,Home,2025-05-27,426141.69,16.43,120,507,Approved,0
LN04319,CUST00529,BR017,Personal,2026-03-17,298775.81,15.26,24,529,Approved,0
LN01118,CUST05207,BR034,Home,2025-06-10,295533.52,9.95,60,889,Rejected,0
LN00021,CUST08666,BR034,Personal,2025-03-07,142085.23,17.5,120,853,Defaulted,1
LN05737,CUST09928,BR027,Personal,2025-03-02,287081.34,14.73,60,695,Rejected,0
LN05292,CUST01353,BR000,Home,2025-08-25,249222.89,13.23,36,821,Rejected,0
LN01124,CUST06612,BR007,Home,2025-12-15,377507.44,10.37,24,625,Defaulted,1
LN04380,CUST00698,BR041,Home,2025-08-20,24353.92,15.53,60,820,Approved,0
LN00808,CUST01531,BR030,Home,2026-08-02,34036.25,15.01,36,634,Defaulted,1
LN00793,CUST00638,BR013,Home,2025-07-26,64983.65,8.61,24,498,Approved,0
LN03482,CUST02780,BR025,Personal,2025-12-26,442574.78,7.62,12,732,Approved,0
LN00241,CUST03108,BR000,Personal,2026-08-30,396757.22,15.51,24,551,Closed,0
LN03497,CUST03180,BR028,Home,2025-09-13,288832.82,10.93,12,571,Defaulted,1
LN01313,CUST07694,BR032,Education,2026-05-25,283444.0,14.65,24,583,Closed,0
LN05791,CUST00192,BR042,Personal,2025-01-20,47518.63,12.9,12,478,Defaulted,1
LN03931,CUST05097,BR022,Vehicle,2026-03-31,180944.69,11.28,12,892,Closed,0
LN00055,CUST03943,BR041,Education,2026-06-28,271709.83,13.52,12,372,Approved,0
LN03547,CUST03450,BR043,Personal,2025-08-27,92931.32,17.33,60,855,Approved,0
LN05116,CUST02949,BR005,Personal,2025-10-02,273436.05,16.43,120,469,Approved,0
LN01577,CUST08357,BR005,Education,2026-05-08,12351.91,6.27,24,864,Rejected,0
LN00899,CUST08512,BR005,Vehicle,2025-07-07,327602.34,11.53,120,379,Closed,0
LN00752,CUST00760,BR028,Home,2026-01-29,377954.91,17.87,36,614,Rejected,0
LN02455,CUST02643,BR005,Personal,2025-10-07,169729.73,15.44,36,389,Approved,0
LN03510,CUST06614,BR000,Home,2025-12-04,24206.45,13.77,36,696,Approved,0
LN01476,CUST09437,BR032,Vehicle,2025-04-08,236213.0,13.87,36,546,Rejected,0
LN04564,CUST09080,BR010,Personal,2026-02-21,455673.9,11.2,12,635,Defaulted,1
LN01513,CUST02844,BR044,Vehicle,2026-02-02,469530.31,12.18,120,502,Approved,0
LN03264,CUST00234,BR030,Home,2025-07-25,46918.62,8.36,60,773,Rejected,0
LN05001,CUST04535,BR028,Vehicle,2026-06-27,246825.93,6.83,12,391,Active,0
LN04219,CUST07605,BR011,Vehicle,2024-10-27,168313.49,11.58,120,880,Closed,0
LN03645,CUST03093,BR004,Vehicle,2026-04-25,124585.7,17.67,24,358,Rejected,0
LN05208,CUST05037,BR031,Vehicle,2024-11-21,24203.6,10.77,36,351,Defaulted,1
LN02253,CUST09127,BR008,Education,2026-06-25,262864.9,7.67,120,582,Rejected,0
LN02384,CUST01136,BR021,Vehicle,2025-08-15,302240.91,7.4,24,529,Approved,0
LN01608,CUST03041,BR044,Education,2025-03-03,221850.39,8.24,120,830,Approved,0
LN03647,CUST04408,BR031,Personal,2026-03-28,10271.55,11.98,60,360,Closed,0
LN05439,CUST05014,BR031,Education,2026-04-24,448403.91,10.01,24,473,Rejected,0
LN03253,CUST01751,BR021,Home,2025-03-15,21116.55,17.19,36,768,Defaulted,1
LN04591,CUST01260,BR025,Education,2025-09-27,169751.49,16.56,36,318,Defaulted,1
LN04803,CUST05874,BR003,Personal,2026-03-05,142024.86,13.31,120,778,Active,0
LN03032,CUST08125,BR006,Education,2026-07-30,419695.27,15.73,120,516,Active,0
LN01261,CUST00338,BR013,Personal,2025-08-23,65829.71,16.04,36,335,Approved,0
LN05820,CUST06568,BR032,Home,2025-05-19,81967.22,16.15,12,610,Closed,0
LN00648,CUST01581,BR009,Vehicle,2026-02-02,48059.48,10.97,120,375,Defaulted,1
LN01114,CUST03675,BR048,Personal,2025-05-18,298435.4,9.33,24,734,Active,0
LN03793,CUST01337,BR020,Education,2025-04-29,84226.24,6.23,60,552,Rejected,0
LN05769,CUST04567,BR047,Home,2026-07-24,440524.58,14.73,60,894,Approved,0
LN03071,CUST03906,BR000,Personal,2024-11-29,104444.32,14.31,120,829,Active,0
LN05470,CUST06060,BR023,Vehicle,2026-05-30,157282.78,16.82,36,484,Approved,0
LN04248,CUST07431,BR047,Vehicle,2026-07-09,27192.93,14.32,12,646,Rejected,0
LN04692,CUST00807,BR036,Home,2026-06-25,256124.26,8.82,120,371,Rejected,0
LN00687,CUST07245,BR016,Personal,2025-11-29,311095.69,10.36,60,323,Rejected,0
LN03500,CUST09583,BR004,Vehicle,2025-03-19,308664.95,15.57,36,489,Rejected,0
LN01479,CUST07059,BR015,Personal,2025-09-17,108426.66,13.16,12,368,Defaulted,1
LN01446,CUST02469,BR040,Education,2025-09-19,340476.12,7.42,60,880,Defaulted,1
LN00438,CUST06665,BR004,Home,2024-10-30,398566.89,16.7,24,806,Approved,0
LN02625,CUST05433,BR028,Home,2025-08-02,218424.08,15.7,36,795,Approved,0
LN01699,CUST01525,BR030,Personal,2024-09-14,289991.58,10.75,24,780,Rejected,0
LN03616,CUST04173,BR010,Personal,2025-05-05,18499.5,10.79,24,702,Active,0
LN05605,CUST03793,BR026,Education,2024-09-08,267514.96,7.67,60,834,Closed,0
LN01093,CUST09138,BR000,Education,2025-04-04,45432.18,12.43,24,439,Rejected,0
LN04251,CUST03805,BR013,Personal,2025-05-25,235079.72,11.62,24,810,Defaulted,1
LN02002,CUST00632,BR041,Vehicle,2025-12-16,209888.33,9.48,120,500,Defaulted,1
LN03122,CUST05185,BR031,Education,2026-06-24,222526.26,17.79,12,809,Rejected,0
LN05286,CUST06559,BR015,Vehicle,2025-03-29,28595.37,6.89,24,743,Defaulted,1
LN03656,CUST08160,BR020,Vehicle,2026-08-13,482246.15,8.5,120,475,Approved,0
LN01973,CUST01804,BR027,Education,2026-01-20,281954.45,17.97,60,407,Approved,0
LN02957,CUST00785,BR033,Education,2025-11-10,246152.7,15.89,12,463,Approved,0
LN02372,CUST09324,BR010,Vehicle,2026-08-07,217925.69,16.52,120,832,Approved,0
LN00888,CUST03744,BR026,Personal,2024-10-27,494886.76,11.54,12,882,Approved,0
LN01516,CUST01823,BR046,Vehicle,2025-01-01,42580.49,16.6,60,677,Defaulted,1
LN01868,CUST00406,BR025,Home,2025-06-22,92037.24,17.78,36,609,Rejected,0
LN00761,CUST08472,BR020,Vehicle,2026-05-17,233491.65,10.54,36,758,Approved,0
LN00611,CUST09442,BR028,Home,2024-09-27,241816.32,7.26,36,355,Rejected,0
LN01140,CUST06035,BR011,Education,2026-02-26,310508.84,9.98,24,405,Approved,0
LN00463,CUST05536,BR046,Home,2025-05-10,317445.11,10.65,120,402,Active,0
LN03058,CUST05442,BR017,Home,2025-05-08,20902.67,10.81,120,349,Approved,0
LN04903,CUST04282,BR012,Vehicle,2026-06-28,225166.73,13.91,60,303,Defaulted,1
LN05525,CUST09603,BR036,Personal,2025-01-08,191920.79,17.71,24,817,Rejected,0
LN00199,CUST08004,BR037,Education,2026-04-27,223812.09,12.18,36,688,Approved,0
LN03859,CUST00241,BR008,Vehicle,2025-12-21,310891.84,7.05,24,832,Closed,0
LN05854,CUST05823,BR046,Education,2026-07-23,445850.1,6.95,60,305,Rejected,0
LN04150,CUST08210,BR020,Education,2026-05-20,449875.56,11.39,60,847,Closed,0
LN03393,CUST07160,BR008,Personal,2026-01-28,260644.58,13.52,60,471,Rejected,0
LN05089,CUST08844,BR016,Vehicle,2025-07-02,251699.57,16.87,36,413,Rejected,0
LN02026,CUST03725,BR000,Vehicle,2025-07-26,344080.44,7.75,60,474,Active,0
LN04185,CUST02505,BR034,Home,2024-09-28,444082.54,7.77,24,574,Rejected,0
LN01210,CUST08378,BR030,Education,2025-04-22,214586.17,16.56,24,541,Rejected,0
LN05251,CUST01725,BR021,Home,2024-12-10,265291.06,14.75,120,630,Active,0
LN02708,CUST00933,BR008,Personal,2026-05-06,74819.02,13.81,60,461,Active,0
LN04867,CUST03939,BR035,Personal,2025-01-03,25125.38,14.1,36,821,Rejected,0
LN02633,CUST01674,BR029,Home,2025-03-12,155946.51,6.84,12,787,Approved,0
LN04014,CUST99999,BR015,Home,2025-07-13,57077.23,7.9,12,616,Rejected,0
LN05669,CUST00371,BR000,Education,2025-02-14,129312.68,12.85,120,734,Closed,0
LN00039,CUST08838,BR008,Education,2026-04-20,318524.2,17.68,36,707,Defaulted,1
LN02282,CUST07003,BR024,Home,2026-06-06,194726.69,11.18,36,636,Active,0
LN00566,CUST01365,BR043,Home,2026-08-11,222554.36,16.97,24,580,Closed,0
LN01873,CUST06936,BR038,Home,2026-07-04,464588.82,16.69,60,841,Rejected,0
LN02369,CUST05997,BR048,Personal,2025-08-23,102780.38,7.07,24,557,Closed,0
LN01765,CUST02289,BR009,Vehicle,2025-01-13,317188.98,10.99,12,657,Active,0
LN04610,CUST03806,BR040,Home,2025-02-24,147330.0,16.73,120,667,Closed,0
LN01158,CUST02768,BR045,Home,2025-09-10,449668.51,8.31,60,790,Active,0
LN03467,CUST04956,BR008,Home,2025-08-30,120729.41,14.05,36,591,Defaulted,1
LN03252,CUST03976,BR026,Education,2026-02-18,307444.04,9.9,60,807,Rejected,0
LN01360,CUST04805,BR044,Education,2025-03-04,461234.22,10.49,36,430,Rejected,0
LN01324,CUST04346,BR008,Education,2026-06-12,115803.54,14.61,12,622,Rejected,0
LN01697,CUST04648,BR005,Education,2025-07-12,343952.15,11.72,36,870,Defaulted,1
LN00339,CUST07560,BR023,Home,2025-09-05,161781.7,11.21,120,626,Defaulted,1
LN00673,CUST07266,BR044,Home,2024-10-07,250623.3,6.71,24,750,Active,0
LN00134,CUST07574,BR039,Education,2025-04-03,421169.59,13.34,60,354,Closed,0
LN04711,CUST01001,BR043,Home,2025-10-13,326961.51,17.76,60,441,Closed,0
LN04576,CUST08383,BR038,Home,2026-04-22,384678.31,9.49,60,666,Approved,0
LN00645,CUST07891,BR026,Vehicle,2025-03-03,309214.95,7.08,36,800,Rejected,0
LN04068,CUST03801,BR008,Home,2026-08-26,344292.34,14.89,12,515,Rejected,0
LN05813,CUST09142,BR016,Personal,2026-05-28,209024.29,7.6,12,749,Rejected,0
LN00447,CUST02839,BR015,Home,2025-12-01,237252.49,15.97,24,331,Active,0
LN00010,CUST01685,BR001,Vehicle,2026-02-15,443494.36,13.68,60,699,Defaulted,1
LN01960,CUST02349,BR028,Home,2025-08-25,385688.72,12.18,120,431,Closed,0
LN03137,CUST05686,BR019,Personal,2026-04-24,289615.65,10.52,120,722,Rejected,0
LN04868,CUST00044,BR025,Vehicle,2026-08-23,91174.95,9.48,36,312,Active,0
LN03865,CUST02330,BR023,Vehicle,2025-11-10,178200.91,14.89,36,873,Closed,0
LN00384,CUST07027,BR000,Education,2025-01-15,436208.06,17.17,24,530,Active,0
LN01826,CUST03553,BR007,Personal,2025-09-03,102313.44,12.18,60,574,Defaulted,1
LN01453,CUST07561,BR043,Vehicle,2026-03-13,410314.54,17.25,24,785,Defaulted,1
LN00690,CUST02048,BR038,Home,2024-10-12,163800.89,8.56,12,362,Active,0
LN04781,CUST03561,BR040,Vehicle,2026-01-25,440869.98,9.61,24,883,Closed,0
LN02691,CUST01750,BR025,Home,2026-01-31,390227.22,10.31,24,737,Approved,0
LN00887,CUST02026,BR008,Home,2025-02-21,167462.63,12.55,24,777,Rejected,0
LN01583,CUST04197,BR018,Education,2026-01-25,317760.9,12.18,60,729,Rejected,0
LN04964,CUST08376,BR049,Vehicle,2026-03-15,142734.17,10.91,120,491,Active,0
LN00259,CUST00098,BR044,Personal,2025-10-26,93164.49,11.78,120,488,Defaulted,1
LN00303,CUST01069,BR038,Home,2026-01-11,12022.31,8.0,24,357,Rejected,0
LN03382,CUST01116,BR046,Education,2026-03-19,117470.81,12.62,24,861,Closed,0
LN01760,CUST01229,BR017,Education,2025-10-25,221369.07,12.55,60,440,Active,0
LN04191,CUST00615,BR010,Vehicle,2025-12-16,192676.89,13.29,60,583,Rejected,0
LN02140,CUST04837,BR011,Home,2025-02-22,489084.52,9.5,120,737,Active,0
LN02929,CUST09649,BR013,Education,2026-07-26,382795.7,6.54,12,649,Closed,0
LN03692,CUST07196,BR048,Home,2025-06-03,420706.2,15.05,36,519,Rejected,0
LN04217,CUST02789,BR034,Home,2025-09-26,292465.33,11.0,24,633,Active,0
LN05804,CUST03199,BR002,Home,2026-01-08,22905.96,12.33,12,507,Active,0
LN03753,CUST07817,BR021,Home,2024-12-28,422599.0,8.54,60,577,Closed,0
LN03799,CUST01526,BR012,Education,2026-08-19,115774.53,11.82,12,797,Closed,0
LN03085,CUST07537,BR029,Personal,2025-12-29,141763.11,12.37,120,351,Approved,0
LN05623,CUST04994,BR033,Personal,2026-05-13,14788.39,8.15,120,685,Active,0
LN01599,CUST06368,BR040,Education,2025-11-02,394119.09,15.04,24,407,Active,0
LN04697,CUST02284,BR035,Vehicle,2025-11-30,443090.06,11.65,60,389,Active,0
LN04722,CUST07549,BR029,Home,2024-09-09,265921.84,6.28,36,562,Closed,0
LN03696,CUST04456,BR040,Vehicle,2026-09-06,297194.16,10.14,60,699,Closed,0
LN04742,CUST09427,BR048,Personal,2025-02-19,201241.66,11.59,60,656,Active,0
LN00678,CUST02000,BR021,Personal,2026-03-27,298857.64,8.25,120,419,Active,0
LN00704,CUST01077,BR035,Personal,2025-02-08,65177.5,8.06,36,528,Active,0
LN00514,CUST00698,BR017,Personal,2026-09-07,307905.87,16.59,36,877,Approved,0
LN04230,CUST09133,BR012,Vehicle,2025-03-18,-453040.21,9.64,36,417,Approved,0
LN00718,CUST06949,BR016,Education,2025-04-29,168553.03,11.62,12,584,Defaulted,1
LN03995,CUST08923,BR043,Home,2025-08-08,499963.17,6.19,36,587,Approved,0
LN00782,CUST06937,BR005,Personal,2025-02-09,45138.16,6.61,24,747,Closed,0
LN00502,CUST06806,BR040,Vehicle,2025-12-27,462340.5,8.18,12,649,Approved,0
LN00982,CUST02371,BR004,Personal,2026-04-12,231070.36,13.59,120,320,Closed,0
LN03677,CUST08058,BR010,Personal,2024-09-10,494878.58,12.04,60,723,Active,0
LN05667,CUST09775,BR005,Education,2024-11-25,228922.77,16.36,60,694,Active,0
LN03357,CUST09915,BR005,Vehicle,2026-06-13,136958.12,17.04,12,618,Closed,0
LN00622,CUST08662,BR007,Education,2026-04-01,65579.44,13.92,36,424,Active,0
LN04623,CUST03904,BR020,Personal,2025-06-05,201155.47,12.99,120,585,Defaulted,1
LN05563,CUST02244,BR023,Vehicle,2025-01-27,210502.79,16.18,36,677,Rejected,0
LN04477,CUST06999,BR022,Education,2025-10-30,326279.53,6.41,24,475,Closed,0
LN05503,CUST05521,BR048,Education,2024-12-31,82217.8,7.1,12,407,Approved,0
LN02285,CUST06579,BR011,Education,2024-12-31,429503.81,16.44,12,869,Rejected,0
LN04814,CUST00075,BR028,Vehicle,2024-11-07,355008.85,17.95,12,479,Closed,0
LN00005,CUST06265,BR005,Education,2025-03-17,178017.12,13.61,60,706,Approved,0
LN03143,CUST02368,BR018,Personal,2025-11-24,234777.12,17.18,24,834,Rejected,0
LN01531,CUST01980,BR044,Home,2026-03-03,128317.47,17.5,24,534,Active,0
LN02643,CUST01958,BR015,Education,2025-10-01,474952.0,13.16,36,618,Closed,0
LN03436,CUST03638,BR049,Home,2026-07-17,224806.64,9.84,36,700,Defaulted,1
LN05289,CUST05673,BR031,Personal,2024-10-02,471427.71,15.42,120,873,Active,0
LN02215,CUST09866,BR043,Vehicle,2026-06-17,237140.59,7.91,120,406,Rejected,0
LN01274,CUST08044,BR003,Vehicle,2024-11-24,438259.03,12.93,24,680,Closed,0
LN03997,CUST04177,BR041,Home,2026-09-07,219765.51,7.15,36,470,Approved,0
LN02860,CUST00770,BR005,Personal,2025-10-15,211830.17,11.8,60,330,Active,0
LN05256,CUST00171,BR038,Vehicle,2025-08-25,134570.26,17.92,36,442,Rejected,0
LN02467,CUST09135,BR047,Home,2024-12-23,478734.28,14.48,120,592,Active,0
LN00892,CUST06038,BR033,Personal,2025-11-03,221994.82,10.5,24,329,Defaulted,1
LN03976,CUST05057,BR005,Vehicle,2026-02-02,108748.23,15.27,12,521,Defaulted,1
LN02191,CUST00775,BR037,Personal,2024-10-20,298629.08,12.49,36,745,Closed,0
LN03887,CUST00086,BR016,Vehicle,2025-05-14,153086.91,6.71,60,327,Defaulted,1
LN02297,CUST02066,BR048,Home,2024-11-05,94831.47,10.07,12,820,Closed,0
LN04422,CUST07678,BR027,Home,2026-05-30,323275.99,7.72,120,858,Approved,0
LN01482,CUST07491,BR038,Education,2025-08-28,321126.24,12.18,120,734,Closed,0
LN04971,CUST07240,BR005,Home,2024-11-11,329535.85,12.09,36,338,Approved,0
LN02442,CUST03291,BR036,Education,2026-06-01,441342.72,11.12,36,359,Rejected,0
LN03372,CUST05241,BR042,Home,2026-02-10,328932.91,7.81,120,533,Active,0
LN04811,CUST08430,BR040,Vehicle,2024-09-08,157304.07,6.64,12,509,Defaulted,1
LN00587,CUST09435,BR012,Personal,2025-02-18,312274.03,9.39,12,831,Active,0
LN02585,CUST08766,BR013,Home,2024-11-10,463743.63,13.18,60,670,Active,0
LN02044,CUST08597,BR027,Personal,2024-10-30,149605.23,7.5,24,660,Rejected,0
LN02004,CUST03719,BR031,Vehicle,2025-04-25,29815.03,14.09,36,468,Approved,0
LN03534,CUST05934,BR035,Personal,2026-02-26,304231.7,14.4,24,369,Defaulted,1
LN01628,CUST09299,BR028,Education,2025-04-23,226266.44,10.89,24,648,Approved,0
LN04064,CUST06859,BR015,Education,2025-11-22,67774.09,17.55,36,564,Closed,0
LN05482,CUST06487,BR039,Vehicle,2025-02-24,378998.23,13.87,24,887,Approved,0
LN05710,CUST05596,BR048,Home,2025-09-10,453515.6,12.12,36,705,Rejected,0
LN04857,CUST08476,BR044,Education,2024-09-14,192487.61,14.16,24,433,Closed,0
LN04190,CUST01678,BR005,Vehicle,2025-12-15,360523.07,6.38,120,689,Rejected,0
LN01505,CUST09645,BR027,Education,2026-06-07,354637.07,17.8,24,793,Rejected,0
LN03141,CUST07398,BR049,Education,2025-07-16,463851.45,10.32,24,370,Active,0
LN05831,CUST01230,BR024,Education,2025-12-08,166063.19,14.75,120,515,Approved,0
LN05616,CUST06358,BR008,Education,2025-06-29,477179.22,12.18,60,679,Defaulted,1
LN03165,CUST06846,BR031,Education,2026-05-18,52790.41,8.63,36,343,Closed,0
LN02307,CUST07353,BR038,Home,2025-08-22,185461.8,9.23,60,721,Approved,0
LN04974,CUST08713,BR029,Education,2025-10-30,317204.45,15.82,24,393,Closed,0
LN03135,CUST04727,BR030,Personal,2026-03-27,364635.73,16.11,24,881,Rejected,0
LN01292,CUST03294,BR041,Home,2025-12-13,254912.91,11.9,24,729,Closed,0
LN02629,CUST09087,BR031,Education,2025-03-11,245191.7,15.89,60,500,Rejected,0
LN02969,CUST02352,BR012,Vehicle,2024-12-13,411377.93,11.89,60,527,Approved,0
LN03841,CUST06915,BR003,Personal,2025-02-17,415781.34,9.13,24,625,Rejected,0
LN00903,CUST01994,BR026,Education,2026-03-02,16202.34,8.75,60,388,Approved,0
LN00014,CUST05311,BR009,Vehicle,2024-11-14,315576.71,8.09,12,655,Rejected,0
LN01810,CUST00703,BR015,Personal,2024-12-01,265105.01,11.33,36,868,Active,0
LN04441,CUST02696,BR047,Personal,2025-11-16,36153.99,14.62,24,751,Approved,0
LN02786,CUST06796,BR015,Home,2026-02-03,224521.77,11.0,24,337,Closed,0
LN05899,CUST07776,BR045,Vehicle,2026-03-02,210890.07,17.13,60,666,Defaulted,1
LN05293,CUST09081,BR034,Vehicle,2025-11-13,230805.47,17.71,120,461,Defaulted,1
LN05163,CUST01773,BR025,Personal,2026-09-02,187781.81,13.65,120,677,Rejected,0
LN02183,CUST99999,BR006,Home,2025-09-20,204011.14,13.52,60,356,Rejected,0
LN03974,CUST04434,BR010,Personal,2026-08-17,423056.48,17.77,60,697,Rejected,0
LN04592,CUST03932,BR002,Home,2025-11-08,326311.66,12.18,24,875,Approved,0
LN04951,CUST04873,BR025,Vehicle,2025-12-08,61765.0,9.35,12,546,Rejected,0
LN02605,CUST00264,BR016,Education,2026-06-15,10845.16,12.43,120,557,Rejected,0
LN04383,CUST05918,BR022,Vehicle,2025-09-02,241605.72,13.74,120,882,Approved,0
LN01439,CUST01704,BR047,Personal,2025-11-08,105219.91,16.78,12,679,Active,0
LN05441,CUST04908,BR016,Vehicle,2025-11-29,408101.05,6.82,120,473,Active,0
LN01365,CUST01868,BR014,Education,2025-12-08,237426.24,11.16,36,446,Active,0
LN04003,CUST99999,BR009,Vehicle,2025-10-20,308277.94,15.94,120,731,Approved,0
LN05567,CUST00798,BR046,Vehicle,2026-05-29,102312.56,14.85,36,496,Approved,0
LN00839,CUST06738,BR023,Home,2025-08-17,495153.79,13.4,36,509,Rejected,0
LN03007,CUST03730,BR007,Home,2026-08-09,440843.59,15.78,60,496,Active,0
LN02198,CUST03926,BR043,Home,2026-04-24,131115.62,10.76,12,556,Approved,0
LN00556,CUST05293,BR030,Personal,2025-08-17,61831.66,9.96,36,454,Defaulted,1
LN03866,CUST04841,BR039,Vehicle,2025-05-15,346690.03,7.32,24,841,Active,0
LN05553,CUST00548,BR013,Education,2025-01-24,218511.81,14.18,12,611,Closed,0
LN02394,CUST01733,BR005,Education,2025-07-22,19459.16,17.67,24,315,Active,0
LN00721,CUST99999,BR022,Vehicle,2026-02-07,238829.72,12.06,36,889,Closed,0
LN01957,CUST09769,BR029,Education,2025-10-11,85335.07,14.63,12,707,Active,0
LN02344,CUST09596,BR043,Home,2026-07-04,466048.5,9.28,24,470,Defaulted,1
LN00195,CUST04218,BR023,Education,2026-07-27,380745.17,16.18,120,771,Active,0
LN02628,CUST99999,BR040,Personal,2025-04-19,429257.56,10.58,24,455,Active,0
LN01704,CUST03155,BR039,Education,2026-04-09,155036.39,12.55,36,788,Closed,0
LN04684,CUST05184,BR044,Education,2024-12-20,83180.74,6.42,12,402,Approved,0
LN04975,CUST03809,BR045,Vehicle,2025-12-30,324269.74,14.71,12,342,Defaulted,1
LN01559,CUST03224,BR040,Vehicle,2026-07-15,64685.57,16.84,12,635,Rejected,0
LN04430,CUST02828,BR048,Personal,2026-02-15,381188.23,16.99,120,776,Approved,0
LN05434,CUST03729,BR028,Home,2026-06-04,467143.07,12.81,60,534,Defaulted,1
LN05684,CUST03150,BR024,Personal,2024-10-16,399958.0,7.84,36,697,Rejected,0
LN04396,CUST08467,BR000,Home,2026-08-24,484466.17,9.26,12,550,Defaulted,1
LN00822,CUST06229,BR024,Education,2024-10-17,12982.89,7.72,120,302,Active,0
LN01866,CUST09196,BR030,Home,2024-10-03,224422.89,8.88,60,842,Closed,0
LN04858,CUST04933,BR034,Personal,2025-12-26,397056.73,10.73,60,525,Closed,0
LN00166,CUST07994,BR006,Vehicle,2024-12-24,324369.44,9.33,60,480,Closed,0
LN03780,CUST01134,BR018,Personal,2026-03-02,105929.8,12.34,36,694,Closed,0
LN00610,CUST05348,BR034,Vehicle,2025-07-25,113941.45,9.83,60,493,Active,0
LN01522,CUST00988,BR021,Home,2025-11-10,366102.88,8.27,12,691,Active,0
LN00380,CUST05315,BR029,Home,2026-08-28,389102.88,14.6,120,743,Approved,0
LN02260,CUST07128,BR038,Education,2024-11-08,60713.78,8.07,60,728,Closed,0
LN03661,CUST01424,BR047,Home,2026-02-04,272850.89,9.55,36,574,Rejected,0
LN00197,CUST04389,BR040,Home,2026-04-14,461844.35,15.81,60,799,Rejected,0
LN02353,CUST05588,BR004,Personal,2026-05-16,303846.29,6.24,120,715,Approved,0
LN00956,CUST08135,BR036,Education,2026-01-20,59527.48,9.78,60,698,Approved,0
LN03299,CUST02792,BR034,Home,2026-03-21,461304.46,8.84,60,304,Active,0
LN04437,CUST06622,BR016,Education,2025-01-21,187682.31,11.52,60,866,Closed,0
LN01947,CUST08841,BR000,Personal,2026-04-07,81164.11,11.78,24,818,Active,0
LN01565,CUST07099,BR044,Home,2025-10-21,477904.88,8.28,36,710,Closed,0
LN02133,CUST09956,BR001,Education,2024-12-27,170770.7,8.54,36,358,Rejected,0
LN01663,CUST06078,BR024,Personal,2025-09-04,440740.38,13.62,24,529,Approved,0
LN02698,CUST09641,BR048,Home,2025-05-24,20845.31,12.01,24,343,Rejected,0
LN01444,CUST04286,BR043,Vehicle,2026-07-24,284632.01,8.26,36,669,Approved,0
LN01545,CUST03380,BR041,Home,2026-05-31,285199.94,6.83,24,568,Closed,0
LN00593,CUST09576,BR030,Education,2026-05-06,250659.07,13.36,12,443,Approved,0
LN05407,CUST00126,BR005,Vehicle,2025-07-06,262995.12,8.68,24,850,Closed,0
LN01870,CUST04431,BR025,Personal,2025-08-18,228262.5,9.78,120,737,Defaulted,1
LN00916,CUST02560,BR034,Education,2026-07-02,53732.38,14.77,60,736,Active,0
LN02319,CUST01428,BR049,Education,2025-01-03,55811.26,17.74,60,796,Defaulted,1
LN05501,CUST07915,BR027,Education,2024-10-24,247340.39,6.14,36,521,Active,0
LN04622,CUST02432,BR001,Education,2025-03-31,225707.3,7.02,60,851,Rejected,0
LN04110,CUST00365,BR005,Vehicle,2026-02-25,194320.9,17.64,36,391,Defaulted,1
LN02907,CUST00006,BR008,Home,2025-01-21,266610.22,8.95,60,646,Approved,0
LN03290,CUST03259,BR008,Home,2025-08-31,306451.5,6.2,12,840,Active,0
LN03457,CUST02451,BR023,Education,2026-07-01,338263.91,16.96,24,773,Active,0
LN02593,CUST01125,BR004,Education,2026-03-17,49417.17,12.18,36,673,Active,0
LN05426,CUST03560,BR046,Education,2025-03-07,77160.72,17.16,60,870,Closed,0
LN00369,CUST06457,BR026,Personal,2026-05-28,480406.2,6.22,120,323,Defaulted,1
LN05869,CUST99999,BR030,Education,2024-12-28,461725.36,17.08,36,745,Defaulted,1
LN02485,CUST06304,BR017,Personal,2026-04-26,410321.86,13.82,12,354,Rejected,0
LN04643,CUST07693,BR005,Home,2025-08-06,478347.75,12.18,36,875,Closed,0
LN02213,CUST06420,BR021,Education,2025-10-01,481858.21,12.13,12,855,Closed,0
LN00847,CUST01460,BR006,Personal,2026-08-13,355696.3,12.21,120,787,Approved,0
LN00527,CUST04980,BR030,Home,2025-02-18,220479.07,14.8,12,788,Closed,0
LN03650,CUST08566,BR036,Personal,2025-06-25,378632.38,13.09,120,787,Closed,0
LN02178,CUST06272,BR007,Home,2024-12-03,15697.03,6.86,60,398,Defaulted,1
LN03385,CUST07888,BR006,Education,2026-02-19,256943.23,6.52,60,480,Defaulted,1
LN05537,CUST03676,BR007,Home,2026-07-30,278832.81,17.27,60,625,Rejected,0
LN00386,CUST06966,BR010,Personal,2025-09-20,489831.66,8.15,120,862,Active,0
LN05132,CUST08106,BR011,Personal,2026-06-26,320587.92,14.37,36,688,Closed,0
LN02948,CUST04009,BR015,Personal,2025-08-23,471291.48,7.94,120,619,Defaulted,1
LN02107,CUST05078,BR008,Education,2026-01-20,176710.37,11.98,12,499,Closed,0
LN03757,CUST08367,BR037,Home,2025-07-26,445555.09,8.03,60,829,Active,0
LN03192,CUST08859,BR020,Home,2025-05-20,227210.13,14.28,36,476,Closed,0
LN00304,CUST03444,BR048,Personal,2024-10-23,20302.16,6.59,120,323,Rejected,0
LN02506,CUST06985,BR010,Personal,2026-03-20,147193.9,14.02,36,445,Defaulted,1
LN03243,CUST08588,BR024,Personal,2025-10-20,341137.57,16.57,24,481,Defaulted,1
LN00118,CUST06938,BR023,Vehicle,2026-01-18,224618.9,6.28,12,737,Rejected,0
LN00896,CUST02060,BR001,Vehicle,2025-02-15,305995.33,10.11,60,616,Approved,0
LN05274,CUST06646,BR046,Vehicle,2026-07-05,187407.37,9.54,24,613,Closed,0
LN02785,CUST05808,BR033,Education,2025-05-20,404994.79,14.48,60,738,Closed,0
LN01196,CUST04225,BR023,Vehicle,2025-02-05,261215.14,7.27,120,797,Defaulted,1
LN05911,CUST07481,BR039,Home,2025-04-05,466044.96,7.31,36,746,Approved,0
LN03033,CUST02454,BR027,Vehicle,2026-01-08,342255.53,12.18,24,305,Approved,0
LN04570,CUST01987,BR038,Personal,2025-09-22,317689.37,9.16,24,335,Approved,0
LN00402,CUST02838,BR023,Home,2025-04-17,39618.99,16.64,60,411,Rejected,0
LN05755,CUST00215,BR011,Personal,2025-03-03,483187.57,13.02,60,590,Active,0
LN00332,CUST01686,BR037,Education,2024-11-20,424710.9,15.06,120,571,Rejected,0
LN00239,CUST05423,BR024,Vehicle,2024-09-23,406460.58,9.51,60,616,Closed,0
LN02732,CUST09777,BR038,Home,2025-10-13,219782.74,16.28,120,748,Defaulted,1
LN00646,CUST02779,BR046,Home,2025-02-28,68432.58,13.71,24,325,Defaulted,1
LN05004,CUST07697,BR030,Home,2025-03-16,369306.36,9.93,120,544,Defaulted,1
LN00435,CUST09949,BR041,Personal,2025-01-30,70701.48,10.96,60,513,Defaulted,1
LN00747,CUST04300,BR045,Personal,2025-02-18,34570.57,13.77,36,517,Rejected,0
LN05517,CUST08465,BR025,Home,2026-02-04,352916.06,9.13,36,545,Defaulted,1
LN03810,CUST00690,BR014,Personal,2025-02-12,365107.65,10.31,12,623,Rejected,0
LN05655,CUST03624,BR015,Home,2026-08-02,69313.9,13.1,60,560,Approved,0
LN01454,CUST02719,BR006,Education,2025-01-09,330244.76,7.29,120,809,Active,0
LN05141,CUST99999,BR046,Education,2025-04-22,403748.12,17.35,36,744,Defaulted,1
LN05300,CUST99999,BR041,Education,2026-05-25,366236.1,9.62,120,707,Approved,0
LN03167,CUST01228,BR005,Education,2025-11-15,233245.24,12.18,24,707,Defaulted,1
LN03658,CUST05131,BR015,Personal,2025-06-26,425533.67,14.54,36,891,Active,0
LN03897,CUST05164,BR003,Vehicle,2026-04-06,13179.87,6.38,12,831,Closed,0
LN04538,CUST07299,BR027,Home,2026-08-31,304818.31,7.51,36,643,Rejected,0
LN01824,CUST09829,BR034,Vehicle,2026-01-14,292352.41,12.26,60,805,Active,0
LN02668,CUST07374,BR048,Personal,2025-10-21,16194.87,15.77,12,659,Defaulted,1
LN00167,CUST01495,BR016,Education,2025-10-08,410923.88,16.78,60,329,Approved,0
LN03091,CUST00024,BR047,Education,2026-06-01,271465.18,7.16,120,672,Approved,0
LN05884,CUST05529,BR000,Personal,2025-09-12,350173.62,12.18,12,433,Defaulted,1
LN01159,CUST03186,BR035,Education,2025-11-11,76725.33,7.2,60,578,Closed,0
LN05173,CUST07657,BR035,Home,2024-09-15,80275.12,11.42,120,362,Active,0
LN03404,CUST08988,BR011,Vehicle,2025-04-17,330652.75,13.06,36,521,Defaulted,1
LN03116,CUST05409,BR043,Vehicle,2024-10-15,185062.75,8.56,12,340,Approved,0
LN04255,CUST03135,BR048,Home,2026-07-07,45925.06,17.55,36,506,Closed,0
LN01793,CUST01198,BR003,Education,2025-07-11,48056.27,9.41,60,379,Closed,0
LN03826,CUST08636,BR029,Personal,2026-02-13,185867.37,10.52,12,715,Approved,0
LN01890,CUST02137,BR040,Education,2024-11-18,367965.89,13.08,24,632,Closed,0
LN04289,CUST02148,BR015,Home,2025-11-05,396952.72,15.81,36,707,Approved,0
LN01086,CUST02065,BR005,Personal,2026-05-02,170853.42,11.53,60,399,Defaulted,1
LN02733,CUST01492,BR008,Vehicle,2025-07-14,491796.23,11.52,60,875,Active,0
LN05748,CUST09654,BR024,Personal,2026-02-08,169036.5,17.92,24,565,Active,0
LN02953,CUST06313,BR029,Home,2024-12-16,492914.84,15.4,36,370,Closed,0
LN04797,CUST06401,BR006,Education,2025-01-14,338275.1,6.28,24,756,Approved,0
LN02081,CUST07137,BR013,Education,2025-10-07,242616.61,17.73,12,505,Rejected,0
LN00319,CUST03327,BR015,Personal,2024-12-19,127408.82,13.42,12,306,Defaulted,1
LN01492,CUST07437,BR017,Education,2024-12-23,265816.05,11.57,120,708,Approved,0
LN02340,CUST07378,BR033,Personal,2025-04-18,27141.12,16.84,12,679,Approved,0
LN05359,CUST07235,BR017,Education,2025-01-31,477527.66,16.84,120,306,Approved,0
LN00636,CUST00539,BR036,Education,2025-02-10,413492.0,9.67,120,588,Closed,0
LN03362,CUST03313,BR019,Home,2026-03-02,231835.46,6.94,60,850,Approved,0
LN03417,CUST06976,BR033,Personal,2026-09-05,271983.19,14.48,120,578,Closed,0
LN00904,CUST03490,BR023,Vehicle,2024-09-23,10589.77,12.18,120,302,Approved,0
LN01139,CUST06852,BR014,Home,2025-03-13,215736.1,11.17,36,584,Defaulted,1
LN05829,CUST01317,BR039,Vehicle,2026-03-06,274997.91,6.05,120,309,Rejected,0
LN05458,CUST06772,BR044,Education,2026-08-18,324983.61,15.47,60,685,Defaulted,1
LN00676,CUST00404,BR016,Vehicle,2025-08-11,197629.04,14.95,36,641,Rejected,0
LN04969,CUST06155,BR030,Education,2026-03-07,330034.03,11.88,36,497,Approved,0
LN00399,CUST08932,BR044,Education,2026-05-10,428909.31,14.58,120,502,Closed,0
LN00548,CUST06801,BR029,Home,2024-09-10,440914.48,17.1,36,785,Active,0
LN00481,CUST00825,BR022,Education,2024-11-24,157871.82,10.56,120,468,Approved,0
LN03604,CUST09689,BR013,Home,2024-10-21,180942.43,7.56,120,360,Defaulted,1
LN05410,CUST02639,BR016,Home,2024-09-28,425586.78,10.92,12,548,Rejected,0
LN01584,CUST03496,BR005,Personal,2024-11-09,421764.76,17.83,24,300,Closed,0
LN02458,CUST00874,BR002,Personal,2025-06-16,402305.59,12.09,24,584,Defaulted,1
LN01892,CUST03530,BR001,Vehicle,2025-02-19,279338.14,14.19,36,746,Closed,0
LN02069,CUST08286,BR021,Vehicle,2026-04-13,383879.5,6.51,120,328,Closed,0
LN05070,CUST09043,BR036,Personal,2026-05-01,95907.62,16.52,120,514,Rejected,0
LN05777,CUST04284,BR013,Home,2026-03-16,354953.1,11.43,120,597,Approved,0
LN05334,CUST09837,BR029,Home,2026-08-11,109021.31,9.41,60,791,Defaulted,1
LN04844,CUST07347,BR026,Personal,2024-12-23,92950.24,17.59,12,844,Active,0
LN03310,CUST00719,BR021,Personal,2025-11-15,175500.32,14.61,24,789,Active,0
LN02531,CUST02113,BR024,Education,2025-04-14,380735.22,9.12,12,666,Rejected,0
LN04246,CUST03294,BR003,Education,2025-06-30,177461.23,8.19,36,342,Defaulted,1
LN00987,CUST02674,BR027,Education,2026-01-25,142302.45,17.08,24,840,Defaulted,1
LN00958,CUST07667,BR040,Vehicle,2024-12-22,458387.61,14.4,120,816,Active,0
LN00340,CUST07343,BR040,Education,2026-07-10,106145.67,10.31,24,877,Active,0
LN00407,CUST01664,BR001,Education,2025-11-13,256175.28,12.09,120,637,Rejected,0
LN05404,CUST05296,BR042,Home,2025-11-21,403288.91,13.95,24,891,Rejected,0
LN00445,CUST09540,BR049,Personal,2025-11-24,433087.14,13.8,36,456,Active,0
LN00689,CUST05997,BR014,Education,2025-03-24,182097.62,11.62,24,748,Approved,0
LN05353,CUST01342,BR000,Home,2026-02-20,129677.34,15.69,36,759,Closed,0
LN01636,CUST00894,BR025,Home,2025-11-21,101342.79,12.18,60,832,Closed,0
LN01060,CUST05588,BR009,Personal,2026-01-23,113106.04,7.1,24,635,Rejected,0
LN01774,CUST06570,BR003,Vehicle,2025-05-29,245722.92,15.23,24,496,Rejected,0
LN03307,CUST02803,BR035,Personal,2025-02-04,72256.09,13.55,120,682,Active,0
LN00696,CUST04976,BR030,Personal,2026-05-27,485328.11,7.92,120,559,Closed,0
LN01720,CUST00269,BR027,Personal,2025-02-25,342910.19,15.44,12,814,Defaulted,1
LN04660,CUST00985,BR026,Education,2025-05-17,237255.85,11.79,60,696,Rejected,0
LN03579,CUST00406,BR042,Personal,2024-10-25,222697.43,16.36,120,872,Closed,0
LN01128,CUST06150,BR002,Personal,2025-11-13,77163.29,12.64,36,740,Approved,0
LN03379,CUST01757,BR014,Education,2024-11-24,285706.72,15.47,12,429,Active,0
LN03017,CUST99999,BR044,Education,2024-11-10,270795.08,10.01,60,406,Closed,0
LN02055,CUST03138,BR022,Personal,2024-12-18,232036.8,6.22,36,346,Rejected,0
LN03508,CUST00289,BR027,Personal,2025-05-22,-492584.31,6.16,12,852,Approved,0
LN00270,CUST09492,BR028,Personal,2025-12-23,254613.64,13.51,36,476,Approved,0
LN03848,CUST09014,BR021,Vehicle,2025-02-19,390263.99,6.79,12,590,Approved,0
LN04584,CUST04668,BR005,Education,2025-01-16,151830.11,9.34,36,701,Active,0
LN04041,CUST08411,BR047,Home,2024-09-15,350494.67,6.71,120,836,Rejected,0
LN02305,CUST06279,BR018,Home,2026-04-21,417469.05,16.91,24,332,Rejected,0
LN01395,CUST04675,BR011,Vehicle,2024-11-28,212995.66,11.03,60,739,Approved,0
LN02823,CUST06048,BR005,Home,2026-02-16,448086.76,12.18,12,758,Rejected,0
LN02519,CUST09369,BR017,Home,2026-05-29,273305.3,11.91,120,825,Approved,0
LN05305,CUST00588,BR034,Personal,2024-10-25,40979.93,13.96,120,681,Active,0
LN01538,CUST03610,BR004,Vehicle,2025-07-24,300621.92,11.46,120,736,Defaulted,1
LN04585,CUST04287,BR049,Education,2026-05-07,347749.2,12.94,120,338,Closed,0
LN01303,CUST09374,BR025,Education,2024-11-02,225862.96,12.18,12,333,Closed,0
LN02756,CUST03740,BR046,Education,2025-07-15,27458.6,15.86,24,796,Rejected,0
LN03828,CUST04458,BR045,Vehicle,2025-12-20,126582.84,14.75,24,505,Approved,0
LN04302,CUST07522,BR005,Home,2026-06-15,440867.61,9.5,36,732,Active,0
LN05039,CUST08976,BR018,Home,2026-07-18,435833.08,14.9,120,383,Defaulted,1
LN04871,CUST09021,BR001,Home,2026-02-23,57556.52,11.09,120,672,Closed,0
LN01561,CUST01763,BR036,Vehicle,2026-07-19,257046.64,17.03,24,640,Closed,0
LN01552,CUST06059,BR032,Education,2025-01-04,369766.99,10.45,12,488,Rejected,0
LN00244,CUST03170,BR007,Education,2026-06-15,20214.17,9.58,120,667,Rejected,0
LN03095,CUST04236,BR006,Education,2026-03-22,103098.29,15.66,60,392,Closed,0
LN00424,CUST03506,BR037,Vehicle,2025-12-05,491788.3,7.66,12,382,Closed,0
LN04864,CUST08975,BR012,Home,2025-02-20,260083.95,14.56,120,394,Closed,0
LN04415,CUST09712,BR016,Vehicle,2026-03-22,296390.27,10.61,24,544,Active,0
LN01548,CUST01050,BR030,Personal,2026-02-05,222775.98,16.82,12,493,Rejected,0
LN00911,CUST03530,BR046,Personal,2024-09-12,83221.63,14.55,120,814,Closed,0
LN04608,CUST02504,BR003,Home,2025-08-16,28684.49,10.33,36,762,Rejected,0
LN02941,CUST04458,BR005,Vehicle,2026-06-09,231095.5,13.32,60,486,Defaulted,1
LN00778,CUST02393,BR023,Personal,2026-02-12,268748.63,12.86,60,828,Defaulted,1
LN02818,CUST08210,BR040,Education,2025-01-10,217972.61,9.21,60,341,Defaulted,1
LN01178,CUST05796,BR019,Personal,2026-04-08,38442.71,15.97,60,605,Closed,0
LN05473,CUST02881,BR040,Home,2025-11-03,376072.24,11.2,12,566,Closed,0
LN03600,CUST02230,BR008,Home,2026-08-07,480004.81,14.14,24,572,Closed,0
LN04081,CUST04251,BR016,Education,2025-05-10,113417.39,15.3,60,703,Active,0
LN05466,CUST02296,BR001,Vehicle,2024-12-27,480635.08,12.16,60,625,Approved,0
LN03863,CUST00195,BR021,Education,2026-08-19,428239.61,13.42,120,392,Defaulted,1
LN04890,CUST01859,BR028,Home,2025-04-11,250301.08,16.02,12,742,Defaulted,1
LN02867,CUST04008,BR037,Home,2025-03-29,436323.52,17.67,24,636,Active,0
LN04900,CUST09822,BR016,Home,2026-05-06,277143.51,10.83,120,833,Closed,0
LN00642,CUST07312,BR009,Education,2026-06-07,191994.29,15.45,36,708,Active,0
LN00455,CUST02427,BR014,Personal,2025-11-21,21741.08,6.68,12,429,Active,0
LN05688,CUST06947,BR025,Vehicle,2026-06-22,301770.47,14.6,24,581,Closed,0
LN05496,CUST05618,BR015,Home,2026-08-22,145061.33,13.73,24,514,Approved,0
LN04401,CUST00910,BR026,Personal,2026-03-29,406419.09,12.18,36,831,Approved,0
LN05073,CUST02076,BR015,Education,2025-11-27,344772.07,6.92,120,787,Active,0
LN04654,CUST07984,BR026,Education,2025-06-07,270697.0,17.97,120,379,Rejected,0
LN02914,CUST03273,BR010,Home,2026-05-16,127337.74,10.0,24,440,Approved,0
LN04288,CUST04131,BR024,Personal,2025-12-11,380299.93,9.04,24,395,Approved,0
LN03638,CUST04986,BR042,Education,2025-09-09,417808.81,10.47,120,481,Active,0
LN05484,CUST02048,BR012,Vehicle,2025-10-21,457175.24,15.5,24,337,Closed,0
LN05139,CUST09484,BR040,Education,2025-06-21,96787.12,16.61,24,825,Active,0
LN05053,CUST04603,BR044,Personal,2025-03-31,312894.62,10.26,36,853,Approved,0
LN00858,CUST01063,BR045,Home,2025-03-19,428024.58,17.89,120,542,Approved,0
LN01555,CUST04473,BR000,Vehicle,2024-12-15,155677.29,14.58,60,601,Closed,0
LN01945,CUST07327,BR002,Home,2024-10-18,477094.88,6.99,12,384,Closed,0
LN00937,CUST06943,BR040,Personal,2026-02-17,391514.67,15.36,36,399,Active,0
LN03670,CUST03104,BR024,Personal,2025-10-30,348779.36,8.28,120,806,Rejected,0
LN00584,CUST99999,BR024,Vehicle,2024-10-08,294856.22,14.66,12,897,Active,0
LN02711,CUST00285,BR034,Vehicle,2026-03-02,-160267.63,15.62,60,551,Closed,0
LN00300,CUST07339,BR034,Education,2024-09-13,489916.05,13.91,24,367,Closed,0
LN04195,CUST03505,BR022,Home,2025-07-04,41788.08,17.98,120,681,Approved,0
LN00915,CUST09762,BR006,Home,2025-07-07,135063.3,9.51,60,520,Rejected,0
LN01006,CUST05959,BR030,Home,2025-02-24,371714.03,14.72,12,457,Defaulted,1
LN03699,CUST05693,BR036,Personal,2026-04-25,34794.68,10.3,36,744,Closed,0
LN04653,CUST09275,BR039,Vehicle,2025-11-24,113859.95,9.57,12,549,Active,0
LN05895,CUST05338,BR025,Vehicle,2025-04-13,466982.34,13.05,120,533,Closed,0
LN05215,CUST02155,BR037,Vehicle,2025-12-11,28243.29,13.97,120,622,Active,0
LN04907,CUST06337,BR038,Vehicle,2025-04-30,377575.86,8.14,12,387,Rejected,0
LN03493,CUST02179,BR021,Personal,2026-02-09,338584.22,11.07,120,387,Rejected,0
LN02200,CUST07340,BR030,Personal,2025-04-20,204604.72,12.12,60,788,Defaulted,1
LN00251,CUST09888,BR022,Personal,2025-11-22,414548.25,14.78,36,500,Defaulted,1
LN04911,CUST00143,BR014,Personal,2025-10-08,210578.05,13.34,120,831,Rejected,0
LN05569,CUST08979,BR036,Personal,2025-02-26,182717.52,9.26,24,709,Defaulted,1
LN05594,CUST07088,BR030,Vehicle,2024-09-16,432404.92,11.85,36,458,Closed,0
LN05368,CUST03340,BR044,Education,2025-12-31,240934.47,14.06,12,729,Active,0
LN02939,CUST09370,BR016,Education,2026-04-28,-239461.4,12.5,12,759,Rejected,0
LN03763,CUST03490,BR028,Personal,2026-07-23,123403.95,16.13,36,559,Defaulted,1
LN00833,CUST09361,BR009,Personal,2025-10-25,120902.11,8.7,36,659,Rejected,0
LN04866,CUST09141,BR028,Education,2026-04-12,158102.2,16.86,60,491,Active,0
LN02971,CUST08556,BR007,Home,2025-01-04,247523.27,7.03,24,597,Closed,0
LN01085,CUST07186,BR019,Home,2025-10-31,233920.38,17.6,12,576,Approved,0
LN00800,CUST04621,BR044,Education,2025-07-03,238323.71,14.24,60,744,Rejected,0
LN04464,CUST09940,BR047,Vehicle,2026-03-09,436797.0,16.93,60,812,Approved,0
LN03207,CUST06361,BR020,Personal,2025-10-26,231484.06,16.57,24,425,Defaulted,1
LN05074,CUST05231,BR024,Education,2026-02-13,245961.16,17.16,60,524,Rejected,0
LN00612,CUST06190,BR041,Education,2025-01-25,484620.77,14.6,12,560,Defaulted,1
LN04927,CUST07135,BR006,Vehicle,2026-01-16,88294.93,10.21,12,514,Approved,0
LN02202,CUST06230,BR047,Home,2024-12-10,128355.98,14.07,24,825,Rejected,0
LN03705,CUST09533,BR015,Home,2025-12-29,488353.32,12.14,36,825,Defaulted,1
LN02032,CUST00340,BR017,Home,2026-03-28,486303.99,14.22,60,752,Rejected,0
LN05316,CUST05452,BR008,Vehicle,2026-09-06,262417.46,10.9,24,596,Approved,0
LN02842,CUST00593,BR005,Education,2025-06-23,176820.84,7.42,36,563,Rejected,0
LN03377,CUST06353,BR020,Personal,2025-03-07,254838.42,15.27,24,660,Rejected,0
LN01886,CUST00105,BR035,Personal,2024-12-11,300402.74,14.63,24,560,Closed,0
LN03057,CUST07742,BR008,Personal,2024-12-28,267106.7,9.27,12,828,Closed,0
LN01027,CUST04662,BR032,Vehicle,2025-11-29,203356.43,10.03,120,757,Active,0
LN03712,CUST05633,BR029,Education,2025-02-15,419021.6,13.91,120,310,Rejected,0
LN00419,CUST07004,BR032,Home,2024-10-25,423758.75,11.39,60,740,Defaulted,1
LN00873,CUST06316,BR002,Vehicle,2025-03-09,331241.04,17.87,60,300,Closed,0
LN04342,CUST04143,BR016,Personal,2026-05-31,187129.33,17.6,24,343,Active,0
LN05080,CUST01644,BR009,Education,2024-09-09,292626.96,17.96,24,844,Closed,0
LN01836,CUST00454,BR032,Education,2025-05-02,147393.15,7.1,120,632,Defaulted,1
LN05982,CUST02148,BR021,Vehicle,2025-06-06,201884.92,11.95,36,417,Closed,0
LN04017,CUST09277,BR003,Vehicle,2025-07-20,235649.49,17.64,120,562,Rejected,0
LN02361,CUST03586,BR029,Personal,2026-01-27,480368.92,10.07,36,385,Rejected,0
LN04330,CUST03103,BR041,Personal,2025-10-06,166579.04,16.89,12,485,Closed,0
LN01291,CUST06737,BR035,Home,2026-02-25,426276.44,14.33,120,659,Approved,0
LN05358,CUST06280,BR044,Home,2026-08-14,183909.74,15.84,60,442,Defaulted,1
LN00046,CUST09555,BR032,Personal,2025-01-06,20370.27,12.83,12,683,Active,0
LN02773,CUST04875,BR020,Personal,2026-03-26,464089.29,7.41,120,380,Approved,0
LN00551,CUST07241,BR016,Personal,2024-12-18,335543.95,16.58,120,472,Approved,0
LN00777,CUST00523,BR001,Personal,2025-03-09,374431.04,15.58,60,881,Closed,0
LN00536,CUST02156,BR023,Home,2025-09-22,85447.43,15.36,36,681,Closed,0
LN02403,CUST02097,BR023,Personal,2025-05-25,332122.59,7.79,36,595,Defaulted,1
LN04967,CUST05672,BR039,Vehicle,2025-07-27,196155.68,11.96,12,516,Defaulted,1
LN03001,CUST02834,BR014,Vehicle,2025-12-03,237541.46,10.67,12,309,Rejected,0
LN00112,CUST03840,BR019,Personal,2025-03-17,357203.77,11.19,120,482,Rejected,0
LN05811,CUST05077,BR005,Education,2026-03-26,49979.9,11.0,60,865,Rejected,0
LN00794,CUST00055,BR002,Vehicle,2026-07-28,290832.68,15.97,12,825,Rejected,0
LN03443,CUST01196,BR014,Personal,2025-11-23,24229.55,13.64,36,610,Rejected,0
LN05973,CUST01364,BR000,Vehicle,2025-06-24,99493.1,6.07,24,376,Active,0
LN05489,CUST03553,BR031,Personal,2025-12-29,219213.53,16.38,36,560,Approved,0
LN01969,CUST05472,BR049,Education,2026-02-01,460991.02,7.97,120,701,Closed,0
LN04886,CUST09107,BR005,Personal,2025-05-10,67066.75,9.66,120,625,Closed,0
LN05500,CUST01871,BR009,Home,2025-05-17,402200.93,8.46,60,701,Active,0
LN02153,CUST00671,BR031,Vehicle,2024-11-12,208705.37,10.67,60,503,Closed,0
LN04155,CUST05395,BR039,Education,2025-04-04,26266.28,8.19,12,641,Active,0
LN01358,CUST01828,BR039,Vehicle,2024-09-28,260628.52,15.87,24,553,Rejected,0
LN05301,CUST08226,BR031,Vehicle,2026-05-17,218283.41,9.84,24,596,Approved,0
LN01933,CUST05010,BR047,Personal,2024-09-28,102567.79,14.33,60,423,Rejected,0
LN01668,CUST00956,BR018,Personal,2025-01-08,65981.74,17.96,120,748,Rejected,0
LN04193,CUST07086,BR030,Home,2025-05-17,359349.82,7.16,36,648,Rejected,0
LN03917,CUST03630,BR016,Education,2025-11-09,213736.56,14.71,36,402,Active,0
LN03374,CUST07557,BR012,Education,2025-10-25,35107.38,9.76,120,593,Defaulted,1
LN03114,CUST09101,BR033,Vehicle,2025-12-05,445159.39,6.44,60,573,Active,0
LN01376,CUST00936,BR004,Home,2025-09-08,31174.71,15.63,24,718,Rejected,0
LN05615,CUST00913,BR023,Education,2026-07-24,390303.69,11.2,24,313,Rejected,0
LN01245,CUST03549,BR039,Vehicle,2025-11-19,296618.7,7.12,24,693,Active,0
LN04214,CUST01857,BR032,Personal,2025-04-04,252781.07,10.88,24,521,Approved,0
LN01013,CUST07196,BR020,Personal,2025-12-22,363735.69,13.53,24,831,Closed,0
LN04732,CUST02053,BR032,Personal,2026-03-03,491678.05,7.28,24,554,Approved,0
LN03936,CUST04236,BR019,Vehicle,2026-03-21,454785.42,10.57,24,692,Closed,0
LN04100,CUST04500,BR034,Education,2025-07-07,44913.82,15.22,120,875,Active,0
LN01813,CUST05704,BR005,Home,2025-09-09,174174.09,11.32,120,678,Rejected,0
LN04139,CUST00991,BR018,Vehicle,2025-06-26,280377.13,12.31,120,842,Defaulted,1
LN00503,CUST07357,BR008,Home,2026-05-27,141984.89,14.24,24,751,Rejected,0
LN04055,CUST03340,BR005,Vehicle,2025-10-23,458259.42,15.31,12,346,Closed,0
LN03652,CUST04690,BR047,Personal,2025-07-02,248141.69,6.31,36,507,Active,0
LN05137,CUST04815,BR034,Vehicle,2025-08-28,40502.79,14.87,24,338,Approved,0
LN00349,CUST06971,BR038,Home,2026-03-27,199706.14,6.77,36,513,Rejected,0
LN05554,CUST07675,BR017,Personal,2026-03-28,163161.62,9.65,36,669,Defaulted,1
LN05903,CUST03791,BR042,Home,2025-03-04,363894.3,13.06,24,564,Active,0
LN02910,CUST09783,BR011,Vehicle,2025-10-08,249099.24,8.47,120,814,Rejected,0
LN05177,CUST00390,BR006,Home,2026-01-31,274976.43,6.12,60,557,Defaulted,1
LN02426,CUST03384,BR002,Personal,2025-05-06,19456.57,16.92,24,619,Active,0
LN05041,CUST05229,BR008,Home,2026-03-31,122415.15,16.2,12,587,Closed,0
LN04459,CUST09074,BR035,Vehicle,2025-08-23,129288.36,12.33,12,588,Defaulted,1
LN00902,CUST02824,BR009,Education,2025-12-05,299917.72,16.83,12,695,Closed,0
LN02216,CUST04531,BR038,Vehicle,2026-02-08,371369.85,16.66,60,813,Closed,0
LN05206,CUST03622,BR032,Personal,2024-11-12,279498.77,14.87,120,372,Rejected,0
LN01689,CUST07904,BR038,Personal,2025-06-13,101413.38,8.64,36,485,Defaulted,1
LN02909,CUST06564,BR047,Vehicle,2025-06-15,39389.84,11.04,24,650,Approved,0
LN01716,CUST06430,BR024,Education,2025-03-05,184712.55,11.81,12,863,Rejected,0
LN04573,CUST04059,BR000,Vehicle,2025-11-21,357954.34,7.39,12,710,Approved,0
LN04087,CUST01230,BR027,Home,2026-06-07,48271.11,15.34,36,476,Rejected,0
LN04307,CUST03136,BR029,Personal,2026-05-19,29174.8,14.6,36,395,Approved,0
LN05512,CUST01514,BR047,Education,2026-07-08,476540.7,12.59,36,653,Closed,0
LN01535,CUST05390,BR005,Home,2025-03-08,458290.41,7.55,24,855,Approved,0
LN02915,CUST07611,BR049,Education,2024-12-24,435028.02,6.21,24,410,Approved,0
LN03552,CUST02708,BR021,Education,2026-03-07,360015.81,14.71,12,547,Defaulted,1
LN05352,CUST01819,BR005,Personal,2025-07-02,328102.75,17.73,36,672,Closed,0
LN02735,CUST01348,BR027,Vehicle,2025-11-03,439450.34,11.08,120,590,Defaulted,1
LN03465,CUST04369,BR042,Personal,2025-01-12,301732.95,11.59,120,494,Active,0
LN01248,CUST06667,BR006,Home,2025-03-19,442173.92,10.16,24,389,Closed,0
LN00538,CUST05161,BR049,Vehicle,2026-08-12,317809.48,14.78,12,870,Active,0
LN05822,CUST02657,BR043,Education,2025-04-10,62586.14,12.93,60,339,Approved,0
LN01841,CUST04806,BR034,Home,2026-07-29,332311.42,16.23,12,831,Approved,0
LN02046,CUST05435,BR016,Education,2026-06-16,432166.5,16.23,60,855,Closed,0
LN01495,CUST08476,BR024,Vehicle,2025-04-10,479812.47,12.68,36,376,Defaulted,1
LN05042,CUST02237,BR033,Personal,2026-07-28,87282.96,8.59,36,816,Closed,0
LN02664,CUST07568,BR029,Education,2024-11-13,431327.22,9.07,24,437,Closed,0
LN05380,CUST07116,BR039,Home,2025-07-02,230174.67,12.19,24,479,Rejected,0
LN04408,CUST07446,BR015,Vehicle,2025-02-15,112990.7,13.1,36,849,Rejected,0
LN04146,CUST00067,BR020,Education,2024-11-13,132745.7,11.93,120,879,Approved,0
LN03624,CUST07032,BR034,Home,2025-02-24,137807.23,8.17,12,837,Closed,0
LN01309,CUST02983,BR014,Personal,2026-05-15,271523.12,11.99,24,436,Approved,0
LN00202,CUST00197,BR007,Education,2024-12-03,152335.99,14.57,36,756,Defaulted,1
LN01865,CUST06570,BR005,Personal,2025-04-13,126283.94,12.13,60,508,Approved,0
LN04784,CUST01048,BR033,Vehicle,2026-07-19,107628.52,12.64,120,584,Defaulted,1
LN01846,CUST01440,BR034,Vehicle,2025-06-23,226810.75,10.86,36,614,Rejected,0
LN03796,CUST01551,BR032,Home,2024-12-29,184286.82,12.51,60,561,Active,0
LN04578,CUST04440,BR000,Education,2025-04-22,387354.71,6.98,24,466,Active,0
LN01748,CUST01939,BR024,Home,2026-08-15,131101.08,14.91,24,513,Rejected,0
LN05697,CUST05607,BR001,Education,2026-06-09,198711.28,13.45,60,590,Defaulted,1
LN01426,CUST99999,BR047,Education,2024-10-20,263974.41,9.81,24,438,Approved,0
LN03544,CUST00205,BR012,Home,2024-12-20,106029.57,8.59,24,485,Closed,0
LN01203,CUST04124,BR011,Vehicle,2026-03-11,384636.22,12.18,36,662,Rejected,0
LN03061,CUST09134,BR037,Education,2025-05-14,396796.02,9.3,60,690,Active,0
LN02825,CUST00987,BR020,Vehicle,2025-08-14,276684.42,12.11,24,786,Defaulted,1
LN01383,CUST02736,BR032,Education,2025-12-06,490464.75,14.71,12,416,Closed,0
LN04180,CUST03716,BR010,Home,2025-11-14,231301.98,16.64,12,371,Active,0
LN04142,CUST01258,BR043,Vehicle,2026-02-17,98729.54,17.74,24,720,Defaulted,1
LN00961,CUST05408,BR048,Vehicle,2025-01-27,116080.38,15.13,36,641,Rejected,0
LN01298,CUST01466,BR049,Vehicle,2026-03-11,114596.14,6.82,36,410,Rejected,0
LN02505,CUST03137,BR015,Vehicle,2026-02-15,331877.68,9.42,60,499,Approved,0
LN02621,CUST09172,BR032,Education,2026-09-08,381750.2,13.27,36,732,Defaulted,1
LN02149,CUST08433,BR013,Vehicle,2025-05-17,386441.41,6.29,120,571,Defaulted,1
LN03512,CUST07415,BR027,Education,2025-11-26,-64064.04,12.18,36,365,Defaulted,1
LN04202,CUST04875,BR004,Vehicle,2026-03-25,143923.06,9.86,120,731,Approved,0
LN02326,CUST02979,BR034,Education,2026-05-19,450359.6,11.56,12,501,Defaulted,1
LN01556,CUST02946,BR012,Vehicle,2025-10-03,240565.33,12.52,36,657,Approved,0
LN03089,CUST01088,BR048,Home,2026-08-09,279741.31,11.23,120,355,Active,0
LN04121,CUST00956,BR002,Personal,2024-11-06,241075.47,9.51,12,705,Defaulted,1
LN02921,CUST08767,BR044,Vehicle,2025-11-12,214149.61,13.08,36,748,Rejected,0
LN03794,CUST99999,BR030,Education,2026-07-06,206288.79,17.97,12,890,Active,0
LN05040,CUST04571,BR049,Education,2025-04-04,325228.91,14.2,12,359,Closed,0
LN04474,CUST05831,BR004,Home,2024-11-26,201413.92,13.33,60,894,Defaulted,1
LN03964,CUST09288,BR008,Home,2025-02-24,204316.22,13.78,60,754,Active,0
LN01403,CUST05016,BR001,Home,2026-02-04,29609.62,8.46,60,696,Defaulted,1
LN00051,CUST00775,BR025,Home,2024-11-19,28077.71,12.84,60,565,Rejected,0
LN04331,CUST02440,BR025,Home,2026-08-26,84079.63,12.99,120,886,Rejected,0
LN02576,CUST08804,BR031,Personal,2026-08-31,286858.71,17.44,120,889,Rejected,0
LN00969,CUST02336,BR034,Home,2025-05-28,199953.35,10.39,120,350,Closed,0
LN01206,CUST05415,BR016,Education,2025-04-09,64266.77,13.71,24,594,Closed,0
LN01419,CUST03020,BR030,Vehicle,2026-06-10,477250.39,8.16,12,650,Approved,0
LN02553,CUST06710,BR007,Personal,2026-03-14,166498.22,16.45,120,679,Defaulted,1
LN00451,CUST06303,BR048,Education,2024-11-10,208113.09,6.76,120,823,Active,0
LN01266,CUST02421,BR000,Education,2025-12-09,393975.14,7.12,24,646,Active,0
LN02311,CUST09476,BR023,Education,2025-11-20,311982.98,15.57,12,451,Active,0
LN05045,CUST06394,BR043,Personal,2026-08-07,361996.51,8.06,12,733,Rejected,0
LN03078,CUST06337,BR002,Education,2025-03-19,15884.49,9.95,24,870,Closed,0
LN01155,CUST08173,BR018,Vehicle,2026-02-05,383536.19,15.65,120,507,Active,0
LN04034,CUST08235,BR025,Personal,2025-07-19,491749.52,6.12,120,656,Closed,0
LN03221,CUST07122,BR018,Vehicle,2025-05-04,401103.69,17.45,60,549,Defaulted,1
LN04126,CUST07002,BR020,Home,2025-12-14,28579.3,9.13,60,645,Defaulted,1
LN01771,CUST05342,BR034,Vehicle,2025-04-25,36927.19,17.95,120,369,Rejected,0
LN02242,CUST08843,BR019,Education,2025-05-18,338164.27,14.72,120,885,Rejected,0
LN02771,CUST03736,BR014,Education,2026-05-23,256996.72,6.44,12,678,Approved,0
LN00418,CUST00580,BR033,Vehicle,2025-11-03,185281.21,16.58,12,377,Closed,0
LN04629,CUST04117,BR015,Education,2024-12-08,57477.16,13.37,24,450,Approved,0
LN04479,CUST07282,BR021,Education,2025-06-19,275663.26,7.55,24,682,Approved,0
LN00471,CUST08945,BR001,Home,2025-08-29,312074.89,12.56,12,817,Active,0
LN03741,CUST08801,BR038,Vehicle,2026-03-30,423123.88,11.47,36,741,Defaulted,1
LN00027,CUST99999,BR005,Vehicle,2026-03-18,186004.77,9.63,120,574,Closed,0
LN01805,CUST09519,BR046,Personal,2025-06-30,138603.59,10.43,12,829,Closed,0
LN04420,CUST00886,BR018,Personal,2025-04-29,432961.8,11.15,24,307,Active,0
LN01260,CUST08407,BR023,Education,2025-06-30,249394.97,9.99,36,876,Rejected,0
LN00022,CUST09274,BR023,Home,2025-10-05,59082.97,16.26,36,567,Rejected,0
LN01606,CUST00089,BR020,Vehicle,2026-08-24,142529.86,14.8,120,577,Closed,0
LN01811,CUST08133,BR013,Personal,2026-02-14,201753.09,11.46,12,553,Closed,0
LN05671,CUST05565,BR025,Personal,2025-07-22,284913.88,17.05,24,836,Closed,0
LN01528,CUST07424,BR023,Vehicle,2025-05-15,32162.52,14.59,12,686,Approved,0
LN02379,CUST06256,BR001,Education,2025-01-20,329467.12,10.16,60,628,Closed,0
LN03554,CUST08463,BR032,Personal,2026-08-17,151875.95,14.45,36,856,Active,0
LN02807,CUST02866,BR020,Personal,2026-05-15,497969.65,16.96,12,759,Rejected,0
LN04210,CUST08281,BR017,Vehicle,2026-02-22,72556.65,18.0,120,697,Active,0
LN00633,CUST03719,BR007,Education,2026-07-06,164127.59,7.74,36,891,Defaulted,1
LN00692,CUST00716,BR049,Vehicle,2025-08-12,115616.21,15.56,120,757,Closed,0
LN01104,CUST03462,BR033,Vehicle,2026-04-13,415983.9,7.13,36,420,Rejected,0
LN01515,CUST07027,BR032,Vehicle,2026-07-12,443864.99,16.95,60,315,Approved,0
LN02951,CUST02172,BR035,Education,2025-10-14,177626.55,17.31,60,813,Active,0
LN01919,CUST09852,BR038,Vehicle,2026-08-08,35809.93,7.26,60,317,Closed,0
LN00177,CUST01636,BR033,Home,2026-05-16,96796.37,17.66,120,340,Defaulted,1
LN02563,CUST04943,BR013,Education,2025-08-22,234869.1,8.32,24,490,Defaulted,1
LN02023,CUST01012,BR007,Home,2025-08-24,362406.31,12.18,120,322,Rejected,0
LN01213,CUST04150,BR009,Personal,2026-01-16,460237.51,6.48,120,767,Active,0
LN04298,CUST01289,BR045,Personal,2025-02-17,464784.77,15.68,120,396,Approved,0
LN04749,CUST04906,BR020,Personal,2025-11-07,212523.16,11.87,24,485,Defaulted,1
LN05701,CUST01907,BR014,Education,2025-09-16,257032.76,7.55,12,683,Active,0
LN01591,CUST05791,BR048,Home,2025-06-30,25785.53,12.09,24,854,Active,0
LN02813,CUST01517,BR015,Education,2025-06-17,362555.81,9.56,60,461,Closed,0
LN02937,CUST07939,BR031,Education,2025-10-21,363523.77,7.68,24,486,Rejected,0
LN01731,CUST06099,BR042,Personal,2026-06-21,19967.01,15.86,120,730,Closed,0
LN03146,CUST02828,BR021,Personal,2025-06-16,41975.04,7.64,60,847,Rejected,0
LN01066,CUST03701,BR039,Home,2025-09-23,219329.48,10.28,120,526,Rejected,0
LN03090,CUST03363,BR009,Education,2025-01-10,160573.89,12.2,36,590,Closed,0
LN01183,CUST02074,BR012,Vehicle,2025-02-03,126167.87,17.83,36,658,Rejected,0
LN05019,CUST02364,BR003,Home,2024-12-09,424214.21,8.53,24,680,Approved,0
LN01422,CUST05068,BR028,Personal,2026-07-15,325911.25,7.64,120,423,Rejected,0
LN00367,CUST01148,BR001,Home,2024-11-05,59215.8,9.55,36,873,Defaulted,1
LN01931,CUST07000,BR029,Education,2026-02-03,403435.62,17.18,60,514,Rejected,0
LN05091,CUST03512,BR003,Vehicle,2025-01-02,478271.16,6.66,24,584,Closed,0
LN03271,CUST02100,BR011,Vehicle,2026-08-23,46984.18,8.95,120,640,Rejected,0
LN03010,CUST01140,BR025,Home,2026-06-24,350069.77,13.21,12,768,Active,0
LN02858,CUST07544,BR033,Personal,2025-01-30,285280.95,7.05,36,776,Closed,0
LN03632,CUST00999,BR022,Vehicle,2025-11-02,462565.31,7.11,24,359,Defaulted,1
LN04657,CUST06049,BR029,Education,2025-12-15,152910.06,12.72,60,380,Closed,0
LN05346,CUST02936,BR029,Personal,2025-08-10,241984.56,10.86,24,883,Approved,0
LN00287,CUST05895,BR019,Personal,2025-10-15,464012.99,8.02,60,441,Active,0
LN05589,CUST03432,BR024,Vehicle,2026-01-17,314809.16,13.03,24,735,Defaulted,1
LN02795,CUST04697,BR004,Vehicle,2025-08-18,484928.64,16.69,36,632,Closed,0
LN05706,CUST09080,BR045,Personal,2025-01-18,142161.33,11.02,120,838,Approved,0
LN02037,CUST09917,BR023,Education,2026-02-06,388674.2,17.68,12,440,Approved,0
LN02794,CUST04987,BR020,Home,2026-02-25,314228.35,17.38,24,869,Rejected,0
LN05464,CUST08488,BR003,Education,2025-11-22,135675.46,10.94,12,405,Defaulted,1
LN00321,CUST08319,BR039,Personal,2026-09-04,463060.14,10.73,120,639,Active,0
LN03462,CUST03674,BR003,Education,2026-05-29,59070.21,6.87,36,481,Active,0
LN02885,CUST06563,BR021,Education,2025-08-19,466900.71,8.47,60,856,Active,0
LN03162,CUST06555,BR005,Personal,2024-11-22,389676.42,7.6,36,545,Approved,0
LN03488,CUST00699,BR005,Home,2025-08-06,374675.28,12.18,120,620,Rejected,0
LN02606,CUST09587,BR007,Education,2024-12-24,57856.5,17.88,36,750,Rejected,0
LN02125,CUST03302,BR049,Home,2024-09-12,367736.83,17.65,36,666,Active,0
LN00996,CUST02443,BR033,Home,2026-06-21,318906.66,8.64,36,697,Defaulted,1
LN03435,CUST02369,BR019,Home,2026-04-12,125799.75,16.15,120,361,Active,0
LN02772,CUST06716,BR023,Education,2024-11-11,268077.79,11.23,120,757,Defaulted,1
LN04725,CUST08644,BR032,Education,2026-06-28,285599.98,9.38,120,886,Active,0
LN01889,CUST06787,BR048,Education,2025-08-27,376311.57,17.99,12,789,Defaulted,1
LN01494,CUST00686,BR047,Education,2024-11-01,275798.44,8.16,120,577,Defaulted,1
LN01388,CUST09041,BR024,Personal,2024-11-17,322279.36,14.66,60,776,Active,0
LN04621,CUST09828,BR046,Education,2025-08-23,275859.4,15.42,12,444,Active,0
LN01330,CUST08436,BR018,Home,2025-05-04,153241.46,14.29,36,735,Rejected,0
LN02262,CUST00685,BR022,Education,2026-07-16,460299.87,12.36,60,600,Closed,0
LN04685,CUST02402,BR009,Education,2025-03-20,190602.58,17.7,36,776,Active,0
LN03070,CUST04778,BR006,Personal,2025-11-18,332172.09,12.18,120,496,Defaulted,1
LN05878,CUST03129,BR004,Home,2026-07-22,144272.1,17.16,24,878,Rejected,0
LN02868,CUST02466,BR024,Education,2026-03-08,375670.37,7.01,120,579,Closed,0
LN03353,CUST01072,BR042,Vehicle,2026-04-11,276840.32,7.23,120,343,Defaulted,1
LN01541,CUST06573,BR034,Education,2026-04-09,166211.2,15.63,36,880,Closed,0
LN02199,CUST09047,BR028,Education,2025-03-25,487136.62,17.26,24,793,Closed,0
LN02631,CUST06980,BR036,Education,2024-12-11,410392.37,11.28,120,701,Rejected,0
LN00458,CUST05052,BR047,Vehicle,2026-09-04,316538.9,11.61,60,576,Rejected,0
LN05050,CUST03861,BR006,Home,2025-04-07,376931.2,12.77,24,551,Active,0
LN05950,CUST02121,BR031,Vehicle,2025-02-10,63351.99,11.44,120,656,Approved,0
LN00494,CUST02786,BR027,Vehicle,2025-06-22,403010.65,16.98,60,795,Active,0
LN00910,CUST08567,BR033,Vehicle,2025-09-13,163568.73,9.97,36,309,Closed,0
LN01570,CUST05463,BR000,Personal,2024-12-28,288721.18,9.26,120,697,Rejected,0
LN00018,CUST04555,BR031,Personal,2024-10-01,412350.58,12.27,24,740,Rejected,0
LN03927,CUST03552,BR045,Personal,2026-04-05,250657.88,12.73,36,389,Active,0
LN02358,CUST05036,BR011,Education,2026-08-15,422932.37,11.61,24,333,Closed,0
LN03981,CUST04637,BR041,Personal,2025-11-10,139649.61,6.59,60,884,Approved,0
LN02702,CUST07230,BR004,Personal,2025-11-06,444596.87,9.43,60,510,Active,0
LN01547,CUST08782,BR003,Home,2025-07-04,270738.73,14.85,36,592,Closed,0
LN01605,CUST07014,BR026,Education,2026-02-21,63620.9,8.1,24,768,Rejected,0
LN05984,CUST01552,BR012,Education,2025-01-13,242822.12,13.5,24,486,Defaulted,1
LN00541,CUST04729,BR002,Education,2024-10-17,178473.02,14.19,60,744,Approved,0
LN05403,CUST03197,BR015,Home,2026-08-17,428343.92,14.56,60,828,Defaulted,1
LN02005,CUST07123,BR000,Vehicle,2025-08-26,447468.74,14.23,60,690,Rejected,0
LN04942,CUST00194,BR014,Vehicle,2025-06-18,455138.64,15.05,60,577,Defaulted,1
LN01980,CUST07397,BR028,Vehicle,2026-02-22,250890.54,14.4,24,867,Approved,0
LN04316,CUST00776,BR022,Education,2025-03-23,440023.2,16.17,60,798,Active,0
LN00522,CUST00717,BR045,Education,2025-11-11,327763.82,10.48,60,345,Approved,0
LN04776,CUST07415,BR004,Personal,2025-02-12,475974.41,13.49,36,826,Defaulted,1
LN03108,CUST02014,BR025,Home,2024-11-16,71435.65,12.06,120,636,Approved,0
LN04676,CUST01939,BR019,Vehicle,2026-08-22,331507.15,16.16,120,761,Defaulted,1
LN00755,CUST06238,BR000,Home,2025-08-17,268376.58,13.95,24,814,Rejected,0
LN01527,CUST05626,BR022,Education,2026-09-02,138778.99,12.27,24,313,Defaulted,1
LN02940,CUST07597,BR005,Personal,2025-07-23,415558.86,15.53,36,409,Defaulted,1
LN02310,CUST05995,BR030,Personal,2026-07-25,490357.82,14.85,36,480,Rejected,0
LN03874,CUST99999,BR044,Education,2025-05-05,22962.71,17.1,12,823,Rejected,0
LN04169,CUST02217,BR046,Vehicle,2025-05-05,107912.25,9.19,60,724,Rejected,0
LN04862,CUST02965,BR033,Vehicle,2025-06-07,327313.46,13.8,24,621,Closed,0
LN05726,CUST07440,BR008,Education,2025-06-23,66177.42,12.95,60,451,Approved,0
LN05148,CUST07382,BR028,Vehicle,2025-09-03,448333.42,10.8,120,713,Rejected,0
LN03412,CUST08711,BR027,Personal,2025-03-07,405584.01,8.29,60,441,Approved,0
LN02609,CUST05569,BR013,Personal,2025-09-07,110408.86,15.93,120,438,Active,0
LN04775,CUST02017,BR013,Home,2025-08-06,32297.08,17.72,120,350,Active,0
LN01764,CUST02740,BR021,Home,2026-06-15,100730.87,12.09,24,692,Rejected,0
LN01775,CUST03249,BR011,Vehicle,2026-05-25,32467.49,10.2,60,808,Defaulted,1
LN02388,CUST01019,BR022,Vehicle,2025-01-09,456751.48,6.39,24,497,Rejected,0
LN00062,CUST06873,BR010,Home,2025-08-30,237293.96,12.18,36,521,Approved,0
LN00974,CUST01865,BR032,Vehicle,2026-04-15,224830.16,6.14,12,792,Defaulted,1
LN05511,CUST06191,BR000,Home,2025-10-21,494241.11,17.65,36,687,Approved,0
LN00801,CUST99999,BR020,Vehicle,2025-09-26,342728.21,8.64,24,369,Rejected,0
LN04365,CUST00052,BR031,Vehicle,2026-05-19,374651.19,11.21,60,458,Defaulted,1
LN05597,CUST05731,BR026,Personal,2025-03-20,25056.32,11.07,36,514,Closed,0
LN00781,CUST07240,BR018,Personal,2026-05-27,499362.26,6.66,120,817,Closed,0
LN04580,CUST01008,BR016,Vehicle,2025-04-09,487945.25,16.03,120,600,Approved,0
LN01217,CUST06212,BR005,Education,2024-11-26,428460.4,17.3,120,815,Defaulted,1
LN04961,CUST01269,BR035,Vehicle,2025-10-06,193425.16,12.76,24,738,Defaulted,1
LN05809,CUST09599,BR028,Education,2025-05-14,303922.2,15.1,24,683,Rejected,0
LN00395,CUST08311,BR049,Education,2024-09-09,95527.48,9.96,120,572,Defaulted,1
LN04091,CUST03940,BR002,Home,2026-08-30,10151.77,15.38,120,569,Closed,0
LN01412,CUST04133,BR002,Education,2025-03-23,340232.78,10.81,12,853,Closed,0
LN04403,CUST03129,BR005,Home,2025-06-05,354322.53,12.24,24,728,Approved,0
LN05940,CUST01465,BR008,Personal,2026-05-07,53343.31,16.97,120,522,Rejected,0
LN01809,CUST05105,BR008,Home,2025-06-23,152591.65,9.93,120,456,Rejected,0
LN00180,CUST04737,BR007,Personal,2025-12-15,496653.69,8.72,36,622,Approved,0
LN01825,CUST04114,BR048,Vehicle,2026-06-09,417403.45,8.31,24,330,Closed,0
LN03915,CUST07178,BR005,Education,2025-03-17,272060.9,11.57,24,308,Defaulted,1
LN00470,CUST03373,BR004,Education,2025-04-29,426044.73,10.23,24,493,Defaulted,1
LN05666,CUST01412,BR045,Education,2024-10-19,278084.55,11.02,24,766,Rejected,0
LN04015,CUST03306,BR027,Vehicle,2024-11-08,418880.48,16.57,36,563,Defaulted,1
LN02144,CUST07993,BR038,Vehicle,2025-05-30,300298.27,7.2,120,335,Closed,0
LN03349,CUST07006,BR037,Education,2026-08-26,112162.29,9.02,120,844,Active,0
LN05306,CUST03138,BR013,Vehicle,2026-06-14,399770.97,11.97,120,413,Defaulted,1
LN00715,CUST04673,BR037,Personal,2024-12-13,398682.54,10.61,24,828,Rejected,0
LN04128,CUST02828,BR037,Personal,2026-05-01,414668.18,12.71,120,422,Approved,0
LN00249,CUST06295,BR001,Personal,2025-03-14,172634.08,17.43,60,602,Rejected,0
LN00783,CUST06190,BR002,Home,2024-12-31,31344.73,16.6,36,431,Active,0
LN04245,CUST00464,BR034,Home,2026-01-02,438477.75,11.65,12,769,Defaulted,1
LN01578,CUST09759,BR036,Personal,2025-04-01,259465.71,10.04,12,445,Rejected,0
LN04400,CUST03968,BR009,Home,2026-09-08,226162.92,15.63,36,655,Rejected,0
LN05921,CUST03081,BR019,Personal,2026-06-09,233299.55,16.72,120,370,Approved,0
LN05335,CUST05831,BR005,Personal,2026-06-28,445904.68,6.74,24,308,Defaulted,1
LN00811,CUST07673,BR049,Education,2026-04-29,133528.34,14.88,12,320,Approved,0
LN05104,CUST00923,BR048,Education,2025-05-15,33389.56,7.03,120,781,Rejected,0
LN04602,CUST01625,BR043,Personal,2025-11-03,473225.49,15.23,60,424,Defaulted,1
LN00343,CUST05801,BR005,Education,2026-02-13,440101.59,16.11,12,511,Approved,0
LN03193,CUST07818,BR022,Vehicle,2026-09-01,228893.56,11.75,12,772,Approved,0
LN03704,CUST07737,BR048,Vehicle,2025-07-30,92627.82,16.84,24,582,Defaulted,1
LN00122,CUST05977,BR038,Home,2026-02-21,90680.8,6.55,120,407,Defaulted,1
LN00625,CUST99999,BR019,Education,2025-04-03,112615.71,7.44,12,849,Closed,0
LN03354,CUST06707,BR035,Education,2025-09-15,110564.62,16.8,60,518,Approved,0
LN01416,CUST09105,BR022,Education,2025-07-18,415562.91,6.31,120,508,Defaulted,1
LN03472,CUST02161,BR000,Education,2024-09-18,250721.14,6.12,24,382,Closed,0
LN04860,CUST09379,BR031,Home,2025-01-13,221566.09,6.44,60,867,Closed,0
LN03231,CUST03374,BR000,Personal,2025-04-02,239478.91,17.02,36,898,Active,0
LN05551,CUST04471,BR043,Personal,2025-04-24,11989.69,15.97,24,309,Active,0
LN05798,CUST02521,BR012,Education,2025-08-02,-97559.55,6.86,24,856,Active,0
LN04264,CUST02617,BR000,Home,2025-09-15,181139.8,14.4,60,593,Approved,0
LN03975,CUST00658,BR005,Vehicle,2025-09-18,375982.79,17.71,24,452,Rejected,0
LN02268,CUST04875,BR019,Personal,2026-05-06,421531.19,6.18,24,856,Closed,0
LN02248,CUST06303,BR000,Vehicle,2026-02-25,161535.49,6.99,24,737,Closed,0
LN01478,CUST00277,BR005,Home,2026-06-18,157698.21,7.93,12,372,Approved,0
LN00271,CUST04911,BR002,Home,2025-08-02,175112.75,7.78,120,476,Rejected,0
LN03674,CUST00018,BR031,Personal,2026-03-27,117088.75,10.97,60,756,Defaulted,1
LN04269,CUST03155,BR048,Vehicle,2025-04-22,428667.25,17.81,120,759,Closed,0
LN03030,CUST07269,BR049,Education,2024-10-01,351774.53,8.5,120,449,Active,0
LN04390,CUST03558,BR023,Education,2025-06-02,495061.53,6.45,120,739,Closed,0
LN03292,CUST04214,BR033,Home,2025-10-27,67978.8,13.38,24,430,Active,0
LN00713,CUST01252,BR030,Personal,2026-02-05,102289.97,15.22,36,592,Active,0
LN02256,CUST04583,BR000,Education,2025-08-12,476006.13,6.76,36,623,Closed,0
LN05658,CUST06004,BR020,Vehicle,2024-10-02,186595.22,9.99,24,327,Approved,0
LN04896,CUST08681,BR002,Education,2025-12-18,64659.45,15.27,60,432,Closed,0
LN02719,CUST07804,BR021,Home,2026-05-03,80150.71,11.3,12,403,Defaulted,1
LN02029,CUST06257,BR016,Home,2025-08-26,10694.93,14.29,60,753,Active,0
LN00181,CUST00854,BR005,Vehicle,2024-10-27,497458.38,17.49,24,479,Active,0
LN03399,CUST09061,BR026,Education,2026-01-26,51024.83,12.29,60,535,Approved,0
LN03183,CUST03167,BR033,Home,2026-05-25,152245.77,16.89,120,671,Defaulted,1
LN01517,CUST03155,BR034,Personal,2025-08-20,476992.83,17.65,24,635,Defaulted,1
LN01077,CUST00951,BR008,Home,2025-01-22,249238.15,10.32,120,475,Approved,0
LN04618,CUST05558,BR023,Education,2025-04-27,306137.12,9.32,120,366,Rejected,0
LN05608,CUST01577,BR024,Education,2025-08-14,309751.57,8.24,60,803,Rejected,0
LN01452,CUST05150,BR044,Education,2025-03-12,316444.84,13.73,120,518,Active,0
LN02024,CUST09715,BR015,Vehicle,2026-07-29,324973.72,16.0,12,893,Rejected,0
LN00957,CUST05567,BR020,Vehicle,2025-08-06,402940.99,9.84,12,307,Active,0
LN05953,CUST03188,BR020,Personal,2025-03-20,23585.41,9.05,36,820,Active,0
LN03453,CUST08792,BR000,Education,2025-09-26,31179.34,8.94,60,369,Rejected,0
LN00520,CUST04360,BR033,Home,2024-11-30,95835.68,9.66,24,395,Defaulted,1
LN00198,CUST02327,BR000,Vehicle,2025-04-03,331794.13,8.82,24,480,Rejected,0
LN03367,CUST05685,BR048,Vehicle,2026-04-06,470217.06,12.18,120,480,Defaulted,1
LN05836,CUST08082,BR013,Education,2025-07-26,200199.11,15.25,120,867,Defaulted,1
LN04899,CUST02462,BR024,Home,2025-04-17,419567.15,9.28,60,323,Rejected,0
LN00583,CUST05977,BR045,Home,2026-07-08,450129.52,12.86,24,573,Approved,0
LN01417,CUST08228,BR034,Personal,2026-07-11,219569.53,14.5,120,465,Defaulted,1
LN03237,CUST05355,BR043,Vehicle,2025-03-03,149434.81,9.34,36,546,Closed,0
LN04036,CUST02618,BR016,Personal,2025-06-27,194421.61,15.02,12,557,Approved,0
LN03015,CUST06538,BR038,Home,2026-07-10,352628.94,16.41,60,409,Active,0
LN04577,CUST07409,BR020,Education,2025-02-26,391472.0,6.78,120,603,Closed,0
LN03396,CUST08548,BR031,Personal,2026-07-22,347314.39,12.18,12,410,Active,0
LN03350,CUST03483,BR028,Home,2025-08-17,89794.82,16.92,60,626,Defaulted,1
LN03239,CUST09083,BR016,Vehicle,2024-10-17,70384.99,11.15,24,356,Active,0
LN02699,CUST05394,BR031,Vehicle,2024-12-20,317884.82,10.59,120,798,Rejected,0
LN04872,CUST01909,BR021,Education,2025-08-17,222003.45,14.53,120,693,Closed,0
LN00184,CUST07392,BR039,Education,2025-12-14,35355.29,14.48,24,705,Closed,0
LN03806,CUST01993,BR005,Vehicle,2024-12-21,149869.42,10.92,12,799,Approved,0
LN01477,CUST05084,BR017,Personal,2025-07-27,110362.41,17.09,36,737,Defaulted,1
LN00093,CUST05258,BR004,Vehicle,2026-01-14,47220.54,10.11,120,667,Closed,0
LN05780,CUST00918,BR046,Vehicle,2025-11-25,384074.73,15.84,60,861,Active,0
LN02729,CUST09885,BR028,Vehicle,2025-05-11,143130.36,9.25,24,301,Rejected,0
LN00219,CUST01734,BR032,Education,2026-01-06,444499.85,17.6,36,821,Closed,0
LN02134,CUST06140,BR039,Personal,2026-04-06,411969.06,12.26,120,347,Defaulted,1
LN01240,CUST07970,BR004,Home,2026-02-23,-206342.65,7.8,36,491,Active,0
LN04281,CUST06711,BR048,Personal,2026-05-11,105954.27,14.35,120,517,Approved,0
LN00823,CUST07641,BR017,Home,2025-11-14,258852.4,9.95,36,631,Defaulted,1
LN02162,CUST07961,BR048,Personal,2024-11-10,119039.59,12.94,24,668,Approved,0
LN05956,CUST00343,BR002,Education,2024-10-17,368207.52,12.22,36,344,Active,0
LN00080,CUST06331,BR035,Education,2024-10-13,179334.63,15.29,120,580,Closed,0
LN00931,CUST07577,BR000,Vehicle,2025-08-12,-310429.77,10.34,36,820,Approved,0
LN01950,CUST06652,BR030,Education,2024-12-05,268107.38,11.46,12,483,Closed,0
LN04096,CUST03748,BR029,Vehicle,2025-03-13,371726.23,12.25,36,787,Defaulted,1
LN03666,CUST06989,BR035,Personal,2026-07-08,498963.51,9.08,24,511,Defaulted,1
LN03973,CUST00717,BR016,Vehicle,2025-12-30,73468.04,16.2,36,737,Active,0
LN02886,CUST02658,BR044,Home,2024-11-15,318998.15,9.01,60,410,Active,0
LN02837,CUST04033,BR027,Personal,2025-12-21,484816.35,12.28,120,579,Active,0
LN05833,CUST07607,BR007,Vehicle,2026-05-08,473849.56,14.37,12,825,Defaulted,1
LN00123,CUST07721,BR013,Home,2025-05-17,12741.14,17.84,12,823,Approved,0
LN03056,CUST03935,BR016,Vehicle,2025-12-23,437535.05,6.48,36,488,Approved,0
LN05788,CUST99999,BR028,Education,2024-12-10,181057.52,10.1,120,515,Defaulted,1
LN05333,CUST01231,BR006,Vehicle,2024-11-18,89747.06,8.58,24,457,Rejected,0
LN01088,CUST05490,BR010,Vehicle,2025-09-04,92130.99,14.4,120,724,Defaulted,1
LN02087,CUST08734,BR044,Education,2026-06-28,212366.11,9.94,120,427,Approved,0
LN00543,CUST07330,BR011,Education,2026-01-13,431818.96,17.8,120,863,Rejected,0
LN05328,CUST01813,BR026,Home,2026-08-09,50749.25,12.43,60,326,Closed,0
LN02471,CUST03959,BR005,Vehicle,2026-06-25,350357.73,13.58,24,877,Active,0
LN00771,CUST05585,BR001,Personal,2026-01-12,415465.67,7.38,12,599,Rejected,0
LN04000,CUST08181,BR016,Education,2024-11-30,368227.18,12.85,36,692,Defaulted,1
LN05866,CUST04703,BR011,Home,2025-01-19,466487.67,13.7,36,816,Defaulted,1
LN04816,CUST05877,BR000,Vehicle,2025-12-13,202475.78,16.54,60,315,Closed,0
LN00192,CUST04931,BR000,Personal,2026-03-21,262618.03,7.48,24,424,Closed,0
LN02251,CUST08714,BR041,Personal,2024-11-15,207053.73,9.13,36,401,Defaulted,1
LN04739,CUST04552,BR037,Vehicle,2025-02-24,430201.03,17.05,24,863,Closed,0
LN02108,CUST05448,BR017,Home,2025-11-14,165884.94,11.61,24,301,Defaulted,1
LN00475,CUST09817,BR042,Vehicle,2026-09-04,373938.12,9.3,24,548,Approved,0
LN05126,CUST00375,BR046,Vehicle,2024-10-31,99656.96,9.95,24,568,Approved,0
LN04360,CUST03258,BR000,Home,2026-02-16,325432.82,13.25,12,860,Rejected,0
LN02190,CUST08906,BR015,Education,2025-12-17,95461.17,9.51,120,773,Approved,0
LN04213,CUST03020,BR049,Vehicle,2024-12-24,451776.96,14.32,12,810,Active,0
LN03129,CUST01497,BR007,Education,2026-06-28,268133.43,9.51,36,709,Rejected,0
LN04050,CUST03645,BR014,Home,2025-05-23,411479.61,12.65,24,527,Rejected,0
LN03628,CUST99999,BR017,Vehicle,2025-08-03,263337.21,6.07,12,361,Active,0
LN04547,CUST04765,BR030,Home,2026-06-23,34677.87,9.69,60,615,Approved,0
LN01972,CUST00707,BR020,Home,2025-08-29,211340.95,11.68,24,442,Rejected,0
LN05936,CUST00283,BR009,Personal,2026-03-13,480492.33,10.48,12,687,Approved,0
LN03992,CUST06328,BR025,Personal,2026-06-01,161343.95,9.79,12,578,Approved,0
LN00806,CUST06506,BR006,Education,2026-02-24,326499.1,7.6,120,554,Closed,0
LN00697,CUST03419,BR023,Vehicle,2025-10-31,221534.46,8.85,36,483,Rejected,0
LN05200,CUST05275,BR016,Home,2025-07-25,69137.35,14.98,36,466,Active,0
LN00359,CUST06002,BR033,Vehicle,2024-12-25,270757.17,14.69,120,378,Defaulted,1
LN00212,CUST02811,BR003,Education,2025-10-01,59031.69,8.81,12,763,Closed,0
LN03592,CUST02292,BR005,Vehicle,2025-08-17,274318.99,7.33,24,424,Rejected,0
LN04204,CUST01141,BR049,Home,2025-11-16,284764.17,13.93,36,415,Defaulted,1
LN04267,CUST02775,BR047,Personal,2025-07-14,28302.3,17.42,36,590,Defaulted,1
LN02589,CUST04364,BR033,Education,2025-05-13,145808.7,8.89,120,644,Rejected,0
LN00176,CUST07280,BR044,Education,2025-01-10,203587.4,15.27,120,473,Approved,0
LN00351,CUST02950,BR022,Home,2026-05-22,87485.0,12.47,24,842,Approved,0
LN01900,CUST06441,BR029,Vehicle,2025-03-16,430133.27,10.34,36,370,Active,0
LN02811,CUST04492,BR013,Vehicle,2026-01-16,460520.5,12.18,24,399,Rejected,0
LN00760,CUST09911,BR015,Personal,2025-09-10,249884.84,12.41,24,300,Active,0
LN01447,CUST04795,BR022,Education,2024-12-11,207829.17,8.0,36,521,Closed,0
LN05279,CUST09627,BR002,Vehicle,2025-03-19,230053.1,17.11,120,376,Closed,0
LN02314,CUST06019,BR042,Personal,2026-01-06,384056.82,15.75,36,671,Defaulted,1
LN00320,CUST03394,BR000,Personal,2026-03-23,431168.58,12.91,36,342,Approved,0
LN05958,CUST04823,BR010,Vehicle,2025-06-14,190759.99,17.92,36,827,Closed,0
LN00854,CUST03735,BR039,Home,2025-09-11,193424.72,9.14,60,887,Approved,0
LN02316,CUST08033,BR020,Education,2026-07-11,432199.98,8.01,36,331,Defaulted,1
LN01607,CUST01709,BR009,Personal,2025-04-19,32851.59,10.34,36,489,Active,0
LN02947,CUST04340,BR011,Vehicle,2024-11-04,100084.41,14.55,36,615,Active,0
LN04363,CUST06263,BR039,Vehicle,2026-04-15,490200.2,16.98,24,800,Closed,0
LN03306,CUST02566,BR016,Education,2025-09-19,222025.41,9.41,24,779,Closed,0
LN00142,CUST09914,BR004,Home,2025-02-20,320684.75,9.74,120,430,Closed,0
LN01273,CUST08680,BR011,Education,2026-04-05,251961.46,13.74,120,336,Closed,0
LN02990,CUST06626,BR008,Education,2025-04-09,351924.3,13.58,60,774,Approved,0
LN04626,CUST04500,BR019,Personal,2024-11-14,32500.83,6.34,120,346,Active,0
LN00378,CUST00004,BR043,Vehicle,2024-09-19,49215.96,10.83,12,507,Defaulted,1
LN05992,CUST05523,BR045,Vehicle,2025-04-17,191044.57,16.98,60,370,Closed,0
LN01961,CUST05699,BR003,Vehicle,2025-10-04,154734.73,7.04,12,345,Active,0
LN00061,CUST09692,BR005,Home,2026-03-28,474325.23,13.09,24,403,Approved,0
LN01702,CUST04599,BR007,Home,2026-02-22,34782.03,17.34,60,489,Defaulted,1
LN02829,CUST03741,BR037,Education,2025-03-10,241875.36,13.81,24,345,Active,0
LN01847,CUST08927,BR022,Vehicle,2026-02-10,86171.62,7.18,60,351,Active,0
LN01095,CUST06016,BR004,Home,2026-07-01,358822.22,9.02,24,668,Defaulted,1
LN05909,CUST02728,BR044,Home,2026-06-11,239407.1,8.78,24,812,Closed,0
LN04118,CUST02735,BR007,Vehicle,2025-08-13,359204.0,9.51,60,588,Defaulted,1
LN00628,CUST07575,BR011,Personal,2026-03-06,391490.98,6.81,36,672,Approved,0
LN03241,CUST04072,BR016,Vehicle,2025-09-16,368664.24,8.1,12,385,Defaulted,1
LN01611,CUST08619,BR008,Education,2025-08-11,340908.53,14.72,12,517,Defaulted,1
LN05635,CUST06322,BR024,Home,2024-10-03,406841.98,7.63,60,544,Defaulted,1
LN00773,CUST03900,BR049,Personal,2025-05-26,304060.73,10.51,60,505,Approved,0
LN00383,CUST09183,BR007,Personal,2025-03-10,220088.19,10.1,12,803,Rejected,0
LN04444,CUST09259,BR022,Education,2025-03-07,109611.88,16.25,36,356,Defaulted,1
LN01733,CUST03192,BR007,Education,2026-01-08,27420.42,14.84,12,604,Approved,0
LN00350,CUST05625,BR047,Personal,2025-05-29,315070.96,12.18,12,550,Closed,0
LN02705,CUST07155,BR015,Home,2026-01-20,155457.5,13.15,24,638,Active,0
LN05601,CUST05109,BR044,Home,2025-03-26,486108.8,8.69,12,849,Rejected,0
LN03945,CUST02687,BR002,Home,2025-10-19,85536.46,11.69,60,512,Approved,0
LN05349,CUST05649,BR016,Vehicle,2025-07-11,351389.66,6.72,36,607,Approved,0
LN01092,CUST05797,BR005,Personal,2025-12-12,65221.95,14.56,60,486,Defaulted,1
LN01402,CUST01218,BR034,Vehicle,2025-04-19,11720.32,14.13,24,714,Rejected,0
LN03524,CUST05445,BR032,Vehicle,2025-01-10,383223.86,15.29,36,390,Defaulted,1
LN05462,CUST01985,BR006,Education,2026-03-06,392365.74,7.04,24,349,Rejected,0
LN03315,CUST07395,BR022,Home,2025-04-20,189765.51,6.9,60,861,Active,0
LN04483,CUST09062,BR015,Vehicle,2024-12-05,241283.67,6.76,36,560,Closed,0
LN03716,CUST08345,BR020,Vehicle,2024-10-04,47535.77,12.39,60,327,Approved,0
LN05539,CUST99999,BR041,Personal,2025-12-28,298656.39,15.61,120,396,Defaulted,1
LN05959,CUST04920,BR037,Vehicle,2026-03-09,61752.35,15.03,36,540,Rejected,0
LN02225,CUST07504,BR038,Education,2024-09-22,270260.87,6.12,60,490,Approved,0
LN03567,CUST05310,BR006,Education,2026-07-18,489785.09,9.73,120,837,Rejected,0
LN04077,CUST04290,BR042,Personal,2024-10-03,156355.15,6.65,24,452,Active,0
LN04554,CUST02341,BR019,Education,2025-09-19,230851.81,6.57,36,741,Rejected,0
LN01966,CUST05101,BR011,Home,2026-05-09,126194.49,15.04,60,374,Rejected,0
LN00864,CUST08659,BR049,Personal,2025-10-17,41426.27,9.67,12,329,Active,0
LN02051,CUST05548,BR018,Personal,2026-04-09,486407.3,8.44,24,562,Defaulted,1
LN00263,CUST04433,BR048,Home,2026-02-02,129481.16,9.82,36,830,Rejected,0
LN02480,CUST01938,BR037,Education,2025-10-21,158704.56,9.46,24,479,Approved,0
LN02552,CUST07239,BR014,Personal,2024-11-26,439385.35,7.57,36,731,Defaulted,1
LN03018,CUST07684,BR029,Personal,2024-10-13,386521.17,10.21,12,596,Approved,0
LN02694,CUST04088,BR001,Vehicle,2026-04-30,33932.4,14.39,12,481,Rejected,0
LN05381,CUST01784,BR049,Vehicle,2024-12-23,448005.98,14.82,120,895,Closed,0
LN04859,CUST04926,BR024,Personal,2026-01-25,29266.55,15.55,24,848,Active,0
LN02445,CUST00905,BR042,Personal,2026-03-07,401365.24,10.99,120,388,Rejected,0
LN04031,CUST03792,BR018,Education,2026-04-20,367260.61,15.1,24,736,Closed,0
LN05617,CUST02181,BR030,Personal,2025-06-07,48684.01,13.94,36,359,Approved,0
LN00023,CUST02558,BR008,Vehicle,2025-12-19,182691.2,6.94,12,516,Rejected,0
LN03298,CUST02222,BR047,Personal,2026-07-13,454571.89,14.36,36,432,Closed,0
LN02492,CUST02336,BR048,Education,2025-01-26,168498.99,13.06,24,357,Approved,0
LN02584,CUST05248,BR017,Home,2025-07-04,433692.1,14.05,36,700,Rejected,0
LN03556,CUST04538,BR036,Education,2026-04-19,48780.89,9.69,60,877,Closed,0
LN05355,CUST02226,BR021,Home,2025-01-20,58754.71,14.51,36,680,Closed,0
LN03159,CUST09779,BR038,Vehicle,2025-12-26,440985.99,8.03,120,497,Rejected,0
LN04848,CUST04290,BR001,Personal,2026-04-15,288045.23,15.14,24,507,Closed,0
LN04296,CUST03373,BR010,Home,2025-09-01,391539.55,11.3,12,511,Active,0
LN00201,CUST07777,BR006,Home,2025-05-30,410778.17,7.38,36,767,Approved,0
LN03599,CUST00174,BR005,Home,2024-11-17,496435.06,16.21,24,361,Rejected,0
LN01281,CUST03157,BR000,Education,2024-11-10,433294.71,6.17,120,771,Closed,0
LN05814,CUST07995,BR007,Education,2024-10-30,307026.88,9.91,24,541,Rejected,0
LN01038,CUST08766,BR007,Personal,2026-01-08,305612.84,17.32,24,670,Rejected,0
LN01869,CUST09206,BR013,Home,2025-02-23,140112.45,15.78,36,479,Active,0
LN03301,CUST04063,BR000,Personal,2026-01-20,260639.1,17.06,120,483,Approved,0
LN03586,CUST02524,BR044,Home,2025-10-29,53374.34,6.34,60,824,Active,0
LN01500,CUST02428,BR039,Personal,2025-05-29,280395.83,17.76,60,688,Rejected,0
LN01150,CUST99999,BR020,Vehicle,2025-02-27,194312.18,12.86,60,699,Defaulted,1
LN04659,CUST07982,BR019,Education,2025-01-16,405974.07,16.66,60,606,Defaulted,1
LN05687,CUST04657,BR022,Personal,2025-11-08,296178.94,6.67,36,397,Rejected,0
LN00882,CUST09765,BR045,Education,2025-03-06,491416.5,15.24,60,723,Defaulted,1
LN00699,CUST09766,BR035,Home,2026-03-20,78758.52,15.36,12,446,Active,0
LN03171,CUST05585,BR027,Personal,2024-12-29,113237.08,14.65,36,887,Closed,0
LN03531,CUST08575,BR031,Education,2026-03-08,256925.21,8.69,60,852,Defaulted,1
LN05846,CUST06362,BR007,Education,2024-11-29,189886.73,9.03,120,630,Rejected,0
LN03217,CUST05904,BR028,Education,2026-02-13,119844.42,6.46,60,468,Approved,0
LN05849,CUST00060,BR032,Education,2024-11-25,242758.21,16.53,120,501,Closed,0
LN04078,CUST02725,BR024,Personal,2025-01-25,68430.01,17.79,12,859,Closed,0
LN00140,CUST01059,BR029,Vehicle,2026-03-19,131858.99,13.14,12,560,Defaulted,1
LN04567,CUST07531,BR003,Vehicle,2026-03-13,284107.04,8.97,120,415,Defaulted,1
LN03388,CUST04958,BR021,Education,2024-09-12,94001.78,10.79,60,482,Defaulted,1
LN00032,CUST04658,BR013,Vehicle,2025-02-26,308256.89,14.51,60,493,Defaulted,1
LN04367,CUST05570,BR003,Vehicle,2024-11-29,308171.05,13.96,36,798,Rejected,0
LN04999,CUST09900,BR026,Personal,2025-08-13,217327.92,8.89,24,628,Defaulted,1
LN01680,CUST05631,BR007,Education,2025-04-30,419327.55,9.11,12,892,Approved,0
LN00820,CUST01976,BR020,Personal,2025-10-15,123664.54,12.18,24,398,Active,0
LN04566,CUST07279,BR024,Education,2025-07-27,326385.81,14.31,24,615,Rejected,0
LN01917,CUST00009,BR016,Vehicle,2024-12-31,239817.07,17.11,12,532,Defaulted,1
LN01025,CUST01854,BR028,Vehicle,2026-08-30,349763.55,7.7,36,605,Closed,0
LN03389,CUST09797,BR012,Personal,2025-11-09,492346.84,15.91,12,791,Approved,0
LN05288,CUST02774,BR038,Home,2025-01-21,335643.92,10.05,12,447,Approved,0
LN04687,CUST07331,BR042,Home,2026-03-14,318055.32,11.19,120,735,Defaulted,1
LN02430,CUST07736,BR004,Home,2025-07-09,298458.94,11.11,60,609,Rejected,0
LN02322,CUST09114,BR013,Education,2025-09-07,459640.26,12.44,120,314,Rejected,0
LN03065,CUST02767,BR026,Education,2025-07-14,477573.37,15.96,60,512,Approved,0
LN00006,CUST00466,BR048,Personal,2025-02-28,215000.77,16.49,12,344,Rejected,0
LN04996,CUST06135,BR006,Vehicle,2024-10-29,475716.69,9.19,36,660,Rejected,0
LN03903,CUST08837,BR025,Education,2025-12-05,400807.12,13.23,120,710,Defaulted,1
LN03489,CUST07470,BR048,Education,2025-10-13,452637.1,13.71,120,307,Active,0
LN05935,CUST00666,BR031,Personal,2025-05-07,348454.22,10.83,36,398,Closed,0
LN02258,CUST04941,BR045,Vehicle,2025-07-16,238433.21,15.18,60,356,Rejected,0
LN02170,CUST03493,BR025,Home,2025-07-26,383463.84,6.72,36,623,Rejected,0
LN01747,CUST00956,BR012,Home,2024-11-17,427837.68,6.47,60,414,Rejected,0
LN05068,CUST08320,BR000,Personal,2025-01-08,165103.49,17.97,24,763,Active,0
LN04921,CUST03398,BR036,Personal,2025-03-12,329223.28,15.89,12,440,Approved,0
LN04097,CUST06718,BR031,Education,2025-11-22,206855.15,12.54,12,777,Rejected,0
LN02413,CUST08738,BR003,Home,2026-07-01,151526.42,12.96,60,572,Defaulted,1
LN03533,CUST08533,BR010,Vehicle,2025-05-07,131259.19,12.75,12,492,Active,0
LN01788,CUST09991,BR000,Education,2026-05-25,115346.19,6.64,24,646,Active,0
LN00940,CUST05984,BR022,Education,2026-03-24,452075.12,12.18,60,828,Defaulted,1
LN00311,CUST00699,BR031,Home,2024-11-02,200144.14,16.09,12,582,Active,0
LN00234,CUST00262,BR016,Education,2026-08-22,-184830.17,14.41,12,684,Active,0
LN01801,CUST04440,BR008,Home,2026-04-12,436182.03,12.18,60,313,Rejected,0
LN04196,CUST04529,BR013,Personal,2024-09-17,104222.94,17.33,120,571,Closed,0
LN01634,CUST00021,BR029,Home,2025-10-25,179959.94,6.46,36,531,Rejected,0
LN01198,CUST05941,BR029,Personal,2025-03-03,280005.36,9.34,36,855,Rejected,0
LN00318,CUST01184,BR000,Home,2025-10-31,73179.28,10.46,60,466,Rejected,0
LN03277,CUST07011,BR023,Education,2024-10-26,77236.44,15.97,24,391,Closed,0
LN02451,CUST05675,BR025,Personal,2024-11-19,81584.44,15.59,36,650,Approved,0
LN02437,CUST09557,BR048,Home,2025-11-16,387539.79,11.26,36,590,Defaulted,1
LN02151,CUST02385,BR017,Personal,2025-11-22,440868.48,14.52,36,779,Approved,0
LN04292,CUST02430,BR000,Vehicle,2026-04-27,210014.61,11.27,24,679,Active,0
LN04888,CUST03748,BR010,Personal,2024-12-25,225753.36,10.38,120,753,Closed,0
LN02638,CUST01089,BR048,Education,2025-08-29,415878.25,16.39,36,613,Closed,0
LN03406,CUST01296,BR009,Home,2024-10-23,189488.54,14.28,36,639,Approved,0
LN00941,CUST05142,BR011,Education,2025-01-14,199008.84,7.67,36,405,Closed,0
LN01698,CUST02365,BR027,Home,2025-04-09,176123.99,12.18,24,717,Defaulted,1
LN05867,CUST02706,BR039,Vehicle,2025-04-09,465529.91,15.11,24,673,Approved,0
LN01574,CUST04167,BR028,Personal,2025-01-05,258997.08,9.91,12,628,Rejected,0
LN04717,CUST08849,BR024,Personal,2025-06-21,10698.61,10.52,12,485,Defaulted,1
LN02182,CUST09312,BR000,Personal,2025-12-12,72330.02,15.26,24,592,Active,0
LN01623,CUST08907,BR049,Education,2024-09-30,174678.41,16.29,120,701,Active,0
LN01755,CUST01058,BR024,Vehicle,2024-12-19,320882.04,9.44,12,505,Defaulted,1
LN01952,CUST07421,BR031,Personal,2024-10-27,392551.82,8.32,24,640,Approved,0
LN04796,CUST05695,BR043,Vehicle,2026-01-25,179041.59,12.18,12,508,Defaulted,1
LN05312,CUST06019,BR003,Home,2025-07-16,232109.48,16.58,36,806,Rejected,0
LN03214,CUST03607,BR037,Education,2024-09-20,382500.76,10.13,36,820,Rejected,0
LN00410,CUST07805,BR039,Home,2025-09-21,276507.91,9.04,12,708,Approved,0
LN02346,CUST09235,BR040,Personal,2025-12-29,265000.29,14.35,36,372,Rejected,0
LN05681,CUST04813,BR036,Education,2025-04-26,416418.45,14.02,24,710,Active,0
LN03373,CUST99999,BR004,Education,2026-08-12,97121.19,15.88,12,728,Defaulted,1
LN02716,CUST05827,BR018,Education,2024-12-21,234237.05,17.63,60,809,Approved,0
LN00464,CUST03913,BR018,Home,2025-03-12,287431.13,8.88,120,659,Closed,0
LN01934,CUST03040,BR026,Home,2024-12-19,381903.36,6.83,60,591,Approved,0
LN03200,CUST05571,BR006,Personal,2026-06-24,146527.88,12.14,36,572,Active,0
LN02208,CUST08599,BR017,Personal,2024-12-17,77071.36,9.25,24,389,Closed,0
LN03428,CUST08155,BR047,Home,2024-10-06,390172.1,8.62,36,651,Defaulted,1
LN04731,CUST03164,BR017,Personal,2026-02-05,262475.13,14.88,12,783,Defaulted,1
LN05207,CUST04399,BR047,Education,2025-12-03,299789.63,15.37,24,899,Approved,0
LN04051,CUST07081,BR009,Vehicle,2025-11-21,456431.71,10.22,24,532,Rejected,0
LN02728,CUST02479,BR043,Home,2024-10-10,233690.76,10.2,60,680,Active,0
LN03605,CUST03171,BR003,Personal,2025-08-26,416659.84,7.32,12,357,Rejected,0
LN03177,CUST07758,BR025,Vehicle,2024-10-09,483074.51,12.3,120,808,Active,0
LN05766,CUST04897,BR005,Home,2026-09-05,125226.23,8.86,24,687,Approved,0
LN05449,CUST02387,BR013,Personal,2025-01-20,311548.78,10.8,60,827,Rejected,0
LN02283,CUST03537,BR033,Vehicle,2026-01-22,461704.29,9.85,12,513,Rejected,0
LN05799,CUST02568,BR046,Vehicle,2024-11-07,154820.72,11.07,120,718,Closed,0
LN00085,CUST02062,BR001,Vehicle,2024-11-08,193868.15,16.56,120,728,Defaulted,1
LN02280,CUST04330,BR006,Personal,2025-06-07,420693.09,6.75,24,671,Approved,0
LN05105,CUST04232,BR022,Personal,2025-03-19,396797.65,9.56,24,469,Rejected,0
LN04467,CUST09783,BR031,Home,2025-04-12,147855.91,11.0,120,380,Rejected,0
LN00016,CUST06420,BR034,Home,2025-08-01,206322.35,15.87,36,305,Approved,0
LN05149,CUST08982,BR027,Personal,2025-06-21,327879.41,17.01,60,468,Closed,0
LN05166,CUST04780,BR033,Vehicle,2025-03-07,478180.79,17.12,12,704,Defaulted,1
LN05270,CUST03243,BR017,Personal,2025-12-20,416732.03,9.55,60,524,Closed,0
LN00572,CUST01324,BR039,Home,2025-12-04,230343.13,12.73,120,564,Rejected,0
LN02392,CUST99999,BR029,Education,2025-04-15,112283.84,16.8,24,857,Approved,0
LN04225,CUST07129,BR015,Personal,2025-09-19,83409.98,6.71,120,666,Rejected,0
LN04709,CUST02418,BR030,Education,2024-11-19,375765.28,10.96,60,356,Closed,0
LN05560,CUST09830,BR047,Home,2026-04-29,159579.51,8.14,36,643,Rejected,0
LN05857,CUST04011,BR021,Personal,2025-07-24,299665.95,6.37,36,856,Defaulted,1
LN01884,CUST06894,BR046,Education,2025-04-10,400209.43,16.67,36,664,Active,0
LN02142,CUST06793,BR000,Personal,2025-07-31,250154.62,10.46,60,461,Approved,0
LN05588,CUST02263,BR005,Vehicle,2026-02-10,80494.21,9.09,60,822,Rejected,0
LN05372,CUST08558,BR042,Personal,2025-09-30,165370.38,7.0,24,379,Approved,0
LN00627,CUST08549,BR042,Education,2026-05-12,337251.51,8.07,60,862,Approved,0
LN05900,CUST04943,BR027,Vehicle,2026-02-21,420856.52,7.11,60,647,Defaulted,1
LN04291,CUST06079,BR014,Home,2026-02-19,419791.84,14.39,24,743,Rejected,0
LN00185,CUST06528,BR031,Vehicle,2025-09-06,24794.09,9.41,120,838,Closed,0
LN01356,CUST07511,BR041,Vehicle,2025-12-20,366649.38,6.01,12,325,Rejected,0
LN02290,CUST08652,BR047,Education,2025-02-08,445172.88,10.35,120,890,Rejected,0
LN01103,CUST07643,BR002,Education,2025-03-16,407611.98,6.37,120,843,Rejected,0
LN02091,CUST05947,BR044,Home,2025-11-14,102773.54,10.82,60,691,Rejected,0
LN05930,CUST05801,BR047,Education,2024-10-21,369628.86,7.98,12,677,Active,0
LN04897,CUST09374,BR022,Education,2026-03-22,97075.19,11.48,24,793,Defaulted,1
LN03092,CUST09764,BR005,Home,2025-05-20,75805.51,14.93,60,307,Active,0
LN00205,CUST06287,BR000,Vehicle,2025-01-08,90723.11,10.3,60,560,Approved,0
LN04496,CUST03176,BR009,Education,2024-12-05,124690.62,15.75,36,520,Rejected,0
LN03278,CUST04493,BR047,Personal,2026-03-10,88652.55,7.77,36,628,Defaulted,1
LN00091,CUST02695,BR047,Home,2025-04-11,111011.62,9.47,24,473,Approved,0
LN04009,CUST05626,BR047,Home,2025-03-23,489031.53,14.81,12,668,Defaulted,1
LN01316,CUST00920,BR007,Home,2025-08-04,149795.88,11.37,24,434,Defaulted,1
LN01629,CUST08442,BR015,Education,2025-06-13,175933.45,9.84,36,812,Closed,0
LN01174,CUST06981,BR044,Personal,2026-03-22,245715.05,16.68,60,860,Approved,0
LN02899,CUST02070,BR032,Home,2025-04-28,439724.53,7.59,120,831,Defaulted,1
LN01484,CUST09109,BR019,Vehicle,2024-12-29,455430.06,6.35,12,756,Closed,0
LN04178,CUST09290,BR031,Home,2025-08-08,145441.17,11.16,120,487,Closed,0
LN01111,CUST06722,BR005,Personal,2024-09-30,136733.72,12.0,24,872,Active,0
LN05722,CUST02681,BR015,Vehicle,2026-01-19,332965.63,7.92,120,610,Defaulted,1
LN05261,CUST09963,BR026,Vehicle,2024-12-10,274314.91,17.96,24,557,Approved,0
LN01627,CUST03389,BR001,Education,2024-10-21,367128.73,15.61,36,514,Active,0
LN04368,CUST07579,BR002,Education,2024-09-16,202805.47,10.59,24,616,Active,0
LN05659,CUST08881,BR012,Personal,2025-08-09,201956.56,17.59,12,809,Closed,0
LN04435,CUST02761,BR029,Education,2025-03-16,222906.32,11.13,12,478,Closed,0
LN02832,CUST00726,BR012,Education,2025-06-19,192070.82,13.47,24,467,Approved,0
LN01375,CUST02265,BR028,Personal,2025-01-22,189563.76,10.64,24,829,Rejected,0
LN01063,CUST03432,BR015,Education,2026-06-29,323412.2,14.69,24,831,Approved,0
LN02781,CUST08333,BR014,Home,2025-04-24,269485.92,11.06,24,420,Closed,0
LN00096,CUST00391,BR016,Home,2025-01-12,162588.77,13.31,60,618,Active,0
LN00084,CUST05276,BR007,Home,2025-04-20,498399.55,6.19,36,874,Closed,0
LN00817,CUST05750,BR017,Home,2025-01-22,418096.03,11.11,120,685,Active,0
LN05350,CUST03261,BR000,Personal,2025-09-28,469296.39,13.16,12,749,Defaulted,1
LN02804,CUST04912,BR042,Vehicle,2025-08-11,29668.3,6.5,60,559,Approved,0
LN04798,CUST99999,BR003,Education,2024-10-18,136320.85,17.28,120,398,Approved,0
LN05634,CUST04922,BR014,Vehicle,2026-06-26,485006.06,6.27,36,809,Rejected,0
LN03494,CUST09065,BR043,Education,2024-11-21,448251.03,15.63,12,459,Rejected,0
LN02810,CUST05670,BR003,Vehicle,2026-02-11,430738.29,16.14,24,362,Rejected,0
LN00711,CUST02814,BR015,Education,2026-01-05,177873.4,10.66,36,899,Closed,0
LN03464,CUST02765,BR026,Vehicle,2025-05-22,76267.52,16.44,36,855,Active,0
LN03620,CUST06871,BR047,Vehicle,2025-03-24,477762.51,10.23,24,875,Approved,0
LN04980,CUST04673,BR041,Personal,2024-11-08,482062.76,15.36,12,865,Defaulted,1
LN05679,CUST05969,BR005,Education,2026-02-03,40414.37,9.85,36,646,Active,0
LN02758,CUST01478,BR048,Personal,2025-08-15,297198.97,9.61,36,857,Rejected,0
LN03523,CUST08891,BR016,Vehicle,2025-05-04,357969.52,10.72,120,777,Closed,0
LN01965,CUST06764,BR040,Vehicle,2026-03-26,14683.51,12.86,12,737,Closed,0
LN04715,CUST02845,BR032,Home,2026-09-05,276076.13,16.97,12,307,Approved,0
LN02681,CUST04596,BR032,Education,2025-06-24,243140.44,13.31,12,639,Defaulted,1
LN01507,CUST08707,BR038,Vehicle,2025-04-15,337447.12,8.88,12,405,Closed,0
LN01834,CUST08189,BR030,Vehicle,2024-10-13,64978.67,6.29,36,759,Rejected,0
LN03244,CUST04424,BR047,Vehicle,2026-01-09,213198.18,16.76,36,463,Approved,0
LN01943,CUST00987,BR041,Vehicle,2025-01-21,121117.08,10.42,36,884,Rejected,0
LN02245,CUST00769,BR019,Education,2026-01-01,312840.98,13.85,120,775,Rejected,0
LN00638,CUST04835,BR031,Vehicle,2026-08-22,211410.86,9.62,120,464,Active,0
LN00851,CUST06767,BR042,Home,2025-01-09,343942.12,16.86,120,871,Active,0
LN03789,CUST04897,BR003,Home,2025-09-10,442646.7,14.79,24,894,Rejected,0
LN02469,CUST01449,BR025,Vehicle,2024-11-06,215865.93,14.73,120,338,Active,0
LN01385,CUST09788,BR037,Vehicle,2026-01-14,88859.14,7.62,24,816,Closed,0
LN00978,CUST06359,BR030,Vehicle,2026-06-18,243187.33,12.56,24,353,Active,0
LN03273,CUST03173,BR037,Personal,2026-07-17,273318.08,12.18,60,542,Defaulted,1
LN04236,CUST01262,BR047,Education,2025-02-06,252347.26,7.35,60,303,Defaulted,1
LN01336,CUST07069,BR011,Home,2025-04-20,499116.96,16.21,24,438,Approved,0
LN02962,CUST04154,BR034,Home,2024-12-17,183921.56,16.62,120,839,Approved,0
LN00048,CUST05486,BR036,Vehicle,2026-04-24,80793.09,14.53,12,384,Approved,0
LN03440,CUST07618,BR024,Home,2024-10-07,127474.64,10.56,36,448,Approved,0
LN05147,CUST99999,BR044,Personal,2025-03-15,429428.17,11.41,36,465,Closed,0
LN00950,CUST03687,BR010,Vehicle,2025-07-11,69658.48,14.7,24,757,Closed,0
LN03168,CUST07226,BR044,Vehicle,2026-09-07,188033.55,15.39,36,505,Rejected,0
LN01833,CUST01367,BR011,Personal,2024-12-25,19423.53,6.95,36,504,Defaulted,1
LN05487,CUST02476,BR020,Home,2025-05-23,375517.76,7.47,24,425,Closed,0
LN02289,CUST04183,BR006,Personal,2025-03-25,294307.29,14.52,36,595,Closed,0
LN02076,CUST07045,BR043,Home,2025-12-18,73276.84,13.21,60,591,Active,0
LN03304,CUST06198,BR022,Home,2025-04-01,234380.39,6.46,12,735,Active,0
LN03514,CUST00278,BR018,Personal,2025-03-30,144110.8,13.38,24,775,Approved,0
LN00959,CUST05742,BR005,Vehicle,2026-07-13,380731.03,7.36,120,749,Rejected,0
LN03850,CUST08312,BR020,Home,2025-02-02,44058.82,17.58,24,623,Active,0
LN04105,CUST03191,BR008,Education,2025-07-03,202690.77,14.49,36,807,Closed,0
LN03132,CUST02951,BR006,Personal,2024-12-21,388227.15,7.95,12,510,Defaulted,1
LN03777,CUST04017,BR002,Personal,2026-05-11,315186.33,12.37,60,873,Rejected,0
LN00012,CUST06949,BR015,Vehicle,2026-08-01,196743.57,11.49,120,743,Rejected,0
LN03871,CUST06296,BR048,Vehicle,2025-10-27,201118.76,14.86,24,817,Defaulted,1
LN05130,CUST07833,BR025,Home,2025-04-15,241943.55,15.57,12,421,Defaulted,1
LN03996,CUST04780,BR000,Vehicle,2026-05-27,223292.75,11.72,12,775,Rejected,0
LN03987,CUST08385,BR007,Education,2025-04-09,286153.39,14.4,12,442,Closed,0
LN03093,CUST06144,BR027,Personal,2026-09-03,466988.68,7.31,36,423,Rejected,0
LN05081,CUST03144,BR015,Home,2024-10-12,372311.61,15.23,24,852,Rejected,0
LN00173,CUST01291,BR023,Personal,2024-12-02,120269.8,11.38,36,342,Rejected,0
LN05792,CUST05187,BR017,Personal,2025-01-15,460751.67,14.43,120,442,Defaulted,1
LN01781,CUST01969,BR010,Personal,2025-03-02,140609.56,15.33,120,329,Approved,0
LN02320,CUST03967,BR042,Personal,2025-08-15,113330.14,12.18,36,474,Defaulted,1
LN03938,CUST01920,BR006,Vehicle,2025-09-22,117513.66,8.1,12,770,Approved,0
LN05469,CUST00901,BR029,Vehicle,2026-06-19,481509.4,11.57,60,583,Closed,0
LN02721,CUST05717,BR008,Personal,2024-10-06,493537.23,16.48,24,545,Active,0
LN04392,CUST06531,BR029,Education,2025-09-17,276942.01,12.79,60,780,Rejected,0
LN05143,CUST03637,BR017,Education,2026-05-10,268412.91,6.08,36,630,Approved,0
LN05837,CUST08107,BR005,Vehicle,2025-01-02,81413.18,15.65,24,389,Approved,0
LN03952,CUST09012,BR037,Education,2024-10-15,292032.79,12.18,24,842,Approved,0
LN04425,CUST00870,BR003,Personal,2024-09-25,287805.73,16.69,60,780,Defaulted,1
LN04702,CUST03558,BR021,Education,2025-06-26,124920.13,12.78,60,451,Approved,0
LN04482,CUST01874,BR041,Education,2025-08-29,170873.01,10.5,24,571,Defaulted,1
LN00561,CUST09409,BR014,Home,2024-09-15,45614.26,9.43,12,615,Defaulted,1
LN00302,CUST02205,BR033,Vehicle,2026-03-11,436736.98,15.38,24,346,Active,0
LN02601,CUST03864,BR025,Personal,2026-08-21,265689.69,13.82,12,789,Closed,0
LN00360,CUST06614,BR046,Home,2025-08-01,62506.78,8.24,120,845,Active,0
LN02695,CUST04178,BR000,Home,2025-12-03,440191.37,7.54,36,538,Rejected,0
LN03202,CUST09298,BR026,Home,2025-12-13,74607.47,9.63,24,378,Defaulted,1
LN03655,CUST07291,BR017,Education,2026-08-21,184508.19,8.49,12,338,Closed,0
LN05626,CUST06221,BR024,Vehicle,2026-01-26,483100.3,9.87,24,524,Active,0
LN04442,CUST01717,BR042,Home,2025-08-05,-347370.97,9.3,24,716,Approved,0
LN04451,CUST03308,BR016,Vehicle,2026-01-31,439207.62,16.45,24,389,Active,0
LN01462,CUST00294,BR009,Education,2026-06-23,12009.71,13.63,36,456,Active,0
LN01819,CUST00488,BR028,Personal,2026-08-19,457319.03,7.96,120,555,Active,0
LN02895,CUST03243,BR044,Personal,2025-11-09,478567.01,17.63,60,553,Approved,0
LN01703,CUST02278,BR037,Vehicle,2026-05-05,251717.11,6.17,60,705,Rejected,0
LN03209,CUST07094,BR010,Home,2026-03-12,407096.95,17.88,60,693,Rejected,0
LN00796,CUST08150,BR044,Vehicle,2025-11-29,189666.92,17.55,36,438,Approved,0
LN05443,CUST05585,BR010,Vehicle,2026-05-20,277584.75,12.56,60,835,Active,0
LN04313,CUST06324,BR037,Home,2026-01-12,191752.48,11.88,120,722,Rejected,0
LN04699,CUST00757,BR046,Personal,2025-04-04,479804.46,8.34,12,521,Closed,0
LN04076,CUST04334,BR001,Home,2026-02-01,253056.12,16.33,60,806,Approved,0
LN04979,CUST04155,BR009,Vehicle,2025-05-06,345150.36,9.34,60,338,Closed,0
LN00453,CUST01687,BR023,Home,2026-01-31,102784.55,13.29,60,306,Defaulted,1
LN02558,CUST02285,BR013,Vehicle,2025-04-17,164441.77,14.03,60,320,Approved,0
LN03905,CUST04384,BR011,Vehicle,2026-03-21,268443.68,6.57,24,619,Approved,0
LN03486,CUST99999,BR019,Personal,2025-07-19,82064.25,12.42,36,303,Defaulted,1
LN03899,CUST03687,BR019,Home,2024-09-20,188330.05,8.38,60,546,Approved,0
LN01228,CUST00153,BR014,Vehicle,2025-03-23,211280.77,6.69,120,665,Defaulted,1
LN02855,CUST01842,BR033,Personal,2024-12-05,138460.32,8.41,36,365,Defaulted,1
LN02736,CUST09491,BR011,Home,2025-09-10,423167.58,9.03,12,577,Defaulted,1
LN02883,CUST01819,BR018,Personal,2026-08-07,443788.59,13.75,36,800,Rejected,0
LN04625,CUST01449,BR044,Home,2026-06-04,348348.25,16.34,60,839,Approved,0
LN02548,CUST02555,BR013,Personal,2026-07-18,24906.93,6.86,120,417,Closed,0
LN02891,CUST03259,BR022,Vehicle,2026-02-08,203143.52,12.18,36,627,Closed,0
LN04423,CUST09104,BR032,Education,2026-03-14,461877.86,7.95,12,399,Defaulted,1
LN01840,CUST07232,BR019,Education,2025-03-09,378906.03,13.33,120,504,Rejected,0
LN03439,CUST04444,BR014,Personal,2026-07-20,55119.44,9.34,120,765,Active,0
LN01799,CUST00302,BR004,Education,2025-06-21,419820.95,16.52,36,321,Closed,0
LN02963,CUST05619,BR031,Education,2025-08-10,491448.89,10.14,60,346,Rejected,0
LN01337,CUST00920,BR040,Vehicle,2025-08-15,11717.29,13.64,12,401,Rejected,0
LN05471,CUST09290,BR026,Education,2026-07-24,432109.48,8.69,24,453,Closed,0
LN00938,CUST07804,BR036,Home,2026-05-20,131866.51,13.73,24,302,Active,0
LN04990,CUST07825,BR026,Education,2026-01-13,33330.07,6.01,60,736,Approved,0
LN02696,CUST07789,BR035,Vehicle,2026-04-02,49117.22,17.82,36,647,Rejected,0
LN02247,CUST09908,BR037,Home,2026-06-16,393396.4,14.46,120,761,Defaulted,1
LN02536,CUST01577,BR000,Home,2025-07-30,17553.33,9.61,24,712,Active,0
LN03653,CUST04595,BR029,Home,2025-08-22,209471.64,12.58,24,386,Rejected,0
LN01247,CUST07009,BR033,Personal,2024-11-13,359231.82,6.28,120,409,Rejected,0
LN02528,CUST03867,BR031,Education,2025-08-16,437707.91,6.67,120,791,Rejected,0
LN03356,CUST07605,BR040,Education,2025-02-11,373142.45,9.11,60,678,Approved,0
LN04893,CUST04713,BR034,Personal,2025-03-19,245582.89,10.17,24,302,Defaulted,1
LN01829,CUST09042,BR041,Personal,2025-04-30,447737.4,11.28,12,586,Approved,0
LN02768,CUST04005,BR044,Personal,2026-05-20,418467.7,6.27,24,862,Closed,0
LN01821,CUST09539,BR018,Vehicle,2025-02-26,121291.92,8.82,12,547,Rejected,0
LN02687,CUST08472,BR007,Home,2024-10-30,-121011.39,9.88,12,636,Active,0
LN03441,CUST03947,BR046,Education,2024-09-15,59008.86,12.18,12,746,Approved,0
LN03254,CUST08967,BR019,Home,2024-10-02,466200.92,9.65,36,432,Closed,0
LN01566,CUST05109,BR035,Home,2026-08-16,479863.26,14.12,24,320,Closed,0
LN05029,CUST00371,BR027,Home,2025-10-14,203805.85,12.2,24,598,Active,0
LN02942,CUST06591,BR000,Home,2025-11-28,83053.98,12.9,120,770,Approved,0
LN01935,CUST99999,BR000,Home,2024-09-19,54540.46,14.94,60,627,Closed,0
LN02233,CUST06979,BR027,Vehicle,2025-11-27,45413.29,6.1,24,510,Approved,0
LN02579,CUST06509,BR032,Education,2024-10-19,385681.93,11.85,36,581,Rejected,0
LN05252,CUST08462,BR048,Home,2025-10-29,314438.02,12.18,36,669,Rejected,0
LN02737,CUST07851,BR037,Personal,2025-03-23,476508.62,17.8,24,475,Defaulted,1
LN02812,CUST05823,BR004,Home,2025-07-20,183238.63,13.31,24,594,Defaulted,1
LN02893,CUST01474,BR024,Vehicle,2026-03-13,252506.69,9.75,12,551,Defaulted,1
LN01258,CUST04107,BR032,Vehicle,2026-05-03,403838.47,10.9,24,743,Defaulted,1
LN02533,CUST03970,BR021,Education,2025-07-01,441485.4,11.51,36,461,Approved,0
LN00296,CUST07683,BR037,Vehicle,2025-11-12,422702.3,16.58,120,703,Defaulted,1
LN03479,CUST09408,BR047,Vehicle,2026-04-19,101338.65,11.02,120,411,Closed,0
LN04469,CUST08100,BR007,Education,2026-03-08,348164.36,11.1,120,586,Active,0
LN05100,CUST06770,BR012,Home,2026-04-06,383637.58,10.06,36,689,Active,0
LN04656,CUST07384,BR031,Education,2025-04-14,321147.58,10.9,24,339,Closed,0
LN04703,CUST09772,BR023,Home,2025-08-25,106814.66,13.38,24,856,Approved,0
LN02999,CUST09429,BR018,Home,2025-01-16,190971.78,13.25,120,451,Closed,0
LN01427,CUST02162,BR005,Education,2025-01-31,464542.77,7.78,36,661,Approved,0
LN00466,CUST07723,BR028,Vehicle,2025-07-12,279133.12,7.33,36,338,Defaulted,1
LN01474,CUST00571,BR040,Vehicle,2025-10-08,36716.05,13.3,24,785,Rejected,0
LN02164,CUST08737,BR018,Home,2025-08-18,51532.14,6.87,60,810,Closed,0
LN02845,CUST03808,BR012,Home,2024-11-06,296698.95,11.79,60,590,Approved,0
LN05676,CUST01391,BR011,Education,2026-03-28,379061.97,9.34,12,428,Approved,0
LN03336,CUST99999,BR018,Home,2026-08-04,200312.66,10.01,24,777,Active,0
LN01270,CUST06609,BR013,Personal,2026-01-03,489443.77,12.51,36,752,Closed,0
LN03289,CUST01401,BR031,Home,2025-01-20,372380.06,14.84,60,579,Rejected,0
LN01135,CUST09106,BR005,Education,2025-07-20,114539.82,13.04,36,641,Defaulted,1
LN02761,CUST08770,BR000,Vehicle,2025-05-29,416466.35,13.47,24,679,Active,0
LN02085,CUST07179,BR037,Home,2025-09-17,488801.21,6.91,36,777,Active,0
LN01390,CUST08194,BR044,Vehicle,2025-06-05,98714.68,6.93,60,472,Rejected,0
LN03190,CUST05951,BR000,Personal,2025-10-13,127196.63,10.39,24,394,Approved,0
LN01257,CUST07982,BR013,Vehicle,2025-03-02,380020.09,12.18,36,839,Rejected,0
LN02071,CUST09325,BR037,Vehicle,2026-07-14,319422.05,14.62,12,434,Approved,0
LN05429,CUST05014,BR018,Home,2025-03-19,109858.98,13.03,120,894,Rejected,0
LN02650,CUST08831,BR029,Education,2025-03-14,185491.96,12.18,24,500,Closed,0
LN02892,CUST01823,BR005,Vehicle,2025-06-04,93352.37,10.92,36,310,Approved,0
LN02924,CUST03699,BR047,Home,2025-09-06,303823.67,6.41,60,637,Approved,0
LN04636,CUST08848,BR000,Home,2025-12-08,362451.02,15.15,24,619,Defaulted,1
LN01401,CUST09179,BR018,Vehicle,2025-09-27,278979.95,10.15,36,571,Approved,0
LN01571,CUST00583,BR001,Vehicle,2025-07-23,283753.91,14.2,36,387,Rejected,0
LN00255,CUST04199,BR045,Education,2025-09-20,321107.98,11.89,12,453,Approved,0
LN04303,CUST06059,BR022,Education,2026-02-28,85740.35,6.59,60,670,Rejected,0
LN04239,CUST07382,BR025,Education,2024-12-22,298174.67,12.19,24,624,Approved,0
LN03762,CUST02101,BR035,Education,2025-12-11,331223.52,12.18,24,511,Approved,0
LN05201,CUST99999,BR019,Education,2026-03-06,260388.43,7.81,24,768,Closed,0
LN01955,CUST01343,BR002,Education,2026-05-05,484644.83,10.18,12,749,Defaulted,1
LN04665,CUST09603,BR036,Personal,2025-04-03,27529.6,16.26,24,688,Approved,0
LN00121,CUST99999,BR024,Personal,2025-02-25,408885.44,10.26,36,720,Rejected,0
LN02502,CUST01517,BR006,Home,2024-10-11,367325.4,8.23,120,879,Rejected,0
LN05146,CUST06448,BR004,Education,2026-01-04,286527.17,11.22,24,438,Rejected,0
LN04596,CUST02866,BR031,Home,2024-12-05,404233.77,17.37,60,400,Active,0
LN04850,CUST05555,BR020,Vehicle,2024-12-20,195214.18,13.24,120,887,Defaulted,1
LN04492,CUST02105,BR012,Education,2025-07-06,443111.89,17.69,60,340,Approved,0
LN01795,CUST06089,BR003,Personal,2025-04-01,440706.23,8.22,120,883,Rejected,0
LN02408,CUST08186,BR000,Education,2026-02-16,409250.12,7.35,36,541,Defaulted,1
LN05636,CUST03183,BR047,Vehicle,2025-04-25,378065.31,13.91,36,470,Closed,0
LN00589,CUST09273,BR008,Education,2025-03-20,495882.91,6.65,36,859,Rejected,0
LN05949,CUST06858,BR009,Home,2026-06-16,294828.54,17.75,60,378,Approved,0
LN01523,CUST04116,BR025,Vehicle,2026-04-23,472722.8,9.47,36,561,Closed,0
LN04891,CUST99999,BR042,Home,2026-01-21,437557.59,11.76,12,429,Closed,0
LN04743,CUST09221,BR000,Vehicle,2025-09-27,330715.91,13.26,12,595,Approved,0
LN03390,CUST09467,BR045,Vehicle,2026-08-30,239588.01,12.18,60,879,Active,0
LN01459,CUST02403,BR030,Vehicle,2025-07-21,247155.47,8.59,36,648,Closed,0
LN05338,CUST04056,BR012,Education,2025-05-23,385426.44,17.54,24,410,Closed,0
LN03711,CUST08399,BR046,Education,2025-03-13,267336.14,12.01,12,864,Active,0
LN01830,CUST01388,BR016,Vehicle,2026-01-25,94265.5,10.71,120,378,Active,0
LN05416,CUST04539,BR000,Home,2026-05-30,298006.55,16.68,60,653,Active,0
LN03060,CUST06980,BR018,Education,2026-03-19,64014.13,12.52,36,709,Defaulted,1
LN05787,CUST06391,BR038,Vehicle,2024-12-31,129473.69,7.76,12,834,Closed,0
LN05945,CUST03672,BR046,Vehicle,2024-09-30,394140.79,14.16,24,415,Rejected,0
LN00972,CUST02645,BR021,Personal,2025-06-29,25414.03,17.11,60,337,Active,0
LN05008,CUST08044,BR037,Personal,2024-12-07,307000.95,15.8,24,396,Approved,0
LN00460,CUST05732,BR041,Personal,2025-02-13,113408.78,16.94,12,472,Active,0
LN01785,CUST09556,BR019,Education,2026-02-13,100223.71,12.09,36,420,Defaulted,1
LN02332,CUST07604,BR044,Personal,2024-11-04,356562.66,17.96,24,502,Rejected,0
LN03094,CUST05668,BR023,Home,2025-11-30,448315.41,10.86,24,400,Active,0
LN01251,CUST04090,BR017,Home,2026-04-24,479590.81,16.66,12,871,Rejected,0
LN01026,CUST04021,BR024,Home,2025-05-08,459352.34,14.3,12,391,Closed,0
LN05565,CUST00734,BR031,Home,2025-05-13,10418.31,6.79,120,722,Active,0
LN04644,CUST09454,BR024,Vehicle,2025-01-14,294313.33,15.76,12,840,Defaulted,1
LN02013,CUST08555,BR033,Education,2026-07-02,378394.93,8.31,120,304,Approved,0
LN04594,CUST07616,BR007,Education,2024-12-04,361164.58,14.88,36,747,Defaulted,1
LN05016,CUST09103,BR024,Education,2026-02-01,413101.5,7.42,12,792,Defaulted,1
LN02890,CUST04020,BR044,Home,2025-05-14,123264.17,13.83,120,724,Rejected,0
LN03529,CUST04307,BR033,Personal,2026-08-04,477645.51,12.18,12,762,Active,0
LN03077,CUST01227,BR030,Home,2025-08-23,497307.5,16.58,36,693,Defaulted,1
LN03559,CUST03722,BR018,Vehicle,2026-02-05,389614.56,6.77,24,670,Approved,0
LN05401,CUST02962,BR001,Personal,2025-09-19,396768.28,10.56,24,723,Defaulted,1
LN03104,CUST04897,BR030,Personal,2026-07-22,264969.71,8.78,36,311,Closed,0
LN00421,CUST03147,BR010,Home,2025-05-09,365956.27,16.13,24,875,Closed,0
LN01995,CUST00661,BR018,Home,2026-01-05,18714.72,15.56,36,653,Defaulted,1
LN04252,CUST06419,BR000,Personal,2025-08-08,454739.17,6.98,12,617,Active,0
LN01897,CUST02359,BR032,Vehicle,2024-10-17,211559.66,16.74,60,331,Active,0
LN04615,CUST07000,BR044,Education,2026-01-28,231633.95,15.52,12,577,Rejected,0
LN02918,CUST01442,BR005,Vehicle,2025-09-26,303115.0,6.75,60,670,Rejected,0
LN04247,CUST06774,BR035,Education,2026-05-25,169626.38,13.17,36,503,Rejected,0
LN02658,CUST06370,BR002,Vehicle,2025-03-13,321906.8,16.86,24,551,Approved,0
LN04682,CUST06524,BR034,Home,2026-03-06,299620.42,10.17,12,724,Closed,0
LN04355,CUST01630,BR015,Personal,2026-01-23,97033.71,17.43,12,702,Approved,0
LN03727,CUST04195,BR031,Education,2025-08-14,-15947.35,8.32,12,489,Rejected,0
LN05590,CUST02371,BR012,Home,2026-03-28,49358.32,9.83,24,717,Approved,0
LN02739,CUST02044,BR006,Vehicle,2026-04-16,333202.45,9.88,36,419,Active,0
LN03280,CUST08088,BR000,Personal,2025-10-15,110495.94,14.53,60,330,Rejected,0
LN01684,CUST09461,BR043,Personal,2025-09-18,464360.16,7.93,12,880,Approved,0
LN05495,CUST07349,BR044,Education,2025-01-23,276426.1,14.53,120,389,Defaulted,1
LN05718,CUST02644,BR000,Home,2026-08-04,-349778.64,12.89,24,498,Closed,0
LN03971,CUST06773,BR014,Home,2026-02-07,66004.39,13.86,24,556,Defaulted,1
LN01857,CUST01177,BR049,Vehicle,2025-07-27,350389.28,10.07,60,882,Approved,0
LN05534,CUST09873,BR037,Vehicle,2026-03-11,311391.63,11.77,36,642,Active,0
LN04387,CUST00307,BR042,Vehicle,2026-02-26,31883.41,17.77,12,558,Closed,0
LN03836,CUST07697,BR017,Vehicle,2026-03-24,278504.22,14.96,36,440,Approved,0
LN05023,CUST08872,BR015,Vehicle,2026-03-06,474087.09,17.68,12,880,Rejected,0
LN01073,CUST01759,BR003,Home,2025-08-31,83888.48,12.18,36,727,Active,0
LN01912,CUST01300,BR035,Home,2026-06-01,133362.1,12.15,12,506,Approved,0
LN02734,CUST00660,BR007,Personal,2026-06-03,171128.19,15.92,36,434,Approved,0
LN03681,CUST08643,BR043,Education,2025-09-02,330380.81,7.21,24,741,Active,0
LN02034,CUST02496,BR005,Education,2025-05-08,203125.29,16.36,12,877,Closed,0
LN05847,CUST09743,BR038,Personal,2025-11-19,391502.82,11.44,24,714,Active,0
LN01339,CUST03430,BR046,Personal,2025-09-07,413681.85,13.8,12,582,Approved,0
LN00488,CUST00728,BR019,Vehicle,2026-09-02,364153.4,7.02,60,672,Defaulted,1
LN02639,CUST04578,BR034,Education,2024-10-26,241976.35,12.27,60,730,Active,0
LN02790,CUST04976,BR002,Personal,2025-12-20,120132.52,12.02,120,454,Active,0
LN03463,CUST03929,BR048,Personal,2024-12-04,405674.38,17.93,36,370,Approved,0
LN02686,CUST08787,BR016,Personal,2026-05-13,126963.39,16.0,24,785,Active,0
LN04215,CUST08996,BR005,Education,2025-04-29,471298.58,10.68,120,735,Rejected,0
LN04456,CUST09536,BR046,Personal,2025-12-28,44209.99,10.05,120,796,Active,0
LN02048,CUST04107,BR013,Personal,2024-11-19,22720.9,14.09,24,860,Defaulted,1
LN00653,CUST00255,BR011,Personal,2026-07-11,372996.59,7.79,36,859,Approved,0
LN05647,CUST06380,BR005,Vehicle,2026-03-30,251287.12,12.13,60,565,Closed,0
LN05759,CUST01706,BR030,Vehicle,2025-07-05,118289.1,17.06,60,497,Active,0
LN00086,CUST00064,BR000,Home,2026-07-04,303516.19,7.21,12,337,Defaulted,1
LN02219,CUST08754,BR022,Education,2024-11-02,146739.54,15.3,60,420,Closed,0
LN01852,CUST02989,BR026,Education,2025-12-08,23117.59,6.9,12,596,Active,0
LN00865,CUST08195,BR035,Personal,2025-09-19,120872.1,15.29,60,645,Closed,0
LN02075,CUST01960,BR015,Personal,2025-04-19,120967.7,9.06,24,775,Defaulted,1
LN00746,CUST05569,BR022,Personal,2025-04-18,422035.6,16.08,60,642,Rejected,0
LN00748,CUST06269,BR001,Personal,2025-08-07,204338.31,14.52,24,888,Rejected,0
LN01717,CUST03466,BR001,Education,2025-12-23,418099.35,16.15,120,506,Approved,0
LN03563,CUST06579,BR004,Vehicle,2025-03-19,217608.19,12.1,12,691,Closed,0
LN02627,CUST07096,BR032,Personal,2026-05-03,57654.57,16.0,36,808,Rejected,0
LN05856,CUST03462,BR044,Vehicle,2026-07-21,81257.2,15.42,24,420,Defaulted,1
LN01276,CUST04873,BR022,Vehicle,2025-02-16,15373.3,11.72,36,545,Defaulted,1
LN00552,CUST00953,BR003,Vehicle,2026-01-15,343757.47,16.98,24,476,Defaulted,1
LN05917,CUST01203,BR046,Home,2025-01-31,264136.68,16.44,60,810,Approved,0
LN02983,CUST00138,BR043,Home,2025-04-16,391657.4,6.2,60,732,Active,0
LN03844,CUST04970,BR007,Vehicle,2025-05-24,318643.01,10.4,12,607,Defaulted,1
LN03203,CUST02224,BR006,Personal,2025-05-27,-258765.07,17.6,120,340,Approved,0
LN02674,CUST09658,BR036,Personal,2024-09-23,12196.03,12.47,36,419,Approved,0
LN04030,CUST09695,BR021,Personal,2026-01-25,127618.83,8.63,60,460,Defaulted,1
LN01732,CUST09499,BR010,Education,2024-12-23,365069.36,16.13,36,782,Defaulted,1
LN03197,CUST04232,BR046,Personal,2025-07-10,174271.44,17.1,60,830,Closed,0
LN00009,CUST08322,BR019,Home,2024-11-26,360681.48,11.54,36,584,Closed,0
LN01102,CUST00054,BR021,Personal,2025-08-24,463832.57,9.45,60,558,Closed,0
LN02961,CUST08988,BR000,Home,2026-04-27,391874.77,11.43,24,574,Rejected,0
LN05384,CUST05266,BR026,Home,2026-01-20,196760.22,17.12,60,785,Active,0
LN01078,CUST08914,BR021,Vehicle,2026-03-31,136855.48,16.16,120,719,Active,0
LN04484,CUST04763,BR014,Personal,2025-03-30,401352.27,12.27,24,695,Approved,0
LN01694,CUST06477,BR023,Home,2024-09-25,245019.66,17.83,120,364,Approved,0
LN05472,CUST01677,BR038,Home,2025-09-25,467492.2,6.38,60,417,Rejected,0
LN03965,CUST02679,BR026,Vehicle,2025-10-05,64496.12,13.0,120,600,Active,0
LN04346,CUST02535,BR025,Home,2026-08-19,362250.21,14.2,36,684,Active,0
LN00443,CUST09823,BR006,Education,2024-12-10,172383.13,8.43,120,465,Rejected,0
LN04261,CUST06065,BR007,Education,2025-12-20,377541.2,7.75,60,814,Rejected,0
LN00505,CUST03766,BR038,Vehicle,2025-10-23,338429.21,11.61,36,408,Approved,0
LN04203,CUST01319,BR042,Education,2026-08-08,155882.73,12.28,12,624,Active,0
LN01083,CUST08477,BR006,Vehicle,2026-05-28,98676.8,10.12,36,433,Rejected,0
LN03876,CUST01200,BR009,Vehicle,2025-06-14,429559.58,16.86,120,738,Active,0
LN04574,CUST02773,BR028,Vehicle,2024-10-01,37542.68,10.65,60,607,Approved,0
LN01621,CUST09631,BR037,Home,2025-04-28,365621.85,17.94,60,434,Closed,0
LN02547,CUST08087,BR006,Personal,2025-09-16,389344.04,17.87,36,722,Approved,0
LN00439,CUST02849,BR039,Personal,2026-02-14,293563.32,16.43,24,875,Approved,0
LN02514,CUST00610,BR037,Personal,2025-08-22,39670.61,8.14,36,442,Defaulted,1
LN04807,CUST01881,BR046,Vehicle,2026-01-30,152531.07,12.38,120,305,Defaulted,1
LN04845,CUST03195,BR042,Personal,2025-07-02,367427.55,10.07,12,841,Defaulted,1
LN01767,CUST05370,BR002,Home,2026-08-18,41274.76,16.74,12,886,Defaulted,1
LN02246,CUST00780,BR005,Home,2025-08-31,235432.46,13.44,60,751,Active,0
LN01080,CUST02717,BR000,Education,2026-01-26,363598.52,14.42,12,693,Approved,0
LN01355,CUST08056,BR006,Personal,2025-05-16,92519.9,9.33,12,520,Closed,0
LN00190,CUST09925,BR017,Personal,2024-09-16,89219.44,9.23,36,316,Defaulted,1
LN05310,CUST08531,BR036,Vehicle,2025-02-08,29672.41,17.27,24,391,Defaulted,1
LN01987,CUST08533,BR026,Home,2026-08-07,283099.08,6.64,24,816,Defaulted,1
LN03294,CUST02745,BR040,Education,2025-11-06,188255.17,14.64,120,568,Defaulted,1
LN05234,CUST07928,BR005,Vehicle,2025-08-25,26837.88,8.81,36,700,Closed,0
LN03532,CUST05810,BR035,Education,2026-04-28,343471.88,12.42,120,556,Defaulted,1
LN01712,CUST05543,BR032,Personal,2026-08-10,374493.99,17.65,24,668,Defaulted,1
LN04283,CUST00649,BR049,Education,2025-06-18,467637.52,9.84,24,366,Active,0
LN05193,CUST04386,BR040,Vehicle,2024-11-19,172716.87,11.65,60,811,Defaulted,1
LN04825,CUST02059,BR005,Home,2026-06-04,454267.72,17.72,12,856,Closed,0
LN04049,CUST09685,BR014,Personal,2026-05-10,106906.14,14.02,60,521,Rejected,0
LN04336,CUST00446,BR007,Personal,2025-11-04,39176.63,17.83,120,855,Approved,0
LN00145,CUST09789,BR036,Home,2025-07-12,15014.59,10.81,60,629,Rejected,0
LN00562,CUST01540,BR011,Vehicle,2024-12-03,359919.55,7.36,60,514,Closed,0
LN04351,CUST05509,BR036,Personal,2026-01-31,353358.62,13.71,60,658,Rejected,0
LN01977,CUST02475,BR001,Personal,2026-06-28,101482.5,8.45,12,675,Closed,0
LN02143,CUST07638,BR037,Home,2025-08-26,52427.81,10.73,36,803,Approved,0
LN05730,CUST00596,BR004,Personal,2025-01-30,85995.87,9.44,12,526,Closed,0
LN01743,CUST01742,BR036,Home,2025-12-02,90489.2,17.5,24,693,Approved,0
LN05491,CUST99999,BR002,Personal,2026-05-27,328974.6,17.42,120,407,Active,0
LN03442,CUST01676,BR006,Education,2025-04-27,349035.91,12.96,60,473,Closed,0
LN01662,CUST99999,BR002,Education,2026-05-25,478875.34,15.24,12,573,Defaulted,1
LN05920,CUST03174,BR040,Vehicle,2026-08-18,496806.93,17.5,120,582,Defaulted,1
LN05281,CUST08411,BR026,Home,2025-07-12,344290.92,8.83,12,357,Approved,0
LN04522,CUST05698,BR034,Education,2024-12-26,60965.05,10.19,12,420,Closed,0
LN04339,CUST01234,BR047,Education,2025-06-14,291175.51,8.87,24,535,Approved,0
LN00680,CUST05989,BR014,Home,2025-05-09,316576.92,16.44,12,763,Rejected,0
LN01440,CUST06924,BR040,Education,2024-12-18,487228.43,11.38,12,323,Defaulted,1
LN03002,CUST09190,BR004,Vehicle,2025-01-05,262901.05,6.35,120,851,Rejected,0
LN03394,CUST05451,BR039,Home,2026-09-04,356276.98,14.22,120,583,Active,0
LN03633,CUST01855,BR036,Personal,2024-10-24,393664.3,10.32,24,776,Approved,0
LN03720,CUST02195,BR005,Vehicle,2026-03-08,11655.63,13.03,120,881,Closed,0
LN01054,CUST03572,BR032,Personal,2025-10-26,384020.96,17.36,60,670,Rejected,0
LN05493,CUST07192,BR009,Education,2025-05-30,50899.95,12.44,36,736,Defaulted,1
LN04270,CUST03970,BR034,Personal,2026-04-01,298107.38,16.29,60,347,Active,0
LN04802,CUST08432,BR013,Personal,2026-03-25,344805.54,6.61,12,335,Closed,0
LN00056,CUST07555,BR005,Vehicle,2025-06-02,116952.05,9.37,60,687,Defaulted,1
LN05606,CUST09947,BR032,Personal,2024-10-15,54622.51,6.95,12,430,Defaulted,1
LN05629,CUST99999,BR010,Education,2025-03-02,219046.43,16.83,12,445,Approved,0
LN02470,CUST02539,BR019,Personal,2025-04-25,484761.84,10.91,120,647,Rejected,0
LN03785,CUST05485,BR018,Personal,2025-06-27,165714.85,17.2,60,398,Closed,0
LN00149,CUST05450,BR000,Education,2025-08-30,127349.47,9.43,60,313,Closed,0
LN02581,CUST05906,BR025,Home,2025-10-02,408498.53,16.41,120,551,Active,0
LN04279,CUST09095,BR036,Education,2025-04-13,139816.13,16.32,12,837,Active,0
LN01024,CUST03072,BR047,Personal,2024-09-27,109995.8,12.09,24,888,Rejected,0
LN01411,CUST00974,BR039,Home,2025-05-10,30757.35,9.93,36,619,Defaulted,1
LN01588,CUST09768,BR013,Education,2026-02-13,93414.19,14.95,12,632,Approved,0
LN05246,CUST09035,BR006,Vehicle,2025-01-13,336778.68,7.53,36,405,Closed,0
LN00946,CUST02192,BR023,Education,2026-01-04,73792.78,12.08,12,562,Closed,0
LN05433,CUST00490,BR006,Education,2025-10-27,240003.25,16.87,36,794,Active,0
LN05047,CUST00325,BR040,Personal,2025-05-26,297817.96,17.64,24,385,Closed,0
LN02871,CUST07980,BR028,Vehicle,2025-12-27,360680.15,14.67,24,497,Closed,0
LN03678,CUST09665,BR001,Personal,2026-04-18,244628.08,15.77,24,591,Defaulted,1
LN01082,CUST09692,BR009,Education,2025-12-30,439743.36,10.63,24,803,Active,0
LN04489,CUST07538,BR028,Education,2026-01-17,175571.7,11.31,12,362,Closed,0
LN00456,CUST09760,BR029,Home,2025-10-19,384468.04,12.18,12,598,Closed,0
LN03671,CUST00049,BR031,Personal,2025-07-10,169659.44,15.68,24,502,Active,0
LN00709,CUST06544,BR031,Personal,2026-08-24,442374.3,10.37,12,677,Active,0
LN02487,CUST07875,BR013,Personal,2024-12-18,416428.85,17.2,60,709,Defaulted,1
LN00174,CUST03581,BR032,Home,2025-01-04,243629.66,13.33,36,577,Rejected,0
LN01146,CUST01555,BR046,Education,2026-05-16,185990.33,16.12,24,361,Approved,0
