customer_id,customer_name,age,gender,annual_income,city
CUST01330,Michael Fitzgerald,39,Female,47869.88,Hutchinsonview
CUST01897,Lauren Haley,41,Male,56379.81,New Julie
CUST06757,Matthew Khan,34,Male,,North Douglasview
CUST01357,Tonya Ellis,48,Male,49510.02,Foxborough
CUST04857,Miranda Huber,49,Male,75302.7,North Jeffery
CUST09661,Bridget Hernandez,73,Female,51300.45,Lake John
CUST05315,Joshua Martinez,37,Male,51843.58,Gordontown
CUST08867,Shannon Turner,65,Female,47437.46,Toddborough
CUST00169,Daniel Murphy,56,Female,70174.01,Mosleyville
CUST09557,Kaitlyn Adams,49,Female,58951.14,New Michelle
CUST09578,Jeffrey Wells,68,Male,34643.61,New Scott
CUST03388,Stephanie Vargas,21,Male,45185.98,Jessicahaven
CUST01114,Dennis Mills,30,Female,29092.08,Henrytown
CUST06668,Michelle King,22,Female,42532.47,Port Bryan
CUST00442,Robert Harrison,39,Male,45885.47,East Kathryn
CUST00157,Jason Stein,72,Female,68415.58,Port Bryanberg
CUST09022,Charles Nguyen,43,Male,58401.69,Lake Andre
CUST06072,Matthew Thompson,21,Male,52070.55,East Kathleenton
CUST08109,Melinda Hanson DDS,73,Female,72383.82,Dianeville
CUST06924,Jeffrey Wallace,73,Female,25702.82,New Tarafurt
CUST08459,Autumn Lee,23,Male,59819.91,Lake Lindsay
CUST09612,Kevin Wagner,61,Female,67187.03,Port Joeland
CUST07468,Julie Daniels,23,Female,62333.04,Brendastad
CUST05705,Katherine Downs,62,Female,25629.15,Benjaminland
CUST07768,Aaron Cochran,30,Female,58920.2,Mejiahaven
CUST02598,John Davidson,36,Female,48012.03,Clarkshire
CUST09912,Amy Kennedy,27,Male,41487.62,North Brandon
CUST09027,Ronald Davila,74,Female,59637.43,South Jessicaland
CUST07764,Matthew Henderson,20,Male,24986.88,Port Mark
CUST08765,Herbert Ferguson,53,Female,27488.58,West Johnbury
CUST06040,Erin White,52,Female,10081.76,Whitemouth
CUST04011,Sherry Porter,24,Male,49058.02,Blacktown
CUST07353,Eric Walker,57,Male,59409.68,Brendafurt
CUST02255,Brian Soto,57,Female,65197.76,Grimeshaven
CUST04192,Heather Becker,41,Male,66468.45,Haneyburgh
CUST00667,Tammy Boone,35,Female,26787.43,Port Stevenhaven
CUST08334,Mark Gomez,42,Male,29261.92,North Michael
CUST01069,Courtney Nichols,52,Male,38516.74,Hurstside
CUST06813,Brian Ware,52,Male,58408.68,West Stephanie
CUST02043,Erica Johnson,47,Female,56601.1,Lewischester
CUST09224,Erica Yang,21,Male,49043.38,Christopherstad
CUST07567,Laurie Porter,58,Male,62039.88,Rogerfurt
CUST07263,Daniel Carter,19,Female,45603.44,West Mollyberg
CUST01478,Lisa Morris,71,Male,20001.04,Harrisborough
CUST06755,Jasmine Hall,25,Male,39485.76,Moranland
CUST06908,Laura Spence,65,Female,22931.54,Allenborough
CUST04662,Victor Taylor,30,Male,34520.34,Lanceburgh
CUST08060,Michael Mckee,48,Female,47108.28,Hallport
CUST05224,Thomas Sparks,69,Female,63810.74,Carlton
CUST06436,Christian Anderson,25,Male,37291.68,West Juanberg
CUST05066,Debra Johnson,18,Female,51185.0,Port Lesliestad
CUST05317,Joseph Patel,21,Female,76738.92,Nicholasfort
CUST05750,Diana Kemp,50,Male,64631.21,Lake Emilyberg
CUST08683,Amber Allison,74,Female,51704.17,Chapmanberg
CUST03799,Richard Dawson,41,Female,64144.79,East Emilyfurt
CUST02699,Catherine Williams,52,Female,32031.76,Port Julian
CUST03129,Christian Wagner,69,Female,9313.27,Parksborough
CUST02575,Joshua Knox,43,Male,44503.6,New Edgar
CUST08214,Maria Williams,28,Female,15834.04,Lake Lauren
CUST09824,Whitney Ochoa,55,Female,64644.5,Doyleberg
CUST09196,Sally Thomas,65,Male,47101.85,Meganhaven
CUST08443,Travis Schneider,63,Male,42857.62,South Vincentborough
CUST02282,Natalie Martinez,66,Male,53022.64,Port Stevenport
CUST07762,Christopher Mcdowell,33,Female,41505.79,Chadview
CUST04660,Eric Short,38,Male,27653.11,Jeffreyberg
CUST02884,Ashley Phillips,29,Female,78409.31,Katherinefurt
CUST00141,David Douglas Jr.,54,Male,38748.32,New Matthewstad
CUST03165,Harold Mckinney,22,Female,45738.98,Andersonfurt
CUST09726,Samantha Jackson,29,Female,60389.41,South Melissachester
CUST08660,Michael Hernandez,43,Female,62695.58,Carterhaven
CUST02152,Sherry Anderson,38,Male,54367.07,Toddburgh
CUST05554,Cory Kelley,65,Male,44249.56,Port Douglas
CUST01953,Justin Page,30,Female,52918.08,Carrollchester
CUST01431,Justin Foster,26,Female,65595.72,Morrisburgh
CUST06756,Rhonda Oconnell,64,Female,39389.17,Lake Christopher
CUST02157,Pam Baker,23,Female,52873.22,North Yolandastad
CUST05569,Anna Andersen,73,Male,46888.98,Carrton
CUST00601,Jennifer Simpson DVM,72,Female,41192.03,North Jimmy
CUST09334,Lauren King DVM,70,Male,40911.91,New Jorge
CUST08377,Amy Fields,39,Female,52682.11,Joehaven
CUST03534,Justin Cuevas,61,Male,24542.31,North Michelle
CUST02854,Gregory Jacobs,39,Male,,Lake Heidiland
CUST03243,John Hopkins,33,Male,59870.65,East Randall
CUST03047,Alyssa Zimmerman,36,Female,62373.38,Castanedahaven
CUST06114,Walter Howard,28,Female,39632.24,Raymondberg
CUST01646,Curtis Campbell,38,Female,50917.42,Michellemouth
CUST09936,Kathryn Scott,32,Male,70660.91,Larsonborough
CUST08373,Timothy Morris,19,Female,14008.88,East Joebury
CUST01072,Catherine Davis,64,Female,43375.89,Ryanborough
CUST09084,Miss Makayla Young,25,Female,62295.91,North Lancehaven
CUST01059,Lisa Evans,73,Male,48943.67,Chadberg
CUST03412,Tom Duncan,21,Male,44463.3,Port Deanna
CUST07900,Danny Lee,52,Female,40861.72,Lake Erin
CUST04206,James Torres,55,Female,41425.96,Derekview
CUST00101,Cameron Parker,70,Male,,Laraview
CUST03717,Katherine Sanchez,57,Male,49200.27,South Kelly
CUST08445,Deborah Alvarado,69,Male,23502.78,North Daniel
CUST04294,Natalie Watson,52,Male,33773.52,North Morganstad
CUST02788,John Moore,54,Female,56313.15,Perkinstown
CUST02728,Joshua Clark,37,Male,35923.18,Andrewtown
CUST02787,Bradley Robertson Jr.,65,Female,54583.9,New Danielborough
CUST02191,Jessica Simmons,61,Female,59063.32,Rebeccastad
CUST03279,Brenda Payne,58,Male,54780.98,North Lance
CUST01977,Mr. Thomas Garcia,42,Male,34166.46,Cruzville
CUST03685,Joanna Bradshaw,50,Female,31395.56,Jacksonport
CUST08977,Kayla Rios,18,Female,71456.26,Hernandezhaven
CUST05583,Mark Williamson,45,Male,35578.88,Solomonfort
CUST02174,Brad Rivas,33,Female,68961.64,New Sarastad
CUST00881,Denise Brown,50,Female,46277.96,Marissamouth
CUST03593,Raymond Finley,40,Male,29182.8,Sharonview
CUST06500,Brandy Walter,74,Female,63364.44,Lisaville
CUST00069,William Baker,34,Male,55412.01,New James
CUST02288,Heather Williams,23,Male,43478.72,Scottstad
CUST00542,Kenneth Edwards,42,Female,50509.58,Mendozatown
CUST05529,Angelica Lopez,57,Female,43076.63,North Grant
CUST08070,Timothy Fuentes,33,Female,48332.22,South Timothy
CUST06290,Andrea Brown,63,Male,50250.34,Robertshaven
CUST05828,Chad King,28,Male,45001.27,North Rachel
CUST03248,Brent Rodriguez,27,Female,20453.66,Nguyenborough
CUST07414,Edgar Stevens,56,Male,65200.87,New Jose
CUST06773,Patricia Hayes,25,Male,62698.54,South Brian
CUST01502,Cindy Cannon,35,Female,66368.05,Lake Jamesview
CUST09170,John Carter,59,Female,27101.96,Port Robertaton
CUST02274,Michael Spencer,43,Female,53029.83,East Markside
CUST07308,William Paul,38,Male,56521.96,West Melissa
CUST02246,Arthur Jordan,49,Female,,West Jamesfurt
CUST08347,Monica Vincent,60,Female,23430.92,New Christopher
CUST00125,Erin Edwards,50,Female,12589.86,Lake Benjamin
CUST09658,Yvonne Murray,34,Female,47937.13,Scottborough
CUST01633,Michael Hill,39,Male,55925.47,Mitchellchester
CUST07364,Michael Weber,19,Male,7077.61,Edwardsborough
CUST09392,Tim West,34,Female,31112.65,Solomonberg
CUST04160,Gordon Hahn,74,Male,43081.49,New Danatown
CUST04665,Angela Parker,41,Male,47578.21,Parkside
CUST04441,Steven Knight,30,Male,25208.46,West Kimberlyside
CUST03767,Catherine Maxwell,55,Male,34518.29,West Danieltown
CUST08467,Michelle Armstrong,66,Male,85485.14,New Jesse
CUST06353,Bianca Kim,30,Female,40941.23,North Brian
CUST01772,Tina Reynolds,35,Male,48341.59,Riverafort
CUST08738,Adam Cortez,43,Male,45555.32,Sierraberg
CUST02466,Bradley Wallace,54,Male,70087.23,South Christophermouth
CUST00313,Tracy Ballard,33,Female,74491.64,Thomaston
CUST06712,Joseph Ayers,28,Male,66911.7,West Devin
CUST03755,Shannon Rodriguez,72,Female,29167.41,New Christopherborough
CUST04888,Anita Pitts,41,Female,42331.06,Williamsville
CUST07430,Matthew Garza,70,Female,73330.07,New Sierrafort
CUST03428,Craig Liu,48,Female,54448.27,Hunterfort
CUST03670,Daniel Mercer,69,Female,49621.35,Collinstown
CUST04308,Michelle Harris,65,Female,41935.56,Lake Caleb
CUST05941,Travis Marsh,32,Female,44487.84,Sharpborough
CUST03425,Chad Bennett,47,Male,,New Jennifer
CUST06318,Joshua James,32,Female,,Pierceton
CUST05565,Ralph Rodriguez,27,Female,34184.37,North Cody
CUST07348,William Hall,36,Male,60482.39,Lake Kendrafort
CUST01790,Christopher Jones,24,Female,71289.04,South Leslieview
CUST09186,Aaron Scott,73,Female,39187.36,Lake Amymouth
CUST04201,Eugene Fritz,52,Female,44964.76,Rodriguezton
CUST04245,Christopher Anderson,52,Female,43670.04,South Michelle
CUST03386,Heather Morales,21,Male,73537.6,Bobbyside
CUST09685,Lori Mullins,21,Male,63684.17,North Richard
CUST06683,Jennifer Martinez,57,Male,69269.38,Changshire
CUST07611,Vincent Reeves,64,Female,39052.72,Jorgehaven
CUST07903,Rebecca Colon,55,Female,48245.36,Rogerstad
CUST08025,Melissa Riley,33,Female,71774.33,Meyerhaven
CUST03304,Joshua Simpson,46,Female,55902.26,West Kimberly
CUST02356,Mark Richards,29,Female,64989.27,Sheilastad
CUST00413,Joanna Pacheco,52,Male,35442.77,South Deannahaven
CUST02906,Robert Valdez,47,Female,43150.93,West Edwardtown
CUST07831,Angela Wilson,51,Female,59184.87,South Mark
CUST01890,Angela Gilmore,70,Female,56364.53,Port Lisachester
CUST07457,Kathryn Mendez,72,Female,30109.05,Jessicaton
CUST07799,Dana Atkins,58,Male,43054.73,Lisafurt
CUST06444,Robin Parker,42,Male,33043.76,Port Sarah
CUST01200,Sheila Greer,37,M,,Hollyfort
CUST00177,Michael Wang,56,Male,32599.9,South Dylan
CUST07953,Chad Palmer,68,Male,46007.73,Wilsontown
CUST04570,Cheryl Jackson,71,Male,37671.14,Molinaville
CUST03212,Brent Roberts,34,Male,49521.76,Michaelview
CUST07229,Ariel Murphy,67,Female,37511.33,New Amandaborough
CUST05516,Daniel Taylor,44,Female,51000.88,South Samuel
CUST08554,Charles Baxter,27,Female,52400.23,Lake Rebecca
CUST05531,Robert Bauer,66,Male,60247.71,Port Thomas
CUST01009,Blake Orr,74,Male,67339.24,Leslieland
CUST05125,Kristen Blair,44,Male,,Stevenside
CUST04996,Darryl Christensen,39,Male,53652.28,Salazarton
CUST02230,Steven Butler,28,Female,47236.61,Lake Dawnview
CUST02362,Dean Mullins,37,Female,46633.16,Lake Alexander
CUST01583,Lisa Joseph,36,Female,28144.85,Gabrielshire
CUST02804,William Mclaughlin,38,Male,53723.77,Lake Heathershire
CUST09593,Paula Case,31,Female,53455.84,New Nicole
CUST03814,Pamela Jordan,52,Male,53460.71,Stewartland
CUST02366,John Valenzuela,61,Female,84435.87,
CUST02281,Andrew Cook,61,Female,59500.78,Port Justinstad
CUST07008,Daniel Mercado,64,Female,70927.76,North Danielle
CUST04400,Jeanette Obrien,53,F,44165.76,South Cynthia
CUST05353,Michael Bell,74,Male,48758.95,Richardsonhaven
CUST09465,Barry Lewis,40,Male,71687.25,Rileyland
CUST05952,Joshua Herrera,49,Female,44404.65,Suttonchester
CUST05630,Linda Henderson,66,Male,48368.28,Jessicaville
CUST03681,Jack Garcia,73,Male,31755.95,West Ronaldstad
CUST08037,Heather Rojas DDS,72,Female,44223.44,North Jessicatown
CUST03277,Deborah Johnson,66,Female,53385.28,East John
CUST06120,Jason Day,42,Female,46463.75,West Brian
CUST04416,Devon Roberts,44,Female,51381.9,Warrenton
CUST01444,Mrs. Raven Rivera DVM,19,Male,23555.34,West Ashleystad
CUST04695,Corey King,58,Male,50764.83,Timothyville
CUST02289,Belinda Evans,26,Female,42478.42,North Blakeport
CUST04067,Matthew Walker,56,Female,53781.81,West Adrian
CUST01419,Kimberly Nelson,40,Male,59231.67,New Briannafort
CUST07551,Jesse Allen,68,Male,68463.73,Crossside
CUST04680,John Ward,59,Male,26842.58,Mendozafurt
CUST01666,Paula Gentry,44,Male,15765.47,Joshuastad
CUST02693,Chad Dominguez,69,Male,57214.99,West Jenniferview
CUST01627,Michael Carr,19,Male,29066.92,Penashire
CUST07818,Tracy Smith,73,Female,45835.0,Moonland
CUST06790,Pamela Hicks,43,Male,55346.79,West Dianaberg
CUST03947,Keith Johnson,25,Male,27526.45,Port Raymond
CUST01360,Megan Hall MD,53,Male,56562.82,Lake William
CUST00227,Michael Warner,71,Male,76491.75,Johnmouth
CUST03747,Anna Lee,63,Male,47983.69,Darrellshire
CUST02228,Katherine Klein,55,Male,59762.34,Sandovalfort
CUST00894,Dr. Andrea Marshall,66,Male,30420.61,North Stevenville
CUST01445,Amy Rowe,24,Female,62247.99,Davidchester
CUST03772,Sarah Bishop,42,Male,45893.82,Port Fredborough
CUST07835,Catherine Gould,25,Female,54948.29,East Alyssa
CUST03823,Patricia Andrews,40,Male,81985.1,Port Leah
CUST04506,Mark Thomas,28,Male,57509.74,West Brandon
CUST04898,Victoria Deleon,67,Female,39616.51,Lauraside
CUST06904,William Wood,54,Female,57919.79,North William
CUST02052,Deborah Dominguez,29,Male,38874.87,Freemanchester
CUST09216,Anthony Mitchell,22,Female,83778.35,Kingberg
CUST05846,Rachel Walsh,53,Male,65446.54,West Devin
CUST06516,Laura Roberts,50,Female,31203.29,Lake Suzanne
CUST04507,Rachel Curry,52,Male,23374.42,West Tonyastad
CUST01843,Christopher Porter,72,Male,46664.66,Mackfort
CUST00611,Michael Lopez,52,Female,38710.91,Michelleborough
CUST08104,Donald Salazar,73,Male,32455.35,Lake Danielbury
CUST08736,Jeffrey Durham,43,Female,36701.5,Watsonbury
CUST04870,Brandi Brown,62,Male,21866.18,Christianborough
CUST07372,Shelia Dixon,37,Female,46467.05,New Ericburgh
CUST00425,Gregory Ponce,38,Male,65328.8,North Christine
CUST00309,Dawn Summers,47,Male,49175.29,New Linda
CUST08491,Monica Gutierrez,35,Female,38016.06,South Jason
CUST05842,Teresa Cohen,29,Male,46944.45,Brennanmouth
CUST02638,Jesus Hale,63,Male,44730.79,New Victoria
CUST06194,Erin Mckinney,65,Female,59718.17,Lake Janet
CUST05095,Jacqueline Hall,36,Male,58308.39,Jamesview
CUST02710,Rebecca White,43,Female,45351.35,Scottchester
CUST01422,Kristy Mills,71,Female,30088.55,South Tracy
CUST04564,Wendy Smith,40,Male,51302.77,Jenkinsport
CUST02473,Tammy Garcia,73,Male,49827.06,Ericchester
CUST04689,Amy Clark,64,Female,19716.62,Stephenstad
CUST08652,Christina Salinas,53,Female,37621.53,East Charlesside
CUST09918,Dawn Blevins,66,Female,73285.68,South Fred
CUST07341,Carol Yang,60,Male,36311.47,Sabrinamouth
CUST09971,Angela Jenkins,73,Male,65783.62,Robertborough
CUST00075,Sarah Moore,23,Female,67389.03,Elizabethburgh
CUST05014,Joshua Smith,72,Female,49210.94,North Lisahaven
CUST01174,Kyle Andrade,45,Male,75876.16,Lake Shannonview
CUST01143,Matthew Wright,23,Female,38856.91,South Elizabethtown
CUST05768,Eric Ponce,64,Male,,West Paula
CUST07041,Larry Reynolds,71,Male,39442.81,New Brandifurt
CUST06304,Amber Lee,59,Female,49194.47,Port Andrew
CUST00628,Joseph Wilson,48,Female,72366.52,Lake Peter
CUST05121,Mark Webb,63,Male,55476.95,Lake Emily
CUST03269,Elizabeth Wilson,66,Male,64886.65,North Vanessafurt
CUST01155,Lisa Torres,47,Female,43484.78,Port Ryanmouth
CUST09014,Michael Wheeler,44,Female,54023.55,Tonyfurt
CUST06088,Luke Duncan,72,Female,68598.98,Jeanettetown
CUST02942,Nicole Parker,35,Female,58376.73,East Rachelmouth
CUST01350,Destiny Obrien,46,Male,56165.42,Eugeneport
CUST05841,Heather Pittman,23,Male,45495.98,East William
CUST07475,Jonathan Tanner,18,Male,53078.57,Freemanshire
CUST02048,Matthew Watkins,19,Male,36980.51,Lake Annmouth
CUST09782,Cheryl Stone,28,Female,54263.46,Erinbury
CUST09638,Courtney Johnson,68,Female,44316.16,Robertsstad
CUST07218,Carlos Castillo,58,Male,88251.93,Christopherhaven
CUST09989,Clifford Gonzalez,37,Male,59904.12,Jesusmouth
CUST08081,Suzanne Johnson,64,Female,46701.02,Tonyton
CUST08793,Natasha Watkins,60,Female,43611.87,Port Kevinmouth
CUST05806,Lisa Kaiser,73,Female,61545.52,Mindyhaven
CUST05349,Erik Keller,34,Female,30231.71,West Elizabethport
CUST01660,Sarah Duncan,39,Male,68120.08,East Jennifer
CUST07732,John Todd,24,Female,24190.92,Lake Johnny
CUST04212,Regina Butler,20,Female,36646.52,Port Cameronville
CUST08473,Paul Bentley,39,Male,57049.08,Martinezhaven
CUST02790,Jeffrey White,52,Male,43000.67,West Barry
CUST03463,Richard Rios,21,Female,48829.84,South Kristintown
CUST05715,Rhonda Allen,47,Female,58578.31,Dustinchester
CUST02647,Lonnie Miller,45,Male,77700.13,Lake Pamelafurt
CUST01469,Cody Bailey,67,Female,54244.2,Frenchburgh
CUST05160,Jennifer Brown,23,Male,60199.48,Christopherberg
CUST08890,Mark Wallace,34,Male,46539.18,North Joseph
CUST08388,Russell Foster,18,Male,46800.52,Marcfurt
CUST00295,John Young,58,Male,48870.52,South Tammymouth
CUST07162,Brandon Pruitt,38,Female,43748.27,West Kristina
CUST09040,Mark Taylor,50,Male,39844.38,Port Nancybury
CUST08385,Kyle Young,50,Male,,Davisborough
CUST04549,Colleen Blanchard,34,Male,33380.11,South Susanberg
CUST05213,Courtney Page,51,Male,19307.29,New Ashley
CUST01841,Mark Mills,61,Male,52235.27,East Johnville
CUST09016,Melissa Jackson,63,Female,48002.5,Aaronfurt
CUST03846,Mason Price,26,Male,64094.43,West Samantha
CUST09329,Brian Bishop,48,Female,55816.59,Sharonfort
CUST05618,Elizabeth Chase,20,Female,32149.02,New Hannahton
CUST05501,Anne Chambers,27,Male,54117.86,Port Ashley
CUST07141,Tyler Russell,70,Female,52429.99,Cheyenneport
CUST07363,Heather Kim,39,Female,46148.82,Kellyfort
CUST03541,Dawn Garrett,72,Male,46729.25,Port Shane
CUST09546,Patrick Mason,66,Male,,Martinville
CUST05307,Margaret White,65,Female,73250.89,Rachelmouth
CUST08964,Matthew Alvarez,67,Female,64191.46,Lauraland
CUST04878,Jason Davis,64,Female,71063.29,Cynthiaberg
CUST05744,Melanie Smith,41,Male,47328.35,Jasonton
CUST01313,Samantha Prince,64,Male,49653.79,Colemantown
CUST09957,Maria Murillo,63,Female,46548.45,Mcdanielshire
CUST07521,Michelle King,40,Female,18893.26,Bensonburgh
CUST08080,Lauren Marshall,35,Female,17325.87,Port Brian
CUST02451,Dana Williams,47,Male,35970.41,
CUST06296,Paul Stephens,34,Female,42996.11,Geraldland
CUST05130,Tracy Frye,18,Female,67523.24,Coryborough
CUST00966,Marie Thompson,51,Female,60478.76,Robertburgh
CUST03064,Wendy Webb,54,Male,34821.21,East Chadhaven
CUST04269,Michael Perkins,47,Female,54994.82,Edwardstad
CUST08615,Samantha Thomas,48,Male,54155.17,Robertsonside
CUST08249,Cindy Garza,33,Male,45313.3,Grantmouth
CUST01448,Randy Wright,51,Female,53488.26,East David
CUST06493,Bryan Gonzalez MD,26,Female,62518.84,Ianshire
CUST06205,Jon Russo,34,Male,41776.88,Matthewland
CUST08887,Scott Bond,20,Male,61212.11,West Matthewhaven
CUST01056,Michael Holloway,74,Male,21398.05,Maryborough
CUST04939,Annette Rivas,30,Female,50658.25,Jasonport
CUST08854,Donna Watson,30,Female,37451.23,Webbberg
CUST07449,April Arellano,73,Female,32610.86,Laurentown
CUST09045,Dr. Donna Bailey,68,Male,59104.64,North Ericland
CUST02903,Zachary White,61,Female,43995.79,South William
CUST06410,Vanessa Reed,39,Female,57269.78,North Jamesburgh
CUST02836,Stephanie West,56,Female,53392.52,West Andrewfurt
CUST01043,Andre Watson,29,Female,71401.78,Port Jessicafort
CUST09630,Eric Chang,72,Female,76980.97,West Mark
CUST07780,Anthony Hoover,54,Male,38708.58,Wardmouth
CUST04187,Paul Brown,38,Female,17099.18,Port Josephberg
CUST02991,Debra Reid,48,Female,29660.81,New Cynthialand
CUST06591,Ronald Brown,55,Female,89109.9,North Heidi
CUST01112,Nathan Wilson,42,Female,11765.28,Port Anthony
CUST09243,Dakota Vaughn,72,Female,75535.15,Cruzhaven
CUST08064,Thomas Waters,26,Female,73298.35,West Catherine
CUST06426,Roger Johnson,30,Male,51911.43,East Donald
CUST03581,Charles Willis,38,Female,58146.87,Port Michaelhaven
CUST02733,David James,18,Male,44341.2,South Ray
CUST07273,Elizabeth Hill,27,Male,48447.49,Melissachester
CUST00838,Michael Young,41,Female,55132.52,South Thomas
CUST05582,Mary Parks,66,Male,64740.56,Bryanmouth
CUST08566,Alexander Martin,64,Male,29474.65,West Tina
CUST03356,Matthew Ruiz,44,Female,40152.62,New Ashleyland
CUST04188,Gregory Quinn,66,Male,34253.46,Lake Ericborough
CUST03359,Lee Morton,65,Male,51735.33,East Scott
CUST00349,Theodore Jones Jr.,65,Male,50695.62,Bellport
CUST05159,Jose Lopez,71,Female,60854.67,Cardenaston
CUST02264,Paul Fisher,47,Male,60283.61,Port Ronald
CUST08606,Deanna Jennings,46,Female,1367.66,Lake Amanda
CUST03811,Phyllis Schmidt,43,Female,55355.76,North Carolynview
CUST02715,Katherine Stone,48,Male,25680.15,Moraleston
CUST02347,Justin Glover,45,Male,57152.78,Smithfort
CUST07103,Patrick Huerta,23,Male,53671.17,Helentown
CUST03190,Devin Ferrell,53,Male,51940.74,Clarkville
CUST04232,Erin Summers,24,Female,84572.79,Tammymouth
CUST09935,Rhonda Anderson MD,22,Male,49244.06,Lopezview
CUST08379,Jessica Morris,39,Female,47329.04,Rebeccaton
CUST02136,Donna Snyder,28,Female,53250.52,Charlesfort
CUST00608,Rachel Bradley,41,Female,77527.15,Nortonland
CUST03287,Marie Reynolds,57,Male,54624.9,Hernandezborough
CUST03325,Jessica Patterson,40,Female,52211.87,South Lindsay
CUST02106,Theodore Long,53,Female,63365.97,
CUST01496,Sonya Jackson,62,Female,70860.33,Bonnieview
CUST07155,Michael Evans,70,Female,72871.12,Grimesshire
CUST07929,Mary Santos,40,Female,37371.45,East William
CUST01101,Darryl Acosta,72,Female,41345.54,Port Johnstad
CUST05687,Holly Grant,40,Male,18806.22,Michaelborough
CUST04086,Seth Jones,58,Female,52723.45,Lake Samantha
CUST09586,Donald Oconnor,56,Female,38956.58,Westbury
CUST03469,Emily Morris,23,Female,43111.98,Davidmouth
CUST07614,Gina Clark,54,Female,47248.22,East Andrewburgh
CUST05921,Riley Davenport,39,Male,43264.54,Royland
CUST07310,Timothy Schmitt,68,Female,59286.78,Morganville
CUST03633,Jordan Williams,22,Male,44067.41,Halltown
CUST00577,Raymond Le,56,Male,80317.31,East Vicki
CUST01074,Catherine Frazier,39,Female,50877.49,Mcdanieltown
CUST07565,Daniel Martinez,35,Male,62619.45,East Gina
CUST06251,Brian Kidd,73,Female,69207.65,Meganburgh
CUST08538,Robin Walker,61,Female,59285.67,East Carolberg
CUST01389,Robert Thompson,61,Male,80305.54,Johnsonfurt
CUST04690,Cheryl Rose,65,Female,57815.99,East Sue
CUST08252,Carl Lopez,61,Male,36338.18,Port Michaelchester
CUST08462,John King,44,Male,58615.86,Cruzstad
CUST07760,Kathy Gutierrez,25,Female,43702.81,
CUST00958,Thomas Harris,54,Female,61811.97,Liton
CUST01126,Mary Jackson,39,Male,53674.6,Strongtown
CUST06429,Chase Young MD,25,Male,66364.93,Lake Jonathan
CUST08146,Lisa Morales,52,Male,51875.49,Tylerstad
CUST01709,Mr. Joel Peters,50,Male,12458.74,Port Pedro
CUST09603,Jesus Dawson,41,Female,39993.71,Savannahview
CUST05473,Adam Holland,53,Female,61686.97,Hurleyborough
CUST03370,Randall Cox,31,Male,58034.87,New Amy
CUST02433,David Hanson,57,Male,48615.99,Lambertburgh
CUST02712,Arthur Stout,47,Female,46664.18,Humphreyville
CUST09816,Bonnie Barnett,59,Male,56265.84,Cruzshire
CUST00743,Valerie Taylor,57,Male,20856.19,Lake Sandy
CUST04953,Matthew Miller,74,Male,53636.67,South Jessicaton
CUST03174,Stephanie Cole,74,Male,45030.27,South Cynthiaberg
CUST06665,Charles Owens,38,Male,62818.95,West Lucas
CUST04975,James Robinson,70,Male,55592.3,Ritashire
CUST01011,Megan Oliver,72,Male,74985.26,South Shelbyburgh
CUST09025,Katherine Hammond,40,Male,38109.16,Mercadoburgh
CUST06584,Jennifer Tran,50,Male,70577.33,North Jasmine
CUST09668,David Haney Jr.,69,Male,51885.79,Port Kylefurt
CUST03039,Rebecca Lane,19,Female,39764.55,West Steven
CUST02953,Christian Ford,29,Female,79783.02,East Mark
CUST03810,Morgan Cunningham,73,Male,46350.1,South Ann
CUST06257,Alejandra Thomas,46,Male,32878.37,Phillipschester
CUST04413,Laura Harrison,68,Female,42951.0,Juanhaven
CUST09490,Troy Baker,34,Male,45827.2,East Melissaborough
CUST07442,Mrs. Sara Hebert,43,Female,53392.85,East David
CUST08040,Melinda Rosario,42,Male,44251.95,East Erica
CUST04296,Bryan Thomas,23,Female,,New Aaron
CUST05356,Rhonda Clark,22,Male,48563.01,North Allen
CUST02097,Emily Coleman,39,Female,53760.65,Amandafurt
CUST07761,Sarah Shelton,40,Female,55034.86,Julieview
CUST00073,Lauren Daniels,21,Female,43690.09,Josephfort
CUST03178,Joseph Cooper,62,Male,39499.39,North Matthewstad
CUST09828,Brandon Thomas,19,Male,33916.43,North Michael
CUST07991,Rebecca Torres,23,Male,65263.28,Racheltown
CUST04896,Donna Mccarty,43,Male,51038.06,Davidfurt
CUST07746,Alex Steele,30,Female,48766.2,Hernandezfurt
CUST00242,Kevin Walters,66,Male,71895.49,South Emmaland
CUST04142,Victoria Tanner,68,Male,48223.75,South Christophertown
CUST09512,David Robinson,21,Female,71832.04,West Jamesstad
CUST05724,Jacob Kennedy,68,Male,24356.58,Griffithport
CUST01601,Brenda Gallegos,54,Female,34237.26,North Thomas
CUST06018,Timothy Sexton,28,Male,46974.06,West Gregory
CUST03638,Alan Nguyen,19,Female,50786.84,Brookschester
CUST07570,Amber Ray,74,Male,58248.24,Gonzalezville
CUST00901,David Reed,38,Male,68547.31,Smithmouth
CUST03239,Heather Ball,30,Female,60884.95,Andersenborough
CUST02331,Jill Roman,72,Male,31807.05,West Geraldland
CUST07025,Derek Mckinney,63,Female,,Chelseamouth
CUST01948,Steven Taylor,41,Male,57250.5,Nicholasbury
CUST08017,Allen Weaver,42,Male,82243.85,North Robert
CUST03099,Susan Mitchell DVM,30,Male,33761.14,Wadeville
CUST03141,Jenny Carter,58,Female,33267.87,
CUST07765,Joseph Collins,65,Female,21529.08,Johnsonberg
CUST04587,Kristen Matthews,40,Male,66721.15,Lake Jesseshire
CUST01838,Christopher Davis,33,Female,38400.19,
CUST07581,David Rivers,51,Female,82599.06,New Jasonmouth
CUST04865,Dana Bennett,59,Female,37630.54,Lake Davidton
CUST01521,Richard Reyes,56,Female,40589.02,Dianeshire
CUST00578,Melissa Bishop,53,Female,26746.69,North Wendyhaven
CUST00909,Casey Wilkins,22,Male,45419.04,Davidhaven
CUST04053,Dalton Clark,62,Male,80597.32,Hughesville
CUST07470,Jessica Munoz,69,Female,61200.39,Port Kenneth
CUST00153,Devon Flores,20,Male,69588.32,West Anthony
CUST09263,April Rhodes,49,Female,59559.22,South Peterstad
CUST04390,Rebecca Lopez,68,Male,45648.78,Lake Kevin
CUST02412,James Pope,62,Female,18842.61,Leblanctown
CUST02956,Candace Stuart,59,Male,60844.98,Hansenmouth
CUST04932,Vicki Barrera,62,Female,66456.24,Patrickberg
CUST00580,William Evans,47,Male,49623.07,Port Ryanmouth
CUST07556,Angel Smith,71,Female,43802.61,South Cindyborough
CUST05991,Caitlin Howard,18,Female,30988.69,Jessicatown
CUST04009,Michael Taylor,21,Female,60617.66,Martinezville
CUST09484,John Smith,34,Male,39311.27,Robertville
CUST03289,Anthony Ayala,24,Male,32674.32,West Mikaylafort
CUST00376,Glen Wood,65,Female,10868.47,Petershire
CUST02666,Savannah Stokes,67,Female,58694.62,
CUST01745,Rebecca Edwards,51,Female,44681.37,North John
CUST01222,Thomas Short,40,Male,31562.34,Wadeborough
CUST09835,Robert Arnold,45,Male,54403.85,Lake Sandra
CUST07418,Ashley Bell,36,Male,48463.78,
CUST09705,Jeffrey Mcdowell,53,Female,35425.8,Dannystad
CUST07491,Candace Perez,63,Female,64482.65,Mossmouth
CUST07055,Kelli Carter,46,Male,47348.48,Cookton
CUST03940,Tiffany Johnston,58,Male,54910.04,Timothyfort
CUST02810,Meredith Shaw,58,Female,53479.15,North Lisa
CUST03809,Katherine Andrews,45,Female,53953.91,Kevinmouth
CUST02496,Sharon Baird,22,Female,51434.51,Gonzalesland
CUST00922,Megan Green,31,Male,76225.05,North Noahfort
CUST03528,Tina Dougherty,41,Female,48894.9,South Krista
CUST03187,April King,57,Female,22671.28,Lake Johnmouth
CUST01006,Kristen Randall,28,Female,62171.0,South Samantha
CUST01577,Timothy Shannon,24,Female,66398.74,North James
CUST08610,Jennifer Robinson,58,Male,69488.07,Kellystad
CUST01595,Amanda Forbes,20,Male,45132.93,Mitchellborough
CUST08039,Jessica Vasquez,51,Female,32338.74,Deanton
CUST07618,Jeffrey Glenn,63,Female,36017.27,Davidside
CUST08465,Katherine Pacheco,18,Female,49132.85,Michealview
CUST08035,Ashley Martinez,61,Female,55592.49,Donaldburgh
CUST09889,Timothy Thomas,18,Male,48440.59,South Justinmouth
CUST08497,Kristina Hernandez,42,Female,37638.95,Wattsberg
CUST05535,Michael Travis,49,Male,43679.0,East Oscarbury
CUST05389,Bethany Baxter MD,58,Male,78775.74,Brittanyland
CUST07327,Austin Perez,34,Male,67620.46,Crystalfort
CUST08205,Jill Stevens,34,Female,74880.49,New Danielland
CUST08675,Maria Simmons,73,Male,66019.39,Yorkport
CUST08155,Joan Rogers,64,Male,57942.08,Jerryberg
CUST05961,Carlos Miller,18,Male,67459.52,Port Kayla
CUST01650,Christopher Rivera,55,F,65615.78,Wandaberg
CUST02553,Eugene Price,34,Male,40668.14,Ericstad
CUST01934,Brenda Pierce,22,Female,55444.45,New Jennifer
CUST09029,Maria Thomas,57,Female,40921.85,Port Kayla
CUST00563,Veronica Silva,45,Male,51858.33,Andradeberg
CUST02324,Rebecca Zimmerman,36,Female,61568.8,Jacksonburgh
CUST00329,Ariana Jennings,52,Male,48593.46,New Loriport
CUST00491,Heather Bolton,69,Female,61591.31,Lake Amymouth
CUST01827,Sabrina Rodriguez,56,Female,74809.51,Rhondaburgh
CUST06860,Destiny Joseph,26,Male,40093.96,Pennyville
CUST00179,Robert Oconnell,32,Female,68064.89,West Lisaville
CUST04497,Joshua Powell,40,Male,66906.93,Smithhaven
CUST09775,Justin Fowler,33,Male,38154.78,North Whitney
CUST01351,Timothy Andrews,64,Male,61624.71,Jonesberg
CUST06029,Laura Atkins,49,Female,46335.05,East Antonio
CUST05595,Joshua Sims,53,Male,66596.98,Bellton
CUST04873,Courtney Sanders,30,Female,36138.59,Jacksonmouth
CUST03856,Jonathan Torres,55,Female,45119.51,Danamouth
CUST05642,Susan Sharp,21,Male,52840.35,Jonport
CUST08371,Gabriel Andrews,59,Male,45178.7,Matthewmouth
CUST06373,Paul Burton,55,Female,55627.64,West Davidport
CUST07529,Heather Hernandez,71,Male,63672.6,Lake Sarahmouth
CUST03271,Todd Nielsen,38,Female,55540.77,Stevenchester
CUST02150,Walter Hansen,45,Female,12453.67,West Jessicaborough
CUST03227,Patrick Payne,58,Female,51526.79,Riverafurt
CUST09306,Michael Curtis,30,Male,58490.84,North Vanessa
CUST02116,Nancy Chavez,32,Male,47389.44,Bergton
CUST03514,Christian Cross,67,Female,54076.3,East Gary
CUST05897,Brian Gross,69,Male,28700.68,Parkville
CUST03631,George Villa,27,Male,48139.11,Lake Connorfurt
CUST01995,Cathy Bell,30,Female,70831.77,West David
CUST00189,Jessica Gross,19,Female,57986.99,Katherineport
CUST08391,Douglas Martinez,41,Male,66323.77,Spenceville
CUST09028,Emily Reed,69,Female,25610.54,Jonesville
CUST02653,Michael Dunn,22,Female,53971.41,Port Jameston
CUST02902,Tina Ramirez,73,Male,48417.12,Caldwellchester
CUST04618,Tyler Lang,23,Female,58628.73,New Leslie
CUST03176,Stacy Myers,60,Female,45847.14,Williamfort
CUST08087,Jodi Mendoza,62,Male,58775.6,Tuckershire
CUST03891,Jim Rodriguez,47,Male,36737.46,Kimmouth
CUST07622,Katherine Davenport,58,Male,34319.32,Port Maryhaven
CUST05180,James Anderson,64,Male,71953.77,Lindsaychester
CUST03355,Richard Rogers,44,Female,59996.37,East Wendy
CUST08900,Jordan Adams,41,Female,27156.32,Lindashire
CUST03951,Danielle Griffin,39,Male,49101.1,Perrychester
CUST04484,Andrea Garcia,18,Female,31978.53,East Julia
CUST03067,Alexander Hunt,46,Male,64660.64,Reidport
CUST04384,Charlene Gutierrez,37,Female,42123.41,Duncanberg
CUST00424,Felicia Aguilar,69,Male,43198.54,Port Brianamouth
CUST05316,Laura Clarke,48,Male,34696.16,Moniquechester
CUST01214,Anna Walker,60,Male,45443.2,Alexandriaside
CUST03688,Janet Delgado,52,Male,23507.15,North Lisa
CUST02628,Donald Peterson,61,Female,69763.61,Lake Johnview
CUST06931,Michael Woodward,65,Female,43414.31,North Brenda
CUST03011,Tristan Bonilla,42,Female,63093.06,Evanschester
CUST04494,Mark Webster,52,Male,50881.83,New Josephbury
CUST00896,Aimee Gonzalez,50,Male,65712.81,West Jenniferhaven
CUST07509,Michelle Rivera,21,Male,55132.31,Burnettmouth
CUST02229,Jennifer Stewart,49,Male,70057.0,Sarahtown
CUST07533,Steven Miller,53,Female,56531.6,Bautistaton
CUST09711,Stephanie Smith,19,Female,34678.52,North Katherine
CUST03423,Ryan Guerrero,41,Male,31484.84,New Carol
CUST09164,Phillip Hayden,47,Female,45421.09,Pughhaven
CUST06788,Tonya Kemp,42,Male,49034.09,New Zacharyland
CUST07450,Regina Davis,36,Female,21148.44,Tammyborough
CUST00365,Kenneth Lewis,50,Female,43361.63,North Monicaberg
CUST02959,Isaac Chase,62,Female,56564.42,Lake Pamela
CUST07059,Bradley Cameron,64,Male,,New Christopherstad
CUST07858,Colleen Rivera,64,Female,46308.36,West Sandrashire
CUST06418,Gregory Martinez,69,Female,75514.23,Nicoletown
CUST00797,Michael Perry PhD,70,Female,54436.04,East Anthony
CUST08050,Ashley Clark,48,Female,82412.47,New Barbaraside
CUST02967,Brandon White,20,Female,31092.06,South Joshuabury
CUST02938,Robert Lucas,69,Female,41888.76,West Travis
CUST01801,Laura Robertson,46,Male,,Jessicaborough
CUST07421,Pam Miller,62,Female,33379.68,North Wendy
CUST06126,Kristin Hickman,18,Female,62402.18,Port Linda
CUST02155,Sandy Adkins,54,Male,,Manuelmouth
CUST07334,Samantha Douglas,62,Female,50759.48,Petersonstad
CUST03835,Daniel James,37,Male,,Lake Lauren
CUST00280,Amanda Jones,26,Male,55762.89,North Laurieborough
CUST02032,Dennis Cooper PhD,60,Female,39885.13,
CUST00517,Michael Cooper,30,Female,34297.86,South Debraburgh
CUST06073,Wanda Short,46,Female,70394.3,Petersontown
CUST01685,John Lowe,68,Female,36446.71,Thompsonport
CUST02684,Sean White,38,Female,76891.85,Lake Phillipfort
CUST01091,Curtis Watson,63,Female,51891.05,Taylorborough
CUST04169,Brooke Sims,46,Female,34092.65,North Matthewside
CUST05306,Lauren Trevino,30,Female,59971.13,Kimshire
CUST09147,Amy Burnett,28,Female,35582.43,West Cynthia
CUST09505,Diana Sloan,22,Male,54611.3,Simmonsmouth
CUST03152,Eric Knox,28,Male,43857.21,Lake Maxmouth
CUST04105,Heather Mcmahon,29,Male,65197.89,New Aaronborough
CUST02523,Melissa Bowen,40,Male,47380.6,Nataliefurt
CUST09062,Robert Andrews,53,Male,48736.92,North Reginahaven
CUST00433,Chad Jones,48,Male,21225.9,Jeremyshire
CUST00833,Tyler Harris,49,Male,37547.67,North Randallchester
CUST05437,Laura Coleman,-5,Male,50446.23,Anthonyberg
CUST04307,Tina Walter,49,Female,57155.99,North Bryan
CUST04797,Richard Goodman,54,Male,13181.98,Port Jacobtown
CUST05951,Tammy Williams,35,Female,62880.69,South Katietown
CUST06176,Eduardo Booth,37,Male,59528.7,
CUST02130,Caroline Morales,58,Female,66831.06,North Dianeshire
CUST08998,Kenneth Jones,73,Female,54086.79,Ruthville
CUST00696,Joseph Hill,36,Male,59391.87,Elizabethshire
CUST03392,John Taylor,71,Male,53493.05,Lake Danielle
CUST07607,Brittany Sanchez,45,Female,42705.65,Heathermouth
CUST04863,Alyssa Rodriguez PhD,61,Female,68213.94,Port Nathanberg
CUST03942,Stephanie Fisher,47,Female,68470.29,West Crystal
CUST06405,Trevor Walker,58,Female,35564.41,Hinesstad
CUST01239,Richard Turner,72,Male,49637.48,Jacksonhaven
CUST04901,Daniel Brewer,69,Female,82660.18,Stevenside
CUST01815,Katherine Brown,52,Male,51047.28,Stanleyland
CUST06632,Jared Gordon,40,Male,56634.1,New Kathyhaven
CUST01771,Amanda Hardin,42,Male,71238.13,Rosehaven
CUST01394,Joanna Cook,73,Female,45842.43,Kimville
CUST09024,Haley Harvey,28,Male,64434.81,Tammymouth
CUST06196,Sarah Williams,70,Female,53272.36,Alexismouth
CUST03024,Tammy Garcia,46,Male,,North Doris
CUST08364,Ashley Robinson,33,Male,59504.38,Lewisside
CUST07874,Joseph Kelly,61,Female,37005.71,New Justinchester
CUST01302,Jerry Haney,56,Male,33132.53,New Jerome
CUST07191,Crystal Shelton,60,Female,72144.04,Scottfort
CUST03415,Jill Reynolds,20,Male,45576.66,Mooreburgh
CUST09622,Christopher Velazquez,47,Female,55966.39,Connieburgh
CUST04701,Michelle Greer,30,Male,37547.83,Kennedychester
CUST02432,Daniel Smith,18,Female,51960.55,East Derek
CUST09574,Heather Mitchell,26,Male,66042.69,East Lori
CUST07429,Ashley Smith,64,Male,47240.7,Robertstown
CUST08204,Felicia Matthews,72,Female,40327.45,Millermouth
CUST01686,Anthony Simmons,70,Male,40502.09,Owensborough
CUST02548,Carol Jackson,60,Female,60451.13,Tracyfort
CUST05699,Stephen Wilson,49,Female,56195.71,North Robinland
CUST09289,Kyle Williams,72,Female,,Williamsshire
CUST05388,Jennifer Dawson,27,Male,56061.08,East Thomas
CUST05998,Peter Haynes,32,Male,33690.75,New Edwin
CUST06780,Emily Gamble,70,Female,74852.44,Port Ronald
CUST04912,Megan Juarez,49,Female,33551.54,Wilsonside
CUST03865,Mallory Collins,31,Female,60532.34,Longfurt
CUST05086,Edwin Jackson,22,Male,53494.66,Wendyland
CUST09595,Carrie Thornton,48,Female,64430.12,West Hannahfort
CUST09968,Anita Sherman,68,Female,37823.39,Kristyberg
CUST00190,Debra Morton,59,Female,31328.73,North Wesleyton
CUST01537,Wanda Ramos,25,Female,34215.69,Emilychester
CUST01921,Sara Schwartz,62,Male,30585.54,Port Tiffanymouth
CUST09106,Rebecca Walker DDS,39,Male,46681.05,South Edward
CUST05114,Brandon Bennett,46,Female,42386.65,New Emilyland
CUST07147,Nicole Lewis,19,Male,31056.18,New Gregoryfort
CUST03954,Kimberly Morris,72,Male,34034.39,Ianmouth
CUST00212,Melissa Martinez,30,Female,69999.42,New Jessehaven
CUST05749,Christopher Cox,50,Female,31447.36,Lake Mary
CUST02593,Jesse Brooks,51,Male,38839.6,Wendyberg
CUST03628,John Rogers,23,Female,53777.35,Larryview
CUST07176,Jessica Doyle,64,Male,51199.35,New Brandymouth
CUST00530,Marilyn Wang,70,Female,56415.05,South Deborah
CUST00826,Heather Brown,20,Female,47343.86,Greenborough
CUST05055,Lawrence Parks,35,Male,41796.41,Lake Reneechester
CUST04601,Michelle Mcbride,66,Female,61972.4,East Catherineberg
CUST07625,Edward Simmons,47,Female,39311.75,South Jill
CUST04712,Dustin Campbell,39,Female,72096.77,Hayesland
CUST01308,Dale Heath,68,Male,51856.81,West Adamview
CUST04228,Lance Macdonald DVM,51,Male,23278.75,Kimberlyfurt
CUST09492,Joseph Carrillo,56,Male,61784.09,Kerrview
CUST06533,Johnathan Aguirre,58,Male,46028.0,Port Cassandra
CUST05621,Heather Smith,67,Female,50839.51,South Claytonhaven
CUST00848,Jessica Bowen,45,Female,50391.01,Port Brendan
CUST05232,Joel Perez,42,Female,38088.2,Port Wanda
CUST06247,Ralph Gray,57,Female,54588.9,Brianborough
CUST00420,George Harper,70,Female,62447.87,Lake Kevin
CUST04208,Dr. Jeffrey Valentine,61,Male,41432.71,Lorettaport
CUST03588,Kenneth Graham,54,Female,23227.86,Lake Haley
CUST06341,Andrew Rodriguez,24,Female,63281.69,Paulburgh
CUST08119,Rodney Patton,56,Male,66794.78,North Larryshire
CUST02085,Sharon Lester,49,Male,27639.39,Port William
CUST09122,Karen Henson,30,Female,61424.59,Julieton
CUST07091,Kyle Mccarthy,46,Female,41481.29,New Jasonburgh
CUST00761,Amanda Terrell,24,Female,37889.83,East Andreabury
CUST09395,George Odonnell,48,Female,41800.13,Josephberg
CUST05983,Christopher Dalton,41,Male,45760.78,Timothyfurt
CUST05723,Theresa Ward,59,Female,52658.24,West Melissaburgh
CUST04063,Michael Perry,60,Male,61926.43,Bullockbury
CUST05894,Timothy Hernandez,62,Male,39228.25,South Jamesberg
CUST09221,Allison Miller,27,Female,38804.02,Katherinehaven
CUST06143,Tara Jones,67,Female,63587.39,North Wendy
CUST06508,Paul Rich,57,Female,48666.07,Mullinsview
CUST08264,Taylor Parsons,52,Male,63098.56,Port Gregoryland
CUST07489,John Jackson,43,Male,40228.15,Curtismouth
CUST02946,Tony Smith,39,Male,39787.66,Hernandezshire
CUST05637,Gregory Martin,62,Male,46215.63,Lake Edward
CUST03498,Kelly Gilbert,43,Male,59404.16,Ashleychester
CUST00104,Richard Henson,42,Male,45302.55,Juliehaven
CUST07182,Melanie Watson,59,Male,23959.88,East Leslieshire
CUST04504,James Brooks,48,Male,66437.93,
CUST03317,Angela Ramirez,39,Female,70216.14,Parkerville
CUST02979,Benjamin Price,52,Female,81513.93,New William
CUST03161,Carol Thomas,40,Male,48209.04,Michaelmouth
CUST07862,Debra Gonzalez,74,Male,59368.62,Josephfort
CUST00948,Robert Stark,61,Female,63960.86,Lake Davidshire
CUST02439,Amanda Johnson,64,Female,36322.85,Shawnton
CUST09606,Sharon Choi,24,Male,59351.96,East William
CUST09631,Brandi Rodriguez,56,Female,38039.26,Port Lisashire
CUST02613,Eric Ponce,38,Male,44906.7,Jamieville
CUST02871,Andrea Jones,22,Female,53946.46,Port Joshuafort
CUST01605,Kevin Marquez,51,Female,44317.22,Port Terrychester
CUST03321,Joshua Bailey,73,Female,,Lake Daniel
CUST04207,Kirsten Perez,47,Female,75090.95,Keithtown
CUST09042,Brian Barron,51,Male,55505.03,Mccoyberg
CUST05870,James Livingston,21,Female,45348.62,West Carlport
CUST04717,John Kim,62,Female,71681.26,Andreaburgh
CUST05916,Diana Mullins,43,Male,62350.76,Lake Scottchester
CUST02149,Elizabeth Foster,73,Female,57200.59,Rosefort
CUST06688,Paul Ferguson,27,Female,62027.18,Jessicaburgh
CUST02527,David Hunter,67,Female,48932.59,Lake Charles
CUST09354,Katherine Chang,37,Female,47591.22,North Heather
CUST00964,Eric Taylor,56,Female,50244.54,Jessicafurt
CUST04501,Jonathan Porter,31,Female,58228.8,Dayfort
CUST02941,Joshua Jones,21,Male,60904.88,Higginsmouth
CUST04558,Tyler Chapman MD,74,Male,57301.35,Patrickhaven
CUST04887,Christina Myers,55,Male,67338.68,Erikachester
CUST00178,Lawrence Adkins,62,Female,48548.44,Sandersborough
CUST00656,Eric Thomas,74,Male,43011.36,Lake Jonathanside
CUST05682,Barbara Glover,22,Male,70209.3,Tinaport
CUST05404,Jessica Torres,37,Female,55790.5,East Natasha
CUST00070,Jordan Henderson,53,Male,51071.84,Port Mary
CUST01766,Eric Reese,54,Male,47662.74,Armstrongbury
CUST09415,Erica Brown,23,Female,55994.28,West Jeffreyview
CUST07380,Philip Gilmore,41,Female,33371.64,West Davidton
CUST00619,Elizabeth Mendez,18,Female,54405.36,Nobleland
CUST03988,Michelle Newman,57,Female,55966.95,New Adammouth
CUST08881,Morgan Boone,22,Male,60022.58,Port Jamesville
CUST00603,Keith Rodriguez,66,Female,72955.13,Deanfort
CUST02556,Eric George,64,Female,40390.96,West Tonyashire
CUST06379,Tiffany Bender DVM,45,Female,54829.99,East Georgechester
CUST09138,Brian Mccarty,49,Male,64850.9,Rhodesville
CUST03481,Katherine Wright,67,Male,54387.45,Port Richard
CUST03400,Frank Flores,56,Male,57608.37,Port Jasonport
CUST09379,Xavier Webb,68,Male,28046.15,Bishopburgh
CUST01458,Richard Smith,69,Female,68516.18,Fernandoton
CUST05265,Derek Hall,64,Female,18438.73,Port Gregoryport
CUST07231,Taylor Howard,44,Male,89685.52,Lawrenceburgh
CUST00111,Shannon Walker,42,Male,71695.33,South Christine
CUST06118,Kathryn Castillo,40,Female,65937.43,West Alexville
CUST02826,Richard Rice,57,Male,66717.09,Ramosberg
CUST01752,Anthony Mooney,27,Male,53542.35,Jasonshire
CUST08348,Rebecca Hubbard,34,Female,47187.37,Lake Kevinfort
CUST08755,Daniel Smith,66,Female,38469.07,North Daniel
CUST07606,Laura Medina,35,Male,59397.44,North Seanmouth
CUST07387,Courtney Nelson,37,Male,55577.22,West Jennifer
CUST04193,Andrea Baker,74,Female,20084.19,Graymouth
CUST08091,Theresa Davis,25,Male,64308.37,Sosamouth
CUST05441,Donald Cole,47,Male,53296.61,West Kenneth
CUST03501,Kelly King,46,Female,78951.72,Timothyborough
CUST08375,Tammy Graves,60,Female,42672.11,Deborahside
CUST01170,Tina Taylor,48,Male,43316.6,Hickmanmouth
CUST00746,Michael Henry,67,Female,69563.02,Saraport
CUST02838,Timothy Gordon,30,Female,48647.17,Edwardsport
CUST01499,Ethan Frey,33,Male,37808.35,Vanessatown
CUST05987,Stephanie Sanders,29,Male,49640.08,East Davidburgh
CUST06667,Brittany Davis,74,Male,39580.2,
CUST06922,Zachary Hill,49,Female,48632.91,South Heatherport
CUST07096,Carlos Walker,64,Male,56531.8,South Donaldberg
CUST02167,Jordan Nelson,66,Male,55921.56,Paulmouth
CUST04608,Kimberly Ryan,35,Male,77290.77,Lake Jenniferton
CUST08906,Cody Mccoy,27,Female,59951.02,East Brian
CUST08151,Jessica Williams,22,Male,,Richardton
CUST09480,Christine Ramos,59,Male,40343.47,Lake Linda
CUST01037,Eric Hunter,39,Male,48025.16,Gomezchester
CUST05873,Nichole Parker,48,Male,44388.84,Norrisbury
CUST07737,Edward Lawson,27,Female,41532.25,East Reginamouth
CUST02376,Heather Davis,51,Female,42408.65,Port Charles
CUST07709,Robert Frank,33,Female,45756.38,Port Amber
CUST09011,Courtney Williams,29,Male,60142.99,Robertstad
CUST00789,Clayton Steele,30,Female,38130.45,South Shannon
CUST04756,Cynthia Williams,41,Female,84926.82,Kirbyton
CUST02187,Bonnie Wade,69,Male,27393.08,South Karenfort
CUST07702,Jacob Allen,23,Female,29184.47,Robinsonside
CUST02101,Sarah Bates,67,Female,23080.87,Lake Caitlin
CUST07689,Rachel Sandoval,61,Male,78266.51,Justinmouth
CUST05355,Ronnie Medina,31,Male,66996.75,Michaelview
CUST03327,James Griffith,47,Female,65800.6,West Ryanport
CUST07677,Margaret Chandler,70,Male,18764.51,Lake Ricky
CUST00231,Susan Serrano,58,Male,49916.3,Sparksshire
CUST03480,Anna Jackson,27,Male,47075.73,Jensenland
CUST09285,Melissa West,19,Male,63270.84,Stoneland
CUST04841,Kathy Hull,32,Female,54456.15,West Joyceshire
CUST04215,Carl Campbell,32,Male,58117.77,Markview
CUST05463,Mr. Paul Chase,42,Male,67330.03,Darrellmouth
CUST04367,Ryan Gonzalez,44,Male,72211.22,Port Matthew
CUST01383,Jonathan Clark,42,Male,78193.74,Nathanbury
CUST00955,William Keith,64,Female,70114.0,Leefort
CUST04107,James Cox,50,Male,46738.58,
CUST02120,Christopher Black,40,Female,64177.89,Goodmanbury
CUST03913,Maria Myers,37,Male,48759.85,Sheilafurt
CUST01616,Autumn Anderson,73,Female,64824.51,New Monicaburgh
CUST05383,Michael Garcia,73,Female,47669.72,Victoriafurt
CUST07869,Jordan Lynch,43,Male,67080.18,Port Keithberg
CUST00739,Linda Gonzalez,55,Female,48412.91,Lake Erin
CUST02725,Kelly Patton,59,Male,55482.85,Katrinaburgh
CUST07121,Tamara Moore,46,Male,42950.94,Pughside
CUST05703,Christian Shelton,65,Female,52416.78,Ethanland
CUST08066,Kyle Singh,26,Male,38791.28,Elizabethville
CUST03562,Nicholas Lopez,60,Female,70642.98,Port Brenda
CUST01447,Ruth Clayton,44,Male,52323.96,New Matthew
CUST06677,Toni Hill,44,Female,67350.96,Davidton
CUST02604,Nancy Allen,40,Male,44551.29,North Thomasborough
CUST01648,Aaron Jennings,53,Male,40150.66,Leeside
CUST08847,Keith Nixon,31,Male,42281.02,Lake Nicholasside
CUST06609,Anthony Proctor,59,Female,37190.63,West Steven
CUST02054,Kenneth Stokes,19,Female,52191.64,Warestad
CUST04143,Chad Evans,32,Male,65941.74,Manuelside
CUST03258,Dustin Harris,42,Female,75602.32,Brownville
CUST01550,Alejandra Price,68,Male,54324.83,
CUST04066,Jennifer Dominguez,43,Male,57130.56,Longfurt
CUST01252,Christopher Marsh,51,Female,40523.26,Charlesville
CUST08162,Jose Smith,61,Female,48242.22,Lake Nathanmouth
CUST08318,Gerald Snyder,35,Male,44249.18,South Mary
CUST08982,Timothy Jones,61,Female,53693.63,Robertsville
CUST00615,Matthew Schwartz,60,Female,18464.88,Dayburgh
CUST06481,Erin Diaz,50,Male,47427.15,Lake Gloriashire
CUST00626,Amy Kelley,30,Female,76840.4,Christineshire
CUST09139,Kevin Clayton,52,Female,14593.29,Gregoryshire
CUST07203,Kevin Wood,33,Female,68263.04,West Kevinville
CUST06621,Carol Ingram,33,Female,33999.33,Adrianbury
CUST07060,Beth Price,63,Male,44503.99,South Jordan
CUST02023,John Morrison,62,Male,52695.25,Hayesburgh
CUST01134,Rebekah Gregory,59,Female,39438.97,Ryanville
CUST08438,Sandra Baker,57,Male,60454.97,South Raymond
CUST01961,Danielle Wilson,51,Male,64975.51,Brendamouth
CUST06577,Daniel Brown,73,Female,53144.81,New Paulfurt
CUST09869,Joseph Mcgee,73,Female,99008.3,South Shawn
CUST07279,Patricia Johnson,31,Male,68680.37,Tuckerberg
CUST03863,Ashley Alvarez DVM,63,Male,63219.79,Rebeccatown
CUST00837,Carol Sanders,29,Male,57023.84,Medinamouth
CUST04647,Christy Lee,34,Female,49030.31,New Shane
CUST00040,Paula Moreno,61,Male,46389.93,New Jason
CUST05759,John Rodriguez,67,Female,13650.33,North Seanville
CUST00446,Brenda Wright,59,Female,47447.01,Port Jacobmouth
CUST09543,Carol Goodman,37,Male,59882.96,Cassandraville
CUST00437,Christopher Guerra,63,Male,47290.0,Greenborough
CUST06949,Kimberly Ross,64,Male,26026.92,North Patricia
CUST07295,Donald Johnson,50,Female,33357.88,Williamborough
CUST07270,Angela Beck,56,Female,41602.39,Port Donnaview
CUST04696,Cody Davidson,24,Male,57178.89,West Nancyhaven
CUST09179,Anna Reid,26,Male,40436.13,Hernandeztown
CUST01309,Jennifer Hernandez,25,Male,51565.21,New Brian
CUST00960,Erica Johnson,31,Female,58075.0,East Ambermouth
CUST06561,Michael Johnson,43,Male,41732.61,Bradleyside
CUST09932,Jennifer Jones,61,Female,53429.84,Vickifort
CUST08950,Michael Ritter,70,Male,27978.72,Lamberthaven
CUST08805,Olivia Herrera MD,21,Female,42123.96,Longmouth
CUST00919,Samantha Terry,36,Female,38181.19,South Pamelaburgh
CUST09899,Michael Shaw,37,Female,65490.88,New Jasminemouth
CUST06008,Robert Miller,73,Female,31609.46,Boydhaven
CUST03220,Brent Harris,67,Male,86206.04,Gabrielport
CUST07767,Virginia Jimenez,31,Male,49570.06,Ravenland
CUST02343,Paul Cruz Jr.,49,Male,52618.49,Taylorborough
CUST03505,Chris Jones,38,Male,50089.31,South Donaldfurt
CUST03529,Michelle Larsen,42,Female,33786.59,Jeremyfort
CUST03490,Wendy Miller,34,Female,59944.69,Nicholasville
CUST00637,Randy Cannon,25,Male,71122.18,Jacobstad
CUST06074,James Richardson,36,Male,31181.58,North Richardland
CUST04657,Audrey Taylor,64,Female,23521.97,Rebeccaberg
CUST08178,Amber Cruz,71,Female,52209.64,North Kevin
CUST02637,Henry Rivera,19,Male,51640.05,New Denise
CUST01210,Mary Henry,54,Male,46758.75,South Steven
CUST08578,Mark Peters,24,Male,39561.47,East Christina
CUST02213,Melissa Foster,70,Male,43611.13,Port Tiffanychester   
CUST09112,Peter Humphrey,43,Male,46854.16,Jasonstad
CUST03348,Miguel Green,51,Male,59514.59,North James
CUST07487,Megan Mcneil,42,Male,43992.88,Dillonfurt
CUST00999,Elizabeth Sanders,23,Male,36702.67,West Brianville
CUST09438,Timothy Dunlap,74,Female,42622.04,South Michael
CUST09653,Jennifer Frey,68,Male,42169.35,Sophiaburgh
CUST02621,Carolyn Brooks,46,Female,15924.43,Jonesville
CUST05426,Dustin Stein,44,Female,38994.8,North Christopher
CUST05664,Christina Smith,63,Female,33660.65,Butlermouth
CUST05652,Tommy Romero,38,Male,51869.1,Harryville
CUST02701,Jennifer Johnson,33,Female,53381.08,Brownborough
CUST01733,Richard Munoz,59,Male,50820.23,West Karen
CUST04032,Chelsea Powell,39,Male,42453.92,Flynnland
CUST04183,Carla Reid DDS,62,Female,47995.11,New Codyton
CUST03577,Michael Gordon,41,Male,32152.46,Francesberg
CUST01504,James Barber,31,Female,60476.2,Robertville
CUST08778,Michael Garrison,27,Female,39844.81,Johnsonland
CUST02719,Justin Mcbride,30,Male,65692.34,Wheelerport
CUST02402,Gavin Bauer,40,Female,49279.8,Durhamburgh
CUST04980,Kevin Barber,25,Female,73889.08,Moseshaven
CUST02986,Christopher Harrison,19,Female,84427.41,Meganton
CUST04801,Joshua Hernandez,49,Female,31459.99,South Natalietown
CUST07065,Christopher Ayala,38,Male,40811.63,Edwardview
CUST01828,Robert Walker PhD,32,Male,14132.79,Barbarashire
CUST09843,Hannah Valdez,62,Female,39986.49,New Anne
CUST02611,Stephanie Stone,24,Female,55023.29,Oliviafort
CUST03411,Ronnie Johnson,24,Male,76897.18,Wattsstad
CUST09797,Kristin Baldwin,54,Male,53273.63,New Timothystad
CUST06254,Jennifer Baker,28,Male,56517.8,Michelleshire
CUST04613,Kevin Cole,40,Female,70732.22,Lake Jeffreymouth
CUST03550,Mrs. Lisa Smith,59,Male,48584.0,East Glennburgh
CUST05413,Natalie Burns,51,Male,40769.0,South Bradleyville
CUST02065,Joshua Gonzalez,41,Female,23393.26,Griffintown
CUST00209,Brian Lee,44,Female,53026.42,Stonechester
CUST09790,Gabriella Johnston,39,Male,46606.15,North Ryanland
CUST09568,Alicia Hill,48,Female,48422.31,Port Tracey
CUST03656,Destiny Powers,24,Female,58404.72,New Hannah
CUST09033,Brittany Kelly,24,Male,43095.87,Brandonfort
CUST01805,Karen Bradley,69,Male,22086.49,Michaelfurt
CUST08543,Melinda Hall,51,Female,43441.39,Port Barbara
CUST08110,Janice Jones,26,Female,36077.44,South Keithfurt
CUST00042,Sherry Decker,69,Female,,East Jennifer
CUST01789,Steven Carrillo,39,Male,59140.05,Gonzalezfort
CUST02192,Glenn Ford,70,Male,55313.52,Wilsonville
CUST07701,Jeremiah Hernandez,61,Female,68041.98,North Sherri
CUST05229,Andre Cortez,55,Female,45063.81,Stanleyview
CUST00931,Sandra Rivera,66,Female,26924.34,Johnside
CUST02982,Nicholas Lowery,37,Female,63276.41,New Mark
CUST08535,Tyler Porter,74,Female,38598.07,Rodneyton
CUST00355,Jesse Perez,63,Female,24457.64,Medinamouth
CUST00516,William Day,33,Female,35252.62,Boyerland
CUST04563,Brandon Cordova PhD,72,Male,34398.44,East Jesusport
CUST07472,Mrs. Ashley Mooney,66,Male,40201.27,Danielport
CUST01749,Donna Johnson,61,Male,,New Susan
CUST07985,Susan Bryant,67,Male,87901.28,Lake Carlside
CUST06646,Janet Larson,19,Male,62652.86,Morganmouth
CUST04881,Sandra Mccoy,28,Male,33456.06,Sarahbury
CUST05581,Catherine Johns,56,Male,29968.2,Brendafort
CUST04034,Susan Zimmerman,35,Female,70531.49,Chandlerbury
CUST05281,Monica Medina,69,Male,54326.89,Danielton
CUST00612,Franklin Wright,50,Female,75502.89,Marshallland
CUST01796,Susan Baldwin,68,Male,52432.35,
CUST05392,Zachary Ortiz,43,Male,76215.83,Harrellville
CUST01538,Andrew Meyers,18,Female,35763.34,Lake Amandaside
CUST04273,Caitlin Harris,28,Male,39410.04,
CUST06111,Michael Cortez,35,Female,46979.61,Mayton
CUST04682,Rebecca Miller,54,Female,27322.88,East Larry
CUST09205,Jeffrey Alvarez,73,Male,44791.28,Jamesport
CUST02278,Joshua Kramer,51,Male,51265.6,Katelynfort
CUST05370,Francis Walker,21,Male,38450.57,East Lisaview
CUST06881,Stephanie Li,46,Male,51004.55,Tracyville
CUST08723,Tony Wilson,60,Male,34425.53,Gordonview
CUST07600,Andrea Taylor,69,M,75102.14,West Amber
CUST02893,Cassandra Moreno,62,Female,,South Travis
CUST02519,Judith Bartlett,40,Female,70203.76,South Mollyborough
CUST01904,Teresa Jones,56,Female,29112.85,Dennisville
CUST00719,Jeffrey Roberson,56,Female,57368.23,Lindsayton
CUST02158,Steven Stewart,36,Male,66884.27,New Amyside
CUST05207,Kyle Brown,33,Female,34758.5,New Ericberg
CUST05985,Logan Golden,54,Female,,West Julie
CUST08695,Tracey Melendez MD,38,Female,65250.67,Dwaynechester
CUST02113,Michelle Mcdowell,50,Female,44046.3,Harrisberg
CUST01410,Mercedes Miller,40,Male,47595.82,Lake Jasmineshire
CUST06423,Nicholas Arellano,50,Male,41123.1,Torresborough
CUST05788,Barbara Wagner,18,Male,64171.03,Larrytown
CUST05037,Sonya Alvarado,49,Female,34110.24,North Brandonberg
CUST01702,Rebecca Patel,72,Male,54625.65,Charlestown
CUST03883,Jodi Lewis,63,Female,42299.44,West Nancy
CUST01160,Ashley Malone,72,Female,46918.93,Halltown
CUST09121,Monica Armstrong,54,Male,36677.73,Kevinberg
CUST06037,Aaron Mayer,33,Male,61943.42,Websterland
CUST04429,Kimberly Thomas,69,Female,42417.71,East Charlesmouth
CUST08170,Jeremy Turner,53,Female,56360.47,Morganmouth
CUST00714,Jennifer Jones,53,Male,63130.93,West Jane
CUST08217,Dylan Baker,68,Male,35962.42,Josephtown
CUST08319,Robert Hawkins,71,Male,43646.75,Melissaland
CUST00452,Alexander Brown,26,Male,36043.65,Jennafurt
CUST06038,Kimberly Lee,30,Female,62181.72,East Betty
CUST08716,Shawn Sullivan,48,Male,84645.25,New Larryton
CUST04839,James Jenkins,45,Male,51604.08,Lopezport
CUST02200,Laura King,31,F,52474.76,Wallacefurt
CUST02355,Sara James,24,Female,45223.27,Port Christopher
CUST07005,Gary Palmer,61,Female,,Lake Juliastad
CUST02885,Sara Thomas,34,Female,54881.68,
CUST03805,James Tucker,47,Female,47837.55,Breannaport
CUST00688,Katherine Stark,42,Female,43673.23,North Kristen
CUST06186,Timothy Fletcher,33,Female,58946.72,Hunterfort
CUST09948,Dr. Jennifer Smith DVM,72,Male,68882.86,Annaton
CUST04411,Seth Barker,67,Male,,Samuelmouth
CUST01837,Alexis Tucker,50,Male,36215.91,Jonathanville
CUST00968,Courtney Chapman,67,Male,65913.73,Ronaldborough
CUST07174,Destiny Duncan,49,Male,51600.36,Port Jacobhaven
CUST03727,Eric Silva,62,Male,31140.26,Port Evan
CUST08668,Jared Becker,70,Male,37786.21,South Heidi
CUST00775,Christopher Moore,36,Male,25820.12,North Mallory   
CUST00950,Rebecca Kelly,47,Female,69996.93,West Michelle
CUST00448,Ryan Rosales,43,Male,36427.93,Mitchellburgh
CUST03312,Patrick Clark,68,Female,51875.57,South Shaun
CUST05442,James Johnson,70,Male,45389.53,Lake Rachel
CUST05301,Rachel Henderson,22,Male,56141.56,Vernonborough
CUST03473,Kristina Webb,56,Male,30215.24,Guzmanburgh
CUST01242,Brandy Myers,48,Female,48084.36,Joshuastad
CUST05132,Latasha Mendez,64,Female,50289.27,Owensport
CUST08954,Justin Garcia,37,Male,63763.81,Mclaughlinmouth
CUST02008,Michele Hawkins,44,Female,42210.47,Masseychester
CUST07054,Ana Jensen MD,54,Female,35802.72,Espinozahaven
CUST01810,Cassandra Williams,56,Female,36882.8,North Apriltown
CUST07624,Vanessa Green,47,Female,34745.74,North Margaret
CUST00942,Joshua Washington,71,Male,65414.8,Moseschester
CUST07859,James Patterson,30,Female,37138.56,Davidborough
CUST03366,Nicholas Abbott,43,Female,47208.9,North John
CUST05185,Kenneth Reynolds,67,Male,42420.5,Davidshire
CUST07463,Matthew Price,28,Female,62155.37,North Nancystad
CUST03843,Scott Gomez,64,Female,27532.12,Lake Stevenburgh
CUST04264,Kathryn Morris,21,Female,65580.13,Smithfurt
CUST02139,Charles Roberts,19,Female,40567.2,Lake Brittanychester
CUST09599,Christopher Nichols,55,Male,36446.26,South Phillip
CUST03038,Cheryl Newman,42,Female,31270.72,New Stevenland
CUST00054,Shannon Jones,31,Female,66736.19,East Patricia
CUST09407,Michael Hanson,50,Female,62489.3,Lake Joseph
CUST01798,Jeremy Mosley,25,Male,70170.23,Hobbsport
CUST03785,Daniel Shaw,69,Male,68551.98,Coryfurt
CUST08972,Gabriel Jones,37,Male,54296.51,Riverahaven
CUST08547,Carlos Olsen,31,Female,28442.99,Elizabethborough
CUST03177,Xavier Parker,18,Female,55364.51,Port Katieport
CUST06035,Shaun Henderson,48,Female,29124.57,Danielside
CUST08174,James Rivas,66,Female,69623.39,East Sabrinaberg
CUST03032,Deborah Roberson,48,Male,51956.29,South Leonard
CUST04571,Wyatt Rodriguez,69,Male,34839.19,Lake Jonathan
CUST06735,Jasmine Scott,18,Male,18162.23,Christopherfurt
CUST00163,Jeffrey Johnson,32,Male,,East Willie
CUST05408,Jillian Carrillo,66,Female,56233.1,South Nicoleshire
CUST00021,Patty Perez,41,Female,57863.1,Hillfort
CUST04096,Maria Campbell,18,Male,58333.22,Lake Garyshire
CUST07908,Brandy Lopez,33,Female,79320.52,Port Racheltown
CUST05452,Robert Smith,49,Female,64168.42,Evansmouth
CUST08883,Molly Ortiz,70,Female,52920.54,New Stephenfurt
CUST02803,Cynthia Gregory,24,Female,44882.72,
CUST02896,Brian Hendricks,68,Male,53859.64,West Rebeccaview
CUST01104,Shawn Scott,27,Female,72157.19,Joshuaside
CUST00681,Justin Walker,52,Male,45551.05,Anthonymouth
CUST09648,Kyle Moore,20,Female,59379.29,North Johnview
CUST08630,Joshua Myers,47,Female,50463.68,New Kyle
CUST01460,Jacqueline Davis,70,Male,25330.94,East Kathleen
CUST08963,Shane Greene,71,Male,40122.98,West Jennifer
CUST03170,Jonathan Sanchez,54,Female,48840.62,Burtonland
CUST06948,Amanda Palmer,36,Male,46347.02,Tinaside
CUST02526,Randall Nguyen,33,Female,45843.88,Lake Ronaldport
CUST09015,Melissa Wise,27,Female,2888.4,Joyceview
CUST05293,Anna Wong,23,Male,34790.12,Port Jaredport
CUST09355,James Jones,69,Female,35886.02,New Bruceview
CUST09076,Brendan Howard,71,Male,49211.11,Stephenfurt
CUST00250,Isaiah Avila,40,Male,44803.28,North Oliviamouth
CUST02190,Peter Shepherd,46,Female,76852.88,Alexandriaport
CUST00508,Joshua Vance,49,Female,37304.47,East Amanda
CUST06551,Joseph Zavala,55,Female,26775.9,West Victor
CUST06828,Charles Romero,67,Female,39252.22,Loganchester
CUST00944,Francis Robinson,67,Male,43352.2,Jenniferside
CUST07634,Francisco Johnson,43,Female,61469.46,Port Jackie
CUST01968,Christopher Nelson,26,Male,46552.97,East Andrewshire
CUST04936,Anna Pierce,34,Male,51070.23,Harrisonside
CUST00939,Curtis Wilkerson,43,Female,71983.48,
CUST08844,Bobby Walker,57,Female,29180.08,West Josephton
CUST08691,Daniel Munoz,65,Male,39204.0,North Carol
CUST00570,Ashley Smith,22,Male,45408.43,Port Morganshire
CUST05855,Stacey Davis,30,Female,50056.46,Johnathanborough
CUST04385,Crystal Hernandez,58,Female,49356.19,Richardtown
CUST08672,Teresa Lopez,41,Male,,Erictown
CUST00286,Joseph Knight,53,Female,51032.79,South Andreamouth
CUST07756,Jordan Reeves,68,Male,31700.71,South Peterside
CUST02529,Jane Reese,72,Male,57952.73,Brownhaven
CUST04355,Nathaniel Baldwin,36,Female,49543.84,Thomastown
CUST07461,David Mora,59,Female,35871.36,Smithburgh
CUST08799,Mary Cruz,43,Female,22012.57,Lake Andrew   
CUST02308,Jennifer Martinez,39,Male,55040.9,Simpsonburgh
CUST06731,Stephen Mitchell,48,Female,80408.86,Lake Lorimouth
CUST04249,Jennifer Nguyen,44,Female,22826.5,Brandyburgh
CUST04666,Alexander Zavala,61,Male,,New Jenniferfurt
CUST04634,Richard Bauer,53,Female,57589.53,Woodsfurt
CUST01265,Casey Obrien,47,Male,39103.23,West Mark
CUST04054,Alexis Weeks,37,Male,55048.23,Mcgeebury
CUST08298,Anthony Parker,64,Female,31212.93,East Micheleview
CUST06260,Jody Rice,27,Male,77015.76,South Jonathan
CUST05131,Erika Thompson,20,Male,68445.98,Rodriguezbury
CUST07361,Jose Jordan,42,Male,46867.64,West Joseph
CUST02576,Danielle Mcdaniel,45,Female,50726.4,East John
CUST03341,Destiny Bishop,20,Female,66869.21,Williamstown
CUST04653,Henry Huerta,42,Male,38760.22,Howardborough
CUST06899,Kari Simmons,35,Female,50243.16,Stuartbury
CUST06381,Anthony Morse,62,Male,72981.57,Hannahshire
CUST08540,Martha Flynn,24,Female,38265.61,West Jamesside
CUST03557,Craig Wagner,53,Male,60901.59,West Kelseyview
CUST01119,Brittany Davis,20,Male,40594.3,West Kaylashire
CUST09803,Shannon Stokes,64,Female,50088.53,East Larrymouth
CUST05540,Jennifer Anderson,63,Female,55621.31,Melindafurt
CUST08537,Anthony Evans,24,Female,27112.38,Robertsonside
CUST01089,Lucas Schultz,64,Female,63841.18,Jenniferchester
CUST08719,Jason Greene,37,Male,68162.87,Stuarttown
CUST07852,Melissa Nguyen DVM,27,Male,39737.27,Craigborough
CUST06489,Michael Rodriguez,52,Female,34701.88,New Madison
CUST09156,Anna Morse,62,Male,66301.14,North Helen
CUST04282,Mark Knight,59,Female,48974.15,East Chloetown
CUST05923,Diana Myers,29,Female,53234.23,Port Jennifer
CUST09136,Donald Ford,57,Female,60399.09,Yolandaburgh
CUST02649,Dr. Susan Navarro,46,Male,47633.48,North Ashleyland
CUST03455,Heidi Gonzalez,64,Male,55548.56,New Katherineton
CUST09238,James Ball,70,Female,40258.83,Port Nathanburgh
CUST09584,Erik Wilson,47,Male,42198.15,Mahoneyshire
CUST02687,Michael Mooney,36,Female,51319.45,West Morganstad
CUST05280,Brian Daugherty,60,Male,67109.23,East Adam
CUST09946,Kathleen Smith,73,Male,43130.14,Millerfurt
CUST09498,Kathy Jones,56,Male,36159.14,Davisborough
CUST04523,Jose Martinez,51,Female,81494.29,Darleneborough
CUST02467,Kevin Marshall,64,Male,49681.81,New Lauraport
CUST01662,Michele Edwards,44,Male,16079.93,East William
CUST04172,Christina Reese,33,Female,49669.69,Christineport
CUST04167,Sharon Smith,70,Female,74024.95,Lake Graceview
CUST01047,James Martin,66,Female,44758.91,Kristinatown
CUST00457,Brenda Thornton,46,Male,30655.62,Port Claudiamouth
CUST03783,James Morris,46,Male,36793.73,South Heidi
CUST09691,Kimberly Walker,52,Female,42635.74,East Guy
CUST00379,Megan Nelson,39,Female,,West Richard
CUST08216,Howard Hunter,31,Female,45731.53,Port Austin
CUST05815,Colleen Cruz,68,Female,58892.83,Simmonsfurt
CUST02146,Terry Barajas,20,Female,60607.64,New Kimberly
CUST06294,Amy Webb,65,Male,63926.51,North Cindy
CUST04292,Nicholas Ali,59,Male,60766.34,
CUST00406,Lori Hernandez,61,Female,61051.85,New Emma
CUST07058,Michael Rivera,53,Female,42076.64,Melanietown
CUST03333,David Daniels,64,Female,29509.0,South Kristine
CUST08526,Brent Lopez,57,Female,28900.86,Garciabury
CUST03549,Brent Stephens,48,Male,49932.15,South Brianchester
CUST09287,Abigail Moreno,41,Male,27797.76,South Melanieland
CUST03351,Billy Wallace,27,Female,36256.11,Thompsonberg
CUST03216,Danny Lowe PhD,42,Male,70374.14,New Gabriel
CUST05096,Crystal Mullen,62,Male,76534.44,West Catherine
CUST03093,Jennifer Avila,27,Male,15666.37,West Rebecca
CUST03544,John Golden DDS,73,Female,59445.74,New Abigailburgh
CUST09618,Zachary Caldwell,35,Female,49985.9,Port Tammyfort
CUST08328,John Hayes,44,Female,48861.07,Port Amanda
CUST02882,Christopher Brown,72,Male,32775.34,Bellview
CUST06438,Dr. Jessica Chase MD,64,Male,51097.93,North Nicole
CUST02900,James Griffith,37,Female,52364.54,Lake Michaelton
CUST00769,Todd Thomas,61,Female,62297.56,East Colleen
CUST06781,Alex Lambert,73,Male,56613.53,Lemouth
CUST00875,Patrick Yang,47,Female,59149.14,Patriciaport
CUST05274,Maurice Johnson,49,Female,69554.33,Port Jessicaside
CUST07406,Sara Goodman,22,Male,32735.24,North Terrance
CUST01368,Dale Wright,27,Female,82783.67,Lake Cassidyborough
CUST00986,Angela Jackson,34,Male,46371.08,East Katherine
CUST07062,Lisa Harris,36,Female,75398.63,Richardfort
CUST07691,Christina Miles,28,Male,29283.83,Collinschester
CUST01753,Lori Mitchell,74,Female,76046.64,Ericside
CUST02562,Samuel Olson,42,Female,38607.13,New Michaelshire
CUST01865,Michael Brown,73,Female,48688.85,Flemingfort
CUST06777,Eric Li,30,Female,63397.22,New Bryanfurt
CUST04530,James Williams,30,Male,51145.75,Kennedystad
CUST06583,Jacqueline Roberts,57,Female,49336.32,Castanedafurt
CUST05698,Carl Jackson,30,Male,44682.4,Emilyfort
CUST01028,Patrick Mccall,49,Male,33453.25,Lewisberg
CUST06733,Jon Robinson,42,Male,59847.63,Thompsonland
CUST03713,Nicole Rodriguez,64,Female,31731.21,Chavezfort
CUST08689,Vincent Welch,70,Male,65635.07,East Kathyside
CUST06750,Tyler Mills,39,Male,41830.82,Matthewstad
CUST04851,Brian Davis,73,Male,68238.26,Lake Sarahburgh
CUST05436,Shelly Moss,36,Male,16196.56,Weavershire
CUST03572,Kenneth Bailey DDS,35,Male,74697.42,West Taylor
CUST01144,Michael Cruz,54,Female,62691.69,West Michelleborough
CUST05201,Gabriel Richardson,39,Female,58423.23,South Janestad
CUST07882,William Edwards,40,Female,60515.02,Lake Mikayla
CUST09332,Tonya Graham,40,Male,67437.88,Nicholaston
CUST07443,Thomas Reyes,40,Male,51364.88,Reneemouth
CUST09560,Robert Hall,35,Female,64302.4,Spearschester
CUST09770,Jessica Lopez,49,Male,61347.69,North Douglas
CUST08708,Steven Delacruz,54,Male,59107.53,Kimberlyland
CUST08893,Rebecca Roman,25,Female,62920.24,North Christian
CUST06261,Leslie Bauer,56,Male,56241.2,Lake Leonview
CUST06817,Stephanie Valdez,37,Female,44283.56,West Danielmouth
CUST04979,Steven Gardner,72,Male,77151.93,Contrerashaven
CUST00728,Aaron Parker,40,Male,37782.01,Andrewburgh
CUST00857,Nicole Phillips,70,Female,57292.29,Jimport
CUST06243,Dylan Long,37,Male,40948.02,
CUST02866,Nicholas Richardson,69,Male,58355.91,Joneshaven
CUST00571,Christian Vaughn,29,Male,64517.46,West Shirley
CUST05791,Matthew Farley,60,Male,9835.58,Morantown
CUST07657,Stephanie Cortez,27,Female,62597.77,Lake Josephport
CUST01582,Michael Woods,65,Female,41466.42,Carolyntown
CUST02514,Julia Johnston,48,Male,50887.06,Alexanderland
CUST05845,Colin Mckay,57,Male,68777.8,Ashleyville
CUST05495,Abigail Acevedo,49,Female,11255.65,New Deannamouth
CUST06517,Kathy Robinson,49,Female,44102.73,West Mariah
CUST05258,Samantha Noble,69,Male,48769.8,Lake Jamesstad
CUST09295,Gary Cunningham,65,Male,66865.3,North Mollymouth
CUST01406,Denise Wallace,57,Female,53837.82,Alyssaside
CUST04807,Dean Sanchez,69,Female,44602.7,Gabrielmouth
CUST00074,Amy Silva,19,Male,49126.74,Port Matthew
CUST06637,Joshua Reed,40,Male,86291.0,South Sallymouth
CUST09384,Tina Padilla,66,Female,44594.92,Port Austinshire
CUST07377,Tammy Long,56,Male,54690.57,Kevinmouth
CUST09831,Michael Hawkins,58,Male,31697.94,Taylorborough
CUST07431,Patricia Williams,62,Female,51293.04,Walkerport
CUST05249,Amber Chapman,34,Female,41036.16,
CUST03723,Mark Alvarez,19,Female,37231.63,North Valerie
CUST03620,Michael Flowers,58,Male,49473.0,Jamesland
CUST02846,Michael Suarez,25,Male,9418.95,Diazhaven
CUST05598,Heather Wolf,54,Male,62804.32,East Gabriellatown
CUST08024,Terry Williams,42,Male,38554.23,Martinezport
CUST02457,Jordan Potter,60,Female,70835.52,Jacobchester
CUST03938,Joseph Schaefer,70,Male,66397.88,South Tinaborough
CUST05453,Stephen Smith,65,Female,,New Cheryltown
CUST02069,Victor Harmon,23,Female,44534.68,Nancyshire
CUST00475,Julie Dominguez,31,Male,63423.63,New Brian
CUST06975,Stephanie Barton,65,Female,32232.89,East Rhonda
CUST08452,Scott Herrera,26,Male,39708.19,New Kellyview
CUST02634,Kara Rogers,63,Female,32809.62,Port James
CUST02400,Felicia Wright,65,M,41711.85,Lake Norman
CUST06675,Hunter Williamson,40,Female,71285.06,Randychester
CUST05299,Amber Williams,70,Male,47641.51,Meganton
CUST00281,Tammie Bright,23,Female,62112.46,Rebeccahaven
CUST02344,John Russell,73,Female,57731.26,South John
CUST04336,Ruben Woodard,21,Female,56922.54,Adamborough
CUST05164,Sarah Berry,57,Male,67060.25,New Katelyn
CUST05614,David Nolan,45,Male,52912.59,Reedburgh
CUST01301,Mary Campbell,68,Female,47635.06,Parkhaven
CUST00822,Jose Ramirez,18,Male,47467.48,West Laurabury
CUST08873,Shelby Gentry,60,Male,52691.94,Justinville
CUST02006,Darren Rodriguez,51,Male,63859.57,North Juliaburgh
CUST08412,Holly Williams,66,Female,56025.15,Sherrifort
CUST01163,Amber Martin,20,Female,54680.16,Lake Mercedes
CUST03112,Shawna Green,52,Male,47070.04,Pearsonland
CUST02277,Melody Griffin,32,Male,25382.29,West Todd
CUST04722,Kelli Collins,25,Male,58543.95,South Vincent
CUST06656,Randall Johnson,50,Male,60482.41,East Joshuaside
CUST00957,Daniel Fox,32,Female,54601.63,Lake Vanessa
CUST02881,Jill Martin,74,Male,57872.53,Nicholasmouth
CUST02330,Danielle Thornton,46,Male,75257.12,Davischester
CUST01244,Michael Sloan,22,Male,,Jamesport
CUST07247,Elaine Herman,74,Male,58989.22,Samanthahaven
CUST02454,Shelley York,22,Male,56423.36,Bakerville
CUST06067,Deborah Townsend,22,Female,52357.61,Ballardfort
CUST04966,Tara Jones,23,Male,72836.7,Garzaburgh
CUST09149,Emily Romero,43,Female,48999.62,Camachoborough
CUST02892,Tamara Huang,47,Male,57783.15,Reneeton
CUST01914,Erin Watkins,21,Male,23674.54,West Ryan
CUST09774,Jonathan Howe,67,Male,52426.46,Wagnerfort
CUST02994,Mckenzie Green,63,Male,68527.23,Greenton
CUST00453,Cynthia Vang,60,Male,34288.82,East Elizabeth
CUST06210,William Vasquez,25,Male,70454.46,Williamsfurt
CUST00509,Michelle Ho,69,Female,33854.0,Marshmouth
CUST03132,Chelsea Ramirez,59,Male,49885.03,Brooksfurt
CUST04237,Robert Campbell,18,Male,37684.52,Lake Calvin
CUST03345,Amber Wilson,52,Male,42738.67,Dawsonshire   
CUST02864,Derrick Perkins,40,Female,70171.98,Port Erik
CUST09821,Jeffrey Hernandez,50,Male,32129.41,Marioview
CUST08478,Holly Cochran,46,Male,42587.99,East Erin
CUST08913,Gary Russell,58,Male,47616.47,Nicholaston
CUST01794,Cassandra Vasquez,24,Male,58780.72,East Stephaniestad
CUST02516,Michael Dawson,64,Female,45514.78,Melissafurt
CUST02694,Charles Robinson,63,Male,54304.85,Johnathanmouth
CUST04553,John Hebert,30,Female,31023.43,Josephton
CUST07126,Jennifer Ramirez,26,Female,34207.01,Stephenport
CUST04327,Rebecca Summers,68,Male,81411.1,Bradleybury
CUST02916,Susan Sanchez,70,Male,41868.92,Katherineville
CUST09601,Wyatt Martinez II,21,Male,39423.56,South Courtney
CUST09735,Lori Gonzalez,70,Male,37622.03,North Cindy
CUST03699,David Morrison,28,Male,46379.37,Stephensside
CUST08399,Scott Harrell,45,Female,53169.41,Nathanstad
CUST05350,Louis Bowen,23,Male,23378.62,Cassiefurt
CUST03151,Jonathan Graves,45,Female,51258.99,North Jorge
CUST02393,Donald Fisher,38,Female,70401.79,Stephanieland
CUST04060,Sonia Henderson,63,Male,48168.49,South Emilyside
CUST09727,Dominique Wagner,41,Male,56532.58,New Patrick
CUST07166,Patrick Ortega,64,Female,44290.23,New Adammouth
CUST01738,Joshua Richardson,67,Male,58896.53,North Megan
CUST09554,Anna Moses,35,Male,27064.91,Graceburgh
CUST09755,Lisa Gordon,73,Female,61887.44,Lake Angie
CUST01844,Lori Patton,52,Male,67326.52,New Robert
CUST08164,Maria Harrington,52,Male,48691.5,Nicholsmouth
CUST07499,Hannah Johnson,41,Female,20110.57,Turnerside
CUST08555,Jennifer Smith,67,Female,61732.98,East Jordan
CUST09252,Deborah Smith,32,Female,53779.99,Brownfort
CUST08772,John Black,33,Male,58624.48,Lauriechester
CUST01225,Tiffany Jackson,19,Male,57139.49,New Angela
CUST00555,Nicole Gonzalez,43,Female,49098.03,Colechester
CUST02049,Ana Torres,31,Female,60079.08,
CUST03396,Jeffrey Romero,55,Female,60219.98,Thomasborough
CUST01712,Jamie Snyder,37,Male,44318.88,New Maria
CUST07678,David Jones,61,Male,35146.93,Fowlerland
CUST07081,Christopher Cameron,71,Female,36696.68,Trevinobury
CUST01868,Rachel Little,74,Female,55881.97,Johnstonmouth
CUST05702,Matthew Dominguez,64,Female,61732.98,North Michael
CUST08427,Daniel Garcia,71,Male,,Navarroton
CUST08910,Amber Burns,72,Male,100577.31,Haleyville
CUST00306,Edward Burgess,67,Male,,North Heidi
CUST01256,Mr. Carl Rios,18,Female,51371.96,Thompsonmouth
CUST07599,John Ryan,67,Female,,Jacobsfurt
CUST08612,Randall Ramos,24,Female,41117.69,Ambermouth
CUST03115,Debra Jackson,38,Male,47271.09,Lake Michael
CUST02512,Austin Ross,74,Male,73685.94,Theodorefurt
CUST05090,Micheal Austin,38,Female,52836.33,Sullivanburgh
CUST07954,Aaron Schneider,59,Male,52483.74,Edwardsmouth
CUST09440,Patricia Jones,36,Female,80546.73,Caitlinland
CUST02450,James Greene,29,Female,56263.55,North Crystal
CUST09461,Adam Spencer,38,Female,51335.84,East Amy
CUST05204,Allison Branch,38,Female,44433.04,Stephaniechester
CUST00228,Michael Bradshaw,49,Male,65965.79,Lindseyfurt
CUST02465,Jacqueline Pierce,60,Male,66489.04,East Daniel
CUST00432,Travis Tucker,59,Male,51805.38,Allenshire
CUST02635,Jacob Wu,31,Female,74617.25,Andreaville
CUST07206,Jennifer Warren,47,Female,52836.49,Lake Jennifer
CUST01404,Christopher Perez,46,Male,55349.68,Murrayville
CUST07052,Amber Allen,62,Male,42101.79,North Hannah
CUST03786,Ashley Sanchez,55,Male,36900.84,Gibsonfurt
CUST01925,Evan Cooper,51,Male,60034.79,Wattsville
CUST01581,David Mcdaniel,36,Female,62158.76,New Dianaborough
CUST09950,Sarah Wilson DVM,38,Male,40699.49,Hayesmouth
CUST08415,Kristin Valencia,35,Male,39588.41,West Sonya
CUST07217,Amanda Wilson,73,Female,24518.02,Tammyshire
CUST03494,Jeff Jackson,36,Male,45676.16,New Randyborough
CUST03674,Allison Mcpherson DDS,58,Female,61870.24,Herreraburgh
CUST07790,Joseph Day,42,Male,39582.18,Paulamouth
CUST01878,Samantha Chavez,20,Male,55011.54,West Williamchester
CUST04868,Jennifer Smith,42,Female,59898.2,Dominguezstad
CUST06686,Angela Richards,57,Female,50866.98,West Ronaldfurt
CUST07242,Mark Johns,29,Female,38732.48,Bethstad
CUST07261,Patrick Medina,74,Female,45930.9,Larryview
CUST06048,Stacy Macias,65,Male,55278.9,New Christyshire
CUST08186,Olivia Williams,36,Male,68902.58,New Eric
CUST04129,Heidi Blankenship,47,Female,65977.49,South Aaronberg
CUST01901,Mr. Bryan Mckinney,54,Male,43860.0,Shawnburgh
CUST04810,Cynthia Hernandez,33,Male,48180.22,Millerview
CUST09645,Dustin Boyer,54,Female,72401.73,Leeberg
CUST09374,Richard Noble,22,Female,64969.04,South Elizabethville
CUST04659,Amanda Conley,38,Female,60719.33,West Denise
CUST05884,Patricia Boyd,51,Female,49698.58,New Jesse
CUST00372,Ellen Morgan,24,Male,54463.16,North Daniel
CUST08650,Kimberly Kennedy,67,Female,67414.39,East Cynthiaport
CUST00203,Joseph Coleman,45,Female,80197.53,New Jeanbury
CUST05994,Matthew Armstrong,23,Female,31296.74,North Justin
CUST04876,Teresa Obrien,57,Female,48550.87,Wilsonville
CUST06343,Tammy Davis,52,Male,40289.7,North Douglasland
CUST00238,Sara Johnston,19,Female,45268.57,West Patrick
CUST06589,Krista Davis,67,Male,47526.68,Hintonhaven
CUST05450,Ms. Kayla Williams,26,Male,67827.08,Port Kellymouth
CUST03741,Juan Nichols,65,Male,48004.8,Luisport
CUST09361,Todd Melendez,61,Male,67707.48,Stoneside
CUST07110,Betty Cole,49,Male,49723.79,Port Samantha
CUST05915,Marilyn Page DVM,38,Male,22608.48,North Josephburgh
CUST03817,Gina Rose,58,Female,69788.11,South Amy
CUST07444,Richard Garcia,60,Male,44223.25,
CUST02337,Eric Russell,35,Female,39866.13,Evelynhaven
CUST01040,Danielle Bryant,18,Female,63203.71,West David
CUST00526,Todd Moore,72,Male,68694.29,New Gregory
CUST00928,Lauren Green,30,Male,37126.13,East Lori
CUST07685,Thomas Black,61,Female,27009.09,Donnastad
CUST04179,Aaron Thompson,52,Male,49418.22,Amandafort
CUST03777,Hector Mcgee,37,Female,50655.76,Marietown
CUST02918,Michele Bennett,29,Male,64285.89,Haroldport
CUST04037,Kim Long,23,Male,56571.52,West Jennifer
CUST00824,Aaron Schroeder,71,Male,37279.54,Lake Stephanieview
CUST06058,Annette Fernandez,49,Male,33933.0,Garciaton
CUST02955,Rhonda Pena,66,Female,33261.23,South Christinatown
CUST07278,Matthew Shea,41,Male,51559.3,South Rachelfurt
CUST06285,Casey Baker,49,Female,64958.82,East Dawn
CUST02924,Patrick Adkins,50,Female,41280.78,West Brenda
CUST04853,Kimberly Obrien,37,Male,53957.18,Lake Jose
CUST03302,Eduardo Obrien,35,Female,64881.17,Weaverport
CUST07417,Kyle Johnson,71,Male,63420.29,New Terrihaven
CUST06299,Laura Harris,48,Male,52220.0,Port Ryanside
CUST02111,Sean Morrow,46,Female,62341.41,Onealfurt
CUST05979,William Phillips,49,Male,39280.76,East Nicholas
CUST06482,Bryan Harris,74,Female,42410.31,North Steven
CUST09762,Brian Wilkins,48,Female,33766.61,Hamptonfurt
CUST04386,Michael Smith,63,Male,54566.77,West Lori
CUST09754,Andrew Weiss,70,Male,41626.95,Watkinstown
CUST00721,Raymond Johnson,70,Male,46705.74,South Kenneth
CUST09479,James Hoffman,71,Female,38333.28,Port Cassandra
CUST08034,Amy Martin,33,Male,55109.2,Hobbsfort
CUST03736,Heather Stevens,18,Male,36745.23,New Krystal
CUST01377,Jennifer Parks,60,Male,57042.53,Markton
CUST06387,David Mason,55,Male,52479.27,Ricemouth
CUST02812,Crystal Anderson,28,Male,30553.74,West Carriefurt
CUST00891,Nathan Nelson,42,Male,59091.28,Lake Eugeneborough
CUST00771,Mr. Jeffrey Horton,56,Female,53730.27,Port Danielle
CUST06738,Ryan Taylor,57,Male,49915.67,Patriciabury
CUST01987,Brenda Perez,43,Male,53284.25,Annehaven
CUST06031,Roger Sullivan,20,Female,61211.55,Lake Rogerview
CUST07536,Kristen Taylor,52,Male,44791.84,Pedrohaven
CUST09469,Bruce Johnson,30,Male,,Wilsonfort
CUST05072,Jeffery York,27,Male,36868.26,South Adamfurt
CUST06465,Kelsey Smith,65,Male,35810.16,Johnsonchester
CUST04535,Deborah Webb,56,Female,58045.47,North Stephen
CUST06678,Felicia Gordon,35,Male,13116.6,Lake Mary
CUST09761,Joseph Larson,25,Female,62506.38,South Mary
CUST08928,Sandra Haney,38,Male,41721.21,Port Chadmouth
CUST00700,Joseph Ochoa,45,male,57182.58,Jasonmouth
CUST06998,Chelsea Long,35,Female,56800.68,Port Thomas
CUST01996,Ryan Mcmahon,34,Male,71297.56,New Jodi
CUST05848,Benjamin Wilkinson,45,Male,55676.29,Port Laurie
CUST07156,Victoria Berry,48,Male,53315.61,New Meghan
CUST06726,Marcus Williams,38,Female,56549.07,Phelpsburgh
CUST03991,Jeffrey Benton Jr.,29,Female,37014.94,North Kristin
CUST08441,Daniel Wheeler,18,Female,45359.41,South Bridgetburgh
CUST00218,Justin Torres,44,Male,42140.26,Port Gabrielle
CUST07503,Adrienne Noble,42,Male,44383.24,North Melissatown
CUST04278,Robert Newton,63,Female,66475.4,Hernandezburgh
CUST06310,Jennifer Taylor,30,Female,59967.66,Rhondaville
CUST06252,Travis Walters,40,Male,60079.1,Toddstad
CUST00551,Angel Gordon,46,Female,60037.9,East Rachel
CUST08239,Jared Spence,21,Female,55694.73,Schultzmouth
CUST03682,Toni Gill,20,Male,,New Levi
CUST07258,Mary Day,44,Male,,Lake Scott
CUST00470,Veronica King,37,Male,48484.53,Wardtown
CUST02239,Sarah Howell,68,Male,89069.79,Ronaldville
CUST00191,Karen Graham,62,Male,60183.8,Jamesfort
CUST02601,Jeffrey Scott,35,Female,59033.98,New Edgar
CUST09352,Mario Clark,53,Female,42180.11,Lake Matthew
CUST00816,Tamara Riddle,64,Male,31833.39,Matthewport
CUST01142,Joseph Haynes,62,Female,48459.84,East Maryburgh
CUST04089,Jennifer Ferguson,28,Female,30288.09,South Moniqueborough
CUST06193,Sherri Colon,73,Male,44447.66,Dorisville
CUST00872,Michael Blair,19,Male,57292.25,Port Sean
CUST01756,Alexis Rodriguez,64,Male,51356.21,Davidsonville
CUST04410,Travis Dixon,68,Female,26061.57,Hillmouth
CUST05282,Tracey Reilly,52,Female,23071.44,Lake Tommy
CUST02582,Cynthia Miller,58,Female,79222.52,East Joshuaburgh
CUST02617,Charles Goodman,24,Male,40588.93,East Stephanieville
CUST04945,Sarah Wall,23,Female,47219.1,Lake Bryan
CUST06079,Gabriel Guzman,42,Female,65050.62,Morganborough
CUST08018,Mr. Martin Morales,33,Male,,Kennethfort
CUST01824,Michael Anderson,72,Male,41688.79,Bensonside
CUST09616,Kelli Payne,29,Male,56080.0,New Thomaschester
CUST01909,Wayne Weaver,30,Male,45903.42,Prestonview
CUST05406,Craig Beard,66,Male,50755.14,Port Louis
CUST06884,Jennifer Johnson DVM,60,Female,34329.2,West Melanie
CUST06874,Thomas Morrison,47,Female,62256.0,Merrittfurt
CUST08607,Hannah Butler,51,Female,41863.8,North Josephborough
CUST00565,John Coffey,64,Male,47087.06,Clinefort
CUST07612,Matthew Harris,48,Male,54454.09,Port Jennaville
CUST06162,Christina Cook,19,Female,,New Dianemouth
CUST05639,Tyler Garcia,37,Male,43844.06,Williamfurt
CUST02605,Robert Mccoy,36,Male,62462.14,Soniaton
CUST07579,Crystal Mitchell,61,Female,61721.41,Gonzalezborough
CUST00255,Kristen Davis,36,Male,73201.93,South Benjamin
CUST08870,Jenna Ramsey,37,Female,59137.84,West Heather
CUST07302,Tanner James,40,Female,68284.53,North Gabrielbury
CUST04091,Charles Garcia,36,Male,61138.11,South Rodneystad
CUST05694,Jessica Reynolds,46,Male,45937.59,Kevinberg
CUST09234,Charles Mendez,53,Male,31133.13,Kochport
CUST04910,Sheila Douglas,51,Female,51737.51,South Peter
CUST01154,April Davis,21,Female,47832.01,Griffinville
CUST03926,Rebecca Blake,70,Female,77580.93,New Carriechester
CUST03582,James Chapman,59,Male,63502.44,Port Cassandra
CUST02060,Jennifer Perez PhD,58,Male,38613.95,Gregorychester
CUST04815,Jason Chase,30,Male,60995.62,South Lindaville
CUST01500,Jacob Duran,57,Male,29998.2,South Michael
CUST00327,Trevor Johnson,26,Female,27580.47,West Timothystad
CUST05157,Laura Bailey,74,Female,38675.73,Port Nicholas
CUST05153,Richard Roy,22,Female,19410.95,Marktown
CUST03601,Elizabeth Miller,38,Male,53037.57,Perezfort
CUST06452,Michael Snyder,56,Male,43064.11,Carlsonchester
CUST04824,Dr. Jose Gray DDS,50,Male,48779.77,Gibsonfurt
CUST06875,Kimberly Lewis,27,Female,28404.53,Grayfurt
CUST02897,Tasha Cochran,57,Male,69295.97,New Teresa
CUST09160,Michael Morris,57,Male,57193.49,Lake Tammy
CUST03254,Phillip Obrien,26,Male,26901.4,New Joshua
CUST09258,Darrell Coleman,22,Female,29603.44,Malonebury
CUST03171,Valerie Howard,25,Female,23457.88,North Candacemouth
CUST02164,Karina Vasquez,32,Male,47396.84,Jonchester
CUST01803,Priscilla Floyd,48,Female,74661.12,Kathleenton
CUST06451,Robert Miranda,47,Female,47814.01,Sotoburgh
CUST01332,Michael Martin,27,Female,58898.8,Charlesburgh
CUST08460,Daniel Fitzgerald,37,Male,39346.29,Oconnorfort
CUST06115,Justin Saunders,38,Male,78114.19,North Michaela
CUST08065,Ashley Stokes,62,Male,50470.36,Bryantstad
CUST08665,Andrea Oneill,54,Male,40406.81,Lake Aliciaton
CUST02434,Nicholas Cisneros,29,Male,32579.57,Jonathanville
CUST04495,James Smith,19,Female,20267.52,Lake Ashleyfort
CUST05226,Ann Martin,42,Female,34491.66,Port Brian
CUST06722,Christopher Harrison,47,Female,44903.64,Alexandermouth
CUST05313,Ashley Thomas,27,Female,63405.93,North Nathanieltown
CUST09776,Ronald Martinez,42,Female,54699.71,Scottmouth
CUST06083,Phillip Jenkins,40,Female,41468.52,Dianamouth
CUST01994,Tamara Harris,22,Male,52533.73,Port Grantmouth
CUST09126,Michael Goodman,69,Female,40530.94,New Amychester
CUST05668,Mitchell Jimenez,56,Female,71232.1,West Laurafort
CUST04268,Christine Aguilar,22,Male,48807.72,Johnsonburgh
CUST04633,Dr. Sarah Smith,21,Male,32085.63,Lake Lindsay
CUST08271,Valerie Rodriguez,64,Male,30248.14,Merritthaven
CUST07663,Kimberly Sullivan,56,Female,40875.62,Johnsonborough
CUST03554,Ryan Caldwell,61,Male,25066.47,New Michaelland
CUST07349,Bianca Ortega,63,Male,27479.84,North Billy
CUST09128,Jacob Day,58,Male,45271.24,Martinstad
CUST08351,Debbie Lamb,19,Female,66635.45,North Melissa
CUST08044,Nicole Garcia,23,Male,44530.88,North Lee
CUST01726,James Gardner,26,Male,52253.59,Hamiltonville
CUST06449,Kenneth Jackson,35,Female,59328.41,Carrchester
CUST07313,Crystal Smith,48,Male,39530.99,North Melvin
CUST02988,Jamie Mayer,71,Female,46450.96,Millermouth
CUST08046,Katie Davis,58,Female,18198.17,Grayshire
CUST03524,Erin Mason,61,Male,55945.97,Rogerside
CUST00027,Stephanie Ross,50,Male,35838.51,Montgomeryshire
CUST01421,Kyle Welch,18,Male,28915.42,Nicholaston
CUST02423,Grant Wood,23,Female,,New Patriciaberg
CUST07204,Dr. Lori Jackson,19,Female,65637.07,Port Rachelhaven
CUST09838,Kevin Cain,62,Male,38849.6,Richardsborough
CUST07591,Calvin Bowers,47,Male,41369.99,West Wendy
CUST06785,Jennifer Cummings,39,Female,65224.98,Lauraton
CUST06764,Jason Khan,34,Male,63322.52,Lake Jasmin
CUST04106,Jason Quinn,65,Male,61368.73,Port Leahside
CUST06439,Kara Gallegos,30,Female,67293.48,Wutown
CUST05665,Mark Smith,59,Female,33935.65,Thompsonfurt
CUST05351,Amy Mcdaniel,50,Female,16042.96,New Destinyview
CUST08487,Colton Munoz,18,Male,59354.13,Anthonyshire
CUST00414,Erica Alvarez,58,Female,57894.02,Rogerstown
CUST05674,Ricky Hall,23,Female,49380.29,
CUST05421,Kathryn Thomas,39,Female,12194.77,Masonburgh
CUST08200,Susan Melendez,40,Male,33758.56,Bradyborough
CUST09423,Jim Monroe,73,Female,62372.09,Patriciamouth
CUST09979,Jessica Clark,65,Female,44733.16,East Kevin
CUST05731,Brandon Peterson,26,Male,74783.75,Amandafort
CUST06255,Tracey Johnson,63,Male,44218.37,Onealport
CUST08671,Pamela Carter,62,Male,63674.17,West Tanyafurt
CUST08378,Janice Clay,39,Male,59234.61,South Jeremiah
CUST03162,Eric Fitzgerald,41,Male,24921.46,Fryfort
CUST07049,Chelsea Martin,31,Female,41773.03,Michaelland
CUST03539,Lisa Johnson,24,Male,41993.63,Thomasmouth
CUST08608,Jamie Lawrence,50,Female,55074.49,Courtneyview
CUST05634,Joseph Jones,67,Male,56169.79,Christinaland
CUST03414,Brian Mccarthy,31,Male,53751.87,Danielmouth
CUST08782,David Larsen,25,Female,38741.05,Samanthatown
CUST05906,Jacqueline Dyer,26,Female,39340.77,Chapmanburgh
CUST03567,Peter Anderson,50,Female,20839.26,Greenside
CUST04875,Jennifer Jackson,25,Female,36596.21,Hunterton
CUST07056,Edward Keller,20,Male,80436.32,Pinedaview
CUST05831,Ann Parker,47,Female,71377.24,South Christopher
CUST08724,Robert Foster,61,Female,46408.55,North Nicholasburgh
CUST03990,Amy Montgomery,71,Male,85310.73,North Joseph
CUST08600,Kaitlyn Parker MD,46,Female,26449.11,North Austinmouth
CUST09322,Mr. Robert Cooper Jr.,72,Male,61459.25,West Kimberly
CUST07050,David Fitzpatrick,27,Male,74064.27,Leonport
CUST07986,Derrick Diaz,58,Female,54729.43,Nicholsborough
CUST04585,Lauren Higgins,21,Male,39088.92,Johnton
CUST04547,Kevin Solis,56,Male,34411.33,Jeffreyshire
CUST02373,Melissa Smith,58,Female,35784.45,Medinamouth
CUST08662,April Cummings,28,Female,66063.11,North Ashley
CUST05116,Christopher Robbins,58,Male,28831.9,Joseland
CUST00735,Laura Jackson,26,Female,52200.07,Elizabethville
CUST01952,Jason Rocha,55,Female,56826.51,North Colton
CUST05739,Lauren Wright,71,Female,21166.91,Lake Deniseview
CUST05585,Phillip Padilla PhD,71,Male,41438.94,Port Williammouth
CUST03585,Matthew Garcia,73,Male,78781.36,Port Brian
CUST07549,Janet Flowers,73,Female,74460.94,North Evelynburgh
CUST01139,Ernest Bush,43,Female,82131.85,Lake Vickie
CUST03407,Tammy Estrada,62,Female,24331.36,Johnburgh
CUST07462,Anthony Carlson,44,Female,43063.51,Barrberg
CUST05572,Carol Johnson,25,Female,51890.6,Patriciahaven
CUST09143,James Zuniga,38,Male,56375.26,North Anthonystad
CUST09409,Heather Marshall,60,Female,46390.93,Elizabethshire
CUST00660,William David DDS,26,Male,26456.89,Frankport
CUST05927,Chad Taylor,71,Male,47909.18,Jenkinsfurt
CUST00390,Thomas Atkins,44,Female,57524.16,Javierbury
CUST04090,Carolyn Cantu,63,Male,55899.08,Lindsayport
CUST09733,Brittany Collins,58,Female,37068.54,Osbornhaven
CUST05178,Matthew Brown,68,Male,23486.08,Candicemouth
CUST00908,William Miller,48,Male,73539.51,Kaufmanton
CUST09825,Sierra Padilla,52,Female,61237.21,Nicolehaven
CUST09277,Natalie Caldwell,40,Female,44722.06,Lake Elizabethview
CUST09873,Ian Dennis,50,Female,53812.83,North Sandrastad
CUST02321,James Weaver,42,Male,37624.58,East Michellebury
CUST00362,Bryan Gomez,53,Male,48547.03,Robersonshire
CUST06340,Heather Fernandez,36,Female,43268.65,Annamouth
CUST09304,Ronald Jenkins,74,Male,59254.85,Lake Stephanieshire
CUST05364,Natalie Hawkins,39,Male,29102.79,New Brandonborough
CUST02295,Kelly Wright,29,Male,55561.64,Jocelynhaven
CUST04014,Alicia Obrien,21,Male,42025.99,Davidmouth
CUST05268,Lauren Barr,18,Male,58740.01,Amymouth
CUST08356,Beth Cross,47,Male,42652.63,Port Zacharybury
CUST08437,Justin Sampson,24,Female,57429.29,Georgechester
CUST07692,Brian Black,21,Female,29653.21,Grantmouth
CUST02702,John Watts,59,Male,50701.73,Lake Thomasmouth
CUST08620,Jennifer Lopez,18,Female,68624.77,West Erinberg
CUST05286,Spencer Kelly,31,Male,64683.57,East Ryanmouth
CUST00105,Marc Moore,62,Female,6188.13,Stacyview
CUST01246,Kristen Peters,67,Female,40346.24,Morganshire
CUST00952,Renee Wolfe,74,Male,57810.03,New James
CUST03950,Robert Cooper,63,Female,28991.05,South Christopher
CUST06219,Jonathan Potter,72,Male,39150.42,South Ronald
CUST03265,Ronnie Hudson MD,61,Female,45391.15,Shaffermouth
CUST07686,Douglas Rodriguez,55,Female,51453.9,Kaylafort
CUST02588,Jonathan Moss,30,Female,74179.17,Jacobmouth
CUST01891,Amy Dougherty,63,Female,50578.97,Gonzalesfurt
CUST06660,Michael Dalton,63,Female,36801.02,Mcdanielborough
CUST02754,Brittney Martinez,25,Female,33327.66,Austinmouth
CUST07086,Debra Larson,40,Male,44578.71,Lake Michelleburgh
CUST06284,Tracy Lopez,63,Female,50951.55,East Davidland
CUST09760,Elizabeth Golden,20,Male,43170.0,
CUST03377,Jennifer Richards,28,Female,53915.68,Hollyville
CUST08108,Brandi Roberson,27,Male,68143.13,Jenniferside
CUST06142,Jennifer Barrett,37,Male,38970.35,New Rebeccaside
CUST00594,Tanya Russell,73,Male,42841.63,Lake David
CUST01468,Mr. Edward Terry,45,Female,62435.98,Port Paul
CUST05496,Isabella Taylor,49,Female,53505.96,North Nicholas
CUST07526,Kimberly Ramirez,74,Male,47708.19,Sullivanberg
CUST03429,Shannon Curry,36,Female,56758.28,Port Brianchester
CUST04181,Melissa Warner,18,Male,23258.77,Lake Amandamouth
CUST06552,Charlene Black,45,Female,35327.52,Burgessstad
CUST06761,Alexandra Holmes,30,Male,66444.57,West Gloria
CUST04402,Rachel Oneal,28,Male,52373.66,Lake Elizabethborough
CUST03530,Katherine Mccormick,53,Female,22285.01,Goodwinland
CUST04370,Gerald Vega,28,Female,57035.59,Kristinland
CUST00264,Yvonne Burns,21,Female,53030.91,Port Matthewstad
CUST07990,Richard Molina,55,Male,55800.07,North Edgar
CUST06181,Lori Jordan,47,Female,37242.27,Lake Nathanielborough
CUST01128,Anna Briggs,64,Male,47987.14,South Nicholasmouth
CUST06305,Jeffrey Watts,70,Male,39384.02,North Jennifer
CUST08261,Henry Brooks,54,Male,37078.17,East Gabriel
CUST06081,Edward Taylor,65,Male,65712.79,Joshualand
CUST09566,Andrea Jenkins,25,Male,69931.5,South Kristiburgh
CUST00254,Cynthia Moore,18,Male,55480.07,South Ruth
CUST05811,Katherine Garcia,33,Male,58457.03,Navarromouth
CUST07604,Alex Johnson,31,Female,43753.72,South Edward
CUST03140,Brent Wong,26,Female,47380.01,West Marilyn
CUST00017,Derek Zuniga,20,Male,,Emilyfort
CUST07298,Stephen Taylor,37,Female,56742.66,Port Shaun
CUST08973,Kevin Lee,41,Male,51483.03,Lake Shannonchester
CUST07184,Jonathan Phillips,21,Male,57231.44,West Kathleen
CUST08670,Nathan Brown,58,Male,52696.55,Murraybury
CUST08792,Jenny Durham,31,Female,49204.95,Andradeview
CUST03734,Eric Walker,50,Male,41794.11,Hardintown
CUST00339,David Thompson,41,Female,11896.05,Graymouth
CUST02940,Sarah Johnson,43,Male,61690.5,Lake Brandon
CUST00033,Nathan Maldonado,44,Female,36050.99,South Tyler
CUST08335,Connie Hansen,73,Male,56342.38,Port Theresastad
CUST03708,John Barber,54,Male,66885.82,Deannachester
CUST06582,Richard Moore,65,Male,50008.58,North Krystal
CUST08960,Kevin Benson,29,Male,47097.23,Port Brandiview
CUST02050,Alejandro Nguyen,30,Male,79031.45,Susanton
CUST04971,Christina Moon,51,Male,55353.68,South Margaretport
CUST03026,Jason Walker,49,Female,44550.78,Anthonyberg
CUST07484,Michael Wallace,28,Male,61999.48,Thomasville
CUST03483,Lacey Hall,30,Male,33507.45,North Cynthia
CUST04560,Christopher Murphy,39,Male,23725.83,Port James
CUST00974,Taylor Taylor,68,Male,40800.98,Edwardshaven
CUST04557,David Koch,36,Male,48627.01,North Jasmine
CUST09893,Latasha Hernandez,45,Female,43819.97,New Biancafort
CUST04740,Angel Becker DVM,52,Male,43815.02,North Migueltown
CUST06819,Ashley Brown,52,Female,60027.52,
CUST07132,Brandi Vega,59,Male,29622.81,New Stephaniestad
CUST09713,Christopher Garcia,30,Male,,Elizabethshire
CUST09185,Jason Neal,45,Male,39334.01,Michaelstad
CUST06872,Jamie Galloway,33,Female,27449.9,Lake Tarachester
CUST05922,Carla Briggs,59,Male,49245.72,New Josephshire
CUST01092,Frank Whitaker,60,Female,48900.35,West Dana
CUST07669,Sean Thomas,46,Male,50188.93,Davisport
CUST03760,Elizabeth Camacho,70,Male,35588.45,Hawkinsview
CUST08743,Ryan Thornton MD,35,Male,28232.5,Robinsonside
CUST06754,Jason Mcdonald,33,Female,52336.76,East Lauren
CUST04702,Brian Clark,53,Male,38440.5,Port Monica
CUST01333,James Morgan,22,Female,50920.36,Sharonside
CUST06644,Jon Gonzalez,71,Male,98642.48,Port Sean
CUST03669,Lynn Hoffman,39,Male,12702.18,Smithhaven
CUST04719,William Arnold,51,Male,48099.68,Kristopherfurt
CUST03798,Alex Barton,38,Female,48947.5,Powellview
CUST09272,Martha Dalton,71,Female,69940.92,Mccarthymouth
CUST04962,Megan Carlson,-5,Female,44742.64,Port Robertbury
CUST06759,Amanda Brown,71,Female,41739.61,Scottmouth
CUST04254,Teresa Young,22,Female,46740.69,Nelsonborough
CUST06221,Maureen Lee,66,Male,40181.36,West Charles
CUST06718,Lisa Campbell,30,Female,63703.72,Danielside
CUST08380,Paul Wilson,51,Male,30670.82,Dianefort
CUST01358,Kevin Johnson,68,Female,51268.67,Thomasburgh
CUST01454,Dawn Little,71,Female,77270.61,Rileyside
CUST03081,Christopher Johnson,24,Female,48591.51,Johnville
CUST06994,Chad Franklin,28,Male,68852.95,Lake Elizabeth
CUST05654,Tyrone Collins,41,Male,58558.02,Jimenezville
CUST07683,Eric Flores,60,Male,64164.84,South Teresa
CUST06826,Sandra Kirby,24,Male,66229.52,Clarkton
CUST03526,John Collins,48,Female,52200.28,East Pamelaview
CUST04929,Mary Hoffman,46,Female,55065.74,Damonfort
CUST09537,Ricardo King,52,Female,40082.12,
CUST05830,Marissa Davis,63,Male,35710.76,New Jasonshire
CUST05868,Lisa Hendricks,57,Male,37392.71,Mullenview
CUST07911,Brandon Stewart,52,Male,61612.32,New Ambershire
CUST08525,David Adams,71,Male,59086.61,Heathertown
CUST02420,Eric Graham,37,Female,71035.92,Duketon
CUST09643,Sharon Peck,23,Male,81744.99,New Victoria
CUST07316,Angela Parks,29,Female,43735.15,Leeborough
CUST05631,Anthony Ashley,27,Male,68595.18,Port Patrickmouth
CUST02807,Danielle Wang,59,Female,58844.49,New Steven
CUST05289,Christopher Cain,21,Male,47643.68,East Michael
CUST01417,Alyssa Alvarado,53,Male,43902.45,Simpsonstad
CUST02019,Kurt Ewing,65,Male,41799.95,Douglasmouth
CUST06852,Melissa Williams,48,Female,18539.4,East Vanessa
CUST06845,Albert Davis,21,Male,48092.37,Alvaradoview
CUST02817,Jordan Schneider,21,Male,51138.58,Oliviahaven
CUST08694,Elizabeth Villarreal,28,Male,31293.53,Dylanville
CUST07674,Richard Schmidt,19,Male,51994.47,New Reneeland
CUST06719,Jeffrey Taylor,25,Male,57205.72,Castillofurt
CUST05176,Daniel Wilson,29,Male,43293.27,Davismouth
CUST01109,Lorraine Turner,39,Male,83136.95,Port Derekborough
CUST05584,Douglas Blanchard,50,Female,43642.42,Port Logan
CUST00019,Carla Gray,70,Male,54738.33,Atkinsshire
CUST00007,Gina Moore,56,Male,33037.7,Lake Meganstad
CUST07177,Joshua Moran,45,Female,49686.08,Beckyville
CUST07817,Margaret Lowe,68,Female,71717.44,West Vincent
CUST03354,Sherri Thomas,56,Female,44003.29,Brittanystad
CUST09050,Jessica Barron,41,Female,38095.94,New Jonathanshire
CUST05798,Wayne Robinson,49,Male,33271.18,Navarrobury
CUST00995,Brittany Ward,37,Female,37476.77,West Patriciabury
CUST02292,Lori Ferguson,49,Female,52483.49,South Morganshire
CUST03873,Matthew Murphy,32,Female,51358.74,Woodstad
CUST07098,Nathan Willis,26,Male,71891.24,Annettebury
CUST04998,Michelle Patterson,39,Male,64224.43,North Eduardochester
CUST07856,Anthony James DVM,64,Female,37088.79,Sandratown
CUST09120,Steven Yang,32,Male,44602.97,South Melissaville
CUST08206,Roger Johnson,63,Female,47151.22,South Hollyport
CUST07425,Ashlee Williams,74,Female,56169.34,Russellshire
CUST07933,David Ruiz,49,Male,,Colebury
CUST01083,Keith Knox,43,Male,46470.26,West Kristin
CUST05926,Xavier Hanson,28,Female,21131.77,Rossberg
CUST08469,Randall Johnson,41,Female,57908.14,Port Amy
CUST09788,Laura Lopez,55,Female,76209.54,West Aaron
CUST02088,Brian Navarro,21,Male,59525.22,Claychester
CUST05135,Margaret Young,57,Female,58271.4,Johnmouth
CUST01121,David Hinton,62,Female,46179.37,East Johnside
CUST08166,Greg Williams,31,Female,34545.7,Joneschester
CUST03929,Mary Copeland,34,Male,36347.8,Molinamouth
CUST09597,Patricia Cobb,65,Male,51060.83,South Justin
CUST04628,Paul Scott,36,Male,69869.83,New Nicholastown
CUST03262,Heather Russell,47,Female,51331.5,North Thomas
CUST05818,Jacob Brown,24,Male,63326.16,South Williamchester
CUST02016,Charles Morales,57,Female,67899.59,Lake Amyfort
CUST04135,Miss Stephanie Cherry,64,Male,27936.17,Newmanview
CUST06468,Mrs. Amy Hale,57,Female,54792.45,West Kimberlytown
CUST00447,Shelly Spencer,19,Female,,Randallland
CUST09093,Jeremy Schmidt,36,Female,60600.35,East Cheryl
CUST00731,Alexander Gomez,28,Male,38317.93,Port Ryanshire
CUST09308,Stacey Hernandez,44,Male,44050.92,Lake Paul
CUST01778,Megan Decker,62,Male,31704.99,Daletown
CUST09657,Adam Lozano,65,Male,59569.3,Markfurt
CUST02327,Kelly Lopez,53,Female,30492.98,New Brianshire
CUST06421,Courtney Briggs,71,Male,48093.98,Jamesfurt
CUST03652,Dean Turner,52,Male,57759.23,Port Rachaelhaven
CUST05710,Gerald Allen,19,Female,63993.88,North Anthonyshire
CUST01292,Christine Lopez,34,Female,40123.53,North Sarah
CUST04738,Steven Hall,38,Female,39232.53,New Edward
CUST06389,Chelsea Green,72,Female,43315.95,Gordonburgh
CUST01076,Elizabeth French,43,Female,45515.88,Reginaldfurt
CUST02122,Melissa Sparks,51,Male,46873.24,Weeksburgh
CUST00310,Dr. Paul Morgan,59,Female,57535.1,North Crystal
CUST04449,Veronica Nelson,39,Female,66612.7,Lopezmouth
CUST06225,Victoria Parker,46,Male,34893.33,Cristianshire
CUST04833,Samantha Carter,20,Male,53090.53,West Jessicastad
CUST01493,Mario White,47,Female,11976.98,Longfurt
CUST08059,Jose Cook,26,Female,60729.65,Rodriguezchester
CUST06347,Shawn Hooper,72,Male,75041.61,East Gabriel
CUST07198,Erik Harris,44,Female,49594.52,West Karenland
CUST05168,Kenneth Maxwell,38,Male,31485.01,Jamesstad
CUST08477,Steven Moore,47,Female,45522.16,New Anthony
CUST00715,David Davenport,70,Female,26904.19,Vasquezfort
CUST02862,Matthew Berg,52,Male,43121.21,Lake Nicoleport
CUST01395,Justin Frederick,54,Female,49350.81,Haleyside
CUST09644,Jason Brown,67,Male,,West Jeffrey
CUST06195,Joseph Dougherty,44,Female,61464.59,Heatherfort
CUST06288,Lisa Ramsey,27,Male,43797.2,Jillianborough
CUST01728,Tim Larsen,34,Female,72250.9,Lake James
CUST05113,Ryan Smith,62,Female,22783.78,North Heather
CUST06603,Erika Brown,62,Male,28906.29,Smithhaven
CUST06145,Madeline Ford,50,Female,49886.91,Fergusontown
CUST08657,Philip Weaver,42,Male,48776.84,North Rhonda
CUST07826,Donna Mejia,45,Male,43588.43,Nealchester
CUST00659,Lori Simmons,54,Female,52832.66,East Johnmouth
CUST02778,Joshua Miranda,66,Female,63555.44,Port Daisymouth
CUST06867,Anthony Scott,61,Male,53314.63,East Haleymouth
CUST08631,Linda Davis,53,Female,52581.76,Port Heather
CUST00441,Joann Ferguson,64,Female,42249.11,Carrville
CUST07227,Jessica Singh,74,Male,32780.11,New Natalieton
CUST00175,Alex Hernandez,54,Female,57821.72,Bakertown
CUST06131,Christopher Mcmillan,57,Female,33261.89,Lake Krystalshire
CUST04030,Bruce Spencer,55,Female,42593.2,West Ericatown
CUST00978,Derek Wright,55,Male,34494.62,Brandonview
CUST08786,Carlos Sawyer,23,Male,63696.7,Randallstad
CUST04519,Michael Nelson,19,Male,58282.3,Ramosshire
CUST07239,Anthony Morales,29,Male,29998.55,North Lindamouth
CUST02584,Christopher Wright,65,Female,50709.49,East James
CUST03127,Kevin Rose,58,Female,43619.06,Lake Leroyberg
CUST05856,Janice Bailey,62,Female,60984.82,Jacksonland
CUST08952,Phillip Lowery,27,Female,32487.12,Limouth
CUST02769,Nichole Klein,35,Male,74873.94,Stephanietown
CUST01451,Vickie Kennedy,60,Male,5000000.0,Jonesberg
CUST09750,Corey Daniels,22,Male,23642.99,East Kaitlynton
CUST09088,Jackson Ingram,22,Male,64750.3,Garnershire
CUST09063,Dr. Brenda Frye,50,Female,62238.6,New Keithtown
CUST00585,Tina Ballard,22,Female,63841.49,Lake Benjaminton
CUST03784,Erika Castro,26,Male,58051.62,Danielton
CUST03630,Ms. Janet Leonard,18,Male,39535.85,Shannonborough
CUST06234,Michael Hicks,37,Male,32850.27,East Denise
CUST01730,Benjamin Smith,42,Male,56175.98,Andrewsmouth
CUST06536,Pamela Burnett,68,Male,88926.45,North Margaretton
CUST06574,Alyssa Guerra,52,Female,26390.26,Port Danielle
CUST03457,Robert Lozano,74,Male,61999.62,Stevenland
CUST03766,Jessica Little,45,Female,49959.07,Toddhaven
CUST08237,Janet Mcclure,73,Male,39392.18,Flowersside
CUST04517,Harold Lee,55,Male,,Chelseabury
CUST04703,Nathaniel Floyd,48,Male,57741.36,North Laura
CUST02186,Jeffrey Drake MD,67,Male,61257.78,Beverlyside
CUST02683,Rita Graves,21,Female,34950.56,New Kristinton
CUST02743,Gavin Nelson,38,Male,29486.69,South Mary
CUST04417,Emily Bullock,35,Female,53143.84,Lake Benjaminberg
CUST04334,Gregory Russell,28,Male,47563.73,Ellisstad
CUST00980,James Oconnor,41,Male,48947.4,East Zachary
CUST04423,Heather Daniels,24,Female,47992.9,Port Brianton
CUST01986,Robert Walker,65,Male,24354.43,Maryfort
CUST08296,Kevin Thomas,32,Male,36816.67,Mckayshire
CUST03842,Adam Lara,45,Female,63831.9,Justinberg
CUST07089,Nicole Roberson,60,Male,45648.88,North Nicole
CUST05546,David Williams,28,Female,62291.86,Yolandaport
CUST08355,Anthony Elliott,51,Female,77887.4,Comptonstad
CUST03832,Jessica Flowers,44,Male,56781.04,Port Anna
CUST01107,Jennifer James,34,Female,46146.06,South Bethborough
CUST07938,Maria Wright,40,Female,69395.36,Danielleborough
CUST06242,Gregory Wiley,54,Male,72377.85,Hallton
CUST05278,Laura Larson,66,Male,47161.06,West Kimberly
CUST08920,Matthew Sullivan,18,Female,24072.22,West Eric
CUST02928,Paul Gordon,19,Male,60454.28,Nicholsborough
CUST04446,Emily Robinson,33,Female,32165.65,West Daniel
CUST05810,Kim Nelson,39,Female,36087.07,Gonzalezmouth
CUST07546,Gloria Dunlap,62,Female,44834.97,Port Katherinetown
CUST04360,Scott Norman,45,Male,53021.94,Lisafurt
CUST02835,Sarah Meadows,58,Male,72122.51,Calhounland
CUST00684,James Whitaker,34,Female,85700.68,North Lorraineview
CUST03594,Allen Hunt,43,Male,64515.11,Port Samuelville
CUST09792,Laura Patel,42,Female,59792.8,Davisborough
CUST06282,Lisa Rodriguez,28,Male,31959.84,Reedmouth
CUST08191,Michelle Hall,24,Female,31341.24,Carolynland
CUST01267,Deborah Mercado,38,Female,59157.34,East Johnport
CUST04964,Molly Mckenzie,35,Male,57005.5,Lake Sylviamouth
CUST05035,April Schneider,68,Female,45839.44,New Shirleyfort
CUST05879,Deborah Fox,19,Male,72436.1,North Rodneymouth
CUST01811,Connor Dominguez,34,Male,28931.04,Lisafort
CUST02210,John Holt,39,Male,70050.1,West Riley
CUST01908,Shaun Meyer DDS,28,Male,45758.55,Barryfurt
CUST06799,Mary Compton,21,Male,46746.17,Allenmouth
CUST08603,James Ray,32,Male,43753.71,Lovemouth
CUST09596,Stacy Sanchez,40,Male,29848.33,Laurafurt
CUST06161,Christina Roberts,30,Male,52592.44,Josephchester
CUST02574,Ryan Rivera,58,Male,33591.81,Zunigamouth
CUST02716,Michelle Tyler,61,Female,60053.52,West Kyle
CUST01353,Edward Arroyo,29,Female,53312.01,Brianstad
CUST03107,Luke Johnson,54,Female,69295.11,Lopezchester
CUST06494,Jermaine Barnes,49,Female,43211.45,Pachecochester
CUST09890,Johnathan Bentley,52,Female,38458.56,Scotthaven
CUST06407,Raymond Clements,38,Female,38843.3,South Christopher
CUST09278,Douglas Sullivan,39,Male,62973.25,North Kimberly
CUST02328,Steven Martinez,62,Female,65450.11,Wilsonbury
CUST02170,Billy Tate,29,Male,63443.02,Dicksonborough
CUST04381,Christopher Hudson,22,Male,59781.14,Lake Christine
CUST02936,Rose Mcdonald,28,Male,60227.26,New Javierville
CUST03886,Steven Scott,-5,Female,48323.07,Draketown
CUST08395,Dawn Pena,44,Male,54527.54,Wardside
CUST01376,Karen Fernandez,63,Male,25206.1,Collinsstad
CUST05288,Jonathon Kim,72,Male,35646.79,East Jacqueline
CUST02751,Patrick Faulkner,41,Male,46360.61,Washingtonport
CUST08502,Jonathon Gallagher,20,Female,54921.44,North Sandymouth
CUST09908,Mrs. Kaitlyn James,19,Female,28453.28,Port Dustinville
CUST05373,Sherri Logan,37,Male,58067.67,Amandaburgh
CUST01110,Mary Nelson,43,Male,54333.16,Sheppardbury
CUST07795,Jimmy Smith,43,Male,47459.86,
CUST04457,Joshua Nelson,38,Female,51555.92,Craigberg
CUST06213,Mary Delacruz,70,Female,17263.11,South Hannah
CUST09034,Julie Jordan,57,Female,68005.36,Allenton
CUST02642,Mary Alvarez,43,Male,52741.36,Jeffreyland
CUST09865,Timothy Crane,68,Female,60271.29,Byrdville
CUST08258,Eric Camacho,50,Male,56162.69,Timothytown
CUST00400,Robin Young,65,M,64705.24,Hawkinston
CUST06096,Carol Bowman,21,Female,57922.08,New Scott
CUST05834,Maria Sullivan,35,Female,66768.84,South Martinville
CUST00855,Melissa Abbott,26,Male,33251.73,New Kimberlymouth
CUST03100,Steven Hull,38,Female,32777.28,Veronicaview
CUST04394,Shannon Jones,61,Male,52854.85,Stephaniemouth
CUST01108,Kara Hernandez,56,Female,,Taylorshire
CUST08149,Michael Ellis,71,Female,39123.04,West Nicholasview
CUST09635,Joseph Brown,67,Male,59766.91,Lake Morganton
CUST02609,Alexandria Wise,41,Female,30776.34,East Melissa
CUST09540,Angel Ryan,36,Female,,New Danielle
CUST00808,Patricia Young PhD,28,Male,64597.23,Sheilamouth
CUST09403,Richard Russo,50,Female,48690.84,Nicholsonberg
CUST08742,Elizabeth Hayes,66,Male,61921.4,Michaelshire
CUST09207,Matthew Jennings,25,Female,41100.46,East Johntown
CUST03840,William Marsh,57,Female,29355.31,South Kenneth
CUST03484,Darlene Collins,60,Female,,Michaelshire
CUST00214,Julie Alexander,20,Female,34687.26,Carterview
CUST01555,Kim Lopez,51,Female,79378.46,Francisbury
CUST03164,John Diaz,36,Male,61070.67,Wendyfort
CUST06293,Richard Larsen,61,Female,67963.42,Edwardport
CUST08413,Dr. Tiffany Booker,30,Male,88077.4,Thomasport
CUST01296,Alison Williams,19,Male,75586.9,East Janice
CUST04085,Cory Barrett,72,Male,55978.52,West Catherine
CUST08946,Kristin Bailey,26,Female,46508.49,Velasquezhaven
CUST00001,Noah Rhodes,69,Female,57556.84,Port Howardborough
CUST09367,Donna Stephenson,72,Female,32430.78,Port Matthew
CUST05062,Mark Wilson,35,Male,54610.54,South Michael
CUST07750,Anne Jones,25,Male,53959.07,Harristown
CUST03521,Brianna Martin,58,Male,46886.67,West Richardfurt
CUST00940,Lydia Pham,51,Female,58889.06,Lake Walter
CUST05606,John Adams,30,Male,25062.5,Billland
CUST08656,Eric Simmons,32,Female,60176.36,East Carolview
CUST02651,Laura Vincent,42,Male,49083.04,
CUST03293,Jeffery Taylor,28,Female,37633.14,Brownshire
CUST07720,Pamela Walker,62,Female,43422.62,Bellborough
CUST08311,Kathleen Marsh,51,Female,32662.29,Michaelbury
CUST03077,Katherine Andrade,44,Female,46467.04,Lake Christian
CUST03923,Dillon Travis,31,Female,81036.44,Whitehaven
CUST05838,Matthew Leonard,49,Female,49718.69,Karaberg
CUST05878,Darrell Ibarra,60,Female,65969.51,West Michelle
CUST06180,Kevin Johnston,43,Female,48916.7,Robinsonmouth
CUST01167,Michelle Rodriguez,54,Female,72978.76,Anthonymouth
CUST03097,James Ray,22,Male,66624.28,Martinchester
CUST06810,Nathaniel Rodriguez,60,Female,43462.67,Carriechester
CUST00229,Lori Guerrero,49,Male,54074.01,Desireeborough
CUST06708,John Johnson,18,Female,41978.18,Samuelstad
CUST07978,Cynthia Cunningham,70,Male,40063.73,Port Austin
CUST09222,Jennifer Ray MD,29,Female,50631.43,Lake Ericbury
CUST02830,Martha Lee,20,Male,77871.15,Lawrencebury
CUST05428,Thomas Moses,64,Female,50187.03,Martinhaven
CUST02987,Erica Johnson,42,Female,48159.83,East Markview
CUST02691,Lauren Trujillo,65,Female,,Adamton
CUST04401,Nicole Anderson,55,Female,59347.72,Vanessaport
CUST03815,Jerry Gilmore,69,Female,57159.06,New David
CUST07019,Cristian Smith,44,Male,58462.72,Joycebury
CUST04921,Justin Yu,27,Male,51878.22,
CUST05570,Gary Phillips,44,Female,84297.87,Monroetown
CUST05429,Jeffrey Petersen,55,Female,46805.65,North Madeline
CUST03675,David Morse Jr.,57,Female,34004.96,South Chelsea
CUST09315,Peter Campbell,20,Female,47013.0,Lake Joseph
CUST09337,Larry Henderson,40,Female,43486.62,Hernandezport
CUST00213,Katherine Salas,58,Female,45673.37,East Kellyfurt
CUST09341,Shawna Brown,38,Female,61695.63,North Josephmouth
CUST09041,Tyrone Roberson,54,Male,,Dylanland
CUST00602,Tammy Mcdowell,19,Male,76955.16,Matthewmouth
CUST07416,Stephen Walker,68,Female,68153.68,East Dianaberg
CUST09926,David Hill,63,Male,39586.04,Aliciaside
CUST06320,Kathleen Lopez,32,Female,72949.0,East Gregoryside
CUST04683,Matthew Carroll,71,Male,43328.51,East Jonathan
CUST05166,Daniel Luna,56,Female,40910.81,East Christine
CUST03838,Barbara Burns,19,Female,59895.24,Sandersview
CUST09854,Stefanie Flores,51,Female,43496.78,Savannahhaven
CUST01260,Eugene Patterson,25,Female,37618.34,South Leslieville
CUST06094,James Frank,29,Male,40114.73,Lake Nicholasbury
CUST01882,Eric Warner,47,Male,34306.91,Lake Bradley
CUST07253,Michael Moore,18,Female,28381.28,South Courtneyhaven
CUST00671,Kristin Mendoza,41,Male,54699.67,Lake Jamesland
CUST07223,Miguel Williams,71,Female,47254.53,Lake Rachelview
CUST08503,Todd Garcia,73,Male,61209.83,Harrisonfurt
CUST02895,Elizabeth Roth,45,Female,60996.53,West Josephport
CUST06279,Courtney Young,19,Female,73894.96,Leroyburgh
CUST03251,Carrie Stafford,57,Female,56374.89,New Jasminefurt
CUST09127,Megan Khan,30,Female,74704.62,New Matthew
CUST09739,Craig Davis,73,Female,27720.01,Susanside
CUST09140,Brandy Bowman,32,Male,36190.76,Andrewborough
CUST03181,Kathryn Jennings,52,Female,54334.5,Jeremystad
CUST00412,Julian Conner,23,Male,42186.86,East Beth
CUST00859,Brian Porter MD,30,Female,61799.64,Smithshire
CUST07555,Tammy Taylor,70,Male,,North David
CUST04315,Jacqueline Winters,30,Female,52646.17,East Lisaborough
CUST09723,Damon Powers,72,Male,71610.54,Port Laura
CUST05177,Melody Stevens,55,Male,38565.54,Port Samuelborough
CUST01990,Nicole Williams,54,Male,65416.99,West Elizabeth
CUST05574,Tara Hale,63,Female,47916.31,Cynthiamouth
CUST08120,Michael Houston,38,Male,49071.43,West Richard
CUST07216,Thomas Hughes DDS,30,Male,40337.09,East Patrick
CUST03018,Kurt Daniels,45,Female,60214.55,Williamsonshire
CUST07794,Jimmy Terry,34,Male,54312.39,Michelleport
CUST05076,Hector Bryant,22,Male,72003.49,Lake Stephaniemouth
CUST03349,Michael Mathews,60,Male,72960.37,Calebhaven
CUST05082,Chad Rivera,62,Male,68224.21,New Jenniferside
CUST05345,Danielle Hester,28,Female,23651.46,Port Bryan
CUST00276,Wayne Morgan,28,Female,27000.44,Michaelport
CUST04770,Jesse Poole,71,Male,42739.56,Jamesborough
CUST02612,Jay Gallegos,42,Male,55758.02,Port Katherineshire
CUST06695,Linda French,22,Female,33639.6,Lake Jeremyfort
CUST04393,Brianna Martinez,65,Male,65214.62,Port Deborahshire
CUST00315,Jordan Chambers,65,Female,82798.14,Port Daniel
CUST07914,Brian Mullins,25,Female,56147.38,
CUST03837,Misty Martinez,51,Male,70533.05,Turnerview
CUST02648,Timothy Galvan,70,Female,45647.89,Port Rebecca
CUST04426,Christine Tyler,65,Male,51479.23,North Justin
CUST08003,Carol Taylor DDS,36,Female,38436.57,Port Margaretside
CUST03978,Ryan Carpenter,52,Female,55202.3,Nelsonchester
CUST06167,John Nichols,53,Male,72596.27,Kellymouth
CUST04102,Dr. Isabel Smith PhD,25,Male,60628.92,Jamestown
CUST00150,David Wright,54,Female,50861.51,Jillianhaven
CUST04946,Paul Smith,58,Female,55353.99,Lake Joshuamouth
CUST06831,Joshua Henderson,49,Male,39249.18,Lake Cory
CUST07994,Lindsay Chavez,31,Male,63637.75,West Joshuatown
CUST03249,Karen Wolf,32,Male,69846.28,West Michelleport
CUST04515,Heather Hunt,62,Male,37288.28,Cherylside
CUST04802,Kimberly Mitchell,70,Male,34737.44,West Xavierstad
CUST09478,Christian Lambert,24,Female,61440.83,Grayfurt
CUST09064,Larry Pitts,64,Female,,North Derekstad
CUST02340,Jason Nguyen,36,Male,52464.69,Jonathanshire
CUST04097,Joanna Adkins,57,Male,36564.5,Port Lawrence
CUST04512,Stephanie Livingston,62,Male,33818.46,Alexanderburgh
CUST07158,Ronald Juarez,41,Female,56027.43,Port Emilyburgh
CUST00304,Maria Parker,74,Male,45187.59,Rileymouth
CUST06113,Linda Newman,40,Male,40341.48,Alyssaton
CUST00800,Jim Newton,62,M,,Hectormouth
CUST04388,Lauren Smith,23,Female,33129.44,Port Danielton
CUST06437,Dr. Lisa Ramos,43,Male,53609.97,Josemouth
CUST09884,Karla Walker,44,Female,84428.17,Port Brenda
CUST06984,Elizabeth Anderson,62,Female,16490.8,Stephensland
CUST07798,Joshua Lewis,31,Male,20783.37,Gibsonland
CUST00140,Cheyenne Horton,41,Female,57267.3,New Michael
CUST06851,James Anderson,19,Female,23731.3,North Amandaberg
CUST04952,Tony Brooks,43,Female,49188.71,North Nicholas
CUST03645,Judy Jones,39,Female,49783.86,West Heather
CUST07338,Tyler Reynolds,57,Female,60415.34,Davisfurt
CUST09372,Tabitha Clark,30,Female,62852.33,Leonberg
CUST09462,Tina Harrington,73,Male,70503.59,East Heather
CUST00532,Donna Frye,26,Male,63156.67,Blackfort
CUST01370,Megan Alvarado,55,Male,55806.36,Lake Ericland
CUST05766,Eric Flores,46,Male,42896.42,Jonesland
CUST07337,Andrew Lopez,40,Female,50049.14,East Tammy
CUST04554,Erik Small,38,Male,67167.65,Lake Patrick
CUST08219,Jenny Sanchez,65,Male,23933.1,Johnmouth
CUST05900,Lori Franco,54,Male,39049.61,Michaelhaven
CUST05308,Stacey Howe,52,Female,46711.14,Tuckertown
CUST08751,Megan Grimes,34,Male,58415.8,Jasonhaven
CUST07346,Christine Singh,34,Female,50151.11,Pattersonview
CUST07554,Daniel Miller,64,Male,57160.46,New Dylanburgh
CUST04994,Sherri Charles,41,Male,57244.2,Brownville
CUST04718,Richard Brewer,62,Male,45978.88,North Rachelborough
CUST06264,Sylvia Dalton,53,Male,44639.46,Lake Jamesstad
CUST05626,Michael Rosario,38,Male,77015.14,Castroborough
CUST09962,Christine Peterson,50,Male,45878.9,Lake Melissafort
CUST06613,Elizabeth Rowland,57,Male,64109.42,Joneschester
CUST01326,Jacob Hill,44,Male,64625.51,South Kendra
CUST06622,Paula Blackburn,66,Male,61537.83,Randolphchester
CUST09981,Lauren Robinson,32,Female,58438.28,West Michelleport
CUST08933,Elizabeth Cunningham,22,Female,56577.56,Port Tyler
CUST00510,Rebecca Hicks,47,Male,42388.67,Cruzport
CUST00338,Scott Thomas,50,Male,31105.5,Oscarville
CUST04111,Stephanie Kelley,45,Male,30867.52,Fishermouth
CUST04848,Phillip Kelly,26,Male,44998.65,Kimberlyfort
CUST01268,Bernard Smith,54,Male,33742.97,Lake Timothy
CUST01282,Terry Ward,57,Male,54953.69,North Robert
CUST02985,Dr. John Ramirez,42,Female,39439.33,New Michael
CUST08810,Corey Clark,61,Male,52594.67,Benjaminchester
CUST08909,David Jones,61,Male,58086.16,West Linda
CUST04568,Erin Williams,53,Female,33350.59,Samuelbury
CUST06413,Anthony Simmons,62,Female,57077.7,East Sandrabury
CUST06104,Cheryl Wade,28,Female,41511.57,Jacquelineside
CUST01640,Justin Stone,51,Female,67041.67,Williamsport
CUST00631,Joyce Brown,68,Male,44282.03,New Ian
CUST04084,Edgar Brown,56,Male,23502.05,Nicholsbury
CUST00840,Casey Perez,70,Male,79307.02,South Joystad
CUST08763,David Anderson,25,Female,58314.19,Emmaside
CUST02154,Andrew Anderson,33,Female,68397.79,Adamsview
CUST09391,Samantha Jackson,26,Male,39097.5,Port Joshua
CUST06901,Taylor Morales,57,Male,45231.04,Ericaton
CUST04095,Matthew Bartlett,62,Male,56430.49,Linshire
CUST02216,Christine Wong,25,Male,50222.5,Edwardsshire
CUST09231,Jeremy Cochran,40,Female,60201.39,South Brian
CUST08759,John King,66,Male,45739.61,West Christinafurt
CUST08136,Virginia Lynch,62,Female,44283.56,East Johnshire
CUST03306,Micheal Pugh,32,Female,79381.41,Medinachester
CUST06560,Sara Lawson,39,Male,46157.81,Kathleenport
CUST07713,Dawn Jones,45,Male,44399.66,East Brandon
CUST05646,Emily Brady,29,Female,44641.16,West Martha
CUST09228,Mark Rangel,57,Female,51310.31,Williamshaven
CUST06529,Lauren Coleman,62,Female,41067.43,Jenniferchester
CUST09443,Katherine Page,62,Female,67200.04,North Manuelside
CUST08701,Thomas Hamilton,27,Female,69095.69,Kimberlyborough
CUST04521,Jamie Lindsey,34,Female,46611.05,Cooktown
CUST09943,Erik David,64,Male,44009.22,Hayestown
CUST08179,Gregory Smith,57,Female,50288.51,Hartborough
CUST07235,Jordan Clark,49,Female,23012.42,Lake Staceyview
CUST00011,Jamie Arnold,28,Male,52797.62,Lake Matthewville
CUST02964,Tracy Harrington,47,Male,52960.93,Ryanbury
CUST04540,Justin Small,73,Female,45703.69,Rebeccafurt
CUST03071,Dr. Gregory Arnold,56,Male,59594.56,Janicebury
CUST03461,Mr. Eric Hall,34,Female,32315.59,East Ginaville
CUST02809,Christina Mccarthy,56,Female,53435.58,Codyland
CUST01290,Mr. Larry Shaw,50,Female,56886.82,Montgomeryfurt
CUST00887,Dana Ruiz,66,Female,40416.48,Lake Bryan
CUST03276,Ashley Ruiz,56,Male,27243.76,Stonetown
CUST03866,Steven Anderson,53,Female,27698.99,South Mistyburgh
CUST04083,Mathew Myers,68,Male,44779.36,East Stephenton
CUST07587,Susan Mora,43,Male,45155.49,Webbstad
CUST02022,Richard Schneider,60,Female,36803.05,Nicolefort
CUST03814,Pamela Jordan,52,Male,53460.71,Stewartland
CUST06911,David Ayers,59,Male,29507.49,East Stephanie
CUST06240,Matthew Valencia,69,Female,32832.76,Jenniferville
CUST00600,Casey Gillespie,33,Female,53912.72,North Cristinaville
CUST02231,Johnny Mcmillan,62,Male,69785.64,Dorothymouth
CUST08140,Frank Davis,56,Female,32376.36,Donaldview
CUST05276,Taylor Acevedo,21,Female,57904.52,East Curtis
CUST06986,James Rivera,72,Female,58669.98,South Jessicashire
CUST06729,Zachary Huff,51,Male,48109.34,Kimport
CUST06595,Richard Beasley,64,Female,50369.26,Timothystad
CUST04791,Gail Johnson MD,70,Male,44341.75,East Timothyborough
CUST07070,Timothy Blair,46,Male,48147.21,Port Abigailton
CUST08761,Brooke Allen,43,Female,51892.52,Port Jenniferside
CUST02675,Joshua Murray,64,Male,26719.27,New Cassandrachester
CUST01343,Kyle Black,41,Male,46557.0,North Annland
CUST01930,Kara Roberts,20,Male,26725.95,Port Emily
CUST01816,Elizabeth Ferguson,61,Male,64071.37,Bentonshire
CUST02042,Wesley Jensen MD,70,Male,26598.34,Foxland
CUST03556,Angela Ramos,62,Male,34190.91,South Johnmouth
CUST03347,Amanda Love,59,Female,49391.8,Yolandaton
CUST06715,Mary Mathews,29,Male,75273.18,Christopherstad
CUST02013,Ryan Alvarez,41,Male,53924.52,West Aaronbury
CUST01940,Jorge Lee,52,Female,40711.4,Websterbury
CUST04015,Mrs. Jacqueline Jackson,39,Male,50238.39,South Timothy
CUST04314,Jacob Hoover,66,Female,35248.71,Port Ericfurt
CUST00675,Larry Harris,29,Male,49600.69,Collinville
CUST05551,Dana Savage,33,Female,66766.81,Pricefort
CUST01098,Stephen Cowan,68,Female,60310.15,Toddhaven
CUST02446,Mary Pugh,33,Male,46689.52,New Trevor
CUST01981,Ashley Stevens,41,Male,63662.78,Kingside
CUST02908,Kim Underwood,37,Male,64626.64,South Deniseton
CUST00391,Laura Mckinney,44,Male,39383.15,Paulshire
CUST00462,Riley Bryant,67,Female,83613.49,West Cynthialand
CUST01919,Jesus Jackson,70,Male,5000000.0,Port Brendafort
CUST06499,Maureen Carter,31,Male,52041.01,Roseport
CUST06311,Christina Mullen,42,Female,39951.41,Theresaburgh
CUST05067,Christine Parker,43,Female,46636.77,East Luke
CUST09483,Michelle Dominguez,26,Male,25532.42,Port Patrickland
CUST07803,Jay Hall,60,Male,22331.75,North Brandon
CUST07243,Jeremy Brown,43,Male,22929.62,Jenniferborough
CUST00496,Austin Osborne,60,Female,56737.5,
CUST01250,Matthew Hunt,28,Female,43973.74,Haydenport
CUST03712,Charles Baker,26,Female,,Michaelmouth
CUST03211,Ronald Santos,45,Male,58878.97,Knightville
CUST07917,Marc Brown,72,Female,58239.13,East Michael
CUST03128,Paige Collins,46,Female,55662.42,Elizabethside
CUST04452,Brian Allen,60,Female,66155.64,East Adam
CUST09687,Janice Smith,54,Male,41718.75,Lake Natalie
CUST07382,Dale Bartlett,46,Male,45983.69,West Jimmyside
CUST06768,Mary Johnson,23,Female,41830.42,New Josephhaven
CUST06127,Jacqueline Turner,24,Female,64569.4,New Cole
CUST00077,Megan Young,59,Male,55810.16,Lake Richardhaven
CUST00405,Madison Weber,34,Male,57965.55,Norriston
CUST01181,Christina Weber,47,Female,45256.58,East Alex
CUST02633,Victoria Juarez,25,Female,61947.52,Debrahaven
CUST01157,Heidi Brown,47,Male,35519.89,West Cody
CUST00494,Meghan Cisneros,32,Male,47211.12,Stacyville
CUST00110,Richard Rodriguez,18,Male,66988.33,Ryanmouth
CUST00055,Michael Lewis,67,Female,37720.05,Mcdonaldchester
CUST01287,Matthew Houston,50,Male,57276.43,North Angela
CUST00755,Rachel Jones,65,Female,52800.7,Huffmanberg
CUST06566,Sandra Ingram,69,Male,55932.89,West Michael
CUST06129,Thomas Carr,18,Male,66201.82,Hernandezshire
CUST06435,Gregory Hale,25,Male,48576.12,Christopherborough
CUST04654,Mariah Perry,73,Male,28972.16,North Shirleymouth
CUST05019,Dorothy Anderson,54,Male,68074.71,West John
CUST01125,Peter Williams,64,Male,19255.99,Tuckermouth
CUST08172,Shannon Ryan,47,Male,53763.36,Lake Paul
CUST05325,Yvette Marks,54,Male,43790.2,Lake Christinaburgh
CUST07511,Philip Hodges,49,Female,72137.0,Glendashire
CUST05714,Dean Harris,35,Female,,Rogersshire
CUST01050,Alejandro Deleon,62,Male,65811.5,East Ashley
CUST01740,John Vaughn,61,Male,44721.55,South Catherine
CUST05234,Joseph Hill,53,Female,39245.99,West Jennifer
CUST03897,Nicholas Gomez,41,Female,53511.43,East Briantown
CUST09789,Richard Brooks,19,Female,33789.57,Graytown
CUST06471,Donald Mays,32,Male,70872.63,Lake Matthew
CUST00164,Michael Powell,43,Female,41339.42,Port Keith
CUST03584,Aimee Fisher,61,Male,77408.28,South Tracytown
CUST04409,Joseph Murphy,74,Female,24954.35,Lake Michelle
CUST08866,Frank Arnold,49,Female,26405.49,Greershire
CUST06427,Faith Smith,34,Male,51141.58,Gloriaport
CUST02889,Ashley Jackson,37,Female,22137.17,Port Darrellside
CUST04080,Daniel Stewart,34,Male,40680.27,South Robertport
CUST04951,Samantha Morrow,73,Female,45878.39,Peterborough
CUST07251,Jonathan Stanley,56,Female,62182.91,North Christopher
CUST03560,Keith Horton,37,Female,75619.23,Montgomeryville
CUST09437,Samuel Prince,23,Female,71670.33,West Meganville
CUST03364,Timothy Walker,39,Female,71924.51,Judithview
CUST01667,Alexander Webb,57,Female,72038.38,Calebside
CUST08978,Scott Wade,43,Female,39904.97,Scottport
CUST06256,Kimberly Taylor,25,Male,35516.87,Colinstad
CUST06578,Tony Thomas,45,Male,58923.3,East Kimberly
CUST04342,Bryan Lopez,30,Female,30288.63,Jonesborough
CUST09858,Randy Fernandez,43,Male,31319.29,East Barbarafort
CUST00038,Elizabeth Fowler,64,Male,51807.97,Joshuaton
CUST00352,Kerry Chavez DDS,42,Female,53683.01,Lake Tylerfurt
CUST05119,Richard Yoder,65,Female,47211.18,West Kevin
CUST06308,Brittany Johnson,26,Female,40674.33,Carlsonbury
CUST01858,Erika Maxwell,46,Female,57124.31,Port Russellfort
CUST02422,Patricia Hernandez,56,Female,78250.01,New Andrew
CUST09737,Anna Frey,29,Male,34639.92,Kennethville
CUST02795,Patrick Santana,27,Female,50902.13,North Alexandriaborough
CUST00328,Jeremy Sampson,58,Male,54595.59,Jameston
CUST06989,Nicholas Eaton,29,Female,44658.64,Hortonfurt
CUST05753,Amber Crawford,27,Female,55104.39,Richardborough
CUST08591,Douglas Ferguson,19,Male,60377.32,Weberbury
CUST06692,Shirley Lucas,25,Female,40558.27,Port Samantha
CUST09261,Bradley Brown,18,Female,46409.85,Myersmouth
CUST01696,Michael Ortega,66,Female,29782.78,Romanbury
CUST04970,Timothy Howard,46,Female,62897.29,Rachelburgh
CUST03294,Steven Haas,39,Male,49864.17,West Davidmouth
CUST08648,Kristin Brandt,34,Female,62927.81,Smithborough
CUST03010,Carol Gray,21,Female,13576.48,Laneborough
CUST04704,Erika Jenkins,19,Female,23859.6,Wintersport
CUST01275,Jonathan Bates,62,Male,43623.58,Lake Sean
CUST01548,Christopher Campbell,54,Male,50221.45,West Richardmouth
CUST04164,Ashley Cochran,37,Female,75719.02,Seanberg
CUST08075,James Parsons,22,Male,,Martinshire
CUST05790,John Moore,34,Male,59161.07,North April
CUST03533,Michael Chandler,41,Female,38426.2,Pacemouth
CUST05976,Debbie Koch,32,Male,34011.75,Danielsport
CUST04050,Cassandra Wood,31,Female,53720.76,Ramosbury
CUST07805,John Mendoza,64,Female,62834.77,South Jenniferview
CUST02901,Karen Jones,57,Male,54802.4,West Loribury
CUST03643,Melissa Sanchez,68,Male,52767.64,New Alison
CUST03504,Sandra Smith,66,Male,37705.68,North Lauraport
CUST07853,Renee Farmer,72,Female,44178.61,South Allison
CUST03922,William Lozano,69,Male,42540.78,Lake Meghanmouth
CUST00618,Emily Wilson,20,Female,62640.98,Luishaven
CUST05030,Joseph Cruz Jr.,71,Female,49921.57,South William
CUST07619,Shelby Wood,43,Male,75679.92,Trujilloville
CUST07105,Kiara Sexton,64,Female,28363.37,Dalemouth
CUST08571,Daniel Morton,23,Female,70689.68,Davidmouth
CUST06446,Christian Rodriguez,72,Female,41316.17,East Rhondafurt
CUST05438,Kayla Moore,52,Male,37288.25,Port Marciaport
CUST00849,Brittany Jenkins,54,Male,44870.41,Lake Tanya
CUST00975,Cynthia Haas,51,Female,43104.53,Cameronview
CUST00900,Danielle Smith,18,female,62378.99,Lake Stephaniefurt
CUST08078,Tyler Williams,37,Male,49765.57,West Heatherberg
CUST09712,Cathy Thomas,74,Male,35048.88,South Nicholaston
CUST03144,Colleen Brown,65,Female,30221.01,West Victor
CUST08400,David Norton,59,male,56107.54,West Andrew
CUST07578,Lauren Howell,18,Female,38781.01,East Diane
CUST00879,Richard Adams,72,Female,72540.96,Kimland
CUST00712,Timothy Edwards,69,Female,48963.01,West Jonathon
CUST07592,Brandon Graves,67,Female,,South Katie
CUST08779,Jon Martinez,71,Male,60950.54,Cantuburgh
CUST06825,Krista Curtis,34,Male,51497.74,Lindseychester
CUST01761,Timothy Moore,25,Male,61489.95,Guerreromouth
CUST01872,Nicholas Fitzgerald,56,Female,80414.32,Lake Kellyhaven
CUST08748,Kenneth Howell,50,Female,37353.42,Lake Raymondfurt
CUST00468,Katie Mcneil,53,Male,39116.24,Josephborough
CUST08093,Robert Jenkins,65,Female,41387.85,North Kathleen
CUST03583,Michael Soto,43,Female,38462.72,Port Michelleborough
CUST01481,Christina Washington,57,Male,43658.26,Clarkmouth
CUST02935,Paul Hansen,18,Female,67399.56,Karinaberg
CUST08725,Deanna Choi,26,Female,52614.33,Stevefurt
CUST03737,Susan Larsen,72,Female,60473.76,East Davidport
CUST02044,Russell Bailey,56,Female,62632.5,Port Jeffreyshire
CUST08896,Brian Pacheco,28,Male,46470.93,West Daniel
CUST07458,William Martinez,31,Male,39197.72,Greggborough
CUST05223,Kayla Williams,65,Female,56736.17,Nicolechester
CUST01405,Eddie Adams,31,Male,34068.66,West Amy
CUST02682,Ronald Clark,32,Male,41287.08,Washingtonview
CUST00951,Sarah Thompson,47,Female,28011.01,Cynthiachester
CUST09323,Catherine Griffin,66,Female,58853.98,Jameschester
CUST09253,Timothy Wilson,45,Male,58362.79,North William
CUST01896,Brian Mendoza,74,Male,35953.75,West Jeffrey
CUST01156,Christine Powers,28,Female,47428.34,Doyletown
CUST03056,Ashley Campbell,33,Male,44324.89,New Bryanborough
CUST06966,Brett Rogers,74,Female,15456.02,West Ruthland
CUST05730,Taylor Stark,51,Female,45546.94,Rebekahton
CUST06258,Jay Peck,47,Male,46901.24,Lake Noahton
CUST01559,Harold Garrett,31,Female,42169.36,East Tammyburgh
CUST05117,Alexander Martin,65,Male,80270.47,Monicaborough
CUST05158,Patrick Bush,74,Male,38004.48,Juanmouth
CUST03229,Katherine Contreras,72,Female,36285.79,Grayton
CUST01920,Michelle Mitchell,68,Male,38689.41,Briannaborough
CUST06442,Jordan Mason,66,Female,52778.52,West Curtistown
CUST02520,Keith Long,61,Female,78530.01,Kathrynburgh
CUST00791,Cody Reid,74,Male,61304.54,Zhangview
CUST08210,Henry Parker,68,Male,58356.86,Jenniferhaven
CUST08414,Sarah Banks,73,Male,57998.22,South Phillip
CUST02851,Stephen Ho,71,Female,50669.31,Williamstad
CUST07088,Kevin Carrillo,30,Female,56458.97,New Kayla
CUST04747,Teresa Allen,70,Male,23039.84,Meyerland
CUST00564,Molly Watts,22,Female,33847.14,East Jose
CUST04127,Emily Winters,19,Male,27722.75,North Michael
CUST05027,Allison Gilbert,27,Female,43289.19,Richardsborough
CUST01030,Douglas Vasquez,68,Female,45657.3,Frederickmouth
CUST04509,Darren Gonzales,20,Female,62301.29,New Audreyport
CUST05387,Alexis Wells,35,Female,56124.64,Sarachester
CUST03667,Michael Chambers,38,Female,44348.98,New Larry
CUST01131,Mariah Robles,66,Male,25497.39,West Vickie
CUST08490,Tammy Edwards,65,Female,32898.37,Sethport
CUST00210,Christopher Smith,74,Male,45073.72,Reynoldsbury
CUST00524,Krista Martinez,36,Female,37363.41,
CUST02367,Jennifer Woodard,37,Male,69276.74,East Richard
CUST02755,Nicolas Brown,41,Male,50704.2,Duffyton
CUST08980,Tiffany Gentry,55,Male,46828.15,South Anitaland
CUST00051,Danny Morgan,35,Female,36427.22,North Leahberg
CUST02729,Robert Young,21,Male,52702.38,Patrickside
CUST06829,Gina Cunningham,18,Female,56586.47,New Sonya
CUST04914,Richard Riley,63,Male,61544.49,Lovebury
CUST03860,Amber Bennett,74,Female,63101.25,Olsenshire
CUST01781,Alexander Davis,49,Male,45306.9,Maryberg
CUST05054,Connie Neal,34,Female,42694.11,Port Victoriastad
CUST08256,Hunter Miller,59,Female,53076.65,Goodmantown
CUST06015,Justin Brown,35,Male,43915.63,North Bethany
CUST07846,Stephen Smith,37,Male,68478.64,North Mary
CUST06853,Michael Coleman,20,Male,28737.59,Joeburgh
CUST00674,Zachary Mendoza,54,Male,34935.92,Sandrafurt
CUST01556,Judith House,52,Female,41212.78,Port Michaelhaven
CUST03022,Ashley Banks,37,Female,64981.78,Port Makayla
CUST08731,Marcia Flowers,54,Male,68282.31,Stevenfort
CUST02565,Virginia Hall,50,Female,49217.12,Sanderston
CUST05059,Tiffany Hansen,37,Male,64585.47,South Jennifer
CUST03206,David Hunt,27,Female,40891.87,Munozhaven
CUST07825,Thomas Sellers,37,Male,53946.82,South Teresaberg
CUST07441,Antonio Woods,68,Male,40898.14,Lake Christopher
CUST00560,Nancy Evans MD,74,Female,44502.9,Perezstad
CUST06441,Andrew Proctor,54,Male,54980.3,East Debrashire
CUST03609,Stephanie Weiss,59,Male,55239.57,Holmesbury
CUST04715,Danny Harris,62,Female,82140.61,Lake Lindatown
CUST03233,Matthew Barry,53,Female,52727.39,Pamelahaven
CUST04693,Belinda Fisher,52,Female,52726.66,East Kimberlybury
CUST03120,Vanessa Morris,21,Female,55493.46,North Brandonville
CUST08362,Shelia Moore,22,Male,55673.36,West Matthew
CUST09649,Zachary Nelson,20,Male,52564.93,West Natalieville
CUST09396,Molly Graves,69,Female,,East Scottport
CUST06417,Mrs. Nancy Schaefer,37,Female,61171.8,Gonzalezstad
CUST07944,Julie Martinez,40,Male,34889.79,Esparzaport
CUST00569,Michael Johnson,69,Male,59771.15,East Zacharymouth
CUST05636,April Wallace,20,Female,43585.26,Port Harry
CUST09742,Dustin Potter,74,Male,61681.29,Angelport
CUST09357,Kayla Bennett,62,Female,28778.54,West Mackenzieside
CUST03830,Devin Mayer,47,Male,46823.47,Navarrohaven
CUST06760,Tim Jackson,43,Male,57108.17,Michaelfort
CUST04465,Julie Johnson,47,Male,52837.05,Port Brendaburgh
CUST04864,Carl Harper,24,Male,20294.91,South Tammy
CUST02455,Stacey Clark,37,Male,52638.29,North Larrytown
CUST03844,Sara Hamilton,56,Female,64206.08,New Deniseland
CUST09488,Ashley Bowen,53,Female,54081.25,New James
CUST05210,Douglas Santos,59,Female,40540.32,
CUST01486,Steve Miller PhD,30,Male,28104.86,Lake Meganshire
CUST08086,Victor Ruiz,59,Female,55877.84,Jonathanport
CUST03725,Bridget Carter,33,Female,56010.44,South Katherinetown
CUST06620,Tyler Richard,44,Female,49156.35,
CUST09082,Ricky Tran,70,Female,44192.26,Craigville
CUST03291,Nancy Tran,61,Male,46669.64,Martinezton
CUST06742,Gerald Mason,18,Male,73225.13,Kristinview
CUST02453,Erin Brown,18,Male,71849.24,Port Katherinechester
CUST05238,Jeffery Jordan,19,Male,38223.38,Lake Melissaburgh
CUST09937,William Robinson,33,Female,49745.41,Lake Debraside
CUST02663,Pamela Burke,40,Female,68923.76,West Ryan
CUST03357,Lisa Martin,19,Female,36676.25,East Michellefurt
CUST09910,Kathleen Flores,55,Male,48972.72,Tammyberg
CUST04769,Tonya Richards,29,Male,55969.84,Johnsonville
CUST02597,Timothy Bentley DVM,55,Male,48723.62,Phillipsburgh
CUST00399,Hannah Luna,22,Female,45343.51,East Courtneybury
CUST00263,Diane Evans,72,Male,40498.61,New Tashastad
CUST02664,Jamie Love,23,Female,52553.14,Sarahbury
CUST03036,Lindsay Rogers,51,Female,39561.9,Port Angelahaven
CUST02992,Benjamin Sullivan,31,Female,41598.6,West Kaitlynport
CUST08243,Kathleen Odonnell,62,Male,40768.93,Richardsonside
CUST05469,Terri Cisneros,65,Male,76598.61,Evansland
CUST09954,Dr. Phillip Anderson,55,Male,61359.9,Garzahaven
CUST00106,Sharon Cherry,58,Male,47138.26,New Annashire
CUST08740,Makayla Reynolds,63,Female,68901.69,West Debra
CUST03522,Erica Huang,71,Male,47593.71,Lake Dustin
CUST05571,Melanie Brown,63,Male,37474.88,West Alison
CUST03213,Mr. Antonio Yang,48,Female,53790.52,Port Erikashire
CUST08776,Tyler Huynh,66,Male,64167.31,Emilystad
CUST05321,Marcus Brown,73,Male,53960.46,New Janet
CUST07237,Mr. Thomas Garcia,42,Male,32610.52,Rodriguezshire
CUST00520,Amy Martinez,47,Female,36581.86,Melissatown
CUST08721,Ronald Villegas,73,Female,61550.26,Kennedyborough
CUST07525,Leslie Torres,64,Male,56931.52,Madisonport
CUST04287,Tammie Castillo,70,Male,,Hartbury
CUST01812,Lydia Howard,31,Male,40799.8,Rubenview
CUST05901,Kristi Jordan,36,Male,40894.88,Harveystad
CUST09746,Joshua Brown,62,Male,66175.8,Meganfort
CUST07970,Anthony Christensen,65,Male,59590.05,Walterberg
CUST07696,Kelly Beck,51,Female,54938.92,East Shawn
CUST06085,Malik Washington,28,Male,36095.63,North John
CUST04362,Michael Price,34,Male,45052.96,New Jasmin
CUST07390,Richard Long,18,Female,54119.39,Littleborough
CUST09405,Michael Hurst,31,Female,67448.19,Port Anne
CUST00767,Haley Johnson,48,Male,46012.14,South Kimberly
CUST03543,Yolanda Chen,31,Female,37936.99,Sototon
CUST00590,Laurie Sanchez,27,Female,55724.14,Brownside
CUST07471,Vicki Harper,55,Female,54446.92,Millston
CUST06368,Jennifer Allen,25,Female,25640.16,East Michaelside
CUST02969,Shawn Santos,24,Female,45451.72,Justinton
CUST00009,Ryan Munoz,40,Male,23460.63,East Kayla
CUST09013,Jonathan Miller,59,Female,50001.2,Andrewborough
CUST03362,Amanda Barber,69,Male,41627.58,South William
CUST00758,Heather Woodard,39,Female,37938.67,Port Elizabethton
CUST09292,Kaylee Lewis,48,Male,29998.84,North James
CUST01830,Erika Daugherty,66,Male,57458.56,Corystad
CUST03599,Rebecca Ellis,68,Male,62510.49,Carolmouth
CUST01848,Randy Hopkins,72,Female,65599.73,Jonathanshire
CUST07477,Christopher Powell,57,Female,44826.63,Helenfurt
CUST05863,Michael Walker,20,Female,12198.49,Jeanneside
CUST03009,William Fisher,51,Female,46843.61,New Jeffreychester
CUST07745,Dana Hanson,55,Male,48114.12,Kimberlyfort
CUST08690,Frank Martinez,67,Male,50537.0,East Lukefurt
CUST06885,Anthony Werner,62,Female,52795.02,East Timothy
CUST09844,Mr. William Miller,44,Female,42407.93,New Davidbury
CUST00529,Angel May,43,Male,71047.14,Port Andreahaven
CUST05527,Vanessa Bishop,37,Male,56847.32,Wesleyfurt
CUST06103,April Wiley,31,Female,18330.59,East Deniseton
CUST01985,Gloria Mckinney,22,Female,35784.31,New Jeffreyview
CUST07639,Eileen Snyder,40,Male,64691.37,New Bryce
CUST04419,Roger Holmes,68,Male,78609.2,West Peterport
CUST00792,Maria Cooke,66,Male,,Lake Larrymouth
CUST03666,Joel Newton,57,Male,53269.2,Williamsbury
CUST06514,Brooke Allison,48,Male,53130.39,Kathleenville
CUST08483,John Gibson,68,Male,66337.99,Kellyfort
CUST01324,Jack Moore,50,Female,75033.59,Richardbury
CUST02697,Brittany Clements MD,64,Male,67324.7,Bellstad
CUST06375,Natalie Perkins,45,Male,,Alexisland
CUST07537,Alex Ramirez,47,Male,46154.57,East Angelaview
CUST07847,Margaret Smith,71,Male,51539.09,Charlestown
CUST04150,Joseph Moon,19,Female,62970.09,West Markview
CUST07026,Monique Diaz,57,Female,31892.41,Allenborough
CUST08384,Stephen Carr,63,Male,25564.99,North Jennifer
CUST00651,Amber Yang,46,Female,66394.99,Andreachester
CUST06999,Mitchell Jordan,52,Male,61501.74,New John
CUST04255,Valerie Morgan,25,Female,36666.68,Curtisport
CUST07365,Dana Stanley,62,Female,55785.39,
CUST00249,Kimberly Gutierrez,71,Male,23684.07,Shawside
CUST03801,Stephen Lopez,39,Male,75726.56,Randallshire
CUST04283,Darlene Dixon,68,Female,57406.79,Michaelhaven
CUST00245,Donna Landry,66,Female,43721.1,Tylerbury
CUST03226,Robert Sandoval,58,Male,29504.86,Port Elizabethport
CUST00579,David Grant,50,Male,64061.43,Martinbury
CUST07175,Matthew Robinson,18,Female,50426.23,Hendrickston
CUST03750,Lauren Marshall,49,Female,56633.59,Johnsland
CUST01213,Jonathan Perry,30,Female,55616.84,Daisyburgh
CUST03191,Kevin Miller,28,Male,45012.21,New Frank
CUST03511,Shawna Silva,21,Female,53111.54,Daltonport
CUST02939,Brian Miller,40,Female,39044.94,Port Chadfurt
CUST07142,Marcus Patrick,49,Female,69176.56,Martinhaven
CUST08783,Patrick Anderson,46,Male,66269.07,South Carmen
CUST08305,Patrick Sullivan,49,Male,47650.05,Underwoodland
CUST01123,Andrew Roberts,64,Female,49182.83,East Cindytown
CUST09281,Anna Villanueva,26,Female,39483.78,
CUST09823,Kristen Watts,71,Male,76811.32,West Christopherbury
CUST06604,Lisa Salazar,42,Female,47271.64,Lake Matthewhaven
CUST07531,Anthony Rivera,36,Female,53775.47,Port Terri
CUST03070,Teresa Adams,55,Female,68621.45,South Alexandria
CUST09343,David Johnson,34,Female,43336.86,East Beth
CUST05911,David Hayes,33,Male,40870.22,Dustintown
CUST01033,Debra Butler,22,Male,63753.97,Tamaratown
CUST03513,Joshua Hopkins,56,Male,49286.12,Port Debbietown
CUST07951,Frank Robinson,64,Male,51518.69,New Alexandria
CUST02681,Michael Bennett DVM,68,Male,49670.73,West Sandramouth
CUST04592,Jennifer Fletcher,48,Male,60646.39,East Cassidyfurt
CUST05895,Lacey Morrow,56,Male,89868.83,East Christophertown
CUST00534,Anthony Gonzales,70,Male,46665.21,Rebeccamouth
CUST05538,Brenda Bradley,50,Female,66817.77,Lake Michael
CUST08295,Richard Harmon,25,Female,36838.59,West Jamesport
CUST04170,Julia Marks,55,Female,35134.54,East Kimberlyfurt
CUST00207,Cathy Robinson,18,Male,42574.7,Stoneland
CUST06538,Richard Graham,41,Female,72080.2,Port Julie
CUST06116,Jeffrey Weaver,61,Male,42501.25,Port Nathantown
CUST08095,Steven Davis,26,Female,48963.83,Westview
CUST04211,Dylan Young,20,Female,45169.87,South Carriemouth
CUST02911,Cynthia Smith,35,Female,62405.41,Moorebury
CUST09393,Emily Martin,22,Male,65888.74,Leonardland
CUST00710,Anthony Jones,29,Male,36002.38,Brandonfort
CUST06631,Mitchell Merritt,51,Male,31925.63,Port Brookeshire
CUST03282,Sue Warner,38,Male,56757.26,Port Mary
CUST01204,Michael Lopez,29,Male,61166.05,South Benjaminberg
CUST02879,Noah Morgan,59,Male,49715.78,Lawsonchester
CUST04931,Gregory Russell,61,Female,29769.29,Lake Isaacside
CUST09389,Kevin Robinson,38,Female,33703.22,Earlshire
CUST04737,Jeffrey Hart DDS,53,Male,62375.73,North Devontown
CUST06630,Courtney Morgan,64,Female,33405.75,West Peterfurt
CUST01073,David Stokes,73,Female,53511.15,Karenfurt
CUST08161,Lisa Bowman,42,Male,,East Kristenfurt
CUST01551,Samuel Keller,50,Male,68467.96,Jorgemouth
CUST01238,Angel Reilly,55,Male,33716.07,Port Robert
CUST07497,Larry Wilson,63,Male,48035.11,West Chad
CUST00983,Sean Curtis,72,Male,75261.61,North Rebeccatown
CUST02375,Alejandro Campbell,70,Female,47810.43,New Keith
CUST01576,Jennifer Jenkins,27,Female,53828.57,Jonesbury
CUST08071,Michelle Sullivan MD,32,Male,80279.29,Theresatown
CUST05661,Daniel Anderson,49,Female,64306.28,South Rhondaton
CUST00443,Holly Valentine,40,Female,48086.1,West Shane
CUST01606,Jesse Wright,70,Female,70826.31,West Samuelmouth
CUST02333,Allison Kim,72,Male,64414.61,Millerchester
CUST07225,Sharon Barajas,62,Female,51460.11,North Theresa
CUST07753,Michelle Caldwell,37,Male,37493.13,New Heatherton
CUST05633,Stacey Thomas,38,Female,41672.42,North Maryville
CUST09048,John Gallegos,35,Male,26640.05,Contrerasmouth
CUST00308,Kiara Mcintyre,48,Female,73328.62,East Michael
CUST07336,Cassidy Paul,69,Female,62104.7,East Jacksonburgh
CUST05474,Elizabeth Miller,51,Female,36570.75,West Erik
CUST00030,Rebecca Henderson,61,Male,34358.23,Melissaview
CUST08148,Lisa Scott,28,Female,43852.9,New Ryanchester
CUST05981,Kelly Romero,72,Male,76927.74,South Michael
CUST06555,Daniel Mendoza,72,Male,66526.34,East Whitneyburgh
CUST06480,Sarah Fields,47,Male,30708.8,Daniellemouth
CUST04684,Lynn Smith,65,Male,56829.61,Pearsonside
CUST05827,Cody Woods,20,Female,49093.93,North Adamland
CUST09998,Louis Armstrong,46,Male,53944.42,South Amanda
CUST06414,Bradley Hoffman,59,Male,57410.5,North Michaelchester
CUST04184,Katie Mitchell,32,Female,72143.78,Lake Hannahchester
CUST05479,Joseph Smith,18,Male,48621.6,North Allison
CUST02021,Micheal Perkins,30,Female,69541.75,East Joseph
CUST01168,Timothy Monroe,53,Male,63334.35,Aaronview
CUST03158,Lauren Freeman,66,Male,50284.46,New Susan
CUST07061,Jessica Graham,69,Male,42490.29,Port Philipchester
CUST05080,Carlos Kirk,51,Female,45576.06,East Ritaberg
CUST06396,Stanley Le,27,Male,51779.35,Matthewstown
CUST00709,Sean Clay,52,Male,68360.39,
CUST01075,Brandon Kelly,31,Male,63726.97,South Williamport
CUST07506,Julie Allen,74,Male,87699.9,Ashleyland
CUST09840,Ronald Schwartz,41,Male,71463.18,East Zacharyland
CUST02590,James Dickerson,58,Female,33273.55,Debramouth
CUST09991,Willie Munoz,71,Female,56020.51,East Alexander
CUST03804,Allison Wilson,45,Male,,West Davidbury
CUST05362,Cassidy Carter,58,Female,66703.4,West Mark
CUST05711,Vincent Hays,54,Male,77444.12,Kennethtown
CUST02297,Brent Dawson,25,Female,46714.04,New Jeff
CUST04018,Shannon Sosa,20,Male,52977.62,Foxchester
CUST04742,Brent Scott,74,Female,34197.97,Joyceland
CUST09977,John Murray MD,74,Female,87423.47,Joseport
CUST09504,Joel Smith,42,Male,72865.31,Paulbury
CUST02559,Vicki Horton,29,Female,32855.09,Adamstown
CUST05672,Anthony King,38,Male,53449.53,Taylorville
CUST00649,Alexis Harris,62,Female,30401.81,Lake Scottfort
CUST01036,Samantha Robertson,59,Female,43582.28,Lake Justin
CUST06068,Julie Wallace,38,Male,52084.77,Bensonbury
CUST06033,Anne Martin,44,Male,47167.41,East Edward
CUST00784,Margaret Harper,25,Female,82936.75,North Tara
CUST08458,Kiara Stout,68,Male,64064.75,Fernandezfurt
CUST09829,Daniel Henderson,47,Male,30512.32,Port Paulabury
CUST06794,Patricia Hall,37,Female,76160.47,East Tracy
CUST03605,Michael Hale,50,Female,33810.46,New Elizabethton
CUST06940,John Kennedy,31,Male,43615.92,Elizabethburgh
CUST08638,Christopher Bell,59,Male,51444.16,North David
CUST09448,Trevor Lopez,58,Male,78302.15,East Reneeview
CUST04739,Christine Gutierrez,60,Female,62338.25,New Katherine
CUST01545,Deanna Webb,71,Female,56382.65,Walkerview
CUST04375,Alicia Warren,71,Male,70995.28,Andersonburgh
CUST02416,Andrea Clarke,31,Male,42508.91,Barnesstad
CUST08251,Dean Evans,24,Female,52451.41,North Kylechester
CUST02233,Corey Cooper,50,Male,67089.27,Lake Christophermouth
CUST06326,Anthony Good,49,Female,75712.46,Seanshire
CUST05764,Amber Johnson,18,Female,61046.02,Royport
CUST04986,Susan Figueroa,53,Female,46719.82,Bradleyport
CUST03869,Christina Robinson,56,Female,46834.14,New Kurtfort
CUST05974,Scott Hernandez,56,Female,48559.55,Villanuevamouth
CUST01719,Jessica Haas,60,Male,43131.23,Ericborough
CUST05947,Julia Parsons,29,Male,31476.01,Jessicaburgh
CUST03153,Ethan Jones,72,Female,61999.66,Port Tamara
CUST05969,Darlene Kelly,44,Male,62984.84,Hamptonview
CUST04144,Chase Haney,58,Male,55069.76,Diaztown
CUST05530,Spencer Manning,56,Female,56755.88,New Erikchester
CUST05419,Mark Johnson,27,Male,57875.7,South Jeffreybury
CUST06869,Manuel Smith,56,Female,55454.07,Lake Steven
CUST03564,Claudia Brooks,38,Male,8428.71,Port Bruce
CUST03651,Jessica Wilson,27,Female,69911.48,West Matthewbury
CUST01911,Dorothy Brown,42,Female,39116.65,Sarahshire
CUST08937,Heather Meadows,34,Male,40635.53,North Andrea
CUST02236,Bonnie Carter,25,Female,52562.14,Blackstad
CUST09113,Tracey White,41,Male,72930.07,West Amanda
CUST00072,Brittney Phillips,57,Male,55311.12,West Sergio
CUST08051,Kathryn Simmons,59,Female,44867.26,Melissaville
CUST09827,Tracy Howard,45,Female,52882.74,Lake James
CUST02114,Samantha Hale,23,Female,47765.65,Port Vickistad
CUST02670,Tiffany Ray,38,Male,31287.0,East Andrewmouth
CUST04816,Lisa Buchanan,24,Male,68339.28,North Nicoleport
CUST06666,Jacqueline Figueroa,41,Male,54022.12,Kylehaven
CUST04786,John Massey,57,Male,,West Heatherborough
CUST06522,Robert Pierce,40,Female,73872.51,
CUST01659,Andre Terrell,59,Male,66125.47,North Laura
CUST02828,Stephen Anderson,50,Male,34594.84,Lake Steven
CUST04094,Mark Elliott,63,Female,67314.48,North Destinyport
CUST08189,Douglas Fuller,62,Female,40251.18,Jenniferside
CUST05140,Matthew Mclaughlin PhD,41,Male,49980.31,Port Christian
CUST05579,Robert Ellison,60,Female,53615.52,South Alyssa
CUST05161,Nicole Bright,54,Female,64364.3,Sarahton
CUST06571,Norman Porter,72,Female,69623.79,Smithville
CUST06967,George Williams,63,Male,21269.48,Lake Loribury
CUST03105,Michael Gibson,70,Male,54480.16,Taylorstad
CUST00583,Denise Martinez,27,Male,54881.79,New Lauriebury
CUST01166,Jenna Bryant,57,Female,43146.37,Kimberlyton
CUST02215,Alan Waller,41,Male,77661.79,Lake Miguel
CUST03731,James Grimes,60,Female,46158.26,New Jessicamouth
CUST06117,Wanda Reynolds,22,Female,19522.33,Josephfurt
CUST03512,Marcus Powell,56,Male,61770.52,North Connor
CUST08688,Christopher Blankenship,34,Female,34736.21,East Joshuabury
CUST07875,Rachel Flores,41,Female,69825.18,Kevinstad
CUST02430,Lisa Barnes,54,Male,39114.74,Perezville
CUST06241,Cynthia Freeman,32,Female,46857.99,New Christopherhaven
CUST04735,Erika Hodge,71,Female,59551.64,North Barbara
CUST08884,Paula Roberts,54,Female,35606.42,Gregorymouth
CUST04322,Maria Hayes,20,Male,64246.27,North Anthonyborough
CUST05588,David Potter,35,Male,47521.52,Lake Rebecca
CUST01701,Rebecca Nguyen,51,Male,61630.07,Michaelmouth
CUST00595,Sherry Woods,22,Male,62174.3,West Jacobport
CUST02445,Elizabeth Allen,31,Female,,West Mariemouth
CUST03397,Theresa Davis,38,Male,,South Victoriastad
CUST01821,Brittany Riley,60,Female,76127.02,Barajaschester
CUST09826,Laura Sullivan,51,Male,44957.19,Gatesbury
CUST01562,Robin Johnson,63,Female,59853.33,Waterston
CUST01959,Kaitlyn Valdez,31,Female,43263.15,Waterston
CUST08105,Ashley Simpson,30,Female,32170.77,Adamstown
CUST09682,Angela Ward,41,Male,38607.72,North Adrianview
CUST06892,Mark Stephens,61,Male,38945.61,North Hollyton
CUST06386,Matthew Peters,49,Female,54339.1,West Emily
CUST06185,Kenneth Schmidt,72,Female,58429.56,Mosleyburgh
CUST03527,Kerry Ware,37,Male,,Millertown
CUST05812,John Stewart,58,Female,53492.35,Powellton
CUST06941,Adam Sanchez,50,Male,,North Robert
CUST02944,William Cunningham,23,Male,56198.54,Davidmouth
CUST07490,Ashley Bell,55,Male,31693.01,Port Sean
CUST09605,Nicholas Rollins,18,Female,51782.83,Riveramouth
CUST08700,Suzanne Luna,41,Female,77240.57,Barrytown
CUST08926,Amanda Rose MD,51,Female,45298.79,New Aaron
CUST03879,Christopher Thomas,40,Female,47678.61,Kevinton
CUST08999,Crystal White,23,Female,55889.14,East Jeremy
CUST02166,Sean White,52,Male,81370.69,Bennettfurt
CUST09296,Jessica White,68,Female,54020.74,Sarahland
CUST01298,Kenneth Brown,70,Female,46923.68,Genemouth
CUST06009,Anna Poole,57,Male,41307.77,West William
CUST04697,Michael Anderson,58,Male,39606.11,Port Henry
CUST06010,Jacqueline Phillips,46,Male,81003.62,Clarkchester
CUST04619,Robert Payne,22,Male,60951.3,Fletcherview
CUST08698,Kimberly Steele,72,Male,26980.96,Phillipstown
CUST03769,Joseph Garcia,72,Female,67058.59,Aliciaview
CUST07119,Rebecca Lee,39,Male,61762.16,East Matthewville
CUST01861,John Zamora,70,Male,67451.62,South Keithbury
CUST01793,John Mcfarland,70,Male,42693.6,Port Christina
CUST03664,James Spears,32,Male,62818.79,North Sarah
CUST08159,Eduardo Hart DDS,21,Female,74561.22,Port Cherylshire
CUST09043,Kelly Harris,37,Female,50874.49,North Melissaburgh
CUST02020,Ryan Hardy,58,Male,38432.37,New Jeremy
CUST07073,Lucas Jackson,23,Male,53855.4,Coreyborough
CUST02223,Amber Smith,47,Male,48845.06,Joycemouth
CUST01823,Kaitlin Hardin,43,Male,,South Mark
CUST07109,Patricia Fox,26,Female,32572.97,West Justin
CUST02706,Matthew Richardson,19,Male,52812.5,New Emilystad
CUST07117,Alexander Shelton,28,Female,21064.98,Gonzalezside
CUST03228,Dylan Contreras,42,Female,47609.54,New Marieville
CUST02283,Diane Davis DDS,57,Female,56942.45,North Richard
CUST05792,Mrs. Tonya Byrd,42,Female,38907.59,Port Tiffany
CUST09348,Michelle Kerr,47,Female,52486.29,North Sandraberg
CUST05352,Isaiah Terry,22,Female,65462.34,North Melaniestad
CUST07160,Luis Nelson,28,Female,59020.34,Port Michael
CUST07069,Melissa Johnson,69,Male,41422.78,Lake Josephstad
CUST03773,Tyler Zavala,20,Male,54525.1,New Deborahport
CUST07603,Dustin Hernandez,49,Female,43318.52,Wilsonmouth
CUST08227,Blake Norris,37,Male,35430.22,North Kellybury
CUST08438,Sandra Baker,57,Male,60454.97,South Raymond
CUST09394,Phillip Maddox,74,Male,51551.78,Johnsonton
CUST01484,Jacob Obrien,18,Male,66441.37,New Zacharyberg
CUST05820,Keith Lloyd,46,Male,34490.51,South Kathryn
CUST09168,Brittney Wheeler,48,Male,39280.27,Lake Hectorberg
CUST03443,Earl Romero,65,Female,54891.14,Port Marissa
CUST03707,Maria Ferguson,53,Male,62968.96,Charleschester
CUST07653,Megan Allison,47,Male,26526.88,South Hayley
CUST08710,Pamela Perez,35,Female,35625.69,Bowmanville
CUST00067,Carol Tucker,52,Male,76095.79,Brittanymouth
CUST01910,Gregory Wallace,51,Male,61137.9,Christopherborough
CUST01564,Mary Miller,33,Female,42507.53,Alexisland
CUST05433,Nicole Mcbride,71,Female,51053.91,North Katherine
CUST05515,Jennifer Sampson,26,Female,56458.31,Kennethtown
CUST03870,Tom Perez,26,Female,42895.32,Lake Henry
CUST00267,Colin Terry,73,Male,32073.04,Vanessaburgh
CUST04313,Natalie Mitchell,58,Male,60851.07,Tinaberg
CUST06587,Cassidy Johnson,41,Female,40671.17,Port James
CUST05854,Kenneth Watkins,19,Male,47228.7,South Gavinville
CUST04049,Shelly Rodgers,57,Male,30718.77,Rosehaven
CUST00480,Dawn Mullins,45,Male,52790.79,Williamport
CUST04481,Teresa Thompson,53,Female,61071.07,North Trevorhaven
CUST07434,Sarah Frost,36,Male,38285.77,West Martin
CUST08325,James Roberts,55,Female,49570.54,Christopherside
CUST00831,Richard Stevens,29,Male,44313.22,Elliottstad
CUST04450,Mr. Ryan Walker,46,Male,71529.32,Jasonton
CUST05471,Michael Graham,73,Male,90571.96,Lake Brettchester
CUST01262,Jessica Larsen,58,Male,50442.89,Port Joshua
CUST05372,Scott Wood,30,Male,41603.6,Tiffanystad
CUST09708,Kathleen Ruiz DVM,52,Female,49712.95,Pittsfort
CUST00512,Allison Spencer,52,Female,23655.99,Lake Victoria
CUST08717,Tracy Whitaker,21,Female,43264.37,Mannville
CUST04277,Jennifer Lopez,44,Male,66660.32,West Justin
CUST04600,Jennifer Townsend,29,Male,44455.92,West Lisa
CUST05480,Paige Jordan,66,Male,45479.55,Laurenstad
CUST08432,Steven Olson,20,Male,49512.93,Brittanyland
CUST04606,Lisa Salazar MD,46,Female,72041.83,Jeffreyberg
CUST00898,Kevin Snyder,58,Male,53891.5,Chavezfort
CUST00574,Daniel Nguyen,43,Female,29955.12,South Kara
CUST09474,Joshua Rice,19,Male,33693.43,Mcintoshbury
CUST01184,Erica Wilson,68,Female,37600.68,Port Patrick
CUST09381,Patrick Russell,25,Male,39348.88,Hoffmanfort
CUST05311,Allison Chavez,33,Male,68439.25,Marshallshire
CUST05488,Jessica Cox,18,Male,50680.86,Matthewport
CUST05561,Anthony Ward,30,Male,,Gainesbury
CUST04026,Eddie Bailey,58,Male,56675.47,Lovebury
CUST03288,Samuel Mata,63,Female,69420.48,New Leahfurt
CUST04917,Laura Sparks,55,Male,74441.06,Nicholasberg
CUST06202,Garrett Carpenter,37,Male,58036.63,South Davidbury
CUST04231,Amy Wright,54,Male,35984.52,Trujillofurt
CUST07664,Margaret Terry,26,Male,59418.99,Stephaniemouth
CUST00407,Jeremy Turner,45,Female,21106.23,Kinghaven
CUST05910,Jason Douglas,34,Male,44227.95,Longchester
CUST03768,Cindy Shaw,48,Female,58855.83,South Tina
CUST08242,April White,71,Male,44220.4,Georgeshire
CUST05625,Chad Pennington,55,Female,43536.22,Lake Darryl
CUST02478,Nancy Gaines,32,Female,37231.3,Lake Jacob
CUST08135,Madeline Boyle,34,Female,76364.05,Charlesburgh
CUST06411,Max Mcclain,21,Female,73088.75,Stephanieshire
CUST01049,Megan Adams,43,Male,55639.8,South Julie
CUST05641,Thomas Floyd,52,Female,47218.94,Port Toddberg
CUST01933,Michael Dennis,150,Female,54966.03,North Josephville
CUST05093,Gary Taylor,43,Male,62970.25,Ginaport
CUST00047,Shane Henderson,24,Male,48570.76,Port Nancyland
CUST06886,Tara Thomas,40,Male,38737.32,Lake Jessica
CUST00573,Nancy Brown,43,Female,27201.52,Port David
CUST07473,Gina Hayes,59,Female,58879.88,Faulknerview
CUST00902,Sherry Tapia,65,Female,43814.5,Kelleybury
CUST00064,Jessica Callahan,61,Female,46392.06,Williamsside
CUST00316,Lauren Carson,74,Male,26810.84,North Dylan
CUST09001,Madison Morales,74,Female,37891.2,Jamesbury
CUST01053,Robert Torres,43,Female,29498.27,New Ernestberg
CUST09930,Edward Greene,43,Female,44798.62,Grossside
CUST04291,Donald Smith,54,Female,54252.38,New Jorge
CUST01517,Angela Brown,18,Female,36659.61,Scottstad
CUST05272,Sally Fernandez,32,Female,49948.44,Travisberg
CUST01227,Michael Ayala,57,Female,38532.17,Davidbury
CUST04676,Nicole Williams,36,Male,45532.96,North Kelly
CUST07667,Linda Johnson,29,Female,41400.99,Hannahside
CUST06231,Christine Jones,24,Male,,New Jonathanhaven
CUST09623,Paul Acosta,61,Female,52779.82,Crystalberg
CUST01553,Crystal James,64,Female,59678.35,Kingtown
CUST01833,Bryan Thomas,39,Female,34335.08,Jasonchester
CUST08089,Adam Gillespie,48,Female,44801.68,West Emily
CUST05839,Tyler Dominguez,25,Male,33138.94,Andersonland
CUST00300,Tanner Mitchell DDS,57,Male,46150.02,Sotofort
CUST08780,Jessica Hall,33,Male,56048.94,Castanedaport
CUST08707,Jared Dawson,37,Female,41206.17,West Gary
CUST00967,Melissa Mcfarland,55,Male,63207.66,North Clifford
CUST00487,Samantha Gardner,42,Female,28685.5,South Kevinton
CUST08644,Michael Williams,49,Female,35652.13,South Curtisfort
CUST05003,Joshua Miller,53,Female,34953.27,Middletonton
CUST03030,Natalie Smith,40,Female,19309.51,Tannerfort
CUST06736,Yolanda Martin,72,Male,52503.26,Kelseystad
CUST04972,John Ho,34,Male,49126.71,North Kristy
CUST04611,Shawn Hickman,55,Male,62497.66,North Kimberlyborough
CUST09773,Veronica Arnold,51,Female,,New Robertton
CUST04597,John Mcneil,51,Male,34474.23,Port Kellyhaven
CUST08337,Hannah Terry,46,Female,22796.02,Michelleborough
CUST05427,Haley Jackson,46,Male,47923.04,Smithton
CUST01025,Amanda Hill,20,Female,41022.22,
CUST01426,Robert Charles,32,Male,40646.11,Allenchester
CUST02275,Patrick Blankenship,63,Female,56384.52,North Courtneymouth
CUST04174,Rickey Hall,57,Female,47246.23,West Darren
CUST01099,Steven Howard,32,Female,61692.25,Benderburgh
CUST08687,Christina Woods,34,Female,18711.19,Millerchester
CUST03215,Charles Yang,57,Male,69582.44,Dudleyshire
CUST03612,Connie Franklin,39,Female,41495.67,Lake Cynthiachester
CUST09074,Charles Dougherty,36,Male,56917.77,Judychester
CUST06743,Stephen Olson,74,Female,61558.73,Masseyton
CUST07715,Shaun Wood,45,Male,36203.53,West Timothy
CUST06121,Brian Christensen,58,Male,18584.0,Fullerfurt
CUST09716,Mrs. Lindsey Gilbert,69,Female,58810.73,Douglasbury
CUST02222,Christina Hudson,35,Male,21690.26,
CUST02668,Patrick Pineda,60,Female,77553.76,West Jenniferbury
CUST01034,Chelsea Lewis,35,Male,53847.54,West Joshua
CUST01031,Annette Melton,36,Female,39900.27,Richardside
CUST06000,Brittany Ortiz,73,M,48440.77,East Jonathanhaven
CUST03908,David Peters,20,Female,64422.81,Port Matthewborough
CUST05028,Richard Stuart,53,Male,85151.37,Lake Justin
CUST09110,Veronica Sweeney,24,Female,55116.38,Owensshire
CUST03770,Leon Duncan,44,Female,44669.37,Danielfurt
CUST04602,Aaron Webb,32,Female,31596.73,Michaelland
CUST07527,Nancy Flowers,43,Female,18661.73,South Kimberlyburgh
CUST02753,Cameron Smith,59,Male,34189.27,Rangelville
CUST05150,Kristin Herman,69,Female,49959.38,Alexisville
CUST08203,David Mitchell,42,Female,,New Keithstad
CUST06696,Mary Foster,62,Male,55039.25,Parktown
CUST08345,Nicole Gilbert,67,Female,44653.01,East Chelseabury
CUST00757,Melissa Stephens,18,Female,,Hullview
CUST09909,Andrew Anderson,51,Male,41022.93,North Martinhaven
CUST05775,Nicholas Chase,41,Male,50734.81,Guerrerofort
CUST05924,Paul Blair,59,Male,49375.07,Brownmouth
CUST06059,Tricia Bailey,53,Male,62042.15,Portershire
CUST08442,Zachary Beck,21,Male,35329.0,Lake Javier
CUST01147,Sarah Booth,70,Female,59354.71,Jacobmouth
CUST01677,Steven Flores,43,Female,41691.28,Penaland
CUST05439,Melissa Brown,64,Female,71973.2,Michaelshire
CUST05017,Mary Daniels,44,Female,70138.91,South Candiceberg
CUST09818,Tammy Gonzalez,61,Male,42298.94,North Sarah
CUST07514,Betty Johnson,63,Female,47367.9,East Joanneburgh
CUST06877,Jose Mckinney,35,Male,43310.22,Gabrielhaven
CUST02585,Jerome Reid,30,Male,48471.89,Hallfort
CUST07266,Kimberly Santos,29,Male,70170.12,Jonathanstad
CUST09137,Mary Kane,45,Male,53751.85,Coxview
CUST02219,John Johnson,34,Male,25589.8,Hendrickshaven
CUST07145,Anthony Carr,27,Male,40908.84,North Marcus
CUST06972,Adam Woods,31,Female,48671.31,Nicholashaven
CUST02602,Miranda Hicks,30,Male,33787.74,West Dale
CUST08381,Katherine Scott,72,Female,28765.79,New Mikaylaland
CUST03004,Jimmy Hernandez,30,Male,46405.55,South Tiffanystad
CUST07496,Andrew Potter,54,Female,28690.46,Brianastad
CUST07973,Joseph Payne,66,Male,53265.32,Lake John
CUST01809,Joe Miranda,59,Female,51452.98,West Theodorefurt
CUST03979,Stacy Werner,34,Female,34866.46,Amberstad
CUST03625,Jennifer Wise,51,Male,68632.74,Schaeferburgh
CUST05489,Laura Mosley,27,Female,50957.18,East Justin
CUST03000,Richard Harper,52,Male,45331.12,Shanehaven
CUST05041,Casey Francis,66,Female,51167.26,New Austin
CUST07097,Stephanie Garcia,53,Male,45911.5,East Sonya
CUST06476,Mark Hughes,48,Male,,Jillfort
CUST06315,Allison Murray,29,Female,23476.78,Rodriguezton
CUST05850,Kristine Bryant DVM,74,Female,39594.72,Hopkinsland
CUST02722,William Hunter,73,Male,36342.76,Lake Amyburgh
CUST08446,Mary Benson,67,Female,20005.99,
CUST08500,Nicholas Pacheco,73,Female,19630.48,Ortizton
CUST06246,Scott Stephens,74,Female,66751.88,Walkerchester
CUST07589,Jeffrey Brown,18,Male,60781.3,Friedmanmouth
CUST08144,Chad Romero,23,Female,63949.56,Garciachester
CUST09795,Travis Harper,46,Male,39504.99,Ayalaport
CUST06753,Savannah Johns,62,Male,39706.49,East Adam
CUST01186,Jennifer Adkins,19,Male,31702.67,Anthonyport
CUST05302,Andrew Lam,44,Male,45113.69,Pattersonborough
CUST04139,Sabrina Galvan,66,Male,19154.82,Stanleyberg
CUST00060,Victoria Garcia,37,Female,57246.94,Bakermouth
CUST09671,Richard Bond,22,Male,50810.86,North Williammouth
CUST02045,Alyssa Vance,48,Male,43186.64,Christineport
CUST07544,Aaron Johnson,69,Female,57351.43,Jimmyfort
CUST07635,Richard Scott,70,Male,74522.18,Clarkshire
CUST03261,Christina Patrick,69,Male,62586.01,Lake Amandamouth
CUST01956,Sandra Torres,42,Male,50050.36,Gallegosview
CUST07842,Tracy Morales,62,Female,57429.26,Kelleyborough
CUST09017,Mr. Leonard Jackson,74,Male,49284.6,Edwardborough
CUST02374,Timothy Wallace,53,Female,14110.97,Goodwinshire
CUST09318,David Bryant,39,Female,41634.36,West Jessicafurt
CUST03027,James Gonzalez,46,Male,54613.27,Smithtown
CUST07708,Joshua Jacobs,72,Male,45321.27,Kellyfort
CUST02749,Lisa Mosley,32,Female,38367.17,Meganchester
CUST05079,Bonnie Woods,39,Male,39010.86,Jonesland
CUST01015,Lori Flowers MD,71,Female,87925.7,Jakeview
CUST01943,Jaclyn Watson,59,Male,53545.61,West Melissahaven
CUST00456,Dustin Gallegos,56,Male,65120.34,West Paul
CUST08994,Mark Lawson,27,Male,21155.32,Port Allisonstad
CUST08796,Lindsay Washington,31,Male,,Cynthiamouth
CUST04630,Christina Martin,44,Female,71239.04,West Robert
CUST05736,Jacob Love,56,Male,53322.57,Matthewmouth
CUST02325,Becky Hansen,72,Male,72500.54,Sarahshire
CUST00805,Ronald Potter,33,Female,31138.35,Wardtown
CUST03598,Tracy Parker,36,Male,20593.37,Robertchester
CUST02786,Henry Garcia,39,Female,59963.88,South Victoriashire
CUST09416,Nathan Perez,74,Female,37947.57,Roychester
CUST08605,Olivia Carpenter,40,Male,55091.54,Charlesberg
CUST04303,Amy Holt,64,Male,51956.84,Lake Raymondside
CUST09232,Denise Stewart,29,Male,57770.29,Simsbury
CUST05332,Brent Stewart,67,Male,36203.49,Mccoymouth
CUST04124,Nancy Liu,37,Male,46442.37,Port Rogerburgh
CUST00850,Shannon Miller,58,Male,19284.49,South Stephanie
CUST01839,Stacie Butler,62,Male,57527.32,North Julieview
CUST07535,Matthew Jones,31,Female,39665.11,Lake Jameshaven
CUST00431,Jack White,42,Male,60561.78,Port Abigailmouth
CUST02620,Kelly Pena,36,Male,51615.03,New Adamborough
CUST01658,Heather Montes,70,Female,59400.1,South Alisha
CUST04474,Ann Moon,66,Male,67614.34,North Benjaminland
CUST05948,Thomas May,68,Female,55298.8,North Lisafort
CUST04828,Maureen Cross,25,Male,,South William
CUST02891,Luis Wilson,33,Female,49932.92,North Ashleymouth
CUST01628,Linda Cobb,62,Female,36996.44,Lake Danielhaven
CUST05904,David Murphy,24,Female,41431.89,Loweryport
CUST07139,Reginald Copeland,36,Male,63548.46,North Kevin
CUST05250,Becky King,51,Male,67914.24,New Dianaborough
CUST01937,Lauren Walker,40,Female,43121.73,South Kayla
CUST07615,Amanda Garcia,34,Male,60056.07,Traceyshire
CUST03196,Erica Lane,68,Female,28803.42,Williamston
CUST04499,Larry Higgins,51,Male,41216.5,Port Brandy
CUST07257,Ann Hansen,71,Male,30168.73,North Deborahville
CUST08309,Sara Carroll,30,Male,39650.68,Marisashire
CUST04466,Dana Wolfe,74,Male,65333.17,Mathewsport
CUST08134,Hannah Dickson,72,Female,39461.68,Campbellhaven
CUST01645,Mrs. Felicia Castro DDS,35,Female,60911.27,Brownland
CUST04603,Kathryn Clark,74,Male,47124.32,East Kimberly
CUST05048,Kimberly Valenzuela,52,Male,43151.44,Morganmouth
CUST04438,Amy Boone,55,Female,54043.12,Richardshire
CUST09886,Julie Davenport,28,Female,35206.3,Jasontown
CUST07755,Tamara Harris,21,Female,67946.2,New Sydney
CUST00806,Zachary Cole,71,Male,43272.26,East James
CUST04942,Ryan Waters,48,Female,63264.85,West Charleschester
CUST04525,Richard Chandler,33,Male,64283.65,East Christine
CUST00705,James Tran,64,Male,31854.01,East James
CUST09071,Andre Payne,35,Male,53446.91,Port Sara
CUST04064,Donald Santana,37,Female,37471.71,Port Sandymouth
CUST03431,Christopher Barnes,63,Female,69232.44,Georgechester
CUST01029,Alicia Roth,67,Female,43416.88,Wyattchester
CUST05083,Rhonda Patterson,58,Male,61127.78,Teresamouth
CUST06526,Gabriel Wilkins,67,Female,62486.05,New Michael
CUST01081,Edwin Brown,19,Female,40060.91,Lake Julia
CUST02468,Jessica Mcdonald,54,Female,44834.79,Stevenview
CUST05543,Kayla Thomas,65,Male,37279.96,Guzmanport
CUST07652,Alexandra Gonzalez,54,Male,39834.12,East Evanfort
CUST03435,John Robles,62,Female,64734.36,Lake Tammyside
CUST03902,Lisa Bridges,39,Female,40345.49,Nicholasbury
CUST08102,Ann Barnett,30,Female,62705.12,Mullinsfort
CUST03702,Caitlin Ford,27,Male,36325.2,Stevenschester
CUST04556,Andre Pace,70,Female,31316.29,Kellymouth
CUST08905,Paul Duarte,31,Female,65434.11,Port Michaelburgh
CUST03765,Jeffrey Torres,21,Male,49033.53,New Janetville
CUST08517,Chelsea Burch,150,Male,64728.11,South Kimberlymouth
CUST00388,Sandra Drake,71,Female,59242.64,Victorbury
CUST09002,Brian James,56,Male,44455.35,West Robert
CUST07205,Christine Baker,71,Male,46161.73,Cherylville
CUST07716,Brian Allen,68,Female,31215.19,Barrettchester
CUST07040,Martin Elliott,45,Female,37776.82,East Geraldbury
CUST09830,Jennifer Hill,30,Male,28206.68,North Davidbury
CUST07036,Adriana Parks,22,Male,39002.59,Wilsonville
CUST04220,Thomas Kaufman,65,Female,46574.67,Port Danielfurt
CUST03013,Steven Shaw,21,Male,68835.73,Lake Kevinmouth
CUST09796,Christopher Houston,25,Male,,Andreland
CUST09344,David Gray,67,Female,63070.03,Smithside
CUST07681,Sandra Lee,20,Male,45510.92,Lake Zacharyborough
CUST05605,Andrew Dominguez,74,Male,49735.42,Lake Jessica
CUST02401,David Peterson,47,Female,52283.0,West Randyberg
CUST04725,Tyler Velazquez,35,Female,41799.01,Rachaelhaven
CUST09436,Teresa Norris,64,Female,62623.1,Sherylton
CUST03603,Michael Singleton,74,Female,42809.34,South Katelyn
CUST02009,Garrett Wilson,30,Male,47049.61,Gateston
CUST09939,Thomas Lewis,33,Male,81094.12,South Scott
CUST03062,Adam White,57,Male,,Ambermouth
CUST09533,Brandon Johnson II,26,Male,30950.24,New Kenneth
CUST05607,Michelle Huber,21,Male,47336.64,Jonesborough
CUST03323,Susan Patrick,71,Female,39829.43,Port Jeffreyland
CUST06585,Christopher Garcia,29,Female,69922.8,South Adrianview
CUST04016,Kendra Smith,29,Female,34574.67,Wilsontown
CUST02095,Jessica King,71,Male,52646.48,Conradshire
CUST05417,Ryan Lawson,19,Female,58945.08,Port Matthewfort
CUST00927,Jacqueline Mccoy,62,Female,39845.25,New Heathershire
CUST06997,Crystal Rodriguez,68,Female,,East Diana
CUST04983,Jessica Mitchell,25,Male,54520.54,East Alyssa
CUST06177,Nicholas Ramos MD,25,Female,96636.16,Christinaville
CUST01655,Sandy Evans,55,Female,56435.25,Lake Taylor
CUST07469,Desiree Fox,63,Male,60268.91,Lake Michaelview
CUST03028,Caleb Ponce,60,Male,64634.79,Port Kyleside
CUST01911,Dorothy Brown,42,Female,39116.65,Sarahshire
CUST05212,Samantha Cohen,49,Male,45392.34,Scottmouth
CUST02428,Michael Neal,19,Male,33213.11,Patriciamouth
CUST01102,Nicholas Lawrence,54,Female,40679.67,New Susanmouth
CUST09183,William Banks,69,Female,47588.66,Port Danielbury
CUST01008,Karen Keith,64,Female,33066.72,New Heather
CUST04992,Nicholas Obrien II,34,Female,54247.48,Crystalberg
CUST07445,Angelica Simpson,30,Male,,Lukebury
CUST07186,Erik Dean,36,Female,32067.21,Weaverchester
CUST05085,Rebecca Cole,21,Male,34375.73,South Betty
CUST07820,Ashley Morris,49,Female,44984.78,North Benjaminborough
CUST07680,Steven Morgan,35,Female,62190.79,East Jacob
CUST01145,Kristin Huerta,74,Male,37205.26,West Heidi
CUST00234,Michael Lyons,66,Female,60761.21,Myershaven
CUST02176,Abigail Booker,25,Female,31648.13,New Olivia
CUST09215,Jill Ramirez,32,Female,57292.3,South Teresaburgh
CUST05253,Nicole Hodge,26,Male,42947.22,Martintown
CUST00118,Victor Baker,41,Male,65060.64,
CUST02783,Luke Freeman,72,Female,65479.14,South Michaelfort
CUST00079,Lisa Barnes,71,Female,47219.84,South Christopherside
CUST03139,Katie Brown,73,Male,62615.58,Mcknightview
CUST04490,Chad Williams,22,Male,55044.44,Jessicaberg
CUST01688,Melissa Jensen,68,Female,53218.83,East Allen
CUST07047,Robin Donovan,40,Male,59508.53,Kevinland
CUST09572,Mr. Micheal Ray,35,Female,72809.45,West Anthony
CUST07819,Kevin Stokes,44,Female,36534.26,New Andrewberg
CUST05337,David Medina,35,Male,39527.62,Vincentport
CUST08303,Sara Park,57,Male,63438.23,Lawrencehaven
CUST02752,Linda Atkinson,74,Male,48004.61,Kristenfort
CUST01266,Shannon Taylor,52,Male,32524.19,North Anthony
CUST08855,Jocelyn Charles,53,Female,71309.56,North Joseph
CUST05899,Linda Lee,52,Male,56189.23,Moranmouth
CUST03604,John Cooper,58,Female,55448.73,Lake Michelle
CUST08616,John White,35,Female,62121.59,Christyside
CUST03303,Bryan Jones,19,Male,49423.49,Chavezshire
CUST05781,Lisa Smith,43,Female,63550.23,Port Patrickshire
CUST04189,Sabrina Miller,48,Female,34870.47,West Kimberlyshire
CUST01453,Amanda Pineda,68,Female,56690.0,Singletonport
CUST01736,Larry Lane,52,Female,39902.94,West Kristiburgh
CUST07171,Aaron Boyd,50,Female,79882.63,Patrickhaven
CUST09141,Dominique Hall,65,Male,35004.08,Johnstonfurt
CUST04213,Eric Moore,45,Male,33395.64,Wongborough
CUST02775,Ryan Palmer,67,Male,49044.11,Mckenzieburgh
CUST07729,Michael Burns,27,Female,26680.81,Christophershire
CUST04301,Jordan Tanner,46,Male,47638.22,West Robertfurt
CUST00576,Thomas Peterson,38,Male,30306.6,
CUST04655,Tracy Atkins,72,Male,55575.25,Bartonburgh
CUST07189,John Cole,57,Female,55383.35,Emilymouth
CUST03622,Scott Lara,39,Male,16068.8,Baldwinchester
CUST00283,Shelia Wallace,46,Female,44947.21,Lake Timothystad
CUST01899,Derek Frazier,29,Female,61687.77,
CUST09439,Patricia Brewer,46,Female,43810.18,Richardton
CUST09805,Shane Jones,56,Male,46939.88,Port Linda
CUST06269,Michael Guerra,43,Female,36387.97,New Karen
CUST01245,Monica Brooks,61,Female,39388.02,North Chris
CUST02768,Dr. Melissa Sullivan DDS,42,Male,56535.03,Anthonyshire
CUST06769,Michael Clay,52,Female,77808.22,Clarkshire
CUST05397,Kevin Cruz,23,Male,18349.66,East Joshua
CUST07285,Jennifer Cisneros MD,53,Female,55573.26,Katherinefort
CUST06498,Kathryn Smith,62,Male,63605.97,South Erictown
CUST01420,Wayne Wolfe,74,Female,79423.24,Kathyville
CUST04297,Timothy Lucero,21,Female,61361.49,South Crystal
CUST03092,Shannon Jones,38,Male,35469.61,Meganmouth
CUST05835,Kelly Lewis,68,Male,62143.21,South Jillianmouth
CUST00842,Virginia Henderson,45,Female,33661.1,Payneview
CUST06861,Zachary Yu,56,Male,60858.33,South Jameston
CUST09020,Christopher Gutierrez,49,Female,49462.02,North Coreyside
CUST03048,Angela Reyes,26,Male,48739.6,East Tomton
CUST09463,Eric Richmond,72,Female,52766.5,New James
CUST00091,Brian Rodriguez,25,Male,64928.31,Port Amanda
CUST05367,Emily Henderson,47,Female,43957.99,Sandovaltown
CUST01323,Matthew Watts,74,Male,57751.33,Tonibury
CUST08376,Joshua Ellis III,53,Female,24283.02,Port Markland
CUST05622,Kimberly Mcintyre,74,Female,59068.64,Kristinmouth
CUST04437,Christopher Ward,36,Male,51856.02,West Sharon
CUST02926,Richard Dominguez,67,Female,57114.14,North Michael
CUST04641,Lisa Montes,23,Female,57995.24,South Lori
CUST00416,Gwendolyn Klein,41,Male,20513.59,Brookston
CUST05662,Kelly Rodriguez,22,Male,54750.14,Port Rachelchester
CUST03086,Matthew Watson,19,Male,53753.36,Mallorymouth
CUST04368,Mr. Reginald Roman,70,Male,29726.54,East Jennifer
CUST08837,Wyatt Cortez,19,Female,40796.52,
CUST02543,Raymond Wang,51,Male,60479.82,Lake Timothychester
CUST09700,Daniel Steele,31,Male,55518.36,Wrightville
CUST03803,Michele Scott,29,Male,57885.88,Holmesbury
CUST01021,Olivia Ayers,73,Male,41216.57,South Raymond
CUST08592,Eric Marks,72,Male,56576.84,South Rebeccaton
CUST09378,Allen Sanchez,44,Male,61211.39,Lake Craig
CUST09767,Robert Lewis,19,Female,58664.46,Barbaraport
CUST09294,Andrew Kelly,57,Female,23765.58,Taylorport
CUST08090,Matthew Lucas,58,Female,32194.03,Port Justinbury
CUST07887,Abigail Riddle,29,Male,41208.81,New Cynthia
CUST00489,Lance Simmons,39,Male,65435.05,Jacquelinechester
CUST08618,Angela Potts,24,Female,58661.24,Williamsfurt
CUST00342,Anthony Harmon,66,Male,61164.56,North Kathryn
CUST07998,Chad Morales,72,Female,38306.89,Lake Brenda
CUST02792,Candice Gomez,24,Male,69321.91,Austinhaven
CUST03450,Mario Gould,50,Female,53229.58,Jesseport
CUST04070,Michael Arias,66,Female,55278.0,Petersonburgh
CUST00669,Michael Morrison,56,Female,52361.63,West Tanner
CUST08281,Vanessa Boone,40,Male,,West Lisaborough
CUST02883,Lori Martinez,33,Male,43171.49,East Kyle
CUST06844,Matthew Brooks,33,Male,47356.91,Lake Jessicaville
CUST03833,Jeremy Manning,52,Male,19916.52,Port Amanda
CUST04885,Richard Smith,64,Male,,South Pattyland
CUST02837,Susan Jones,21,Female,46475.33,New Nicholas
CUST08168,Justin Jones,36,Female,21875.71,South Justinfurt
CUST06076,Sergio Andrews,19,Male,51068.65,Port Brenda
CUST06824,Chris Martin,41,Female,76684.8,North Jerryville
CUST00537,Bianca Wood,64,Male,53786.95,Lake Ronaldshire
CUST03434,Eric Hall,41,Male,44177.75,East Luis
CUST05933,Brenda Mendoza,62,Female,51289.27,Lake Natasha
CUST06891,Robert Simpson,63,Female,63741.13,Lutzchester
CUST00984,Carla Jones,59,Male,38810.14,Washingtonside
CUST07392,Lisa Goodwin,64,Male,,East Melissaborough
CUST06850,April Hull,62,Female,24494.26,New Thomaston
CUST03779,Philip Powell,43,Male,38698.4,Harringtonside
CUST02646,Jeremy Lawson,23,Female,63029.78,South Robertfort
CUST03903,Brittany Dunlap,65,Female,,Josephberg
CUST06106,Cynthia Larson,28,Male,,Nguyenside
CUST02856,Miranda Ortiz,19,Female,76530.58,South Michaeltown
CUST09995,Alicia Combs,40,Male,53200.75,East Joseph
CUST00126,Michelle Evans,22,Female,51868.92,Mahoneyberg
CUST00133,Daniel Kennedy,25,Male,53226.03,West Mariah
CUST04134,Juan Harrison,36,Male,41154.67,Gonzalezshire
CUST04382,Jill Barajas,34,Female,39211.65,Amystad
CUST07029,Timothy Miller,60,Male,72095.6,Maynardburgh
CUST06724,Thomas Johnson,56,Female,22145.73,Hopkinsland
CUST00165,John Anderson,59,Female,45336.53,South Caitlyn
CUST07999,Tammy Alexander,70,Male,42791.63,South Amy
CUST03395,Jacqueline Banks,54,Male,52509.27,Port Erica
CUST00151,Pamela Boyd,64,Female,58124.96,Lake Jonathan
CUST02084,Mr. Scott Miller,37,Male,31078.87,South Ritaland
CUST09293,Gail Morales,64,Male,63528.22,Dustinhaven
CUST05986,Michael Crawford,37,Male,51787.58,Robertstown
CUST04500,Nicole Mills,63,female,41457.6,Bradleyfurt
CUST05886,Adam Shannon,32,Male,49634.97,Scottville
CUST06693,Tracy Mcguire,72,Female,35284.2,New Jackie
CUST06408,Evelyn Dunn,37,Male,72025.55,North Gail
CUST06917,Mary Church,21,Male,24892.39,West Kellyshire
CUST03957,Natalie Huff,66,Male,46914.42,North Denise
CUST07024,David Nguyen,72,Female,40866.54,Websterburgh
CUST06156,Phillip Fowler,45,Female,79251.32,Lake Amy
CUST08440,Melissa Evans,39,Male,62778.04,Port Richardton
CUST03602,Dalton Davis,29,Male,28851.79,East Sylvia
CUST05110,Renee Thompson,32,Female,42669.74,Leemouth
CUST05123,Luke Dixon,63,Female,69729.27,
CUST02495,Mark Morrison,70,Female,54776.94,Virginiaport
CUST08949,Jasmine Chavez,28,Male,26702.69,Port Jesse
CUST07712,Jessica Castro,56,Female,58879.75,North Bradley
CUST06569,David Smith,58,Female,56038.63,North Scott
CUST05109,Daniel Benjamin,37,Female,30017.53,South Craig
CUST00514,Angelica Parker,57,Female,62884.99,Kentport
CUST05143,Robert Hampton,20,Female,55227.97,New Ronald
CUST01764,Haley May,34,Female,66711.35,North Brian
CUST09717,Donna Harris,45,Male,50906.92,Stoutchester
CUST08028,Joshua Griffin,26,Female,63931.17,Anthonyburgh
CUST08270,Erin Aguirre,69,Female,59596.27,Lake Lisastad
CUST01045,Hannah Martin,63,Female,31535.43,Janeshire
CUST08635,Joseph Chan,27,Female,54101.84,Kayleetown
CUST09131,David Johnston,67,Male,60875.56,Port Michelleview
CUST06013,Wendy Evans,30,Female,60193.03,South Amy
CUST03440,Francis Wilson,48,Male,94848.34,Port Teresa
CUST02452,Chelsea Nichols,58,Female,53793.39,West Jamesbury
CUST01964,Lori Alvarez,73,Female,64962.63,Lake Meganchester
CUST04331,Melinda French,61,Female,52054.04,Patriciahaven
CUST01767,Kim James,71,Female,45680.93,Lake Charlesville
CUST09898,Hannah Anderson,55,Male,64169.48,East Kenneth
CUST04854,Kevin Mccoy,67,Female,39757.03,West Colleenfort
CUST00971,Jenna Gamble,47,Male,10802.05,Jacobberg
CUST01340,Theresa Wilkins,64,Male,26420.28,Crawfordshire
CUST00389,Scott Williams,25,Male,58348.67,Michellemouth
CUST05891,John Richards,26,Male,67664.62,East Emilyview
CUST03465,Benjamin Bowen,65,Female,66129.19,South Melissa
CUST09220,Matthew Rivas,68,Male,23306.57,Joneschester
CUST04154,Bobby Arnold,27,Male,34833.25,Amandafort
CUST01230,Maria Case,18,Female,30267.19,Wrightbury
CUST02426,Jennifer Gonzalez,74,Male,61010.83,Smithburgh
CUST05623,Dana Hernandez,18,Male,47919.55,North Victortown
CUST06406,Alicia Phillips MD,48,Female,,Whitestad
CUST09659,Deanna Hodges,24,Male,64323.22,New Nicholasshire
CUST03871,Brandon Powell,52,Female,44045.66,Richardsonberg
CUST02243,Daniel Williams,29,Male,67393.85,Lamberthaven
CUST07598,George Taylor,53,Female,36102.24,East Juliaton
CUST09793,Jeffrey Keller,32,Female,57221.55,
CUST05748,Anna Cantu,64,Male,49836.8,New Matthew
CUST04741,Chad Rojas,30,Male,35599.59,Christyport
CUST01516,Elizabeth Cross,21,Male,52388.28,Swansonchester
CUST00878,Michelle Jackson,22,Female,57360.98,New Renee
CUST04485,Cassandra Martinez,32,Male,66770.23,West Shawnburgh
CUST09724,Patrick Jackson,20,Female,24862.75,East Andrea
CUST01020,Jason Hernandez,21,Male,69769.07,Lake Brianberg
CUST09549,Jesse Hinton,27,Female,56628.51,Sergiotown
CUST03148,Sherry Adams,67,Male,23311.77,Jamesside
CUST02491,Jason Jennings,72,Female,57039.02,North Thomas
CUST04351,Michael Oliver,57,Female,48788.72,East Alexa
CUST06638,Kimberly Brewer,21,Female,40138.01,Jacobchester
CUST02539,Michael Robinson,22,Male,50701.88,Bairdville
CUST05070,Stephen Roth,69,Male,63704.34,Kingville
CUST09459,Dawn Taylor,62,Female,47130.8,Patrickville
CUST03552,Susan Matthews,30,Female,69804.0,East Jonathanland
CUST00096,Aaron Wise,38,Female,61865.13,Hannahtown
CUST00440,Jeremy Mitchell,49,Female,61538.25,North Melissaland
CUST05683,Ryan Harmon,59,Female,,Courtneyton
CUST04997,Allison Floyd,46,Male,52762.52,Thomasfurt
CUST03901,Brett Martin,40,Male,39628.08,East Davidside
CUST03663,Leah Walters,39,Male,71158.99,Haleyside
CUST09976,Michael Rogers,67,Female,50617.08,Port Mariastad
CUST03646,Charles Davila,29,Male,36779.35,Port Amyborough
CUST00814,Scott Duke,74,Male,54862.11,Stefanietown
CUST04623,Matthew Roberts,45,Female,57535.14,Lake Shannon
CUST06918,Gavin Howell,34,Female,26159.76,Millerfort
CUST08879,Laura Garner,32,Male,41167.26,Lake Stephanieshire
CUST00668,Nathaniel Lee,66,Male,51187.73,West Richard
CUST02098,Tracey Suarez,43,Male,66265.75,Clarktown
CUST00720,Randy Friedman,62,Male,73779.49,Smithshire
CUST03342,Austin White,18,Male,25239.81,Joystad
CUST08289,Jeremy Miller,23,Male,39084.57,South Sarah
CUST04752,April Horton,63,Female,54505.7,Lake Nicoleville
CUST05192,Vicki Hernandez,31,Female,21170.21,West Renee
CUST03058,Ryan Myers,50,Female,36078.69,Nicoleview
CUST08448,Jennifer Garcia,46,Female,62663.63,Kimmouth
CUST05817,Crystal Clayton,58,Female,55962.23,South Christopher
CUST02528,Benjamin Neal,59,Female,61583.18,South Samanthaview
CUST01105,Amber Vang,56,Female,60605.61,Lake Diana
CUST02509,Karen Munoz,42,Male,41572.31,New Jeffrey
CUST07964,Larry Higgins,62,Female,46391.05,West Katherineburgh
CUST01068,Laura Lee,66,Male,51095.89,Antonioport
CUST03849,Justin Anderson,25,Male,30621.35,West Johnfurt
CUST06226,Emily Martinez,36,Female,48901.61,Coreyshire
CUST01717,Michael Stewart,34,Male,43279.86,Port Maria
CUST02435,Patrick Harris,73,Male,44676.76,Brittanybury
CUST00677,Joseph Howard,72,Male,44115.39,Port Thomastown
CUST08958,Lisa Michael,46,Male,44865.52,Port Jenniferview
CUST04226,Jorge Davis,41,Female,31250.57,Jeffreychester
CUST02408,Mark Jones,72,Female,38322.17,West Bradley
CUST06572,Kathryn Morgan,63,Male,50105.57,Jenningsfurt
CUST01384,Jacqueline Dickerson,50,Male,55531.29,New Christineberg
CUST03642,Jessica Hill,65,Female,34329.58,
CUST00467,William Jones,74,Female,31990.8,Kingland
CUST08551,Julie Smith,49,Male,54631.51,Kathyborough
CUST06502,Andrew Holder,25,Female,58115.4,North Jasontown
CUST02983,Patricia Gonzalez,35,Male,80752.99,South Frankmouth
CUST00877,Troy Mills,62,Female,42456.65,Lake Jessicafurt
CUST02083,Samuel Stuart,21,Female,54482.43,Greeneview
CUST00655,Kyle Chambers,38,Male,69518.56,Madisonfort
CUST03806,Joseph Durham,43,Male,49951.4,Lake Juanport
CUST03133,Eric Kane,38,Female,46046.68,North Karaton
CUST00535,Mr. Lawrence Edwards,18,Male,58821.19,North Adriana
CUST03003,Nancy Stewart,42,Male,68569.38,Port James
CUST00698,Renee Browning,26,Female,28278.09,Connerland
CUST08602,Jorge Tyler,52,Female,57016.48,West Patrickfurt
CUST00786,Lisa Cervantes,56,Female,44031.56,North Angela
CUST09173,Victoria Williams,29,Male,47494.98,Timothybury
CUST07553,Megan Carter,59,Male,15114.68,Crystalborough
CUST07082,Jared Ballard,53,Male,65014.83,Lake John
CUST05411,Jeffrey Ayala,20,Male,55538.04,North Jacquelineburgh
CUST03532,Alexander Diaz,47,Male,49595.11,Wilsonshire
CUST03592,Stephanie Hunter,20,Male,54241.47,Carterport
CUST05314,Mrs. Olivia Petersen,42,Female,53723.14,Christinamouth
CUST04290,Andre Williams,54,Male,63460.05,Brittanyland
CUST05977,Tyler Stout,32,Female,54005.14,Terryborough
CUST08116,Jessica Thompson,40,Female,46839.38,North Juliastad
CUST08828,Jessica Chang,19,Male,12277.82,Tammyshire
CUST03292,Ralph Dominguez,49,Male,65170.07,South Melanie
CUST08747,Trevor Shepherd,19,Female,50598.19,Marialand
CUST08513,Robert Ramirez,38,Female,44676.47,East Michaeltown
CUST00381,Paul Wilson,39,Male,18168.86,
CUST06685,Richard Golden,20,Male,37980.49,Port Jonathanview
CUST09047,Sarah Pierce,71,Female,31981.77,West Steveshire
CUST06388,Tonya Parker,25,Female,59673.51,South Laura
CUST03657,Susan Gregory,38,Male,69234.72,Petersville
CUST00318,Stephen Hoffman,66,Male,37461.24,Bradymouth
CUST06042,Taylor Tran,28,Female,57013.92,Thomasberg
CUST02250,Michael Robertson,39,Female,27088.42,West Christopherborough
CUST00969,Eric Barker,51,Male,64819.43,New Jason
CUST06011,Sophia Dawson,24,Male,,South Michaelberg
CUST08835,Gabrielle Johnson,34,Male,51253.77,North Ryanfurt
CUST08791,Elizabeth Jennings,58,Male,74251.03,Lake Angela
CUST01497,James Morgan,46,Male,55944.1,Alejandroborough
CUST02026,Mark Taylor Jr.,59,Female,,North Dominique
CUST01276,Renee Mendez,59,Female,38871.39,Catherineberg
CUST01398,Mariah Thompson,66,Female,52842.47,Wrightburgh
CUST09719,Jeffrey Bates,43,Female,51451.42,Port Nathaniel
CUST06915,Jon Day Jr.,49,Female,35369.78,Guerreroland
CUST03454,Kristen Pena,45,Male,45377.32,Gregoryside
CUST08712,John Lin,26,Male,55334.33,South Theresa
CUST03324,Nicole Peterson,36,Male,39782.85,Danielland
CUST03936,Ashley Norman,31,Male,21651.88,Oliviaberg
CUST08312,Nichole Smith,32,Female,31295.2,Shieldsmouth
CUST06136,Kyle Burke,64,Female,45490.82,East Christopher
CUST06463,Charlotte Roy,47,Male,48716.19,Port Jasonport
CUST05514,James Schaefer,46,Female,61350.89,New Brandonstad
CUST01191,Ryan Vaughn,68,Female,47551.2,Ambermouth
CUST06782,Charles Poole,52,Male,56879.71,Thompsonview
CUST08679,Lisa Stevens,54,Male,66396.04,New Gabriel
CUST00369,Sabrina Austin,37,Female,56504.21,Gloverland
CUST09598,Stephanie Harris,37,Female,23072.1,Williamstown
CUST07921,Teresa Collins,57,Male,28461.82,Tanyashire
CUST00938,Amy Ramirez,56,Female,47074.08,West Charles
CUST09857,Angela Blake,49,Male,42442.29,Lake Kendra
CUST08955,Samantha Ford,65,Female,32111.83,Edwardbury
CUST04605,Kiara Preston,66,Female,42392.37,West Andrew
CUST05279,Penny West,36,Male,42171.94,New Charles
CUST09972,Gregory Ward,37,Male,40329.97,East Shari
CUST03459,Amanda Smith,62,Male,74713.0,Kellymouth
CUST03316,Donald Cruz,30,Male,67989.34,West Karen
CUST04671,Robert Hall,42,Male,51226.83,South Kimberly
CUST03790,Mr. Lawrence Brooks,61,Male,53363.65,Mendozamouth
CUST02580,Brenda Harris,26,Female,68516.29,Martinezburgh
CUST09964,Ashley Meyer,24,Female,36693.08,Lake John
CUST03791,Mark Hill,74,Female,41315.56,New Robertmouth
CUST02251,Michelle House,45,Male,27446.4,South Catherinemouth
CUST04230,Desiree Thomas,45,Female,60830.0,South Crystalland
CUST05719,Sydney Elliott,47,Male,39921.94,Butlerbury
CUST05032,Brittany Flowers,72,Male,60756.69,Marthashire
CUST07133,Jason Gomez,47,Male,,Samanthaside
CUST07530,Kimberly Smith,46,Male,64456.88,New Natashabury
CUST04866,Michael Baker,74,Male,38150.99,Annafurt
CUST08633,Richard Hensley,34,Female,28872.92,East Donald
CUST07482,Robert Hicks,73,Male,52221.9,Bradfordbury
CUST09940,Cody Pitts,54,Female,18414.43,Lake Dustinville
CUST01273,Raymond Quinn,21,Male,60129.85,Wilsontown
CUST08329,Melissa Lawson,71,Female,42719.08,Charlesbury
CUST05685,Keith Solis,34,Male,26685.17,East Dawnport
CUST06189,Edward Hill,24,Female,45583.98,East Kayla
CUST01902,Kim Carter,60,Male,71631.78,East Nicholasmouth
CUST06473,Brian Vaughn,69,Male,43700.8,Lauraton
CUST07214,Pamela Dixon,57,Male,56396.89,Wrightburgh
CUST07925,Robert Meza,18,Male,47263.7,Collinsview
CUST01423,Emily Reed,72,Male,32615.31,Rebeccaberg
CUST00481,Howard Norman,51,Male,69538.97,West Adamland
CUST07072,Amy Gray,42,Female,62996.95,Danafurt
CUST05445,Tanner Decker,20,Male,65220.88,Robertshire
CUST02669,Audrey Richardson,62,Female,41706.88,Romanmouth
CUST04536,John Zavala,20,Female,45827.95,Port Margarettown
CUST00953,Alyssa Haynes,34,Female,16939.61,Derrickhaven
CUST06504,Debbie Estrada,44,Female,35460.72,West Rachelshire
CUST02290,Jody Bird,56,Female,33982.04,Andreaton
CUST00690,Ryan Landry,30,Male,58368.59,Lake Kyleburgh
CUST08986,Heidi Stewart,72,Female,67713.21,Lake Angel
CUST08396,Bradley Schultz,60,Female,47895.78,Jacquelineview
CUST01713,Ann Montoya,36,Male,30178.18,Port Jenniferberg
CUST09187,Robert Peterson,52,Male,22598.09,Wallsland
CUST02091,Cynthia Martinez,29,Male,44348.35,Wilsonburgh
CUST08637,Pamela Meyer,64,Male,52505.07,South Joshua
CUST06839,Robert James,64,Female,58257.15,East Joemouth
CUST05526,Tiffany Davis,67,Male,51016.03,Lake Heatherview
CUST08187,Garrett Thomas,59,Female,49463.19,North Jimmymouth
CUST08641,Tracy Diaz PhD,73,Female,62837.88,Alexisport
CUST02078,Brian Lee,32,Female,54010.07,Jimenezborough
CUST01883,Nicole Johnson,67,Male,32190.95,South Christine
CUST06345,Donna Obrien,35,Female,37442.91,Aprilfurt
CUST05458,Bradley Phillips,46,Male,46823.66,Jorgebury
CUST07808,Claire Mcintosh,42,Female,59004.71,East Todd
CUST02079,Ronald Marshall,47,Female,51212.09,Rebeccaberg
CUST05519,Rachel Smith,73,Female,54244.8,Meganstad
CUST06403,Chad Perez,69,Female,48115.03,Smithfurt
CUST04957,Jason Thomas,42,Female,51496.14,East Randy
CUST00661,Emma Butler,41,Female,41833.79,Jeffreytown
CUST09208,Sabrina Chapman,54,Male,,Port Davidmouth
CUST05936,Anthony David,47,Male,74928.01,North Aprilmouth
CUST07320,Arthur Golden,40,Female,35601.32,Port Victoria
CUST01723,Samantha Howard,19,Female,78406.76,
CUST02073,Charles Hernandez,27,Male,33405.13,Mooremouth
CUST08512,Jaime Lewis,69,Female,53735.68,Lake Nicole
CUST05044,Ronald Carr,37,Male,17413.65,Port Thomas
CUST00174,Nicole Herring,47,Male,42500.63,Port Shannon
CUST09079,Nicholas Mejia,29,Female,38519.24,New Stephanieland
CUST04330,Joshua Dunlap,63,Male,48800.58,Brightburgh
CUST08874,Christian Shelton,54,Male,55304.3,Carsonfurt
CUST07451,Casey Ferguson,65,Female,51442.35,Brownburgh
CUST00977,Margaret Tanner,74,Male,58661.61,Allisonborough
CUST08417,Ann Moore,30,Female,55559.36,Brandonhaven
CUST07876,Zachary Johnson,58,Male,34952.02,Jasminehaven
CUST04894,Jessica Hoffman,63,Male,,Sharihaven
CUST05771,Wyatt Kerr,66,Female,46111.87,Lewischester
CUST03430,Austin Grant,66,Male,37106.98,Lake Alexander
CUST05676,Anne Medina,62,Female,47007.63,Lake Megan
CUST09530,Eric Fisher,18,Male,53150.99,Johnsonberg
CUST04520,Daniel Meyer,57,Male,49425.8,North Katiechester
CUST04646,Ashley Hunt,54,Female,39214.03,Alexanderport
CUST06372,Troy Jefferson,55,Female,57332.17,Lake Audreyshire
CUST06374,Brenda Simpson,73,Female,44997.81,West Aaronton
CUST04831,Kelsey Lewis,21,Male,39977.41,Lake Tommyton
CUST08868,Charles Lloyd,36,Female,76098.19,Alyssaland
CUST03102,Robert Cummings,67,Female,21143.93,New Richard
CUST08927,Jessica Berry,59,Male,,Jeanetteshire
CUST09753,Jeremy Sanchez,24,Male,62508.08,Lake Mariemouth
CUST03405,Jeffrey Mcclure,21,Female,53109.09,East Vanessashire
CUST06864,Kevin Anderson,25,Male,49970.69,Stevenchester
CUST08894,Jody Phillips,38,Female,57679.63,Wileystad
CUST03073,Jennifer Lee,54,Female,76723.03,Johnsonland
CUST02326,Luke Ray,63,Female,63970.94,Tracystad
CUST03346,Michael Valencia,49,Male,46595.76,Jacquelineburgh
CUST02973,Ryan Crane,32,Female,25782.74,East Melindachester
CUST01923,Eugene Martinez,27,Male,45235.87,Lindsaymouth
CUST03398,Glenn Elliott,71,Female,60087.9,North Christopherborough
CUST04532,Jennifer Mckenzie,64,Male,69449.5,West Johnfort
CUST03579,Deanna Mcdonald,65,Male,51614.53,Rogersshire
CUST04622,Amber Zhang,46,Female,40702.48,Charleshaven
CUST06017,April Norton,25,Male,69111.04,Johnsonborough
CUST01984,Stacy Harper,25,Female,48936.23,West Nicole
CUST05188,Ashley Duran,42,Male,51512.13,Pennyville
CUST00544,Mr. Alexander Landry MD,62,Male,63183.64,Gonzalezstad
CUST01532,Danielle Jones,45,Female,72981.73,Susanshire
CUST06070,Wayne Barnes,36,Male,62489.25,
CUST04820,James Davenport,26,Female,,East Davidchester
CUST01012,Peter Thompson,33,Female,62848.92,North Martha
CUST07358,Cameron Torres,26,Female,41800.44,Port Ashley
CUST05477,Ashlee Mendez,62,Male,75554.78,Faithside
CUST02494,Brittany Cisneros,54,Female,50948.61,East Kellyhaven
CUST07368,Felicia Thompson,42,Male,29175.71,Matthewbury
CUST09098,Sarah Collins,29,Female,62434.59,Lake Daniel
CUST05312,Austin Smith,60,Female,46390.11,Mcleanmouth
CUST02291,Virginia Cunningham,48,Male,50376.82,East Connie
CUST00886,Jordan Williams,64,Male,79608.64,South William
CUST04209,Wayne Brown,51,Female,40469.53,Austinfurt
CUST04247,Jackie Stewart,64,Male,65007.45,Bonnieport
CUST02801,Brian Rodriguez,19,Female,33646.43,Connortown
CUST05892,Beth Sanchez,54,Male,56314.02,New Jillmouth
CUST08936,Michael Cardenas,29,Male,50219.78,North Allen
CUST07605,Jody Rogers,74,Female,32398.57,South Melissatown
CUST08938,Nicole Collins,27,Male,67875.67,North Kathryn
CUST05266,Frank White,62,Male,37625.56,Myersshire
CUST00418,Jeffrey Mills,66,Male,33006.34,Hardyshire
CUST06634,Cory Parsons,67,Female,29849.05,South Dean
CUST05339,Monica Cline,33,Male,63811.98,Sandramouth
CUST02912,Alicia Grant DVM,25,Female,64570.16,Myersville
CUST03074,Michael Clay,69,Male,59901.65,Kristinmouth
CUST00478,Curtis Williams,40,Male,43578.86,Lake Ginaport
CUST06943,Autumn Hill,66,Male,39865.49,
CUST07758,Kelly Kennedy,20,Female,37075.78,Kevintown
CUST07838,Charles Gonzalez,41,Female,61067.38,Randyside
CUST08259,Eric Harris DVM,67,Female,49142.74,Hansenmouth
CUST00541,Sean Moore,65,Male,52849.23,Port Taylortown
CUST04431,Victoria Smith,34,Male,42297.98,North Laurenstad
CUST00979,David Rodriguez,50,Female,48832.58,Alexisborough
CUST07128,Johnny Garcia,48,Female,74832.7,Jayshire
CUST06134,Allen Porter,39,Male,60751.8,Tylerport
CUST06248,Thomas Phillips,25,Male,58019.72,Lake Paul
CUST04799,Michael Norton,24,Female,61116.57,Alexiston
CUST06649,Casey Foster,38,Female,,New Juliaside
CUST06271,John Chavez,21,Male,39685.76,Jamesmouth
CUST07301,Keith Casey,20,Female,26332.27,Lake Courtney
CUST06399,Kayla Carlson,66,Female,39418.07,North Taylorborough
CUST03031,Danny Campbell,36,Female,65428.61,South Brad
CUST01758,Robert Green,33,Male,89023.62,New Deborah
CUST07538,James Austin,45,Female,54282.18,East Shannonborough
CUST00499,Phillip Berry,25,Female,62277.74,East Curtis
CUST04649,Willie Perez,43,Female,63445.3,Courtneyburgh
CUST08609,Tammy Finley,58,Female,43948.59,Harveymouth
CUST09193,Deborah Colon,56,Male,35030.5,Lake Michelle
CUST07959,Dana Snyder,44,Male,60140.17,North Nathanhaven
CUST04965,Tammy Hendrix,43,Male,,Davidfurt
CUST06958,Amy Mack,62,Male,33620.88,North Tamara
CUST05052,Cassandra Landry,43,Female,41577.12,East Karen
CUST00336,Daniel Kane,71,Female,14137.73,Port Jason
CUST08816,Hannah Campbell,50,Male,35401.92,New Craigfurt
CUST07362,Patrick Blair,48,Female,43065.59,South Kendrachester
CUST00239,Yvonne Chambers,20,Male,32699.6,Taylorton
CUST08567,Anthony Morton,70,Female,52496.28,Ewingmouth
CUST02066,Mario Chavez,62,Female,65740.2,North Jenniferstad
CUST01372,John Oliver,25,Female,42432.62,Hardychester
CUST04469,Susan Davis,52,Male,64263.31,West Jasmine
CUST05448,Victoria Keller,44,Female,62072.25,Jonathanchester
CUST06119,Alicia Wilson,58,Female,70419.53,Port Pamela
CUST04529,Thomas Davis,43,Male,40591.59,Ramosstad
CUST09663,Michael Gonzalez,21,Female,31979.12,North Steven
CUST08457,Jennifer Moore,73,Female,49089.11,New Seanberg
CUST08811,Albert Black,47,Female,53684.75,Lake Audreymouth
CUST08262,Tony Barnes,58,Female,38634.67,Kennethbury
CUST01951,Tyler Avila,52,Female,33451.46,Lake Jackville
CUST01656,Emily Herrera,29,Male,59545.33,Lake Angela
CUST09969,Justin Swanson,71,Female,65365.78,Greenfurt
CUST04421,Patricia Zamora,64,Female,30900.31,Parkershire
CUST00136,Robert Potter,50,Male,37085.27,Micheleside
CUST06049,Stephanie Nunez,70,Female,27179.79,
CUST07087,Christine Mills,51,Female,46364.32,Tiffanyville
CUST06144,Kaitlyn Leblanc,65,Female,20329.75,Tiffanybury
CUST03156,Dennis Jones,39,Male,63319.5,North Renee
CUST06521,Benjamin Alvarez,57,Male,42602.93,Josephport
CUST03015,Jason Bell,29,Female,,West Anthonyside
CUST05722,Raymond Valenzuela,49,Male,81686.52,Riddleview
CUST09442,Cathy Evans,18,Male,45880.79,New Stephen
CUST06322,Patricia Paul,72,Male,61990.33,Leestad
CUST08015,Stephanie Mcintosh,60,Female,10668.76,North Jessica
CUST06723,Kelly Woods,26,Male,34128.64,Stricklandshire
CUST09699,Megan Holmes,63,Female,77708.59,South Susan
CUST03996,Katherine Padilla,36,Female,39451.34,Clarkberg
CUST07759,David Sanchez,62,Male,70361.2,New Christopher
CUST05284,Tanya Shannon,31,Female,46702.24,New Matthew
CUST07580,Monica Madden,70,Female,84278.13,Kingstad
CUST02977,Roberto Smith,44,Male,54844.53,New Amymouth
CUST01997,Hannah Martin,67,Male,80456.73,Tammyfort
CUST06673,Daniel Young,61,Male,51806.19,Knighttown
CUST08529,Eddie Velez,45,Male,47165.16,Shawnshire
CUST00961,Sylvia Schroeder,19,Female,62764.56,North Robyn
CUST02134,Michael Wilson,46,Male,41557.98,Smithland
CUST03794,Jennifer Hernandez,64,Male,,Josephtown
CUST09834,Levi Meadows,72,Male,36477.08,Lake Misty
CUST06062,Teresa Smith,32,Male,47170.23,Monicafurt
CUST04775,Edward Barton,42,Male,57369.51,Marcusville
CUST09806,Kathleen Boyd,35,Female,37783.6,Clarkton
CUST04694,Kathleen Levine,61,Male,29062.02,Matthewberg
CUST04835,Sharon Williams,58,Female,5000000.0,New Danielle
CUST09153,Megan Burns DVM,38,Male,28744.63,West Michaelport
CUST09652,Chase Lopez,27,Male,47499.87,Amberbury
CUST02522,Mark Carter,37,Male,35313.01,West Nataliefort
CUST09225,Jason Kirk,48,Male,47963.01,Aaronmouth
CUST00636,Timothy Johnson,43,Female,30647.07,Port Michaelmouth
CUST08475,Joshua Haynes,72,Male,46901.65,South Ronaldton
CUST07909,Jennifer Gonzalez,45,Male,45066.98,Katelynborough
CUST05478,Leslie Barton,45,Female,39678.9,South Sherry
CUST03360,Priscilla Romero,30,Female,64458.85,Terryfort
CUST03881,Kenneth Webb,51,Female,62295.35,Lake Valerie
CUST02217,Jessica Garrett,28,Female,49836.44,New Randyburgh
CUST07595,Benjamin Wilson,25,Male,63924.91,Samuelport
CUST05254,Debra Smith,30,Female,43324.62,East Wayne
CUST09564,Mike Berry,35,Male,52250.28,Port Shawn
CUST03822,Erin Ellis,74,Male,55561.57,Anthonyborough
CUST07356,Brooke Quinn,52,Male,34018.19,Jasonburgh
CUST09386,Shannon York,31,Male,72897.22,New Michael
CUST00148,Kathy Rivas,18,Male,34125.54,Port Jeanetteport
CUST05679,Melissa Newton,39,Male,36143.03,Simmonsmouth
CUST02458,Katrina Jimenez,29,Female,66735.92,East Lisa
CUST07067,Katherine Mcdonald,44,Female,64035.16,Lake Loriborough
CUST09008,Nicole Patterson,74,Male,58305.08,Chasehaven
CUST08190,Jordan Harper,30,Male,62201.56,Brandonfort
CUST01716,Jean Lane,60,Male,61424.01,Luisfort
CUST03060,Michael Brooks,21,Female,41640.9,Port Laurenview
CUST01590,David Sullivan,22,Male,27336.83,Guerrahaven
CUST03608,Phillip Anderson,21,Female,47487.28,Jamesmouth
CUST02824,Adam Arnold,63,Male,53868.44,Mooreton
CUST01895,Christine Zavala,66,Male,53747.09,Levineview
CUST07984,Mitchell Deleon,42,Female,34859.44,New Heathermouth
CUST00168,Joel Williams,49,Male,18462.58,Ashleychester
CUST08846,Mrs. Valerie Ramirez,53,Male,59778.79,
CUST05415,Christopher Jones,52,Male,62658.22,East Troyview
CUST09475,James Jenkins,36,Female,20676.63,East Elizabethberg
CUST04056,David Cervantes,66,Male,62219.06,Davidborough
CUST00128,Cameron Fisher,56,Male,,New Johnton
CUST07574,Brett Thomas,55,Female,26888.88,Jonathanberg
CUST01536,Eric Huerta,46,Female,87072.12,Reyesside
CUST06054,Jesse Wright,31,Male,39364.6,West Jennifer
CUST06206,Jeanne Mills,64,Female,52419.21,West Dan
CUST01561,Lori Johns,73,Female,43573.24,West Joseph
CUST07172,Sara Flores,28,Male,65593.39,Lydiaburgh
CUST01439,Chelsea Smith,69,Male,44984.53,Millerchester
CUST04668,Lindsey York,34,Male,50402.49,South Gabriel
CUST00197,Spencer Haynes,61,Male,68370.26,Johnsonshire
CUST00031,James Ferrell,42,Male,14590.12,Deborahberg
CUST06980,Yolanda Anderson,28,Male,41500.62,Port Williambury
CUST06567,Kenneth Harmon,49,Male,30866.03,West Daltonstad
CUST04486,Philip Cummings,54,Female,37172.49,New Henrybury
CUST06215,Jill Ray,63,Female,59055.31,Port Michaelville
CUST06060,Omar Chandler,49,Female,50515.44,Bryantberg
CUST09637,Pamela Walton,62,Male,35459.57,West Jenniferton
CUST01498,Zachary Ramos,47,Male,65134.52,Carrburgh
CUST06697,Jill Taylor,70,Female,51864.96,Lopezborough
CUST07936,Alexander Mitchell,60,Female,61034.01,South Dwayne
CUST00149,Stephanie Manning,52,Female,42107.55,Brendaville
CUST02441,Gina Spencer,28,Female,53868.33,Lake Toni
CUST05401,Justin Potter,22,Male,49492.29,Maloneton
CUST07747,David Williams,46,Male,73549.92,Estradahaven
CUST05244,Angela Richards,18,Female,55535.47,East Sarabury
CUST06447,Richard Reynolds,19,Female,,Gabrielleport
CUST08997,Adrian Sanchez,38,Female,51681.12,West Elizabeth
CUST01312,John Anderson,32,Female,45557.56,Katrinachester
CUST05225,Ashlee Ross,64,Female,54316.54,Lake Kelly
CUST09861,Linda Welch,36,Female,53273.09,North Kevinfurt
CUST07209,Catherine Walls,45,Female,39971.94,Hendersonside
CUST08939,Laurie White,51,Male,52539.84,West Jennaville
CUST00985,Elizabeth Flores,68,Male,20000.38,East Erica
CUST05917,Brittany Ballard,53,Male,47594.43,Meganbury
CUST01774,Brett Pena,29,Male,23567.06,Carolfurt
CUST00883,Ian Porter,18,Male,60273.44,Pattersonhaven
CUST03679,Jennifer Ortiz,19,Male,28356.54,Port Ivan
CUST06123,Thomas Turner,27,Female,81084.52,West Christinahaven
CUST06346,Jennifer Mendoza,33,Male,51799.29,South Jason
CUST02540,Sara Cain,64,Male,,Lake Emily
CUST05410,Lisa Ochoa,24,Female,23850.85,Teresamouth
CUST05660,Donald Freeman,72,Male,,New Julie
CUST02005,Henry Gray,57,Male,81400.22,Port Dawnbury
CUST04882,Gail Vasquez,60,Male,61498.45,Lake Jennifer
CUST07282,Janice Fuentes,39,Female,26356.48,Lawrencefort
CUST00421,Maria Jones,48,Female,51053.66,Danielleborough
CUST08636,Brian Nixon,68,Female,53238.94,Katherinechester
CUST03255,Tammy Morris,42,Male,48703.34,Port Trevor
CUST06923,Joshua Smith,39,Female,48658.6,New Ryanfurt
CUST05378,Cody Thompson,31,Male,,Carlychester
CUST06020,Tina Little,71,Female,59742.36,Mooreberg
CUST00251,Olivia Harris,54,Male,60897.59,Port Jessicafurt
CUST00869,Jorge Harris,22,Male,62667.88,Solischester
CUST07940,Andrew Delgado,50,Male,48080.38,Robertamouth
CUST03916,Patrick Blackburn,31,Female,47434.61,Paynebury
CUST05876,Nicole Sanchez,44,Male,54189.11,West Christopher
CUST00477,Judith Carter,68,Male,43392.21,East Christopher
CUST02132,Travis Wilson,32,Female,34005.94,East Tinafurt
CUST04813,Jaime Williams,70,Female,51072.63,Lake David
CUST00788,Cesar Wilson,20,Male,56661.25,Brettborough
CUST03394,Angela Huang,43,Female,62521.75,New Brucestad
CUST06808,Robin Terry,32,Female,56625.07,Amandaland
CUST01321,Colin Fletcher,46,Female,52124.95,Port Davidview
CUST02658,Timothy Orr,61,Male,30579.4,North Paula
CUST02878,Vincent Rosario,33,Male,50937.3,Laurafort
CUST04185,Roger Moss,43,Female,72064.7,West Danielle
CUST04099,Jordan Calhoun MD,36,Female,24141.29,East Stephenland
CUST05360,Kristopher Curtis,67,Male,36457.67,Floresshire
CUST02698,Tammy Davis,45,Female,37008.67,Smithside
CUST02002,Annette Lewis,68,Female,37891.19,East Kaitlynshire
CUST03808,Jonathan Yates,38,Female,31899.04,Brownberg
CUST05358,Jose Green,73,Female,37618.79,Lisahaven
CUST09582,Christine Torres DDS,31,Female,78241.12,Port Benjamin
CUST05907,Clifford Poole,45,Female,75403.12,Lake Jennifer
CUST06314,Gavin Yates,68,Female,63213.21,West Josephborough
CUST01679,Bruce Hernandez,45,Female,71837.62,Brianchester
CUST07306,Andrew Robinson,22,Male,39963.65,East Daniel
CUST04750,Willie Flynn PhD,70,Female,70528.54,Smithstad
CUST05034,Rachel Patel,51,Male,27632.52,Reyeshaven
CUST06859,Jodi Jimenez,48,Male,22522.71,West Lisa
CUST03854,Natalie Patrick,42,Male,45723.78,Deanport
CUST06942,Alexandria Collins,35,Female,53667.84,West Kim
CUST01307,Crystal Cruz,24,Male,22965.76,West Brendaview
CUST00394,Tamara Davis,47,Male,32814.38,New Jamesfurt
CUST00982,Joshua Garcia,47,Male,67428.57,Adamborough
CUST02655,Matthew Allen,65,Female,46138.9,South Alanborough
CUST07115,Eric Adkins,37,Female,53915.3,East Rebecca
CUST00261,Desiree Tyler,23,Male,34282.58,Port Miguelton
CUST09611,Micheal Miller,22,Female,39172.97,Port Allison
CUST01714,Stephanie Fields,52,Female,30620.08,Joshuatown
CUST02193,Michael Moore,41,Female,53596.02,Susanview
CUST02018,Amy Hester,50,Female,46408.82,East Michelle
CUST05523,James Peck,74,Male,37969.26,New Kimberly
CUST00274,Joyce Bowen,23,Female,51386.25,Lake Madisonton
CUST07122,Bryan Franco,61,Female,70967.22,Thomastown
CUST09010,Stacey Jones,49,Male,48914.42,Ramseychester
CUST04803,Patricia Hernandez,42,Male,53139.1,
CUST09457,Evan Carroll,69,Female,40201.59,Rodriguezfurt
CUST07711,Roger White,31,Male,57843.34,West Nina
CUST04214,Melinda Patterson,61,Female,28697.59,Foleystad
CUST05575,Christopher Smith,59,Male,33884.38,Kathymouth
CUST08020,Catherine Crane,46,Male,57977.72,
CUST08321,Cody Love,46,Female,57598.24,East Dustinfort
CUST04051,Susan Garcia,52,Male,51329.76,Tonyport
CUST02857,Erika Brown,40,Female,54948.37,Duartetown
CUST08133,Gerald Wall,61,Female,35699.54,Rossland
CUST09264,Brian Peters,43,Male,43425.76,Cynthialand
CUST05275,Lori Davis,49,Male,69021.03,Smithborough
CUST09640,Stacy Robertson,61,Male,58556.72,Andrewville
CUST04234,Miss Kimberly Holloway,54,Female,50342.14,Waltersburgh
CUST00285,Elaine Brooks,37,Male,14862.15,New Karenberg
CUST00156,Joshua Perry,43,Male,90599.27,Michellehaven
CUST03836,Anna Thompson,33,Male,35786.61,West Gail
CUST01671,Megan Anderson,74,Female,44400.94,Walkerborough
CUST02067,Catherine Smith,52,Male,47081.44,Mcculloughview
CUST06071,Maria Weaver,42,Male,81484.21,North Sarahhaven
CUST02954,Anna Higgins,64,Female,40888.49,Michaelside
CUST09994,Samantha Petersen,24,Male,62576.2,West Patrickburgh
CUST05264,Dustin Williams,65,Female,51317.32,Loriport
CUST00476,Robin Brown,29,Female,66232.79,Gregoryport
CUST05656,Paul Martin,62,Male,57636.02,South Christopherborough
CUST04043,Patricia Hale,18,Male,54948.34,West Jenniferchester
CUST01449,Jessica Rojas,44,Male,38301.72,Sarahhaven
CUST09536,Eric Hunt,41,Female,40886.52,Lake David
CUST01201,Michele Holland,50,Male,67480.55,Marshallchester
CUST07590,John Kemp,24,Female,45990.94,Pittmanbury
CUST01080,Kathryn Dillon,41,Female,37619.68,New Ricky
CUST08561,Elizabeth Fleming,49,Female,52799.99,Lake Courtneyville
CUST08208,John Johnson,28,Male,61634.92,East Sarah
CUST09209,Sara Yang,68,Female,40115.06,Connerfurt
CUST09056,Jeffrey Thompson,40,Male,81614.47,Clarkbury
CUST09331,Zachary Stark,48,Female,59161.2,Elizabethfort
CUST01747,Jose Harrison,36,Female,56205.69,South John
CUST07889,Greg Dyer,45,Male,,North Kevin
CUST09903,Austin Owens,35,Female,49194.78,Michellebury
CUST06914,Jared Smith,34,Female,38664.45,East Mary
CUST00384,Aimee Turner,55,Male,68332.54,Fowlerborough
CUST01641,Katherine White,40,Female,18937.25,Nicholasbury
CUST00665,Tracy Grant,65,Female,60866.18,Port Jasonton
CUST08292,Randy Flores,67,Female,80517.31,Matthewside
CUST06335,Clayton May,33,Female,45453.04,Alexanderside
CUST08152,Lisa Odonnell,36,Female,27861.39,South Lindahaven
CUST04780,Ruth Brown,37,Male,69486.55,West James
CUST03828,Erin Stewart,61,Female,47994.92,Stricklandland
CUST04248,Krista Fuller,48,Male,44429.58,East Jillview
CUST03008,Wayne Davis,38,Male,53458.56,East Deannaside
CUST06752,Joshua Hayes,52,Female,54516.85,Dannyside
CUST07006,Alan Hoffman,60,Female,49154.6,North Teresa
CUST01466,Corey Norris,39,Male,35699.77,South Wendy
CUST02717,Paul Sheppard,27,Male,43801.06,Garciahaven
CUST08981,Sarah Woods,71,Female,46213.77,Ericaland
CUST03052,Richard Hartman,45,Female,44812.68,Gardnerland
CUST06485,Megan Hood,71,Female,38617.71,East Jeffrey
CUST03857,Susan Baker,32,Female,51464.79,Heatherberg
CUST04312,Michele Conner,54,Male,86691.71,Brittanyland
CUST03697,Tammy Morris,22,Male,71921.39,Amyport
CUST01795,Randy Robinson,26,Female,16122.51,New Michael
CUST07038,Karen Wells,33,Male,40630.93,Lake Pamela
CUST03275,Jennifer Brown,72,Female,44163.6,Port Briantown
CUST00634,Amber Cooper,40,Female,10370.67,Mosleytown
CUST05566,Michael Cross DDS,55,Female,50777.92,Joshuaburgh
CUST03379,Brad Fisher,68,Male,58272.78,Moodychester
CUST00002,Angie Henderson,46,Female,42629.69,Whiteport
CUST02302,Mr. Jeremiah Galvan MD,24,Male,53313.42,Monicaburgh
CUST03596,Christina Compton,41,Male,54331.39,Ruizside
CUST06606,Bethany Haynes,20,Male,31253.88,Henryshire
CUST07003,Breanna Flores,23,Female,27287.36,South Johnside
CUST03319,Andrew Harris,54,Male,28543.55,Brianview
CUST02224,Michelle Petty,35,Female,41861.07,Wrightshire
CUST00095,Anna Henderson,57,Female,62717.02,Lewismouth
CUST05909,Chloe Ellis,46,Male,54352.73,East Kathleen
CUST01035,Natalie Malone,45,Male,42265.39,Littlebury
CUST05940,Amber Fernandez,28,Female,64434.83,Isaacbury
CUST06627,Hunter Williams,70,Female,66117.61,Johnsonton
CUST01599,Ronald Murray,37,Male,41273.06,Thorntonburgh
CUST00591,Kiara Little,36,Male,65362.2,Patelborough
CUST06865,Latasha Washington,24,Male,30727.71,East Stevenborough
CUST00246,Krista Gibson,19,Female,39510.31,West Kristinmouth
CUST05877,Shannon Hill,47,Female,67854.42,Juliehaven
CUST07802,Victoria Burgess,40,Male,45020.29,South Valerie
CUST06097,Sheri Murphy,71,Female,54847.67,Taylorshire
CUST02500,Juan Johnson,31,Male,40914.8,Moralesmouth
CUST07179,Dr. Daniel Sweeney,59,Female,46223.37,East Richardhaven
CUST08344,Mary West,33,Female,44003.22,North Theresa
CUST05418,David Williams,41,Female,64645.4,West Jasmine
CUST00629,Kevin Davis,63,Male,42847.75,North Michael
CUST04202,Jennifer Smith,62,Female,46344.89,North Gregorystad
CUST04656,Ryan Wheeler,27,Female,12931.49,Brownbury
CUST08562,Angela Russell,58,Female,51871.93,Nicoleland
CUST01001,Stephen Wood,19,Female,60638.74,Lake John
CUST04626,Michael Miller,18,Female,61931.59,West Monicafurt
CUST03154,Steven Thomas,51,Male,62173.48,Port Jeremy
CUST01387,David Reynolds,60,Female,62864.21,Terrihaven
CUST02798,Rebecca Klein,30,Female,61530.8,East Jasonfort
CUST09558,Brett Vincent,44,Male,37789.0,Darrellville
CUST09704,Monica Anderson,34,Male,23125.09,East Mark
CUST00868,Lisa Ramirez,68,Male,40639.69,Velasqueztown
CUST00892,Jake Shaw,39,Female,45997.95,New Molly
CUST01179,Elizabeth Miles,71,Female,65705.93,Lake Devin
CUST03647,Sonia Reyes,41,Male,42992.85,Davenportland
CUST08077,James Stanley,22,Female,58833.64,Robertmouth
CUST02950,Patrick Garcia,54,Male,29524.55,Port Michael
CUST01523,Jonathan Walker,49,Male,79228.72,Annaview
CUST01791,Janet Cook,31,Male,42138.98,East Matthewfort
CUST07975,Christina Simon,37,Female,66379.05,Harringtonberg
CUST05774,Nathan Burke,56,Female,60420.99,Lake Carolberg
CUST08598,Rebekah Gutierrez,33,Female,,Obrienstad
CUST01171,Mr. Anthony Mcconnell PhD,23,Female,36063.66,East Kimberlyhaven
CUST09846,Jordan Villarreal,24,Male,66085.83,Whiteside
CUST04505,Craig Smith,55,Male,47598.87,New Jefferychester
CUST06745,Frank Lawrence,71,Female,34138.71,New Robert
CUST06109,Chase Choi,72,Male,58926.56,Gomezport
CUST08814,Stephen Wolf,43,Female,-1297.23,Loriton
CUST09924,Lisa Mendoza,27,Female,45183.83,Stephanieville
CUST08279,Thomas Garcia,41,Male,53706.84,Debraport
CUST02656,Paul Keller,54,Female,23639.89,Armstrongborough
CUST06044,Richard Saunders,68,Male,49781.6,Austinmouth
CUST04638,Diana Miller,30,Male,52007.83,Dannyborough
CUST06894,Sandra Reyes,46,Male,63889.09,
CUST08106,Joshua Mann,29,Male,81538.01,Karenland
CUST00568,Lisa Randall,63,Female,55307.15,Lake Margaret
CUST03924,Steven Rodriguez,73,Male,47105.35,New Sean
CUST07347,Chad Taylor,45,Male,33948.6,North Cynthia
CUST01464,Beth Hall,46,Male,28844.4,South Peterville
CUST02035,James Stevens,68,Female,48961.69,Sergiofort
CUST05738,Zachary Mckay,64,Female,69315.95,Matthewport
CUST02298,Angela Brown,67,Female,54523.58,Tonyburgh
CUST03531,Kristin Graham,38,Male,79798.61,Kellyberg
CUST01524,Nicholas Long,27,Female,32683.82,Jakeview
CUST09532,Deborah Long,49,Male,38327.62,New Daniel
CUST05012,Kevin Barton,57,Male,35270.95,East Michelle
CUST03232,Justin Smith,38,Male,48382.03,Parkershire
CUST05658,Lori Roberson,63,Male,60157.72,Colemouth
CUST01597,Kelli Mccoy,72,Male,,Allenshire
CUST06929,Lori Madden,37,Female,38307.05,Wayneport
CUST09472,Kevin Torres,26,Male,73979.65,Bobborough
CUST07405,Jessica White,52,Male,43526.56,Randallchester
CUST04240,Matthew Farmer,36,Female,53574.11,Sarastad
CUST02440,Christopher Mcclure,48,Male,38204.36,South Lisashire
CUST00809,Heather Page,54,Female,51434.25,Alexanderview
CUST05476,Douglas Morton,42,Male,28417.71,Lake Steve
CUST09985,Alexandria Shepherd,46,Female,49294.08,New Andrea
CUST05612,Daniel Chen,41,Female,47196.84,Robinsonville
CUST08142,Robert Mills,59,Female,44879.28,Port Stephanie
CUST01386,Crystal Garcia,57,Female,31759.86,East Michaelland
CUST01161,Glenn Gallegos,26,Male,67269.92,East Billy
CUST08661,Michael Cross,50,Male,60838.77,South John
CUST08002,Karen Mitchell,41,Male,52793.79,Port Taylorberg
CUST00084,Zachary Ferrell,51,Female,44320.01,Susanville
CUST03701,Larry Rivera,29,Female,58897.53,Port Laurie
CUST03477,William Sanders,22,Female,36584.45,East Anthonyshire
CUST06944,Philip Munoz,58,Female,,Amandaside
CUST01718,Susan Torres,62,Male,55734.77,South Michaelburgh
CUST04629,Megan Perry,26,Female,,North Mandyshire
CUST02680,Michelle Mendoza DVM,28,Female,37704.33,Jorgestad
CUST06027,Kim Flynn,48,Female,48381.88,West Denisemouth
CUST08848,William Gutierrez,33,Female,38937.72,Charlesburgh
CUST01078,Julie Delacruz,40,Female,56557.54,South Sarah
CUST06512,Jack Krause,56,Female,45203.98,New Angela
CUST00259,Mrs. Kristen Reyes,43,Male,54198.12,Edwardhaven
CUST00253,Barbara Dudley,50,Male,62736.7,Sheliaview
CUST09133,Alexa Smith,59,Male,38055.9,New Angelafurt
CUST06789,Corey Pacheco,51,Male,50561.91,East Benjamin
CUST09509,Brian Maldonado,41,Female,45896.04,Wrightside
CUST09756,Paul Brown,27,Male,46139.57,Lake Tylerhaven
CUST00417,Carrie Wright,46,Male,67345.35,Markfort
CUST03096,Caleb Jackson,56,Female,24968.04,New Catherine
CUST03344,Mark Thomas,57,Female,57786.18,West Cindyfort
CUST04733,Toni Cunningham,57,Female,40912.47,Seanborough
CUST01546,Brenda Hale,74,Female,63344.74,South Michael
CUST08393,Matthew Jackson,21,Female,49444.26,East Karen
CUST02779,Edwin Carter,52,Male,42838.95,Maldonadoport
CUST09837,Shaun Johnson,56,Female,47721.35,New Andreaton
CUST02577,Lisa James,19,Female,36074.2,
CUST03900,Travis Schmidt,55,Male,79442.55,West John
CUST09906,David Fitzgerald,22,Male,48115.7,North Walter
CUST01853,Robert Chang,49,Female,40093.1,Williammouth
CUST04806,Alexander Greene,24,Female,43798.92,Port Jessicaport
CUST03285,Juan Potts,25,Female,71723.11,New Candace
CUST03789,Melissa Stout,36,Male,55820.51,West Monica
CUST06588,Jason Woodward,33,Female,29694.74,North Scottfurt
CUST02159,Pamela Hernandez DVM,74,Male,52641.7,Stewartport
CUST09526,Susan Kelley,28,Male,72504.37,Sarahbury
CUST08424,Joy Brooks,32,Male,57392.02,Kellychester
CUST08154,Rebecca Tapia,36,Female,34718.78,Pettymouth
CUST05291,Brandon Kirby,46,Female,36770.83,North Rebecca
CUST07221,Mary Atkinson,64,Male,42497.49,Georgestad
CUST02309,Amanda Hernandez,43,Male,,
CUST02844,Richard Morales,49,Male,35499.63,Port Haley
CUST01283,Jesse Williams,31,Female,45125.21,West Kathleenburgh
CUST00724,Mary Miller,31,Male,48113.57,Fordbury
CUST05154,Carrie Ware,48,Female,35680.79,Peterville
CUST06801,William Guzman,74,Female,56303.02,Friedmanside
CUST09046,John Smith,67,Female,71771.36,West Rachelhaven
CUST07534,Jeremy Davis,31,Female,53338.64,New Patricia
CUST01393,Robert Woods,22,Male,63802.49,Lake Malloryport
CUST09190,Mr. Robert Collins,63,Male,59593.44,Simpsontown   
CUST02335,Brian Garcia,68,Male,24126.28,Katiestad
CUST04061,Sharon Sims,66,Male,64074.0,New Larryview
CUST06557,Nicholas Rasmussen,68,Female,72322.45,Maryburgh
CUST03485,Chris Morris,66,Female,52793.58,
CUST08862,Kent Freeman,70,Male,64055.85,Port Mary
CUST05511,Ryan Thomas,64,Male,17675.51,Snydershire
CUST05061,Samantha Walker,44,Male,54736.73,Markberg
CUST00219,Bailey Duran DDS,26,Male,82229.38,Port Troy
CUST09919,Mark Martinez,64,Female,38076.44,Lake Kevin
CUST04871,Benjamin Martinez,36,Male,66655.07,Alexismouth
CUST09798,Taylor Diaz,66,Female,46567.98,East Lisaport
CUST00216,Rodney Morales,23,Female,60048.52,Joshuatown
CUST09669,Heather Ross,23,Male,36326.67,Samanthaton
CUST03410,Kimberly Lloyd,72,Male,37904.42,Owenmouth
CUST08315,Peter Arnold MD,74,Male,48949.29,Garciaburgh
CUST06640,Ann Hobbs,65,Female,55388.18,Deanstad
CUST07454,Karen Hicks,29,Female,62245.37,Walterhaven
CUST04186,Mary Donaldson,54,Male,69159.52,Courtneyland
CUST05885,Debra Wright,73,Male,41850.99,Alexanderfort
CUST01653,Stephanie Herrera,54,Female,40426.8,Carpentermouth
CUST06887,Nicole Jones,22,Female,46916.86,Lake Joe
CUST01931,Veronica Berry,73,Male,59949.11,Rebeccamouth
CUST01924,Cody Hart,60,Male,44674.12,Lake Carlfort
CUST04923,Brittney Bowman,30,Male,48025.43,Dorothymouth
CUST00222,Elizabeth Oliver DDS,68,Female,36345.84,Wallaceport
CUST01526,Dylan Foster,36,Female,13207.55,Jonesbury
CUST04323,Melanie Preston,59,Female,65924.35,South Alicia
CUST00459,Ruben Dunn,72,Male,68372.54,South Brentbury
CUST04250,Amanda Campbell,28,Male,28216.35,East Lisa
CUST01632,Joshua Carter,71,Female,32826.08,Charlesmouth
CUST09525,Paul Patterson,41,Female,65390.09,West Michelle
CUST09565,Thomas Ward,61,Female,35121.44,Lake Haileystad
CUST07383,Jasmine Bradshaw,71,Male,37112.5,South Richard
CUST09577,Sarah Wolfe,25,Male,75585.98,Port Gavin
CUST07851,Ricky Reid,19,Female,63006.07,East Chelsea
CUST09176,Rebecca Elliott,65,Male,73972.24,Jennifertown
CUST02506,Joshua Mendoza,41,Male,66954.27,
CUST09673,Christine Johnson,27,Male,63222.63,New Charlesside
CUST09916,Carl Douglas,71,Female,60255.02,Lake Heidiland
CUST05384,William Gordon,37,Female,56988.82,West Stephaniefort
CUST00889,Kristen Sloan,38,Male,54809.6,Thompsonborough
CUST00023,Tommy Walter,47,Male,63916.14,Fosterfort
CUST03742,Shelia Waller,60,Female,61703.36,Lewisberg
CUST09730,Amanda Smith,56,Male,59169.3,Lake Lindseyburgh
CUST05963,Michael Haas,62,Male,48251.57,Fordmouth
CUST01610,Richard Hunt,39,Female,77116.4,North Sandra
CUST06624,Kenneth Johnson,52,Female,58247.03,North Patriciaton
CUST02474,Andrew Gonzalez,61,Female,37729.89,West Carly
CUST04872,Patricia Mitchell,28,Male,59889.9,Hartmanfurt
CUST03283,Amanda Zavala,30,Female,32035.29,Robinsontown
CUST03912,Tiffany Sanchez,45,Male,,Erinstad
CUST00650,Andrew Harper,28,Female,45373.21,West Codytown
CUST03186,Eric Jordan,38,Male,58429.98,South Melissaborough
CUST06155,Jerome Parker,20,Male,56854.26,North Melissaview
CUST06597,Cody Conley,73,Male,62172.46,Stewartstad
CUST00225,Benjamin Smith,41,Female,37454.29,West Sarahview
CUST02391,Michael Owens,35,Female,42031.63,East Johnberg
CUST02511,Desiree Smith,46,Female,47322.73,Martinbury
CUST00386,Adam Burgess,62,Male,34592.41,Lake Daniel
CUST04281,Sabrina Ward,44,Male,44160.12,Port Richardland
CUST00466,Jason Beck,24,Female,69356.45,Robertsonmouth
CUST06154,Amber Parker,55,Male,35037.33,West Taylorstad
CUST09542,Sherry Jones,29,Male,58249.79,South Tyler
CUST05659,Matthew Moore,49,Female,64864.76,Kyleburgh
CUST05005,Christopher Gay,45,Female,38015.21,Osborneburgh
CUST04321,David Taylor,68,Female,57913.28,East Jesseberg
CUST07208,Chris Wheeler,55,Male,42090.11,South Jamiefurt
CUST00195,Allen Rosales,45,Male,36228.32,Hawkinston
CUST06690,Peter Zhang,69,Male,40444.09,North Frank
CUST05400,Jose Collins,58,female,54645.13,Allenhaven
CUST06990,Mark Adams,74,Female,60870.22,Stephenport
CUST09667,Timothy Lee,34,Female,50248.06,South Lisafort
CUST00851,Paul Lawrence,53,Male,66157.65,Kimberlyville
CUST06626,Daniel Smith,58,Male,44932.85,Port Michael
CUST08009,Melinda Thompson,52,Female,59822.44,South Katherinefort
CUST04513,Anthony Marshall,49,Female,43666.48,South Raymondshire
CUST07672,Stacy Smith,70,Male,49626.63,Mackmouth
CUST08875,Robin Mora,65,Female,81011.67,Abbottland
CUST02734,Jennifer Miller,61,Male,92575.95,Barnesview
CUST06701,Maria Smith,62,Male,72200.83,Rangelchester
CUST05808,Steven Tyler,46,Female,42665.52,Port Gregory
CUST05727,Daniel Ramirez,64,Female,57142.43,Onealport
CUST02714,Justin Herrera,24,Male,52648.96,Lake John
CUST06610,Jessica Martinez,26,Male,49999.39,West Anthonybury
CUST06602,Justin Figueroa,31,Female,42774.5,Port Davidton
CUST07370,Ryan Adams,72,Male,73975.08,North Richardhaven
CUST04763,Christopher Johnson,52,Female,45550.97,North Katelynmouth
CUST09096,Adriana Malone,43,Male,32088.25,New Jennifer
CUST06797,Jared Carter,67,Male,39281.78,Port Brandonburgh
CUST08175,Rachel Soto,42,Female,50414.62,East Jason
CUST06163,Joseph Walker Jr.,54,Male,70427.87,Danielland
CUST07440,Anthony Flores,65,Female,37023.13,Evanstown
CUST03672,Alyssa Weber,31,Male,32346.57,North Matthewtown
CUST01744,Toni Miller,55,Female,40238.92,
CUST07810,Brandon Pena,30,Female,63140.15,New Abigail
CUST06358,David Fernandez,23,Male,38325.61,North Andrew
CUST08338,Lisa Gallegos,37,Male,34732.06,North Keith
CUST04804,Donna Howell,50,Male,39306.11,Lake James
CUST09421,Steven Kelley,45,Female,39572.46,Kellyshire
CUST04065,Katherine Greene,50,Male,48614.68,East Ellenside
CUST09506,Tracy Sanders,47,Male,59760.92,North Roberta
CUST01315,Andrew Moreno,50,Female,15450.88,Solomonfurt
CUST05162,Christina Ramirez,74,Male,32559.53,Philipchester
CUST02825,Erin Figueroa,53,Male,64668.47,Michaelburgh
CUST04565,Casey Terrell,49,Female,66465.95,Jonathanbury
CUST07412,Kathy Ortega,37,Female,74590.09,Cooperton
CUST04707,Sergio Hodge,26,Female,29709.49,West Marcus
CUST04087,Joseph Hawkins,56,Male,56208.69,West Michael
CUST08941,Brian Singh,25,Male,60001.09,Meganmouth
CUST07150,Dr. Roberto Johnston,49,F,66929.21,West Gregory
CUST04267,Krista Williams,67,Male,58021.02,New Linda
CUST08001,Brett Stephens,50,Female,41137.06,Port Christina
CUST05171,Nancy Lee,68,Male,55317.08,Wrightstad
CUST09569,Darlene Nelson,51,Female,41953.29,Port Johnmouth
CUST00206,Bryan Herrera,50,Male,37392.53,Lake Elizabethbury
CUST04029,Kimberly Price,40,Male,41676.85,Singhtown
CUST08180,Alison Miller,68,Female,51504.7,Sharpland
CUST06992,Laurie Vargas,35,Female,51403.11,Alvaradomouth
CUST02705,Sharon Santos,35,Male,43083.73,Gomezstad
CUST03716,Martin Jones,63,Male,49176.75,New Teresahaven
CUST02737,Melissa Lee MD,59,Male,29254.39,Danielville
CUST08197,Jeffrey Leonard,23,Male,46716.27,New Alexander
CUST08961,Brian Phillips,31,Female,60186.28,Soniabury
CUST07757,Steven Greene,38,Female,61239.56,East Ricardoport
CUST00918,Bryan Moore,27,Male,57498.01,Lake Hollystad
CUST07632,Cameron West,53,Male,71269.84,Port Martha
CUST09610,Barbara Turner MD,59,Female,75060.61,Christopherstad
CUST06327,Olivia Carter,26,Female,46042.39,Wrightborough
CUST04138,Christopher Smith,37,Female,32538.66,West Michael
CUST08798,Amanda Lloyd,50,Female,46825.79,West Sarahland
CUST00109,Sharon Cochran,62,Male,28956.98,Lake Arthur
CUST07021,Jonathan Davis,25,Female,20894.46,Collinsmouth
CUST02554,Austin Briggs,43,Female,46303.49,North Elizabeth
CUST02261,Robert Peterson,50,Female,45343.72,Port Susanstad
CUST07312,Karen White,56,Female,69006.09,South Keith
CUST06878,Cody Hendricks,67,Male,75031.39,Alantown
CUST00815,Anna Estes,35,Female,57526.91,Baileyville
CUST07665,Samuel Bowman,71,Female,53823.3,Mitchellton
CUST01472,Edward Baker,24,Male,45513.86,Tracystad
CUST04721,David Garcia,41,Female,28249.23,Jensenhaven
CUST07195,Michael Arnold,29,Female,49657.63,Briggsstad
CUST07411,Alexandra Foster,62,Female,42830.45,Lake Meghanview
CUST01189,Michael Gonzalez,25,Male,59725.98,Phamland
CUST00785,Laurie Bailey,58,Male,30348.47,Hunterside
CUST04892,Robert Hicks,48,Female,26631.51,East Brandi
CUST03318,Kathleen Roy,60,Male,41105.12,South Christopher
CUST05737,Mrs. Janice Fitzpatrick,72,Male,28641.31,East Sara
CUST07694,Bradley Duncan,21,Male,39924.86,Martinezfort
CUST05807,Matthew Mccullough,18,Female,64664.2,North Richard
CUST06416,Nichole Thompson,66,Female,53333.89,Ericchester
CUST08604,George Harding,20,Female,39962.79,Websterborough
CUST02800,Tammy Cameron,42,male,49828.16,Port Kimberly
CUST07436,Sherri Guzman,69,Male,33796.82,Jeffreyborough
CUST00934,Michael Thompson,51,Female,38060.76,Ericfurt
CUST07575,Jamie Robbins,44,Male,48423.73,South Anthony
CUST08036,Scott Gibbs,57,Male,50515.65,Port Feliciaburgh
CUST07642,Valerie Sharp,23,Female,48181.97,South Deborahside
CUST09103,Kristy Ramos,35,Female,49774.3,Lake Carolstad
CUST00906,Michelle Davis DVM,34,Male,58812.25,Randolphfort
CUST08885,Connie Miller,26,Male,36716.19,Lake Dannybury
CUST05580,Brian Lewis,42,Female,38303.4,Nguyenhaven
CUST03037,Wendy Allen,27,Male,41314.89,East James
CUST04911,Maria Malone,32,Male,74363.18,West Kylefurt
CUST09531,Kelly Rojas,32,Female,87930.83,Gonzalezberg
CUST02975,Shawn Fleming,52,Female,75344.77,Lake Sherryton
CUST06956,Anthony Lee,45,Female,49846.08,South Shannonville
CUST09680,Kimberly Cochran,55,Female,31879.18,North Teresa
CUST09800,Kevin Clark,50,male,31570.68,West Cameron
CUST01769,Alexandra Ho,23,Female,46186.26,East Jenniferstad
CUST07963,David Maxwell,70,Male,39044.88,South William
CUST01509,Tammy Moore,71,Female,37147.45,Lauraland
CUST01066,Yolanda Green,18,Male,50455.27,West Patricia
CUST08666,Jason Baxter,65,Male,57208.89,Port Kevinville
CUST09585,Daniel Perez,21,Male,51182.33,East Carolineshire
CUST05432,Kristen Smith,58,Female,60790.26,South Edwin
CUST06629,William Wilson,43,Male,54266.68,Mossshire
CUST02650,Cory Thomas,43,Female,47015.86,
CUST06491,Megan Koch,51,Female,68290.24,Pricemouth
CUST03126,Chelsea Garcia,52,Male,61636.7,Michelleburgh
CUST06222,Alicia Garner,34,Male,38892.43,Huntertown
CUST01703,Jason Oliver,64,Female,32975.5,Shawnfurt
CUST09427,Lee Keller,37,Male,38046.33,East Kevinhaven
CUST06593,Olivia Dorsey,44,Female,50878.71,Port Michael
CUST06672,Jeffrey Walters PhD,65,Male,23462.15,North Kimberly
CUST08407,Anthony Cook II,40,Female,58087.92,Brownton
CUST02639,Stacy Taylor,26,Male,53446.42,Port Sarahside
CUST02329,Catherine Smith,25,Male,75999.87,North Katherine
CUST06453,Joshua Schmidt,30,Female,35792.57,North Patricia
CUST07287,Tammy Taylor,53,Female,59073.72,West Brad
CUST07143,Thomas Hunt,19,Male,44257.1,Breannaberg
CUST01177,Tracy Chavez,32,Female,40959.91,North Tylerburgh
CUST07730,Tracey Bailey,56,Male,43761.59,Benjaminfurt
CUST06377,Lisa Price,47,Male,63718.61,Jenniferfurt   
CUST06086,Kristen Larson,63,Male,41677.8,West Ryanmouth
CUST06291,Melissa Combs,41,Male,22977.63,New Roger
CUST08995,Collin Gentry,73,Female,48854.13,West Amanda
CUST04627,Theresa Smith,60,Male,49568.82,North Travisview
CUST07404,Craig Tate,20,Female,61987.69,South Tanya
CUST02225,Nancy Larson,63,Female,70648.59,Bryantshire
CUST01071,Sarah Pittman,32,Female,60454.08,Jameston
CUST06034,Ashley Dunn,52,Female,,
CUST04216,Renee Shields,58,Female,22934.74,East Bailey
CUST06268,Francisco Woodward,54,Female,62311.62,Williamschester
CUST04012,James Perez,45,Female,56483.86,Port Donnamouth
CUST09155,Michael Owens,62,Female,78186.36,East Christopher
CUST02323,Sharon Mann,68,Male,,Watkinsmouth
CUST05918,Matthew Freeman,59,Male,68220.68,West Gregory
CUST05819,Rachel Williams,31,Female,78572.83,Michaelborough
CUST09290,Edward Cummings,48,Male,48314.61,Jordanside
CUST03619,Tyler Fisher,60,Male,75951.74,East Tarahaven
CUST04672,Ryan Pierce,47,Male,53864.05,West Pamelaville
CUST04731,Phillip King,38,Male,57537.23,Dylanberg
CUST07518,Allison Cowan,58,Female,62425.43,Lake Tylershire
CUST03418,Ricky Luna,33,Male,14834.56,Guerraview
CUST09328,Edward Jones,21,Female,41100.02,Nicoletown
CUST04147,Larry Lloyd,46,Female,23436.1,Calebmouth
CUST05624,Anita Long,55,Male,35797.42,North Samanthaberg
CUST04242,Mario Peters,27,Female,40714.65,Annetteville
CUST08629,Gregg Anderson,51,Female,52173.27,Lanestad
CUST01877,Joseph Mendoza,66,Female,45091.67,Bowmanbury
CUST05248,Kevin Fischer,74,Female,55284.32,Port Michael
CUST00282,Jessica Garcia,33,Male,57348.65,North Larry
CUST00911,Cynthia Green,20,Female,42551.98,Collinsmouth
CUST04140,Catherine Shannon,50,Male,40866.26,West Ricardo
CUST08593,Robert Anthony,50,Male,26975.51,South William
CUST02103,Juan Parker,64,Male,66847.25,Curryland
CUST01349,Suzanne Bailey,22,Female,53685.03,Brooksbury
CUST05449,Mr. Robert Acevedo MD,27,Female,24730.05,Toddhaven
CUST07906,Hunter Campos,71,Female,56653.8,Heatherton
CUST07426,Rebecca Baker,39,Female,,Williamsfurt
CUST06391,David Gutierrez,74,Male,67727.25,East Elijahfurt
CUST03782,Christine Moran,45,Female,44636.29,Seanhaven
CUST01644,Ryan Marsh,23,Female,51775.99,Devonmouth
CUST00152,Denise Jones,31,Male,20216.3,Josephton
CUST07915,David Wilson,61,Female,34178.33,Elizabethfurt
CUST00450,Brittany Kim,57,Female,78964.76,Justinburgh
CUST08801,Michelle Gross,62,Female,51992.54,Salasfurt
CUST02654,Carol Griffin,51,Male,57440.83,South Trevor
CUST07972,Eric Hernandez,30,Female,41974.59,Millertown
CUST00527,Michelle Jacobs,43,Male,59611.92,Goodwinbury
CUST06815,Ashley Santos,52,Female,55762.18,Lake Christina
CUST07324,Kathryn Brown,49,Male,61402.13,Lake James
CUST05206,David Simpson,66,Female,59067.8,Lake Joyfort
CUST06016,Eric Anderson,19,Female,22187.43,South Sheriview
CUST07907,Jesse Johnson,39,Female,42591.33,New Troy
CUST07493,Joshua Ruiz,60,Female,,Garciaport
CUST03986,Katie Alvarez,40,Female,33856.19,
CUST08150,Maria Brennan,37,Female,54631.08,Port Latasha
CUST02673,Michael Hogan,72,Male,84844.54,West Heather
CUST07455,Edward Patterson DDS,32,Male,64767.56,North Anthonymouth
CUST00687,Robert Jackson,65,Female,25181.34,South Curtisfurt
CUST01845,Aaron Young,59,Female,47216.74,East Jessica
CUST00299,Amber Obrien,35,Male,47608.37,
CUST03788,Wesley Williams,23,Female,33572.09,Lake David
CUST02945,Rachel Williams,52,Male,43657.2,Mullinschester
CUST00194,John Bishop,23,Female,58084.47,Aguilarbury
CUST06809,Melissa Short,36,Female,58875.15,Mcclureview
CUST04830,Mitchell Richardson,39,Male,31315.63,Macdonaldburgh
CUST00685,Mr. Michael Scott PhD,66,Male,50819.97,Lake Carlshire
CUST04046,Margaret Stevenson,62,Male,48756.87,Lake Alejandraview
CUST04040,Jeffrey Miller,25,Male,65393.89,East Linda
CUST06461,Christopher Humphrey,60,Male,51357.84,Jessicastad
CUST00586,Dwayne Klein,53,Male,65082.7,
CUST00000,Allison Hill,56,female,40516.16,New Emmaville
CUST07386,Tiffany Mcgee,52,Male,42455.98,Marcusstad
CUST03974,Mrs. Courtney Wong,70,Female,43664.9,North Brianburgh
CUST05893,Donald Reynolds,65,Male,47633.8,South Jill
CUST02745,Wayne Gray,45,Female,36115.36,North Shane
CUST04244,Donald Mccarthy,45,Female,62875.56,North Tyler
CUST03231,Jeffery Johnson,27,Female,30665.68,Port Bradleyfort
CUST06955,David Le,42,Female,59246.08,New Christopherfort
CUST04023,Charles Fuentes,51,Female,65442.47,Lake Steven
CUST04227,Loretta Miller,56,Male,39383.77,Thomasborough
CUST06012,Sheila Stephens,57,Male,40729.76,West Benjamin
CUST03335,Matthew Patton,59,Male,56581.6,Lake Robertohaven
CUST06450,Mary Hill,34,Female,66380.96,
CUST02411,Kyle Keller,55,Male,49373.46,Richardshire
CUST05165,Austin Conley,24,Female,53076.86,East Darrell
CUST00458,Aaron Miller,59,Female,53205.59,Thomaston
CUST08718,Dennis Moore,35,Male,22648.71,Port Stephen
CUST00678,Jose Crawford,30,Female,65709.58,West John
CUST00020,Margaret Hawkins DDS,19,Female,61336.88,Mariaborough
CUST08306,Roger Buckley,47,Female,23185.47,Welchville
CUST00241,Matthew Moon,54,Male,64929.17,Mannview
CUST01720,Brandon Smith,51,Female,37201.41,West Joseph
CUST01402,Robert Rogers,71,Female,50487.05,East Joy
CUST06573,Jeffrey Jones,36,Male,47353.96,Melissaport
CUST04566,Michael Serrano,27,Male,29638.08,Mckeefurt
CUST07896,Jennifer Lopez,54,Male,56319.34,Lake Lori
CUST00045,Philip Cannon,54,Female,41442.96,Lake Samanthatown
CUST03492,Carla Goodman,68,Female,66398.68,Port Jessicamouth
CUST07277,Michelle Martinez,35,Female,61647.06,Velasquezborough
CUST02730,Elijah Wall,71,Male,53379.83,Pennybury
CUST05865,Cassidy Bailey,20,Female,84838.49,
CUST07772,Kevin Hansen,32,Female,64849.42,West Ellen
CUST03497,Edward Weeks,63,Female,55112.23,Parkerborough
CUST08226,Nicole Ward,68,Female,42946.98,West Scottland
CUST04123,Emily Fitzpatrick,64,Male,62378.95,Jonesside
CUST05043,Julia Long,37,Male,61167.02,Douglasville
CUST07995,Mr. Jeremy Cohen Jr.,19,Male,63350.43,Villanuevachester
CUST09091,Julie Padilla,71,Female,55558.65,East Kelly
CUST04130,Sandra Alvarez,50,Female,87815.46,Grossburgh
CUST06501,Carla Holloway,74,Female,67645.22,Thomasburgh
CUST06513,Mariah Wang,60,Male,50997.15,East Jasminview
CUST08987,Larry Martinez,23,Male,46950.32,Browntown
CUST01613,Brittany Melton,34,Female,42363.24,East Erin
CUST00427,Emily Bennett,40,Female,41024.18,Shannonstad
CUST04771,Mary Lewis,69,Female,78404.12,West Jeffreystad
CUST04225,Katherine Harrison,50,Male,55203.58,South Cory
CUST06510,Stephanie Colon,68,Female,59774.81,Johnburgh
CUST09851,James Gates,22,Male,37597.72,Hawkinsshire
CUST07800,Timothy Jacobs,53,Female,55005.46,South Richard
CUST05149,Mr. John Woodard MD,73,Female,39460.42,Vaughnfort
CUST01176,Pamela Hill,21,Female,59118.56,West Mark
CUST01936,Brandon Brown,64,Female,47729.39,Port Maryview
CUST07165,Erik Williams,43,Male,46270.63,Port George
CUST06812,Tiffany Nelson,61,Male,71798.15,East Erinland
CUST05247,Jeffery Collins,56,Female,54118.45,Shannonmouth
CUST01415,Ellen Wright,43,Female,62658.13,West Charlesstad
CUST01593,Kelly Liu,59,Male,81291.72,
CUST05262,Justin Carter,66,Female,36435.59,East Jason
CUST03580,Brian Barrett,24,Female,58140.65,New Kathrynville
CUST03451,Erin Jacobs,35,Male,29194.81,North Kellie
CUST01988,Carlos Miller,35,Male,70530.73,New Georgechester
CUST09151,Rebecca Jones,40,Male,89970.1,Clinestad
CUST00006,Abigail Shaffer,38,Male,65202.41,Christinefort
CUST02480,Jennifer Sullivan,61,Female,37379.62,South Robertchester
CUST08506,Erica Moore,74,Female,,Kendraborough
CUST02361,Emily Fleming,41,Male,51909.48,New Rebeccahaven
CUST03704,Sharon Cowan,41,Male,32941.65,Daniellebury
CUST08122,Mark Hernandez,46,Male,45536.71,Jordanshire
CUST02133,Jessica Mora,72,Male,37710.65,South Lisa
CUST04591,Cody Jimenez,72,Female,33035.75,Catherinefurt
CUST06166,Veronica Simmons,19,Female,62691.02,
CUST08749,David Andrews,59,Male,54592.78,Smithside
CUST04306,Adam Merritt,62,Male,20335.95,Hunterview
CUST02845,Clinton Moore,38,Female,57879.64,Brownburgh
CUST08800,Joseph Russell,74,F,50309.27,Port Evan
CUST04328,Rodney Gilmore,66,Female,15721.02,Jerryburgh
CUST00498,Meghan Rush,50,Female,54182.18,East Bryanmouth
CUST04754,Patrick Hooper,54,Female,56445.28,New Christopher
CUST05084,Frederick Mejia,46,Female,,Michellechester
CUST03911,Rodney Duran,26,Female,55460.23,South Douglas
CUST02880,Christina Castillo,47,Female,62797.9,Port Markhaven
CUST06751,Jim Foster,55,Male,52071.09,Hoffmanborough
CUST01197,Jasmine Frye,71,Male,33834.84,East Amyhaven
CUST05522,Cynthia Taylor,60,Male,48523.8,Thomasport
CUST00691,Pamela Gutierrez,36,Male,58478.84,Muellermouth
CUST01505,Ms. Kelly Holder,68,Male,54371.64,Brandonbury
CUST03687,John Jackson,69,Female,52829.22,Ryanburgh
CUST09602,Jennifer Nguyen,32,Male,42853.07,Careymouth
CUST02137,Scott Greene,69,Male,69158.82,Millerberg
CUST08501,Michelle Marsh,39,Male,53023.88,Hallville
CUST09974,Carol Dean,63,Male,44544.78,Owenshaven
CUST06534,Kevin Hubbard,66,Female,40970.08,West Adriennemouth
CUST05290,Anthony Wells,41,Female,,Hugheschester
CUST00923,Amanda Sullivan MD,26,Female,20428.26,West Robert
CUST01328,Karen Wood,50,Male,52904.25,Morsestad
CUST08428,Lisa Thompson,68,Female,56525.64,East Ryanshire
CUST03722,Eddie Duffy,29,Male,56034.75,Crawfordton
CUST01371,Pamela Weaver,23,Female,21899.39,New Johnchester
CUST07879,Thomas Chang,60,Female,60980.54,Lindsayport
CUST01027,Steve Rivera,46,Male,37497.5,New Bradleyton
CUST06337,Blake Owens,29,Male,55857.25,Hudsonshire
CUST06087,Michael Scott,51,Male,70942.17,South Alexanderchester
CUST09321,Jeffrey Ellis,67,Male,33949.19,New Susan
CUST05324,Pedro Greene,74,Female,54383.35,Riveraburgh
CUST08711,Maria Davidson,34,Female,26111.01,Port Jill
CUST06710,Sandra Brown,68,Female,52748.31,Prestonport
CUST03548,Amy Walsh,71,Male,64355.35,Smithport
CUST05088,Kimberly Morgan,73,Male,56909.62,Michaelshire
CUST08587,Darren Thompson,72,Female,49698.48,Port Joshua
CUST07022,Gregory Alexander,24,Male,52102.69,Lake Amyport
CUST04357,William Johnson,56,Male,50588.91,West Kevinburgh
CUST08640,William Ortiz,29,Male,39184.34,Deniseport
CUST00947,Ariel Sandoval,71,Female,80073.17,Shirleyfurt
CUST09819,Howard Golden,35,Female,32548.05,Jessicastad
CUST04599,Tina Solomon,58,Female,38267.37,
CUST09662,Patrick Richardson,19,Female,87850.56,Monicaview
CUST06795,Omar Weeks,23,Female,56092.29,Port Amandamouth
CUST02951,Brittany Matthews,69,Female,49504.54,Palmerborough
CUST08488,Emily Vasquez,48,Female,64531.48,
CUST00614,Elizabeth Sharp,68,Male,37630.47,
CUST01699,Christopher Tate,52,Male,11331.03,South Robertfurt
CUST07771,Paul Tyler,24,Male,69528.79,South Adamview
CUST09055,Joshua Scott,27,Female,76482.95,Jonathanborough
CUST01804,April Finley,47,Female,60367.39,Ellisland
CUST07294,Mark Hill,49,Male,73816.33,Port Robert
CUST05357,Jason Fletcher,71,Male,75342.0,Frankhaven
CUST02484,Jose Hartman,19,Male,39506.73,Bethanystad
CUST07631,Robert Brown,47,Female,67057.42,Perezburgh
CUST02978,Donna Moore,19,Male,33738.07,Murphyfort
CUST02818,Derrick Ramirez,43,Female,79844.35,Paulfort
CUST05078,Kaitlyn Brown,34,Male,69770.1,Fosterport
CUST09655,Tristan Scott,29,Male,44456.5,Frenchside
CUST04908,Kyle Armstrong,55,Male,69141.56,West Kurt
CUST09330,Miranda Perkins DDS,61,Female,41030.1,North John
CUST02156,Diane Mcdowell,37,Female,72076.22,New John
CUST00884,Holly Scott,35,Male,55181.87,West Kathleen
CUST02976,Maria Figueroa,19,Female,41649.57,Samanthaton
CUST02242,Jason Chaney,34,Male,36753.35,Lake Natashaside
CUST07290,Steven Clark,33,Female,49960.89,Wilsonchester
CUST00697,Alicia Li,29,Male,63434.26,Josephberg
CUST04644,William Todd,29,Female,71187.44,Paulmouth
CUST08613,Jesus Carlson,20,Male,,South Audreyport
CUST00830,Mr. Michael Williams,28,Female,75068.32,Petersside
CUST01100,Travis Hull,42,F,40987.35,Teresaview
CUST07628,Charles Smith,19,Female,29820.25,Andreahaven
CUST05733,Laura Sanders,45,Male,45194.82,Tracymouth
CUST04082,Tammy Bell,38,Female,58116.56,New Elizabeth
CUST06737,Patricia Wood,39,Female,57753.73,North David
CUST02736,Andrea Oconnor,62,Male,20034.68,West Johnberg
CUST06492,Victoria King,33,Female,32136.39,East Peter
CUST06253,Joseph Meyers,57,Female,47781.55,Brittanyton
CUST04033,Thomas Morse,42,Male,14891.11,
CUST01452,Emily Morris,61,Female,66976.85,East Daniellechester
CUST07485,Sherri Smith,56,Male,55064.51,Curtismouth
CUST07007,Linda Bailey,64,Male,42692.99,East Carl
CUST00703,Michael Abbott,69,Male,67691.19,Melissashire
CUST02607,Jesus Becker,28,Male,62356.39,Stephanieport
CUST02320,Mary Ortiz,30,Male,38667.51,West Scott
CUST03611,John Yang,24,Female,59622.48,Cruzside
CUST01428,Theresa Woods,64,Male,56259.38,East Elizabethtown
CUST03218,John Watts,19,Male,64137.91,South Lindastad
CUST08935,Crystal Duke,19,Female,33123.9,North Kristichester
CUST02674,Lindsay Walker,33,Male,101279.18,Alexside
CUST08454,Nicole Floyd,29,Male,44970.49,New Jim
CUST02493,Alexander Floyd,23,Male,37129.5,North Jonathanview
CUST07260,Nancy Jones,48,Female,72492.54,New Anthonyhaven
CUST06075,Jennifer Cruz,60,Female,39218.54,Michaelstad
CUST08043,Mrs. Heather Meyers,38,Male,34363.97,Maryton
CUST05487,Angel Johnson,36,Male,58251.61,South Jonathanborough
CUST07547,Brian Nichols,32,Male,59111.87,
CUST05889,Steven Stone,53,Female,53674.82,Lake Kelseyville
CUST03885,Randy Bradshaw,31,Male,41762.45,Martinezside
CUST08299,Luke Gross,30,Female,54805.48,Nguyenside
CUST04041,Brian Hoffman,36,Male,67631.76,Christopherberg
CUST01639,Whitney Gomez,62,Female,39920.23,East Katherinemouth
CUST04345,Michael Evans,28,Male,56558.92,Zimmermanmouth
CUST09901,Samantha Hernandez MD,68,Male,52640.75,Lake Terriborough
CUST09978,Jacob Clark,46,Female,60033.21,North Anthony
CUST05385,Kim Holmes,46,Female,29414.92,Lake Jose
CUST00076,Angela Lopez,71,Male,42719.61,Johnsonmouth
CUST02799,Phillip Macias,74,Male,59941.66,Jessechester
CUST05801,Dorothy Osborn,42,Female,67368.98,Sandraborough
CUST06796,Samantha Parker,23,Female,55523.74,Alvarezland
CUST05860,Vanessa Cunningham,46,Male,35932.46,Victoriachester
CUST04692,Donna Wright,31,Female,44860.45,Port Christineport
CUST09832,David Hogan,33,Female,60307.65,Harrisonton
CUST03427,Robert Gross,36,Female,59860.88,Smithburgh
CUST02409,Kristin Phillips,54,Female,,Martinezton
CUST09694,Matthew Ewing,61,Female,48351.96,Annestad
CUST00024,Matthew Foster,55,Male,77703.98,Dyerstad
CUST05960,Randy Jones,47,Female,34980.69,Maxwellchester
CUST08649,Tiffany Rowe,63,Female,32319.13,Jacksonport
CUST03479,Evelyn Pacheco,69,Male,67146.09,Port Ruthview
CUST07164,Ryan Smith,24,Female,48445.88,Clarkebury
CUST03175,Kelsey Baker,40,Male,55916.33,East Wesleychester
CUST01485,Timothy Clark,49,Female,73305.18,East Maryside
CUST07093,Erik Delacruz,39,Female,67420.26,Duncanfort
CUST01367,Nicolas Salas,28,Male,24794.31,Brownburgh
CUST08453,Hannah Smith,64,Male,44108.02,Toddshire
CUST06051,Paul Wagner,39,Female,51335.75,Deannamouth
CUST08496,Jackson Fuller,40,Male,41675.89,South Joseph
CUST08527,Daniel Price,43,Male,65044.98,New Vincent
CUST00473,Evelyn Williams,63,Female,24328.17,South Deborahville
CUST08760,Kimberly Lee,72,Female,41594.22,Pamelashire
CUST08143,Philip Yates,72,Female,48153.03,Brownmouth
CUST05932,Timothy Smith,57,Male,64134.94,Joycehaven
CUST09217,Katherine Weaver,46,Male,46080.85,Lake Christyton
CUST08082,Miss Sharon Park,19,Male,47341.59,Ashleymouth
CUST09988,Eric Rasmussen,53,Female,44745.37,Travishaven
CUST07644,Doris Rios,61,Female,60706.76,Marciashire
CUST05233,Anthony Berg,68,Female,36886.52,South Feliciaborough
CUST03694,Martha Arnold,67,Female,43827.29,West Kennethville
CUST04749,Monica Howe,64,Male,,Jasonbury
CUST00167,Alyssa Day,68,Male,73974.44,
CUST05409,Nancy Rowland,29,Male,39040.17,Thomaston
CUST07582,Julie Moon,21,Male,53921.34,Melanieberg
CUST07965,Jason Norris,74,Male,47034.79,Jacobfurt
CUST08733,Jason Steele,36,Male,60587.44,Duartetown
CUST02068,Shari Ray,65,Male,30510.15,Lake Greg
CUST04489,Alicia Wagner,25,Female,55773.05,New Lisa
CUST09614,Nicholas Turner,59,Male,23025.13,Emilyshire
CUST00523,Sarah King,73,Male,61049.81,Joshuachester
CUST07992,Jack Jacobs,62,Female,42469.71,Leeville
CUST08096,Mariah Collins,47,Female,39765.16,Kimberlymouth
CUST09517,George Oconnor,35,Female,40760.44,Port Michaelchester
CUST06717,Jason Smith,43,Male,57540.78,Hesterborough
CUST08549,Scott Hansen,33,Male,45630.62,Danielport
CUST04239,Dean Thomas,37,Female,52495.39,Evansberg
CUST02318,Julia Cole,40,Male,47387.78,North Parkermouth
CUST05629,Shannon Miller,22,Male,41792.18,Lake Nicholasborough
CUST02923,Robin Hernandez,53,Female,75959.75,Port Maria
CUST09698,Lisa Lawson,21,Female,61801.57,New Emmaton
CUST09360,Melanie Thompson,74,Male,66274.07,South Dana
CUST04137,Brandy James,57,Female,47228.09,New Donaldbury
CUST04432,Timothy Reilly,34,Male,5000000.0,East Christopherhaven
CUST09081,Michael Horton,51,Female,35911.07,West Angela
CUST07215,Robert Banks,50,Female,27619.84,West Mary
CUST07335,Robert Jones,44,Female,51596.82,East Virginia
CUST07068,Todd Perry,72,Female,48884.38,Samanthashire
CUST00348,James Parks,52,Male,58697.53,Jenniferton
CUST08352,Tina Hall,21,Male,55180.81,West William
CUST02472,Kayla Schneider,66,Male,,Wisebury
CUST04326,Sarah Berry,62,Male,43317.81,Bryanshire
CUST09942,Dylan Clark,69,Male,53985.58,South John
CUST02212,Mr. William Ward,70,Female,44723.13,New Jimmy
CUST05395,Joseph Perez,34,Female,,Natalieburgh
CUST02777,Brian Sloan,64,Female,44872.61,South Sara
CUST05416,Miguel Pena,33,Female,49738.18,West Austin
CUST05049,Ashley Sullivan,66,Male,43883.83,Ericchester
CUST09882,Michael Lindsey,63,Male,48475.64,Smithstad
CUST06896,Terry Rivera,23,Female,36765.1,Lake Stephanie
CUST04149,Samuel Lee,27,Female,70374.81,East Stevenhaven
CUST05992,Jason Blackwell,54,Male,34305.6,Marymouth
CUST03019,Ryan Barker,30,Male,53045.92,Richbury
CUST08343,Thomas Olson,54,Female,57196.97,Lake Travis
CUST02661,Joseph Swanson,60,Male,53260.58,South Ianview
CUST04002,Michelle Howard,38,Female,51992.36,Fryebury
CUST02534,Robert Skinner,72,Female,43440.06,Scottborough
CUST01507,Alison Short,67,Male,45625.02,South Kristineberg
CUST07344,Parker Knight,48,Male,57485.56,Waltontown
CUST09701,Christopher Wheeler,30,Female,65700.85,Port Georgemouth
CUST09563,Richard Lee,46,Male,78899.88,West Stephenburgh
CUST02676,Tommy Hood,70,Female,47971.44,Joshuachester
CUST07157,Mr. Daniel King Jr.,60,Male,64158.22,East Leslietown
CUST04335,Ashley Bowman,56,Female,53619.45,South Cesar
CUST00332,Jordan Bates,33,Male,,Lake Deborahville
CUST08280,Jacqueline Ford,69,Female,60925.16,East Veronica
CUST03749,Amy Perez,36,Male,34754.08,Reillyville
CUST05492,Heather Sweeney,62,Male,71204.36,Port Sarashire
CUST03085,Richard Howard,72,Female,61898.92,Grahamton
CUST09201,Mason Moon,21,Male,51877.56,North Michaelbury
CUST07197,Andrea Moody,59,Male,73431.3,Whiteview
CUST03775,Timothy Kennedy,21,Male,57222.75,North Kylie
CUST08183,April Carter,45,Female,24393.23,Lake Troy
CUST08245,Lisa Henderson,24,Male,59982.42,North Jenniferhaven
CUST07241,Kimberly Jones,26,Female,49177.23,Murphyfort
CUST00337,Charles Lester,73,Female,51918.26,Davisside
CUST04708,Katherine Avery,55,Male,48851.59,Port Jeffreystad
CUST02806,Danielle Hernandez,20,Male,29754.22,East Carlosville
CUST01941,Larry Harding,37,Male,69781.46,Lake Alexistown
CUST09083,Jonathan Kelley,74,Male,55464.75,Cindyport
CUST05552,Joseph Sullivan,35,Female,70587.46,Dawnshire
CUST03715,Rebecca Clark,65,Male,49144.02,Williamchester
CUST06520,Darryl Hernandez,38,Male,36830.3,East Tracymouth
CUST00912,Robert Haynes,70,Male,34669.04,North Travis
CUST07102,Michael White,55,Female,32616.29,Ballport
CUST03188,Douglas Trevino,48,Female,47178.39,Johnmouth
CUST08193,Jeremiah Fisher,27,Female,34186.62,East Morgan
CUST03994,Ana Higgins,32,Male,64021.41,Reedchester
CUST05252,Teresa Jones,46,Male,40143.04,New Peter
CUST03695,Sarah Martin,60,Male,11667.62,North Vanessa
CUST09594,Douglas Hale,39,Female,77707.14,South Melissaberg
CUST08705,Kelly Martin,59,Female,32876.06,Kennedyfort
CUST02591,Tammy Larson,28,Male,27120.4,New Jennaport
CUST06053,Nicole Tate,48,Female,30523.89,West Wesleymouth
CUST02640,Sheila Ramirez,20,Female,,Travisshire
CUST08423,Laura Garcia,34,Male,50239.98,Martinville
CUST07480,Angela Trevino,71,Male,,Lake Bryanside
CUST02677,Mr. Kyle Thomas DDS,32,Male,31336.81,Stephaniemouth
CUST08426,Ricky Munoz,40,Female,55387.62,
CUST07230,Melanie Saunders,60,Male,47137.72,East Christopher
CUST02814,Luis Davis,41,Male,40586.59,Ericshire
CUST00278,Shannon James,33,Male,33095.97,Melaniefort
CUST09425,Joanna Martin,40,Male,72039.01,Crawfordfurt
CUST03272,Michael Jones,52,Female,76648.08,Coxmouth
CUST09410,Alyssa Hopkins,66,Female,61191.76,East Mariah
CUST03353,Rodney Perry,63,Male,49811.5,Bakerville
CUST01922,Brittany Young,63,Female,55498.36,West Kathy
CUST04318,William Saunders,39,Male,37934.32,Sarahport
CUST09963,Destiny Johns,70,Female,70542.65,Port Allen
CUST06703,Daniel Wood,46,Male,62001.15,Hughesside
CUST05510,Emma Chan,45,Male,36476.0,North Christopher
CUST05163,Thomas Brewer,27,Female,31672.67,East Williammouth
CUST06996,Jacob Mcdonald,66,Male,50939.73,Lake Lisahaven
CUST04524,John Gallagher,59,Male,47584.9,West Loristad
CUST09993,Robert Cruz,39,Female,51692.73,Lauraside
CUST07032,Jennifer Lewis,73,Female,48792.54,North Pamelabury
CUST01183,Miss Tina Gordon,55,Male,59006.55,West Anthony
CUST09678,Alexandra Gonzalez,38,Male,25914.1,Lesliebury
CUST02610,Sydney Sanders,71,Male,48297.45,New Timothybury
CUST01881,Matthew Davis,73,Female,24500.22,Romanhaven
CUST09822,Duane Bates,33,Male,60438.55,East William
CUST04055,Michael Glass,73,Female,60076.6,New Richardfort
CUST02765,Katherine Baxter,53,Male,36834.67,Myerschester
CUST02153,Joseph Thomas,64,Male,61366.7,Foxport
CUST03752,Christina Wilson,29,Female,59758.16,Graytown
CUST03626,David Walters,23,Female,70770.54,South Jamiemouth
CUST04180,Charles Weaver,60,Male,64107.43,Stephenbury
CUST06361,Jennifer Hill,74,Male,33545.72,Riverachester
CUST07797,Yolanda Johnson,65,Male,56822.23,Ronaldberg
CUST01195,Cynthia Mueller,23,Female,47926.34,South Joannatown
CUST05365,Jonathan Williams,22,Female,68459.17,Woodmouth
CUST06332,Monica Aguilar,38,Female,14280.83,West Ruben
CUST09845,Luke Smith,43,Male,28919.95,Port Louis
CUST02456,John Alvarado,25,Male,29545.4,New Ericaborough
CUST07000,Walter Bailey,70,male,45069.52,
CUST07839,Nicholas Hernandez,65,Male,44284.06,West Vicki
CUST01818,Anthony French,51,Female,34469.03,East Robert
CUST06443,Mr. Charles Young,45,Male,62488.01,Davidfurt
CUST01622,Lisa Grant,68,Female,40341.42,Lake Juliemouth
CUST00119,Jeffrey Chandler,28,Female,68184.06,Port Michaelton
CUST07773,Daniel Thomas,24,Female,55608.62,South Nicholasborough
CUST08732,Maria Morris,72,Male,35610.9,North Robertshire
CUST04751,Jonathan Perez,27,Female,44022.74,Greenburgh
CUST03906,Valerie English,63,Male,47067.43,New Michaelton
CUST04838,Susan Johnson,51,Male,14488.13,Whitetown
CUST08489,Lucas Reynolds,47,Male,52492.46,Sullivanview
CUST05611,Ryan Moore,71,Male,78748.24,New Stevenbury
CUST08882,Matthew Greene,40,Female,45897.87,Morganhaven
CUST09256,John Banks,29,Male,64734.31,Jeanetteview
CUST04235,Tina Harper,73,Female,38039.49,Lake Sergioshire
CUST02695,Nancy Smith,44,Male,37537.34,Riceborough
CUST03167,Linda Rodriguez,61,Male,43520.72,Port Miranda
CUST02592,Nicholas Scott,21,Male,45589.64,West Brent
CUST08207,Cynthia Price,41,Female,43321.93,Port Stephanie
CUST04723,Arthur Krueger,24,Female,31389.25,South Cynthia
CUST08653,Robert Shaffer,67,Female,34386.56,Stephanieborough
CUST04420,Dennis Coleman,64,Male,45985.76,North Daniel
CUST08282,Nancy Garcia,35,Female,30399.71,Lake Elizabethmouth
CUST02147,Tracy George,34,Female,40186.87,New Sarah
CUST04361,Jill Shaw,22,Male,56270.73,Leonardhaven
CUST09073,Nicholas Davis,47,Male,41035.17,Susanmouth
CUST08147,Victor Jordan,35,Female,64791.63,Williamton
CUST08515,Kim Horn,23,Female,53600.36,Cookstad
CUST06525,Crystal Pierce,39,Male,60131.7,Davidside
CUST03597,Beverly Cook,66,Male,53152.36,Johnmouth
CUST07031,Vincent Zuniga,34,Male,46988.9,New Elizabeth
CUST02257,Jeremy Hunter,67,Female,,North Keith
CUST01198,Emily Arnold,21,Female,72556.98,New Bryanville
CUST05693,Phillip Scott,26,Female,61971.95,Cabrerafort
CUST03278,Dean Cook,29,Male,48894.59,
CUST06854,Angela Patel,71,Female,32000.98,New Brendashire
CUST04005,Kyle Blake,37,Female,45336.66,Gilmoreland
CUST09319,Nathan Ellison,67,Female,43724.8,West Aaronfurt
CUST09078,Lisa Good,18,Male,45661.38,Kimberlyshire
CUST08741,Jennifer Hancock,45,Female,52033.37,East Briannatown
CUST00644,Edwin Nunez,58,Male,27255.02,Port Daniel
CUST06995,Michael Saunders,33,Female,33053.16,North Rachelmouth
CUST01436,Rhonda Gutierrez,43,Male,27021.94,South Rebeccafurt
CUST01693,Michael Mckinney,57,Female,38713.46,Collinston
CUST03098,Mason Chase,18,Male,42100.97,Gilbertton
CUST08516,Grace Lewis,54,Male,35236.9,West Heather
CUST03955,Gregory Ochoa,33,Female,56369.81,Richardsontown
CUST05943,Jesse Martin,34,Male,66159.61,Bryanmouth
CUST09458,Diane Roth,61,Female,35052.79,Marcusborough
CUST04415,Lynn King,31,Male,34031.9,South Tonitown
CUST04586,Bryan Newman,30,Male,45486.64,Jennifermouth
CUST06740,Jose Gross,64,Male,51185.95,Hansonside
CUST04973,Daniel Ferrell,60,Female,52585.82,South Stephenburgh
CUST01711,Brian Cervantes,64,Female,51808.09,South Josemouth
CUST04706,Mark Clark,26,Male,57712.18,South Pamela
CUST03637,Kimberly White,74,Male,26339.59,Hunterville
CUST03930,Jennifer Little,47,Male,54692.35,Mooremouth
CUST09515,Michael Steele,31,Male,48814.27,New Margaret
CUST04338,Ashley Thomas,18,Female,76727.9,Sanchezbury
CUST08754,Ronald Mckenzie,29,Female,62790.55,Margaretton
CUST05874,Benjamin Mosley,60,Female,57433.94,Mccormickport
CUST00945,Paula Brown,29,Male,46052.71,Beckland
CUST00774,Carly Riggs,43,Female,37272.06,Carrilloshire
CUST09951,Maria Martinez,19,Male,55903.85,Jenniferhaven
CUST07516,Alison Walker,45,Female,49977.88,West Melissa
CUST01619,Stephen Young,49,Male,43251.24,Brownfurt
CUST02102,Melissa Mccormick,31,Female,70203.73,Randallview
CUST04567,Kenneth Williams,27,Female,38211.34,New Tanyaton
CUST07296,David Garrison,62,Female,26418.66,Port Tara
CUST08572,Jordan Vasquez,62,Male,50598.22,South Jason
CUST02832,Grace Swanson,25,Female,33717.17,Port Alisha
CUST02839,Kyle Horton,66,Male,65307.38,Lake Levibury
CUST09009,Kimberly Hunter,69,Female,57013.23,Donaldville
CUST03917,Jeremy Chambers,26,Male,40680.96,New John
CUST01172,Mr. Thomas Thompson,19,Male,,Ryanfort
CUST07210,Lindsey Chen,42,Female,71310.01,West Jeffreyborough
CUST08611,Jason Kelley,40,Female,40080.59,Port Waltermouth
CUST02760,Sierra Cervantes,54,Female,22601.5,Stephenmouth
CUST08932,Darren Hall,35,Female,27162.66,Davisfort
CUST06133,Mark Keller,39,Male,47098.22,North Devinchester
CUST00663,Samuel Turner,66,Female,38501.12,Hopkinshaven
CUST08014,Joshua Cunningham,66,Male,84958.61,South Scottport
CUST09004,Latoya Singleton,50,Male,32163.75,Williamsonside
CUST03499,Matthew Thomas,68,Male,61211.02,Rogersbury
CUST01734,Christopher Hicks,42,Female,48874.69,East Adam
CUST01917,David Washington,46,Female,51189.42,Mcbrideshire
CUST03420,Kayla Waters,69,Female,52269.28,Martinezhaven
CUST04895,Lisa Riggs,67,Male,5000000.0,Smithfurt
CUST04266,Katherine Caldwell,62,Female,59597.93,Ramirezfurt
CUST07740,Holly Martin,32,Male,60919.6,Jacksonview
CUST02570,Linda Bautista,31,Female,58054.64,Lake Tony
CUST05615,Brian Medina,32,Female,53563.08,Collinston
CUST09455,Samantha Santana,72,Male,65826.58,Autumnstad
CUST05593,Sherry Patterson,55,Female,66826.54,North Jenniferstad
CUST07317,Ronald Hernandez,33,Female,36897.87,East Wandaburgh
CUST07821,Karen Hernandez,64,Female,46654.08,Lake Robert
CUST06871,Lauren Thompson,74,Female,33706.45,Port Rebecca
CUST04961,Charles Powell,72,Male,70130.36,Francisport
CUST01476,Mary Ryan,66,Male,48154.67,Nicholeton
CUST06642,Terry Carr,65,Female,48737.22,Lake Danaville
CUST02859,Cassandra Bonilla,19,Male,42724.64,Lewisborough
CUST01969,Thomas Kelly,20,Female,26488.68,Melissaport
CUST06052,Sophia Richmond,55,Female,50739.47,West Calvinview
CUST03980,Michelle Holden,51,Male,60939.75,Avilamouth
CUST04685,Michael Jackson,56,Male,16310.16,Gonzalesmouth
CUST09359,Timothy Martin,24,Male,52446.38,
CUST04674,Laura Vaughn,38,Male,56742.05,South Sarah
CUST02962,Christian Burton,41,Male,54525.9,Zacharybury
CUST00993,Deborah Campbell,27,Male,81150.81,Taylorville
CUST00387,James Padilla,68,Female,55244.33,Bakermouth
CUST03300,Cameron White,46,F,48633.87,Port Eduardohaven
CUST02198,Billy Williams,42,Male,35519.67,South Danielle
CUST01208,Brittney Hernandez,31,Male,,West Janestad
CUST03391,Jerry Davenport,41,Female,38755.88,Johnsonchester
CUST01623,Amber Hernandez,34,Female,49491.9,South Michael
CUST06082,Alison Adams,36,Male,21150.59,New Laurie
CUST00302,Megan Le,28,Male,57696.58,North Adrianstad
CUST07979,Angelica Mays,45,Male,52196.84,Port Kevin
CUST02128,Maria Sims,52,Male,47690.53,Kellyside
CUST09102,Catherine Nguyen,45,Male,77723.3,West Tammie
CUST07684,Christina Weber,35,Male,70266.4,Deborahstad
CUST06066,Kimberly Garcia,33,Male,33787.41,Judyfort
CUST09116,Denise Reynolds,40,Male,45991.8,West Johnton
CUST02359,Charles Hawkins,38,Male,66120.04,Kendrafort
CUST05092,Tracy Burnett,29,Female,42360.56,Ashleyshire
CUST00049,Eric Carney,26,Male,43634.77,East Lisa
CUST05013,Jeffrey Lynch,19,Female,55087.4,Washingtonland
CUST09707,Jennifer Ellis,66,Female,44751.66,Lake Andrewview
CUST05704,Makayla Friedman,40,Male,55278.13,West Amyfurt
CUST03384,Jeffrey Vaughn,36,Female,80774.69,Jenniferton
CUST03576,Robert Hogan,37,Female,26293.07,Johnberg
CUST04340,Roger Weaver,41,Male,42569.82,North Jennifer
CUST00454,Alfred Galvan,71,Male,31022.07,Adamland
CUST07033,Stephen Spencer,53,Male,66228.88,Port Craig
CUST04285,Jonathan Cortez,23,Female,64113.46,East Joseph
CUST09706,Kelly Little,57,Male,87598.25,Lake Kennethview
CUST06486,April Taylor,64,Male,50502.98,Carlosville
CUST06199,Sara Wilkins,26,Female,33889.88,New Courtney
CUST01207,Dawn Rivera,43,Female,71177.63,East Nicoleborough
CUST07190,Lauren Hooper,67,Male,74473.06,Millershire
CUST03535,Janet White,59,Female,46683.26,Beverlystad
CUST02741,Caleb Rodriguez,39,Female,35521.66,Lake Cherylshire
CUST05956,Lauren Watts,64,Female,49789.09,Christopherfurt
CUST07236,Emily Parker,43,Female,69291.56,New Darrellfurt
CUST06063,Karen Cruz,60,Female,37908.38,Port Veronicabury
CUST04389,Breanna Mccall,34,Female,63528.13,Michaelchester
CUST04726,Laura Middleton,20,Male,64933.65,North Dorothyborough
CUST09665,Robert Pittman,56,Male,22784.14,Johnton
CUST05508,Carlos Morrow,38,Male,54951.03,North Scott
CUST09853,John Carter,45,Male,63492.07,Joshuaborough
CUST08240,Alice May,52,Male,65526.96,New Susan
CUST06581,Tracy Rodriguez,35,Female,34974.58,Vernonmouth
CUST03358,Timothy Buck,58,Female,38552.94,East Jose
CUST09108,David Wang,19,Female,33187.81,Trevorborough
CUST09085,Natalie Blevins,35,Male,49231.91,Rogerstown
CUST01750,Nicole Acosta,66,Male,,Brandonbury
CUST02406,Ryan Brown,31,Female,21828.62,Port Susan
CUST08626,Robin Preston,27,Male,37505.47,East James
CUST09503,Raymond Brown,55,Male,45141.72,Stephaniehaven
CUST06800,Ray Rosario,34,M,19247.95,Johnchester
CUST04789,Mark Miller,44,Male,70525.79,West Kim
CUST07941,William Webb,38,Female,36215.91,Robinsonchester
CUST00561,Kim Erickson,46,Male,42939.54,Port Matthewtown
CUST08556,Jay Moss,34,Female,40252.29,Warrenbury
CUST07254,Maureen Bates,68,Male,59490.78,South Joannaberg
CUST00279,Nathan Malone,50,Female,52106.41,Lake Henrychester
CUST02515,Donna Ibarra,73,Female,39559.47,Lake Kimmouth
CUST03818,Samantha Reynolds,68,Female,69685.24,East Leehaven
CUST00620,Casey Hernandez,50,Male,22485.56,Claytonbury
CUST00959,Mitchell Sellers,38,Female,28796.45,Melissaberg
CUST00419,Jake Campbell,63,Female,38719.72,South Kevinland
CUST09376,Michaela Strickland,27,Male,52526.01,Port Angelaville
CUST09567,Debbie Snow,71,Female,43887.91,Lake Stephanietown
CUST06791,Megan Knight,64,Female,56390.59,Christianfurt
CUST07413,Ashley May DDS,26,Male,53325.95,West Jordanborough
CUST00730,Jerry Peters,60,Female,45306.89,New Ryan
CUST00511,Curtis Taylor,64,Male,63306.45,New Samantha
CUST08139,Shelly Henderson,30,Female,48370.69,South Douglas
CUST04594,Jennifer Edwards,51,Male,55157.25,Port Chase
CUST03589,Roy King,38,Male,52563.34,New Michelleville
CUST03658,Jason Smith,37,Male,43821.32,East Sara
CUST01443,Glenn Collins DDS,55,Female,50371.51,South John
CUST04444,Laura Adams,48,Male,37967.13,Port Jenny
CUST01944,Gregory Madden,52,Male,48051.98,New Davidtown
CUST04645,Gerald Price,68,Male,47954.47,Kathleenmouth
CUST02498,Brian Hudson,66,Male,63224.31,Huangview
CUST07292,Hunter Yang,73,Male,54713.38,Henrychester
CUST04596,Richard Best,73,Male,39477.41,Mcclainville
CUST01293,Mitchell Wilson,50,Female,67184.94,West Christopherview
CUST09174,Mrs. Jennifer Ruiz,43,Female,46359.96,Johnmouth
CUST06355,Taylor Mack,34,Male,55193.9,Jaclynview
CUST09953,Sharon Medina,-5,Female,45446.55,Edwardtown
CUST04197,Joel Mclean,71,Male,68929.32,Angelchester
CUST00392,Brian Smith,51,Female,27096.35,Waltonburgh
CUST09134,Kevin Gilbert,73,Female,61498.07,West Brian
CUST06098,Russell Downs,66,Male,47365.07,North Kimberly
CUST05227,Kimberly Black,38,Female,47944.86,West Christopher
CUST08131,Janet Oliver,67,Male,55549.36,East Melissa
CUST04001,Emily Smith,57,Female,71785.35,Solisburgh
CUST01958,Dennis Blanchard,21,Male,33950.03,Ashleeborough
CUST07030,Kelly Johnston,34,Female,57724.06,Alexfurt
CUST01432,Omar Price,27,Female,40171.76,Reedburgh
CUST08211,Curtis Davis,51,Female,28776.4,Lake Debra
CUST01274,John Dixon,42,Female,74251.49,Lambchester
CUST03042,Brett Owen,48,Female,67281.01,North Aaron
CUST00181,Tina Sanders,46,Female,62434.48,North Matthewstad
CUST00647,Molly Rodriguez,70,Female,57014.16,Wolfland
CUST06704,Manuel Taylor,22,Male,52700.69,Jamesburgh
CUST08476,Joseph Edwards,52,Female,50448.73,New Danielle
CUST02348,Jason Miller,27,Male,60416.74,Donnaville
CUST03761,Donald Hoffman,38,Male,38444.7,South Andrew
CUST08622,Carol Harris,69,Male,50430.4,North Laura
CUST02342,Paul Willis,54,Female,35544.74,West Brookefort
CUST06050,Christina Olsen,52,F,48721.38,Port Heidi
CUST03234,Amanda Meadows,29,Male,54634.59,Browntown
CUST06671,Elizabeth Daniels,60,Female,52880.82,Garciamouth
CUST08834,Brenda Brooks,40,Female,66297.38,South Ginastad
CUST08901,Scott Pineda,52,Male,41330.29,East Howard
CUST04443,Jeffrey Hall,63,Female,25182.06,North Christianchester
CUST07146,Amanda Franklin,19,Male,20478.32,Dunnton
CUST05398,Amber Spencer,22,Male,45202.99,Smithmouth
CUST02209,Abigail Wilson,74,Male,35034.67,New Jeffreyport
CUST07492,Catherine Hawkins,29,Male,56521.99,Margaretborough
CUST07597,Mark Woods,36,Female,31177.96,South Sheila
CUST06170,Ronald Graham,28,Female,36881.43,Colemanstad
CUST05805,Jennifer Bennett,73,Male,43703.94,Lake Pamelachester
CUST07398,James Ruiz,23,Female,50766.67,New Maryborough
CUST01364,Karen Gomez,44,Male,69519.55,New Lisaport
CUST09880,Denise Scott,48,Female,34293.6,East Garrettborough
CUST00426,Jenna Larson,49,Male,52516.6,Lake Kristinfurt
CUST03314,Melissa Santos,41,Male,64598.21,Port Markmouth
CUST06428,Dr. Mario Harris DDS,41,Male,37214.04,Jessicamouth
CUST01224,Steven Lee,61,Male,66459.28,Josephmouth
CUST03184,Robert Smith,22,Male,51304.63,West Joshua
CUST08128,Steven King,48,Female,34703.28,Margaretmouth
CUST04479,Crystal Davis,20,Female,61667.79,Williamsonbury
CUST01831,Brenda Copeland,21,Female,33851.28,Nancyborough
CUST04445,Sara Hernandez,72,Female,70192.87,West Jaredstad
CUST00262,Timothy Romero,49,Male,61627.26,West Christopher
CUST04852,Kelsey Griffith,49,Female,53216.97,Edwardsville
CUST09801,Phillip Ramirez,39,Male,77753.88,Port Donna
CUST00028,Zachary Hicks,29,Female,46919.87,Teresaland
CUST09148,Laura Patterson,61,Male,62986.78,North Christine
CUST06694,Donald Roberts,28,Male,35074.13,Jamestown
CUST04093,Patricia Wilson,30,Male,31204.15,
CUST01124,Emily Rodgers,53,Male,69183.14,North Elizabeth
CUST06057,Christina Perez,66,Male,39462.89,South Mary
CUST01345,Aaron Moore,73,Male,49867.68,West Douglas
CUST05231,Andrew Chavez,18,Male,65788.69,West Danielle
CUST04259,Joan Wilson,73,Male,68741.36,Cynthiaton
CUST06338,Michelle Johnson,61,Male,38316.79,Lake Alicia
CUST05122,Scott Mcmahon,45,Female,37184.68,South Sandraberg
CUST03764,Julie Martin,51,Female,27441.8,Chapmanfurt
CUST01251,Daniel Davenport,26,Male,64609.67,Youngville
CUST02029,Marco Davis,55,Female,32203.75,East Jenniferborough
CUST05194,Mercedes Richardson,65,Male,53785.54,Andrewstad
CUST09206,Brian White,58,Male,58911.96,New Brucetown
CUST01062,Stephanie Evans,65,Female,63455.1,New Chrisfort
CUST07543,Stephanie Thompson,47,Male,35470.69,Stanleyland
CUST05804,Shannon White,26,Female,52495.06,Harrisonport
CUST09814,Julian Williams,27,Male,59550.47,Port Matthew
CUST06475,Jennifer Norman,61,Male,23876.32,Port Jadebury
CUST08221,Jason Riggs,71,Male,65016.91,Carlyport
CUST04379,Heather Morales,56,Male,42316.9,Phillipmouth
CUST08853,David Anderson,23,Male,66341.83,North Christopher
CUST06575,Bridget White,63,Male,37899.16,New Alexaberg
CUST01674,Linda Miller,27,Female,42337.48,West Tonyashire
CUST09870,Lisa Greene,46,Female,34705.04,Lake Karla
CUST04582,Bobby Matthews,32,Female,45756.73,Lake Lance
CUST07540,Raymond Porter,20,Male,40783.59,Christineport
CUST01077,David Carter,45,Female,53398.56,Lawsonside
CUST01563,Diana Hernandez,60,Female,22074.85,New Markton
CUST09544,Gary Morgan,18,Male,63389.19,Danielbury
CUST00311,Victor Taylor,52,Female,40658.73,Josephport
CUST06090,Rebecca Boone,22,Male,65618.19,Bergerland
CUST07293,Sean Mendez,42,Female,60299.79,North Stevenmouth
CUST01970,Joseph Mayer,42,Male,18575.7,New Ashley
CUST07932,Christopher Bowen,40,Male,46047.33,Lake Louis
CUST06568,Erin Nash,34,Male,41450.12,Lake Christopherton
CUST01834,Michael Tran,42,Male,56606.3,North Alyssa
CUST05851,Michael Smith,66,Male,41197.61,Port Aprilberg
CUST04840,Dylan Johnston,30,Female,59074.14,North Marissastad
CUST03416,Sean Kaiser,41,Female,32874.13,North Amber
CUST00422,Michael Mitchell,52,Female,66685.12,Johnland
CUST03746,Andrew Lynch,23,Male,61215.64,New Jennifer
CUST09714,Peter Allen,69,Female,54474.05,Patriciaside
CUST09467,Jessica Perry,68,Male,23367.47,Port Bryanport
CUST03705,Andrea Butler,45,Female,57659.71,Grantshire
CUST03743,Keith Wright,54,Female,42366.44,North Ginafort
CUST01474,Cody Smith,37,Male,38959.34,Port Cathy
CUST06952,Frank Franklin,69,Male,51091.09,Hunterborough
CUST05221,Danielle Hamilton,34,Female,61543.57,East Jason
CUST00718,Kathryn Mccann,74,Female,61882.45,North Kevin
CUST03568,Michael Thompson,44,Female,66930.09,Patrickmouth
CUST05857,Amanda Hodge,71,Male,51402.0,West David
CUST03268,Benjamin Miller,63,Female,50903.58,West Wanda
CUST05809,Robert Jones,74,Male,54396.8,Jeffreybury
CUST07342,Richard Johnson,50,Female,44943.13,North Carl
CUST02182,Christopher Hanna,25,Male,40751.18,Martinland
CUST07113,Anthony Terry,35,Male,25456.25,Castanedaport
CUST03839,Nicole Stewart,52,Female,70668.82,Chavezmouth
CUST05568,Brett Maxwell,72,Female,31311.35,Lake Judithborough
CUST02027,Barry Gregory,53,Female,26840.47,Jacobville
CUST07877,Derrick Ford,18,Male,44311.2,Hessburgh
CUST04403,Nicole Moore,50,Female,34717.93,Jonesberg
CUST04364,Melissa Henry,53,Female,48520.92,Lake Tammy
CUST04915,Laura Thomas,22,Female,98532.05,Madisonmouth
CUST09447,Jose Hampton,52,Male,66121.96,Josephstad
CUST05008,Jennifer Hernandez,60,Female,28110.37,Tinafurt
CUST01022,Kristine Garcia,42,Male,78206.19,West Eric
CUST00890,Jennifer Morris,43,Female,50285.6,Ginaburgh
CUST03005,Ashley Cordova,70,Male,46651.28,Gonzalezton
CUST06528,Wyatt Henry,54,Female,32402.08,Port Davidport
CUST01960,Jennifer Vasquez,54,Female,45682.2,Meyersview
CUST07010,Sean Harper,59,Male,39483.12,Port Courtney
CUST06487,Philip Espinoza,18,Male,38718.57,Lake Kathy
CUST02998,Caitlyn Horton,69,Male,68710.05,Russellberg
CUST00265,Joshua Reed,72,Female,43106.48,East Jeffreyside
CUST05760,Maria Williams,51,Male,44114.18,Youngborough
CUST07168,Tina Wilson,29,Male,54015.8,South Kelsey
CUST05326,Ashley Lewis,25,Female,46570.7,Gregoryburgh
CUST07564,Karen Mooney,34,Female,45677.07,Amberburgh
CUST00248,Jose Travis,45,Male,28958.27,Batesstad
CUST07937,Steven Boyd,35,Male,46784.72,North Samantha
CUST09342,Julie Sandoval,32,Female,45050.19,North Garrett
CUST00173,Matthew Harrington,21,Male,77814.15,West Rachel
CUST07330,Andrew Powers,64,Female,32764.94,Hayesville
CUST04678,Anthony Jones,29,Male,49598.07,South Ronaldville
CUST08559,Tanya Hall,23,Male,,Harrisonfort
CUST03014,Melissa Banks,62,Male,41628.78,Nathanchester
CUST08903,Kelly Smith,31,Female,61973.97,Latashaview
CUST04900,Nancy Rice,37,male,47601.2,South Chad
CUST02995,Anna Valenzuela,33,Male,28000.84,Jessicastad
CUST06586,Kenneth Clark,25,Male,,Stephaniefort
CUST04007,Bryan Davis DVM,46,Female,53098.25,West Kevinbury
CUST04274,Felicia Murphy,62,Female,33963.58,West Jessicaport
CUST04880,Joseph Russell,45,Female,42961.76,Lake Julianberg
CUST08646,Benjamin Castillo,44,Male,,North Shelby
CUST05533,Benjamin Jordan,40,Female,54572.91,East Caitlinhaven
CUST06705,John Miller,26,Male,49127.98,Darrylport
CUST00843,Benjamin Reyes,53,Female,26821.97,Smithton
CUST01217,Samantha Zavala MD,23,Female,13240.85,New Cathy
CUST02841,Melissa Yang,22,Female,57214.32,West Andrewland
CUST00895,Ryan Murphy,30,Female,41917.77,Port Tara
CUST07265,Bryan Paul,32,Male,59502.45,Tylerburgh
CUST09636,Nicole Butler,55,Female,59582.62,Farmerchester
CUST02443,Alisha Byrd,20,Female,61596.78,South Megan
CUST02109,Sydney Welch,29,Female,30413.75,Jeffreyton
CUST09365,Paige Thompson,19,Male,28999.07,East George
CUST06633,Kristina Neal,48,Female,33396.13,Ibarrahaven
CUST04270,Steven Martin,73,Male,53057.8,West Ericabury
CUST01678,Donald Flores,38,Female,,East Kimberly
CUST08019,Ryan Cannon,51,Male,,North Feliciahaven
CUST04171,Ashley Martinez,20,Male,45133.58,West Jane
CUST08042,Christina Davis DDS,23,Female,35484.66,Nathanborough
CUST06383,Danielle Wilson,51,Female,59790.92,Smithport
CUST06483,Danny Moreno,69,Male,80533.26,East Brandon
CUST03960,Cody Reyes III,29,Male,44260.17,New Sarah
CUST08130,Casey Wright,48,Male,53213.29,Nelsonhaven
CUST07104,Brenda Lee,69,Female,47661.45,Jennifertown
CUST03825,Raymond Harris,39,Female,48253.89,Monroefort
CUST01668,Cheryl Mclean,51,Female,37029.5,West Amber
CUST06477,Paige Case,70,Female,39588.24,North Jackberg
CUST00482,Evelyn Martinez,19,Female,31848.57,Port William
CUST09744,Sara Scott,71,Male,42496.51,Huynhland
CUST01203,Tracey Phillips,66,Male,48088.74,Annetown
CUST02115,Heather Guzman,64,Male,36541.14,South Jonathonmouth
CUST07028,Mrs. Amy Sharp,30,Female,31517.99,Damonberg
CUST09766,Jane Smith,62,Male,44056.77,Kristinamouth
CUST06816,Raymond Mccall,36,Male,66461.28,
CUST03326,Nancy Brown,46,Female,64960.78,North Joshuamouth
CUST00729,Derrick Anderson,46,Female,44732.39,Jonstad
CUST04473,Veronica Diaz,43,Female,75281.33,Shannonside
CUST01856,Steven Griffith,63,Male,42293.69,New Julie
CUST02624,Anthony White,66,Male,51001.1,New Aaron
CUST02899,Brittany Rios,22,Male,52993.56,Gibbstown
CUST04398,Jeffrey Harrell,23,Female,64962.98,Kathleenberg
CUST08229,Wendy Miller,49,Female,53164.42,West Rachel
CUST08674,Steven Barker II,63,Female,51948.38,Cynthiachester
CUST09429,Heather Simpson,71,Female,32005.83,East Gabrielberg
CUST02051,Scott Bradley,46,Male,36733.5,New Juanborough
CUST06459,Jennifer Cline MD,35,Male,33995.48,Jonesport
CUST08676,Sharon Rogers,50,Female,65864.53,Byrdfort
CUST09099,Cassandra Frey,19,Male,43594.65,Port Jacob
CUST06778,Melissa Oneill,66,Female,69521.04,New Kennethhaven
CUST02594,Andrea Taylor,55,Male,60538.62,Jeremytown
CUST09722,Charles Roman,60,Female,57529.9,New Cynthia
CUST03138,Jeffrey Hernandez,34,Male,75836.72,Nelsonberg
CUST09145,Christine Carr,18,Female,36930.08,Lake Courtneyport
CUST09317,Eric Smith,66,Female,34801.34,North James
CUST04794,Rhonda Willis,47,Male,43362.25,
CUST06334,Christopher Jensen,30,Female,54538.39,Hicksland
CUST08358,Robin Rice,34,Female,53717.05,South Christophermouth
CUST02997,Jason Alvarez,63,Male,36376.74,Port Kelsey
CUST06623,Cynthia Johnson,32,Female,56134.14,Angelashire
CUST07478,Heidi Richardson,25,Male,47851.26,East Brittany
CUST03082,Laurie Carter,54,Male,54807.14,Cherryburgh
CUST04729,Kristen Bradley,61,Female,36514.44,Lake Anthony
CUST08418,David Dunlap,66,Male,49679.42,Ballardtown
CUST05821,Mary Richardson,36,Female,67569.84,Tylerville
CUST02203,James Miller,61,Male,51556.56,East Jessica
CUST06397,Michelle Ryan,20,Male,67530.3,Craigstad
CUST03941,Phillip Ward,31,Male,47395.17,New Gary
CUST09239,Nicole Scott,35,Male,,Port Colleenland
CUST03023,Jennifer Crawford,35,Female,93744.18,Port Jeffrey
CUST03183,Mary Torres,34,Female,35858.96,Port Jeffrey
CUST03802,Joel Cook,20,Male,,Morrisontown
CUST05919,Amy Baker,54,Female,39745.09,Carolinefort
CUST09550,Christina Wiley,64,Female,,East Christopher
CUST01272,Reginald Diaz,43,Female,30316.17,Fishershire
CUST01808,Joseph Woodward,35,Male,,
CUST08583,Frederick Finley,50,Female,68655.21,Lake Whitney
CUST04578,Jordan Carter,63,Male,49986.54,Mosshaven
CUST06007,Sarah Bush,63,Male,42238.38,Spencerborough
CUST09875,Kayla Watson,28,Female,46563.94,Kevinchester
CUST00166,Alyssa Long,30,Male,50981.9,North Trevorport
CUST01291,Christopher Jones,42,Male,29870.77,Wagnerview
CUST04891,Daniel Merritt,64,Female,48313.54,West Troymouth
CUST04108,James Cummings,62,Male,36829.3,Port Richardville
CUST06775,Megan Stokes,71,Female,27831.37,Sweeneyhaven
CUST01400,Dr. Steve James,48,male,33860.39,Mandyburgh
CUST03538,Jacob King,45,Female,35692.49,South Jenniferstad
CUST01456,Brian Chen,42,Male,33174.57,Stevensonland
CUST02820,Andrew Williams,59,Male,52407.8,Brianbury
CUST06840,Maria Cook,21,Female,78963.63,Port Zachary
CUST00946,Kendra Wang DVM,18,Male,33058.46,Valdezberg
CUST05655,Brendan Palmer,42,Male,75787.1,East Aaron
CUST09301,Joseph Jenkins,66,Female,52651.3,New Kimville
CUST09199,Jade Rogers,59,Male,26436.3,Julieland
CUST04976,Roger Petty,33,Male,27417.84,Lake Ricardo
CUST06758,Jake Holmes,34,Female,44394.41,North Jenniferside
CUST05334,Keith Morales,72,Female,63363.69,Mikeside
CUST00138,David Alvarez,72,Female,52197.95,Port Zachary
CUST09749,Jeffrey Hull,73,Male,28198.68,Bakerberg
CUST04238,Jenny Cardenas,64,Female,64250.48,Smithmouth
CUST09769,Lauren Sandoval,58,Male,64835.15,Frenchshire
CUST04609,Amanda Cook,49,Male,50269.75,Romeromouth
CUST02030,Paul Saunders,24,Female,57830.28,New Margaret
CUST00393,Robert Montgomery,38,Female,44155.03,Duaneton
CUST01448,Randy Wright,51,Female,53488.26,East David
CUST04899,David Roy,22,Female,52028.61,Jennifershire
CUST02774,Kelly Walker,72,Male,61797.06,Brownside
CUST00559,Louis Martin,39,Female,55672.97,Danielbury
CUST03142,Kirk Moreno,18,Male,43876.72,Donaldchester
CUST07039,Kimberly Sanchez,53,Male,22928.63,Patrickhaven
CUST08789,Janice Stokes,33,Male,87741.58,Jamesside
CUST02888,Janice Henson,25,Male,23261.19,South Kimberly
CUST00823,Jackie Clements,70,Male,53249.04,
CUST01151,Robert West,23,Male,63469.78,Gabrielborough
CUST05440,Emily Riley MD,19,Male,48754.02,Jillmouth
CUST02256,Susan Moore,49,Female,58323.94,Jeffreyshire
CUST07739,Richard Smith,46,Female,56291.35,Port Jack
CUST07596,Joshua Ho,41,Female,54891.7,Jamesville
CUST09302,Jorge Spencer,43,Male,36677.56,Christinafurt
CUST01434,Phillip Kent,74,Female,71273.96,Burnshaven
CUST06262,Laura Andrews,45,Male,52872.38,North Sabrina
CUST02151,Debbie Gordon,46,Male,41479.97,Leahchester
CUST03417,Audrey Gomez,54,Female,61538.47,Port Juan
CUST06639,Ronald Kramer,40,Female,42539.62,Sarahburgh
CUST07250,Chad Flores,37,Female,53237.78,Holderbury
CUST08069,Johnny Fisher,34,Female,54990.64,Sandersville
CUST08048,Mariah Eaton,60,Male,52423.93,Savagehaven
CUST00557,Gary Wells,68,Female,38921.04,Lake Janeville
CUST02476,Melinda Hill,45,Female,64518.68,Ianville
CUST09167,Erin Wilson,33,Female,27151.83,East Rachel
CUST09298,Kevin Davis,51,Female,46220.46,Christopherside
CUST01799,Martin Fitzpatrick,67,Male,63878.83,North Christopherfort
CUST06460,Rose Kaiser,30,Male,36989.49,Port Amberville
CUST00097,Deborah Figueroa,33,Female,30509.74,Natalieberg
CUST04265,Meagan Smith,66,Male,47010.39,East Jenny
CUST00752,Michael Fuentes,55,Female,85745.74,East Melissa
CUST08244,Emily Massey,57,Male,59316.52,North Stacyport
CUST07140,Sharon Cross,48,Male,63398.16,Wallaceville
CUST02917,Amy Taylor,33,Female,49265.83,North Rachelfort
CUST07901,Hayley Carter,57,Female,56998.41,East Melody
CUST04496,Robert Byrd,57,Male,29954.14,Villanuevaborough
CUST02126,Shawn Duffy,21,Male,61107.34,South Christopherburgh
CUST05635,John Johnson,24,Male,54438.19,Port Lindachester
CUST02931,Kathryn Fletcher,19,Female,61959.28,East Gloriaton
CUST09670,Patricia Hall,36,Female,38574.45,New Robert
CUST02608,Lance Lynn,18,Female,70437.91,East Jasonberg
CUST00340,Allison Smith,69,Female,44736.94,Benjaminville
CUST09184,Mackenzie Diaz,71,Male,65114.73,Marcusstad
CUST07004,Tonya Campbell,74,Female,48555.72,Josefurt
CUST04812,Holly Underwood,60,Male,28029.23,Brownton
CUST06138,Danny Smith,46,Female,35911.88,South Deborah
CUST07886,Ashley Johnson MD,35,Male,52116.93,Lake John
CUST07899,Ashley Williams,51,Female,12057.51,Alyssamouth
CUST04709,David Hamilton,28,Female,36251.9,East Heather
CUST05563,Daniel White,63,Male,49544.19,Normanmouth
CUST07559,Brett Phillips,40,Female,75974.99,East Troy
CUST00375,Paul Lewis,50,Male,54005.67,Harrismouth
CUST08919,David Jones,68,Male,42105.36,Scottborough
CUST04074,Kathleen Martinez,58,Female,54244.07,Woodmouth
CUST00350,Ana Hill,42,Female,47672.76,Mariamouth
CUST06973,Michael Phillips,52,Male,51505.56,Ronaldshire
CUST05230,Michele Ford,66,Female,47617.01,Lindaton
CUST00782,Chelsea Nguyen,37,Female,45744.74,Port Tyler
CUST00314,Richard Smith,43,Male,32598.76,Perkinsborough
CUST00646,Gregory Hill,21,Male,52980.81,West Andrewport
CUST02957,Monica Curtis,55,Male,52472.87,Port Susan
CUST01836,Ryan Salazar,35,Male,54940.15,South Lorrainechester
CUST05099,Aaron Morgan,72,Female,62850.13,Dylanberg
CUST04796,Richard Ryan,51,Female,56055.3,Kingmouth
CUST03040,Mark Madden,28,Male,59462.96,Lake Gracestad
CUST04462,Jamie French,41,Female,47895.02,Port Janetview
CUST02641,Robin Richardson,38,Male,46623.16,West Zachary
CUST03253,Ashley Bradford,72,Female,56519.79,Thompsonview
CUST06535,Mr. Jack Moore PhD,52,Female,26623.24,Port Coreystad
CUST02785,Aaron Zamora,34,Female,,Donaldfort
CUST05944,Robert Carter,43,Male,57055.17,Port Williamfort
CUST05518,Justin Murphy,36,Male,59522.08,North Paul
CUST03518,Robert Savage,74,Female,79315.87,Costaville
CUST06653,Katie Hardin,69,Male,49421.96,New Steven
CUST04766,Jeffrey Lyons,64,Female,87429.54,Crystalborough
CUST01621,Kyle Sanchez,67,Female,62100.57,Gouldstad
CUST07379,Melissa Lyons,71,Female,62418.52,Stevenshire
CUST01390,Dr. Samuel Holmes DDS,53,Male,63061.97,Andreberg
CUST00258,Denise Davenport,61,Female,58978.13,Gregoryton
CUST02179,Christine Williams,34,Male,,Alantown
CUST07422,Dillon Nelson,60,Male,42114.0,Lake Sandra
CUST05935,Amy Ramirez,47,Male,65070.38,Port Traci
CUST01543,Jerry Johnson,40,Female,52223.96,Goodmouth
CUST03205,Peter Gilbert,25,Female,73793.37,Palmerbury
CUST09983,Rebecca White,43,Female,47260.62,Port Davidmouth
CUST06771,Jason Mathews,31,Female,19286.68,Katherinechester
CUST08568,Thomas Sanchez,23,Male,41587.4,Brandonmouth
CUST04772,Christopher Copeland,41,Male,42543.31,Mcgeeport
CUST03475,Jonathan Long,43,Male,48465.83,East James
CUST07424,Christine Jennings,30,Male,50303.72,Nataliefort
CUST01482,Kenneth Huff,66,Female,67719.07,Lake Jenny
CUST09736,Hunter Cox,62,Female,54071.92,East Jessica
CUST05446,Leslie Martin,23,Female,45311.2,Brendaview
CUST06537,Darren Reyes,28,Female,56041.87,West Patrickberg
CUST08968,Amy Johnson,61,Female,33549.1,North Matthew
CUST07577,Wayne Parker,50,Female,46056.64,Phamview
CUST01642,Michelle Krause,54,Male,51051.55,Port Amber
CUST03381,Sherri Smith,72,Female,61718.58,
CUST00463,Taylor Carlson,42,Female,21419.83,North Rita
CUST06833,Shannon Jackson,30,Male,47487.2,Angelastad
CUST00640,Michael Stanley,27,Male,33234.05,Justinton
CUST04948,Jean Murillo,21,Female,38827.95,Sampsonmouth
CUST01462,Yolanda Garrett,50,Female,47402.09,North Dennisport
CUST00873,Amy Miller,27,Female,71367.63,Port Joshuashire
CUST07329,Robert Jones,71,Female,47530.27,Hernandezborough
CUST08808,Mark Spencer,19,Female,56576.14,New Kristyland
CUST04221,Kristen Ray,49,Male,56945.85,Terrymouth
CUST08365,Daniel Kim,68,Female,,Thompsonborough
CUST00763,Jessica Smith,62,Female,47599.09,East Jasmineberg
CUST09945,Joel Stevens,30,Male,56061.31,Samanthaside
CUST00641,Martha Bailey,43,Male,,Blakehaven
CUST00108,Evelyn Galvan,32,Female,33939.61,North James
CUST07200,Lori Williams,71,female,,Fisherville
CUST09728,Daniel Petty,22,Male,34875.34,Boydburgh
CUST06385,Brendan Khan,39,Female,46385.17,South Justinview
CUST04332,Gabriel Copeland MD,38,Male,51747.78,Rickyfort
CUST08510,William Blake,67,Female,30486.45,Diamondfurt
CUST01286,Carrie Valdez,55,Female,52394.55,Lake Dennis
CUST06366,Antonio Smith,21,Female,51321.86,North Jose
CUST02665,Jane May,63,Female,36286.44,West Natasha
CUST04217,Wesley Brown,40,Female,70195.07,Lake Jamesberg
CUST05754,Carla Wong,57,Male,78212.21,Kirbyfort
CUST06191,Stephanie Santiago,62,Female,50888.95,
CUST02431,Jesse Mccormick,22,Male,33824.88,Sheilaberg
CUST08304,Brandi Beck,49,Female,44550.78,West Andrew
CUST09283,Crystal Wallace,24,Female,22798.53,East Craigside
CUST00056,Timothy Duncan,26,Female,39249.01,Heatherfurt
CUST09738,Rachel Jensen,30,Male,61684.6,Jacobsborough
CUST08199,Erik Williams,35,Male,46386.2,Port Joe
CUST09856,Beverly Roman,32,Male,45943.46,Lake Jessicashire
CUST09282,Jimmy Norman,21,Female,37951.37,Murphyshire
CUST01471,Kristen Jones,66,Male,18941.47,Robertborough
CUST00804,Kimberly Fritz,38,Male,47492.04,Shahville
CUST05457,Karen Hughes,19,Female,45446.72,East Kimberlyfort
CUST07727,Bradley Jones,70,Female,,Victoriachester
CUST09510,Alexa Johnson,46,Female,22204.93,Cookfort
CUST09692,Brooke Roberts,48,Male,38279.96,Markchester
CUST03399,Lauren Anthony,57,Male,53714.68,Lake Shelley
CUST00004,Cristian Santos,60,Male,52943.99,
CUST07997,Jeffery Richards,20,Male,51883.77,Lake Angelafurt
CUST03193,Mandy Henderson,32,Female,33517.3,Danaville
CUST04161,Kristen Burns,56,Male,35176.17,Stephentown
CUST02843,Carol Christensen,44,Female,36674.93,East Brookeview
CUST09471,Bradley Walker,40,Male,39991.81,West Jasonview
CUST08790,Jennifer Griffin,24,Female,37099.08,Hartport
CUST06556,Ruben Clark,54,Male,84139.32,East Danielland
CUST03124,Blake Bonilla,35,Male,46817.69,Dyerview
CUST09952,Tanya Trevino,71,Female,43633.07,Benjamintown
CUST02365,Michael Lucas,45,Female,50717.48,Lake Elizabethborough
CUST02124,Michael Serrano,51,Female,61531.37,Alexanderfort
CUST07148,Alexandria Carrillo,41,Female,29723.04,New Walterburgh
CUST09496,Nicole Clark,24,Male,20251.02,Susanview
CUST02919,Vincent Watson,55,Female,49722.36,Michaelchester
CUST03094,Francisco Gonzalez,40,Male,56720.1,Edwardmouth
CUST05040,Michael Jackson,24,Female,56118.96,West Thomastown
CUST05982,Erin Nelson,23,Female,69171.05,Schmidtport
CUST07558,Melissa Greene,55,Female,74355.23,Lake Paula
CUST06021,Seth Curry,55,Female,34284.18,Bateschester
CUST08349,Kristin Sampson,33,Male,56125.17,Nathanielshire
CUST09904,Kristin Lopez,61,Female,66580.02,Port Terryberg
CUST07092,Kevin Oliver,53,Male,35378.0,Michaelchester
CUST01698,John Bell,57,Male,35126.02,East Sherriton
CUST08953,Timothy Jordan,38,Male,40436.11,Campbellmouth
CUST05497,Joel Rogers,23,Female,51504.65,East Kelly
CUST01784,Scott Anderson,24,Male,55777.06,Smithfurt
CUST06518,Thomas Rodgers,46,Male,49058.55,Tinaville
CUST07180,Michael Cruz,24,Male,40781.82,Wrightberg
CUST09309,Deborah Reed,21,Female,44521.07,New Destiny
CUST01314,Marie Boyd,46,Male,36409.99,Lewisport
CUST02614,Janet Parker,32,Female,42262.47,South Alexander
CUST00605,Todd Rosales MD,49,Female,36323.43,New Susan
CUST00933,Samantha Foster,49,Male,53902.78,Nathanport
CUST03654,Jacqueline Kennedy,66,Female,48337.12,South Justinchester
CUST06238,Sarah Jordan,27,Male,71028.58,East Andrewtown
CUST09150,Michael Rivera,54,Female,62470.57,Carriechester
CUST00781,Amy Garcia,45,Female,84803.27,Matamouth
CUST09695,Kelly Cox,42,Female,49343.61,Amandaland
CUST08118,Keith Davis,57,Male,70428.51,New Ashleyville
CUST07690,Larry Benson,48,Female,51379.2,Nielsenland
CUST03853,Christopher Mayer,21,Female,54917.3,East Christopher
CUST07500,Patricia Lee,33,Female,52640.75,West Richard
CUST04272,Diana Hawkins,20,Male,57309.88,Andersonborough
CUST01024,James Washington,49,Female,37394.27,Elizabethville
CUST01876,John Mack,47,Female,,Johnland
CUST00423,Mary Escobar,50,Male,62677.13,Lake Markstad
CUST06496,Kimberly Nunez,29,Female,42382.34,Laurafurt
CUST05375,Amy Sanders,24,Female,68393.94,Aguilarberg
CUST00584,Jamie Baird,71,Male,36291.22,Evansstad
CUST00547,Julie Herrera,33,Male,49739.88,New Sarah
CUST05837,Lance Townsend,19,Male,40645.37,New Ryanmouth
CUST06749,Nancy Carter,34,Male,56230.71,West Wanda
CUST00963,Tom Foster,68,Male,40651.71,New Blakeview
CUST09791,Nancy Watkins,37,Female,40774.14,Julialand
CUST05778,Cindy Young,24,Male,74243.99,South Diane
CUST00013,Michele Williams,70,Female,33914.18,Lake Mary
CUST00796,Tracey Wagner,55,Female,79971.54,North Cathyfort
CUST04550,Christian Garcia,58,Male,55688.15,Lake Gary
CUST03966,Christina Davis,38,Female,40052.61,North Raymond
CUST06961,Amanda Shelton,64,Female,42550.55,Danielland
CUST00976,Stephen Davis,69,Female,44956.26,North Donald
CUST08969,Jean Brown,67,Female,56554.95,Mitchellfurt
CUST01751,Amy Kennedy,34,Male,66050.57,Daystad
CUST01991,Ricky Palmer,65,Female,38015.75,Patrickmouth
CUST07100,Susan Rivera,68,Male,60976.57,Johnchester
CUST02284,Nicole Moore,28,Male,34653.23,New Emilychester
CUST07178,Carol Fisher,70,Female,51307.96,Port Scottstad
CUST07945,Toni Lamb,44,Female,36468.41,Gatesshire
CUST07077,Debra Leonard,49,Male,43816.21,New Joseph
CUST06663,David Skinner,63,Male,42060.2,Sextonbury
CUST02370,Ronnie Powers,66,Female,60331.54,Moonchester
CUST06645,Mr. Jacob Moore,42,Male,74911.56,Johnsonton
CUST03634,Bryan Burns,19,Male,62613.37,New Mirandahaven
CUST04954,Angel Rojas,29,Female,50380.14,Englishfurt
CUST05074,Melissa Schneider,58,Male,50158.66,Natashabury
CUST01334,Melissa Mann,27,Male,12707.75,Robertshire
CUST07865,Christopher Butler,36,Male,22536.84,West Lawrenceland
CUST02794,Colton Williams,28,Female,54225.77,North Timothy
CUST08316,Brooke Johnson,46,Female,68995.07,West Yvette
CUST06419,Deborah Patel,30,Male,43776.5,East Dawnport
CUST09779,April Briggs,56,Male,26427.59,Lake Brendachester
CUST01284,Mrs. Michele Boyd,49,Male,56600.06,Martinside
CUST04981,Kenneth Williams,30,Male,71338.19,North Daleborough
CUST00776,Tina Hall,56,Female,33935.25,Davidtown
CUST03720,Pam Hernandez,37,Male,53477.05,Josephtown
CUST09627,Alejandro Weaver,58,Male,62611.71,New Michael
CUST06938,Lisa Caldwell,29,Female,57432.69,Robinsonmouth
CUST02860,Veronica Osborne,55,Female,43414.87,Port Caitlin
CUST05671,Bianca Davis,66,Female,57936.56,Jessicachester
CUST02055,Michael Rogers,49,Male,51171.86,Katieshire
CUST06317,Jerry Martin,34,Male,72963.32,Stephensmouth
CUST07621,Gregory Rivers,56,Female,37982.03,New Colleen
CUST09246,Brianna Aguilar,31,Female,,Jenniferburgh
CUST02907,Jason Crawford,38,Female,63475.55,Daughertyside
CUST08624,Charles Jensen,23,Female,85519.31,New Stephaniehaven
CUST06912,Bryan Martin II,28,Male,58349.45,Vickimouth
CUST07562,Susan Howard,24,Male,20128.36,New Jasonhaven
CUST04275,Bryan Mitchell,21,Male,,Gavinton
CUST09745,Daniel Horne II,33,Female,33147.28,Hardyfurt
CUST09070,Jeffrey Baker,36,Female,51717.29,Lake Donna
CUST08061,Cynthia Harper,32,Male,62502.65,Port William
CUST06023,Edward White,44,Male,44314.28,South Richardmouth
CUST06913,Cory Guerrero,60,Male,40022.99,North Theodoremouth
CUST05465,Leah Collier,70,Female,51202.6,West Katherine
CUST04317,Jennifer Carpenter,62,Male,53863.8,West Aaronberg
CUST02887,Matthew Perez,29,Male,47122.31,Melissaville
CUST07023,Carl Scott,64,Male,62474.88,Freemanville
CUST01879,Justin Smith,62,Female,39197.22,Ninaberg
CUST02731,Lindsey Robinson,24,Male,70214.26,Lake Kaitlyn
CUST02382,Juan Keller MD,23,Female,60181.09,Port Jacob
CUST00353,Michael Farrell,46,Male,48846.59,Adamview
CUST01325,Dawn Wyatt,54,Female,38159.05,Ericview
CUST01566,Crystal Allen,69,Female,44583.58,Macktown
CUST02197,Kelly Phillips,32,Female,58667.75,Woodsview
CUST01218,Jill Conway,67,Male,53491.19,East Courtney
CUST01663,Jason Crawford,74,Male,53485.71,Port Sheilafurt
CUST07063,Becky Smith,30,Male,41677.29,Hunterville
CUST04787,Richard Hale,45,Female,72435.07,Drewtown
CUST02334,Scott Stewart,49,Male,32624.85,Benjaminview
CUST01900,Arthur Reed,54,Male,37064.57,New Antonio
CUST02581,Kevin Guerra,50,Female,9229.32,Lyonsview
CUST03686,Dylan Patel,59,Male,29519.74,Garcialand
CUST05024,Jessica Kelly,61,Female,53085.13,Lake Jonathan
CUST01039,Corey Whitaker,23,Male,48947.21,Kennethchester
CUST02709,Laura Hill,21,Female,20154.99,South Mirandaland
CUST07476,Cathy Little,52,Male,39081.51,Melanieland
CUST07303,Frances Aguilar,49,Male,57687.11,West Mariafurt
CUST02444,Richard Rodriguez,71,Female,38349.8,Tiffanystad
CUST09923,Timothy Lewis,20,Male,52278.48,South Christopher
CUST01614,Michael Barnes,27,Female,45343.22,East Robertfurt
CUST03984,Victoria Wright,25,Male,55749.04,Port Brandyshire
CUST03252,Jennifer Brown,35,Male,76489.76,Leslieshire
CUST09130,Ashley Mejia,63,Female,74676.6,Cooperfort
CUST02244,Stanley Kelly,74,Male,32834.65,Adrianmouth
CUST07648,David Wallace,36,Female,54593.24,Matthewmouth
CUST03043,Lynn Mueller,73,Female,32315.7,Francofurt
CUST05006,Mary Smith,45,Male,47659.69,South Lisa
CUST05174,Anna Ponce,21,Male,60998.85,Jeremychester
CUST05361,Chad Moreno,65,Male,62532.59,Port Stevenmouth
CUST06095,Deborah Stewart,67,Female,40857.28,North Joshua
CUST03328,Shannon Hurley,56,Male,61862.35,Carmenton
CUST03322,Lee Barry,20,Male,34312.1,Fowlerfort
CUST06047,Shannon Thompson,47,Male,30402.11,Aliciatown
CUST00444,Mrs. Diane Reyes,19,Male,48497.04,Jasonport
CUST02234,Daniel Stout,55,Male,85912.35,
CUST09089,Thomas Parsons,43,Male,46625.03,Rosariostad
CUST07733,Rachel Berger,46,Female,46658.61,North Marystad
CUST00871,Sandra Becker,42,Male,61496.4,Port Joshuabury
CUST08826,Kevin Thomas,53,Male,53931.74,South Thomasmouth
CUST05020,Gail Moss,44,Male,51606.12,Chadmouth
CUST08863,Patricia Tucker,68,Male,56529.71,Boyertown
CUST00987,Nicholas Payne,22,Female,26170.75,Wellsbury
CUST05542,Nicholas Chung,60,Male,57917.21,Bennettland
CUST05363,James Grimes,36,Male,43206.16,Lancemouth
CUST04632,Kimberly Jones,61,Female,50245.8,Calderonmouth
CUST09165,Melinda Long,21,Male,70901.47,Sarahborough
CUST01962,Zachary Jones,28,Female,67212.49,Port Geraldtown
CUST06636,Christopher Simmons,29,Female,43118.04,Mckayfort
CUST06835,Casey Smith,31,Female,48823.68,Lake Leah
CUST01763,Mark Clark,38,Male,34297.83,East Steven
CUST00488,Bobby Guerrero,39,Male,51330.55,North Christine
CUST01459,Richard Alvarez,23,Male,65106.53,Jeannefurt
CUST09965,Scott Hamilton,55,Male,58146.76,North Danielborough
CUST06564,Penny Waters,53,Male,57196.49,Port Andrewland
CUST09189,Jessica Porter,51,Male,49426.52,West Kevin
CUST09273,David Greene,56,Female,45924.79,South Julianport
CUST08314,Taylor Schultz,31,Female,68310.68,Davidside
CUST05393,Christopher Burnett,46,Male,29401.16,Lake Kristaland
CUST09757,Jorge Duncan,59,Female,64247.6,South Lisaview
CUST08545,Laura Sanford,62,Male,56721.56,Harrishaven
CUST08614,Peter Harris,49,Female,,New Kristen
CUST00742,George Ochoa,30,Male,49329.19,Hawkinsstad
CUST04222,Cory Martinez,74,Female,42952.41,Shelleyborough
CUST01592,Logan Newton,28,Female,67803.84,Port Stacy
CUST04679,Leah Rodriguez,54,Female,56848.13,Jacksonfurt
CUST00330,Vanessa Howard,36,Female,49054.43,South Kelliview
CUST02196,Carl Leach,63,Male,68165.29,West Timothy
CUST03080,Jacqueline Chen,31,Female,68031.09,Timothyview
CUST03970,Robin Clay,54,Male,45646.21,Williamsfurt
CUST03972,Mrs. Amanda Kelley DDS,61,Female,61206.12,Velezhaven
CUST05628,Kristie Hendrix MD,46,Male,41866.76,Port Chaseside
CUST08983,Dennis Martinez,39,Male,38151.0,South Brandonview
CUST09683,Mr. Thomas Adams,52,Male,49245.94,Jessicaberg
CUST01535,Frank Wheeler,24,Female,66903.21,Lake Steve
CUST03449,Kenneth Jackson,72,Male,31678.38,Lake Sandraton
CUST06179,Eric Clark,57,Female,,New Zachary
CUST07136,Kaitlyn Phillips,74,Male,40521.35,Lake Marcomouth
CUST07018,Jonathan Johnson,44,Male,66478.37,
CUST03089,Stephanie Hoffman,71,Male,80398.63,Scottport
CUST00317,Ashley Hall,69,Male,42717.47,South Frances
CUST08494,Valerie Contreras,55,Male,32856.6,Lake Lisamouth
CUST01010,Kathryn Lester,40,Male,44782.28,Laurieland
CUST02358,Elizabeth Foster,47,Female,59676.01,Joshuaberg
CUST03751,Rachael Flores,26,Male,53255.07,Jamesland
CUST08339,James Haley,38,Female,45012.47,Cindyside
CUST00622,Kaitlin Medina,27,Female,44687.83,South Suzanneshire
CUST04042,Elizabeth Gay,59,Female,34385.25,South Jacobhaven
CUST03389,Wendy Williams,37,Male,50717.97,Goodmanshire
CUST01875,Abigail Baird,18,Female,26981.31,Johnsonstad
CUST09135,Dr. Terri Valdez,24,Male,28048.76,Port Aliciaview
CUST09454,David Thompson,62,Female,57685.54,Matthewshire
CUST00593,Randy Smith,18,Female,49567.39,Atkinstown
CUST02558,Carolyn Haley,66,Female,50345.83,New Markfurt
CUST04730,Corey Rodriguez,61,Female,26567.79,West Donaldshire
CUST07736,Raymond Powell,36,Female,38409.03,Floydmouth
CUST03698,Steven Clark,68,Female,54857.66,Richardborough
CUST07297,Eric Foster,53,Female,52827.67,East Matthewview
CUST00893,Cassie Brock,44,Female,54845.69,North Lee
CUST06873,Theresa Sandoval,52,Male,23713.69,Kimberlymouth
CUST08843,Patricia Brown,29,Male,76245.4,Lucasport
CUST04545,Dillon Case,56,Female,27380.48,Beardview
CUST00139,Angel Perry,40,Male,57283.35,South Sarah
CUST08628,Mrs. Cristina Stark,43,Female,89844.68,Brownberg
CUST02059,Donna Williams,66,Female,25052.0,North Kristinaville
CUST05075,Trevor Sparks,58,Female,56352.82,New Ronald
CUST05964,Renee Newton,49,Female,35585.51,East Cameronshire
CUST02404,Lori Riley,61,Female,45975.85,Arnoldberg
CUST07271,Juan Brewer,41,Male,40680.19,Lake Natalietown
CUST04825,Amy Adams,40,Male,61665.92,Tinafurt
CUST03491,Michael Bennett,62,Female,,Sanchezstad
CUST05756,Sheri Hoover,59,Male,75554.33,Ericstad
CUST05190,Melanie Garrett,44,Female,45572.71,Johnnyton
CUST02685,Mr. William Hopkins,30,Female,26911.14,Carolynbury
CUST09061,Margaret Gonzalez,43,Female,49377.19,West John
CUST06635,Christopher Horn,37,Female,63256.13,Millerborough
CUST03029,Jennifer Hoover,19,Female,46878.14,Hickmanchester
CUST08313,Brenda Marsh,61,Female,32031.81,North Troy
CUST00802,Reginald Morrow,62,Female,40505.16,East Charles
CUST06921,Edward White,22,Female,59399.21,Mcdonaldchester
CUST08907,Andrea Bass,29,Female,69126.94,Wilcoxview
CUST04849,Deanna Edwards,72,Male,70725.13,New Amanda
CUST05374,Cathy Barnes,71,Male,36129.73,Fordton
CUST02567,Nicole Harvey,36,Male,44965.54,Chaseville
CUST01271,Kimberly Lutz,31,Female,51300.64,West Crystaltown
CUST06532,Joshua Jones,25,Female,,Port Rachelton
CUST03653,Sarah Sanchez,68,Male,48222.21,West Ashley
CUST07460,Gregory Wiley,43,Female,50226.2,South Mariabury
CUST06968,James Lopez,47,Male,34486.71,North Michael
CUST08257,Melanie Fischer,70,Female,65656.81,Davidton
CUST09676,Lauren Thomas,30,Female,43463.12,North Justintown
CUST02354,Timothy Olson,50,Male,42557.46,Port Shirley
CUST02767,Karen Robertson,27,Male,40016.81,Teresatown
CUST04527,Jamie Guerrero,19,Male,46277.61,Johnsonborough
CUST04131,Donna Garcia,53,Female,70464.28,Melindaberg
CUST03315,Brian Porter,61,Male,52431.45,West Andrewburgh
CUST02220,Christian Park,25,Male,42897.15,Castromouth
CUST00275,Matthew Moore,39,Female,62440.98,West Edwardland
CUST09545,Jamie Bell,38,Female,63386.48,Evansmouth
CUST03876,Javier Stanley,50,Female,81419.99,East Kathleenside
CUST07710,Richard Peterson,48,Female,28918.66,Anthonyville
CUST07894,Ashlee Thomas,69,Female,55793.02,New Eric
CUST00061,Gerald Hensley,45,Male,47836.43,Port Brian
CUST07009,Pamela Sanders,65,Female,53054.44,Beckershire
CUST00847,Joseph Smith,45,Male,40585.59,South Rachel
CUST08198,Jasmine Hahn,41,Male,72377.28,Lake Ginabury
CUST05295,Leslie Moody,50,Female,7500.65,Lake Cindy
CUST05692,Isaiah Turner,39,Male,58307.02,East Kim
CUST05029,Mark Mcpherson,26,Female,44344.2,Lake Lisa
CUST06006,Amanda Nelson,73,Female,32668.93,New Sean
CUST03173,Tracie Wiley,25,Female,44899.96,New Ashley
CUST08713,Lori Le,31,Male,34051.78,West Mary
CUST04987,Mr. Thomas Jones PhD,64,Male,24419.44,South Deniseburgh
CUST07108,Jonathan Vasquez,37,Female,62085.69,North Amanda
CUST08912,Alexander Ferguson,51,Female,49025.27,Lake Timothyview
CUST02984,Evan Davies,27,Female,43876.11,East Alexander
CUST03436,Howard Castillo,29,Male,43670.87,Farmerhaven
CUST01963,Lauren Cunningham,58,Female,21273.02,North John
CUST06592,Sheena Hayes,61,Female,33269.31,Kristinshire
CUST07183,Ms. Stephanie Duran,41,Female,60426.14,Hunterhaven
CUST00716,Steven Rivera,40,Male,52925.71,Justinview
CUST05852,Justin Foster,62,Male,71830.33,Samuelchester
CUST04502,Christine Greene,21,Female,68905.57,Smithmouth
CUST08192,Megan Hernandez,44,Male,45419.76,East Cassandraside
CUST07676,Claire Warren,56,Male,50565.9,North Victoria
CUST03721,Daniel Wood,23,Female,41367.09,West Marissa
CUST06855,Jacob David,25,Female,35389.66,Patrickton
CUST02968,Deanna Kennedy,33,Female,59236.33,Watsontown
CUST00807,Robert Gonzales,38,Female,67697.06,Port Ryantown
CUST01760,Grace Miller,36,Male,53514.85,Port Mariahaven
CUST09229,Mrs. Julia Chavez DDS,53,Female,36188.9,Lake Joshua
CUST03116,Joe Martinez,69,Male,66280.36,Johnsonland
CUST05720,Gary Chavez,34,Male,41211.71,North Kyleland
CUST04058,Jacqueline Monroe,55,Female,68626.46,Alexandratown
CUST05608,Laura Roberts,39,Female,62243.07,Port Johnfort
CUST04324,Thomas Mcgrath,51,Male,39663.95,New Donna
CUST08833,Mr. Samuel Thomas,30,Female,46860.92,Port Patrickfurt
CUST00344,Kayla Rodriguez,53,Male,63135.68,Port Nicholasside
CUST09030,Debra Miller,40,Female,17637.01,Byrdton
CUST02659,Connie Scott,53,Female,56409.67,Tracistad
CUST04916,Elizabeth Barton,23,Female,39478.51,Briannamouth
CUST01598,Eddie Sanders,29,Female,42734.14,Lake Cindy
CUST08481,Craig Patterson,37,Female,39471.44,Halestad
CUST00172,Joshua Cooke,49,Female,39134.03,East Markshire
CUST03909,Thomas Austin,59,Female,55359.1,Port Benjaminview
CUST01196,Donna Beck,43,Female,40010.74,Cynthiaside
CUST06307,Michael Jackson,51,Female,75124.3,Danielville
CUST09451,Sherry Mitchell PhD,42,Male,47654.69,Lake Ericamouth
CUST02141,Michael Ellis,31,Female,32614.28,Angelaburgh
CUST02829,Barbara Willis,53,Male,67625.77,Finleymouth
CUST04920,Richard Parsons,31,Male,,West Robertmouth
CUST09777,Connie Robinson,29,Female,47452.74,Stevenbury
CUST04077,Dana Gilbert,54,Male,72304.93,Lake Conniemouth
CUST00753,Jennifer Porter,36,Female,82212.47,Rachelburgh
CUST01228,Jessica Garcia,19,Male,48936.39,New Jessicachester
CUST04396,Paul Franco,69,Female,32450.18,East Roger
CUST09129,Shannon Hunt,70,Female,,Lake Malikburgh
CUST08914,Frank Foster,27,Male,48642.45,Chrisburgh
CUST07437,Charles Blevins,25,Female,74257.5,Danielfurt
CUST00015,Brian Ramirez,57,Female,64583.42,Romerochester
CUST01892,Stacy Rodriguez,32,Female,31828.38,Justintown
CUST06930,Sarah Proctor,39,Male,55630.07,West Anna
CUST06857,Denise Wiley,32,Male,30920.04,Wilsontown
CUST07240,Ashley Burton MD,57,Female,24625.18,Port Mary
CUST00378,Anthony Moore,68,Male,55968.29,West Michelleville
CUST06544,Dr. Paul Olson,36,Male,72664.16,Simpsonfurt
CUST05728,Greg Wood,68,Female,,New Jessica
CUST08291,Jennifer Austin,32,Female,58119.9,Lake Alyssa
CUST00062,Connor West,64,Female,40091.88,Lisaland
CUST05403,Tiffany Williams,43,Male,29827.17,Lake Brent
CUST02121,Sandra Hines,43,Female,32087.0,Diazburgh
CUST08830,Mr. Michael Garcia,26,Female,61197.02,North Ericside
CUST00793,Katherine Taylor,42,Female,69864.94,Port Ernestmouth
CUST07843,Haley Cowan,30,Male,36942.04,East Susanbury
CUST04299,Rebecca Beard,26,Male,43367.49,Johnathanstad
CUST02469,Robert Stewart,29,Female,35103.75,West Kathrynshire
CUST04344,Jennifer Howard,51,Male,49328.98,Manuelside
CUST01813,Mark Moss,48,Male,52573.85,North Thomas
CUST01787,John Mayer,43,Female,67771.81,Castroside
CUST01542,Alexis Benson,41,Female,59806.38,Fosterfort
CUST01494,Jennifer Garcia,46,Female,64532.12,Timothyhaven
CUST01209,Anthony Randolph,55,Female,45435.65,West Shannon
CUST09182,Terrance Jackson,71,Female,74781.78,Douglasfurt
CUST00686,Maria Henry,37,Male,31537.11,
CUST02560,Valerie Benson,44,Female,66737.43,Garytown
CUST01277,Jose Griffin,42,Female,48619.61,
CUST04182,Cody Morris,72,Female,35811.95,Andersonside
CUST05592,April Bailey,60,Female,51768.39,South Rachel
CUST05124,Mckenzie Chavez,74,Male,,East Sarahport
CUST04793,Amanda Morris,64,Female,50511.55,North Micheal
CUST03956,Shannon Cook,46,Female,62959.24,North Stephanie
CUST02425,Jonathon Conley,42,Female,63372.44,South Laura
CUST05872,Dennis Santana,28,Female,46493.7,Morrischester
CUST07224,Joe Mendez PhD,33,Female,68526.29,Carrieview
CUST03217,Eric Hays,26,Male,26256.19,Lake Cassandra
CUST09922,Eric Zimmerman,66,Female,44124.31,Danielland
CUST04959,Jon Ramos,36,Female,25365.81,Port Pamelaburgh
CUST08625,Darlene Gray,56,Female,47165.13,West Jerryburgh
CUST05368,Peter Morgan,64,Male,33901.15,Davischester
CUST07079,Jessica Fisher,35,Female,48548.78,New Laurentown
CUST00673,Timothy Hayden,49,Male,48636.87,East John
CUST08113,Kenneth Branch,19,Male,60938.01,East Maryhaven
CUST01973,Samantha Cohen,59,Female,52651.54,Thomasshire
CUST00519,Vincent Reynolds,59,Female,48146.08,East Marissaton
CUST07902,Debbie Sherman,33,Male,75448.51,West Paulachester
CUST08815,Virginia Watson,61,Female,58522.17,Williamsville
CUST06804,Christopher Jensen,30,Female,,East Tracey
CUST03087,Barbara Flores,44,Male,31213.26,Jenniferfurt
CUST01096,Rodney Evans,55,Female,48967.08,Bergfurt
CUST05175,Anthony Hernandez,45,Female,48479.36,South Richard
CUST08680,Andrew Rodriguez,74,Male,31125.29,East Jerryport
CUST05752,Ryan Santos,20,Female,60174.58,Michelleburgh
CUST09696,Nicholas Anderson,57,Female,28939.53,Lake Sarahborough
CUST00201,Ricky Davis II,28,Male,49757.19,West Maureenburgh
CUST07754,Susan Harper,64,Female,30901.29,Clarkberg
CUST02833,Christina Le MD,50,Female,29945.36,Ramoshaven
CUST03676,Sarah Davis,45,Female,65345.76,New Deborah
CUST01288,Jamie Solomon,40,Male,60571.49,West Julieside
CUST02057,Heidi Graham,63,Female,50242.21,Lake Timothyberg
CUST09489,Allison Clay,36,Male,72170.49,North Timothyhaven
CUST01715,Charles Hernandez,69,Female,57710.98,Pricefort
CUST04774,Rebecca Houston,60,Female,59343.71,West Robertside
CUST07777,Susan James,39,Female,39445.48,Seanshire
CUST07350,James Pena,71,Female,32486.2,New Mirandatown
CUST04374,Jessica Richardson,29,Female,52695.44,West Lindsey
CUST08331,Madison Stanton,34,Female,65370.45,Santosburgh
CUST06331,Brenda Oconnor,44,Female,51216.98,
CUST02014,Cassie Lutz,36,Male,,Johnmouth
CUST02834,Joshua King,23,Female,56978.39,Castillofort
CUST04295,Matthew Evans,40,Male,77022.1,Dawsonborough
CUST05182,Nathan Stanley,22,Female,30949.2,Amandabury
CUST02599,Jennifer Williams,23,Female,51066.25,Shawnbury
CUST09881,Molly Mcguire,55,Female,59872.59,Patriciashire
CUST07401,Mr. Michael Peters,65,Female,43997.49,Alexton
CUST02368,Pamela Medina,41,Female,34471.58,South John
CUST01980,Kim Arnold,51,Female,41382.18,Lisastad
CUST04157,Jamie Johnson,68,Female,17252.92,New Rhonda
CUST04746,David George,27,Male,43510.39,Port Teresaview
CUST01363,Samantha Jones,60,Female,55717.58,
CUST06147,Danielle Reed,60,Female,62212.84,Lake Nicole
CUST02390,Jessica Carney,62,Female,40897.2,North Raymondview
CUST06105,John Estrada,49,Female,72658.8,Juliehaven
CUST06607,Katherine Weaver MD,41,Male,63103.93,Port Stacy
CUST06700,Cory Jones,73,Male,44460.0,Lake Steven
CUST00702,Karl Branch,48,Female,40632.86,Brianville
CUST02315,Kenneth Knight,35,Male,43734.79,East Patriciabury
CUST09431,Steven Nguyen,45,Female,35701.35,Juliaborough
CUST00321,Charles Shah,65,Female,36129.21,Port Kimberlyland
CUST02307,Jaclyn Crane,23,Male,61076.63,West Jacquelineside
CUST02012,Scott Lopez,23,Male,49443.87,Lake Saraland
CUST09288,Randall Stokes,57,Female,78287.43,Ibarrachester
CUST05847,Caleb Williams,32,Male,63119.81,Rhodeschester
CUST05199,Alan Davis DVM,33,Female,25493.55,South Kristinamouth
CUST04243,Olivia Rodriguez,35,Male,41315.14,South Zachary
CUST04125,Rachel Miller,35,Male,17600.38,East Morgan
CUST02960,Steven Schroeder,52,Male,62927.66,Port Brianton
CUST04889,Christian Bryant,71,Female,,New Wendyshire
CUST00589,Melissa Taylor,48,Female,56490.86,New Jose
CUST01773,Shannon Rogers,42,Male,,South Kelly
CUST08177,Olivia Russell,64,Male,,North Jerryshire
CUST08813,Amber Ross,29,Male,47335.76,Robertborough
CUST09552,Sarah Gomez MD,56,Female,64304.1,Williamside
CUST03547,Bonnie Barnes,33,Female,63100.43,Williamsborough
CUST05864,Michael Watkins,36,Male,51312.7,North Zachary
CUST02927,Christopher Ibarra,62,Female,62510.72,Cranestad
CUST05283,Robin York,57,Male,68248.67,North Vanessamouth
CUST04681,Deborah Garza,34,Male,26544.37,Lake Charles
CUST08829,Randy Warner,59,Male,63684.23,Lake Kevinmouth
CUST04286,Judith Myers,32,Female,49133.16,Johnsonstad
CUST08484,Joshua Nelson,58,Female,40720.37,West Rebeccaside
CUST07037,Cody Sanchez,43,Male,44640.02,West Kristishire
CUST03719,Melissa Carroll,59,Female,81821.57,Johnsonberg
CUST01322,Laura Wilson,55,Female,63605.27,Branditon
CUST07393,Rachel Jones,18,Male,69500.67,Richardfurt
CUST01938,Diana Johnson,66,Female,68750.97,Angelaville
CUST00356,Jesse Perry,35,Male,46939.59,Thomasburgh
CUST02708,Katrina Johnson,30,Male,79446.77,North Matthew
CUST04427,Catherine Holland,26,Male,56342.88,North Jennifer
CUST02462,Amanda Robinson,37,Male,76840.65,Masseybury
CUST00303,Sara Fuller,45,Female,83569.45,Pierceton
CUST07704,Diane Hughes,42,Female,56750.76,East Susanfurt
CUST00266,Kimberly Gibson,28,Male,55315.72,Brandonland
CUST07524,Tina Melendez,60,Male,43543.47,Weberville
CUST04684,Lynn Smith,65,Male,56829.61,Pearsonside
CUST08886,Perry Black,32,Female,49676.64,Lake Bryan
CUST01190,Candace Mitchell,43,Male,32029.68,Williamsfurt
CUST01279,Nancy Webb,57,Male,42031.71,Port Kendramouth
CUST07613,Jennifer Hudson,21,Male,63594.0,Freemanfort
CUST09268,Michael Thompson,41,Female,38490.58,South Mirandaport
CUST05259,Larry Fritz,70,Female,78785.25,Taylorfurt
CUST07974,David Johnson,40,Male,57628.72,Mccarthyton
CUST03442,Dr. John Jenkins,36,Male,45277.87,Joseview
CUST09115,Jamie Smith,33,Male,53152.31,Davidview
CUST00748,Jenna Wilson,19,Female,25471.09,Quinnville
CUST09729,James Robles,37,Male,39321.46,Perezburgh
CUST07742,Melanie Diaz,23,Female,39975.08,Sarahtown
CUST05261,Melinda Cervantes,34,Male,56245.26,North Patrickfort
CUST01867,Greg Tanner,64,Female,38693.16,South Danielberg
CUST04842,Monica Richardson,40,Male,43600.46,West Matthewland
CUST05553,Joshua Williams,47,Female,38426.67,West Lindamouth
CUST00102,Rebecca Valencia,41,Male,43160.76,Lake Stacy
CUST01918,Patricia Williams,71,Female,63796.87,Nealstad
CUST09485,Melissa Winters,44,Female,54922.26,North Matthew
CUST00726,Christian Dawson,22,Male,33123.48,Smithville
CUST09404,Adam Maynard,30,Female,64669.28,South Brianhaven
CUST08471,Blake Bailey,24,Female,48623.09,Harperfort
CUST04958,Connie Ramirez,35,Male,57113.42,Charlestown
CUST07643,Shawn Brooks,23,Female,47212.82,Bradfordview
CUST09269,William Jackson,52,Male,61209.21,Pruittburgh
CUST05541,Tyler Miranda,22,Female,55061.36,Stephanieview
CUST00811,Daniel Brown,52,Female,47575.6,Palmerside
CUST03958,Ronald Garcia,65,Male,57173.47,Lake Paulhaven
CUST04378,Austin Baker,28,Female,58807.98,Morrisonport
CUST03851,Robert Cline,40,Male,27326.52,Warrenchester
CUST03507,Kimberly Rivera,22,Female,70204.08,Russellbury
CUST00089,Aimee Montoya,65,Male,67518.0,North Loriview
CUST09280,Todd Buchanan,66,Female,70828.2,Lake Christinaton
CUST04454,Daniel Garcia,71,Female,23052.52,Manuelburgh
CUST03710,Heidi Moran,25,Female,49359.57,South Judith
CUST09482,Katherine Frey,37,Female,41718.2,
CUST00599,Susan Thompson,41,Male,64633.35,West Megantown
CUST03649,Alex Clements,57,Female,45970.68,East Shannonberg
CUST07588,Valerie Patterson,21,Male,85519.62,Bonniemouth
CUST03453,Michael Barr,66,Female,45105.99,Susanfurt
CUST05770,Kendra Burton,65,Male,40883.92,West Ryan
CUST03569,Ethan Perez,24,Male,36622.27,New Josestad
CUST07153,Adam Stewart,63,Female,28157.03,Erikafort
CUST06330,Daniel Matthews,43,Female,47135.04,Kimburgh
CUST04246,Becky Parrish,60,Male,74057.47,Port Abigailbury
CUST08401,Jennifer Burgess,58,Female,43814.1,Harrellbury
CUST03136,Allen Stanley,66,Male,45438.41,Aaronberg
CUST02299,Karen Griffin,45,Female,46119.32,Michaelhaven
CUST09204,Christine Parker,24,Female,44817.79,South James
CUST08260,Angela Craig,53,Male,38693.61,Sarahfurt
CUST00240,Andrew Avila,66,Female,57260.84,South Jared
CUST06822,Kimberly Holmes,61,Female,52086.85,Jillfort
CUST08739,Justin Andrews,43,Female,42460.12,West Kenneth
CUST07016,Javier Dorsey,19,Female,34398.67,Georgeshire
CUST00087,Christopher Bass,31,Female,51671.18,South Bethton
CUST04761,Sandy Reynolds,31,Male,42398.84,Port Raymond
CUST07801,Donna Taylor,74,Male,62158.68,New Brianstad
CUST03517,Raymond Vargas,41,Male,34279.16,Cannonton
CUST05106,Travis Day,21,Female,46748.45,New Sarah
CUST05318,Lisa Beard,61,Female,71989.01,Brandonside
CUST03489,Michael Robertson,23,Male,73206.33,North Larryshire
CUST09911,Kathryn Miller,48,Female,47384.26,Clarkburgh
CUST08246,Andrea Brown,44,Male,69173.55,West Samantha
CUST07654,Rhonda Simmons,74,Female,59053.6,Ericstad
CUST02932,Christopher Dudley,44,Male,28417.53,Brittanyview
CUST05120,Frank Francis,56,Female,55715.98,Owenside
CUST04999,Wendy Chavez,61,Female,48865.87,Josephland
CUST08880,Robin Brock,20,Male,64339.2,Patrickland
CUST08088,John Perez,27,Female,53014.4,Perkinsborough
CUST02827,Matthew Clark,54,Male,66861.09,Michelleport
CUST02536,Joseph Myers,46,Female,,Beverlymouth
CUST08908,Christopher Blake,55,Female,48671.81,Jonesborough
CUST00083,Paul Jones,61,Female,52122.77,Michaelshire
CUST06470,Susan Williams,69,Male,38254.17,New Nicole
CUST08387,Heather Gordon,24,Male,74877.46,South Brian
CUST05858,Jason Gomez,32,Male,52535.52,Andrewborough
CUST09259,Jacqueline Ramos,51,Female,,North Carlos
CUST03999,Kelly Liu,46,Male,64389.11,North James
CUST06466,Kathleen Garcia,72,Female,42680.77,Port Eric
CUST03054,Lori Little,68,Male,47493.08,Craigmouth
CUST02740,Alexander Munoz,72,Female,43420.3,Reynoldsfurt
CUST08775,Patrick Daniel,18,Male,76390.09,Morafurt
CUST04022,Michelle Hobbs,41,Female,51530.34,Dunnmouth
CUST02746,Timothy Thompson,26,Male,9915.91,Brucetown
CUST05861,Tonya Alexander,59,Male,44404.81,Nguyenport
CUST09326,Julia Ruiz,38,Male,56625.07,South Laurie
CUST04128,Chris Lewis,21,Male,25348.18,West Melissaland
CUST06866,Stacy Stein,73,Male,43868.66,South Andrewstad
CUST01874,Leslie Hernandez,22,Female,43981.99,Sandersburgh
CUST06698,Dennis Guerra,72,Female,36098.2,Lake Joshua
CUST03390,Heather Cole,27,Male,37788.24,Port Jessica
CUST08667,Patrick Chan,60,Female,42804.83,Andradeton
CUST09944,Stephanie Robinson,48,Male,18487.93,Ericaview
CUST08520,Jill Bean,44,Male,37050.6,Anthonyburgh
CUST07969,Joshua Anderson,57,Male,50397.35,Johnberg
CUST05689,Julia Mullins,20,Male,70012.89,West Kristine
CUST05887,Betty Vazquez,65,Male,67204.67,Port Jillside
CUST05348,Ann Peterson,29,Female,52522.62,New Amyville
CUST08234,Maria Dixon,18,Male,15837.87,Farmerchester
CUST09311,Samuel Phillips,47,Female,,Davisbury
CUST06287,Carolyn Kane,55,Female,64263.29,Gregoryport
CUST08307,Bradley Cochran,69,Female,48355.15,New Jessicabury
CUST02545,Javier Hays,72,Male,18730.03,North Angelahaven
CUST07670,Pamela Davis,50,Female,44615.87,Kramerberg
CUST01004,Mary Miller,60,Female,,Kennedyborough
CUST09364,Jeanette Nielsen,51,Male,33892.05,Amyberg
CUST03690,Brenda Harvey,56,Male,65088.37,Lake Barbarafurt
CUST04190,Michelle Smith,42,Female,49171.47,Hutchinsonmouth
CUST05104,Jonathan Jefferson DVM,38,Female,36213.47,East Jonathanborough
CUST06100,Dylan Guzman,37,Male,66423.83,Drewhaven
CUST01465,Dr. Nicole Trujillo,60,Male,38395.94,New Margaretchester
CUST09839,Sandra Buck,37,Female,43751.31,East Brandon
CUST09432,Melissa Hughes,22,Male,38221.14,Port Erin
CUST01722,Joshua Brown,43,Male,32763.57,Jonesland
CUST00695,Mr. Aaron Arnold,58,Male,78013.61,North Marissaville
CUST01392,Jennifer Vaughn,21,Female,55839.92,Jennifermouth
CUST02235,Lance Kirby,58,Male,48151.65,South Michael
CUST03819,Kenneth Smith,64,Female,26265.11,Lake Rebeccaside
CUST07735,James Mckinney,20,Male,57199.41,Martinmouth
CUST00864,Austin Baker,63,Male,11080.58,Port Dana
CUST01647,Elizabeth Hunter,59,Male,43190.61,Castanedaberg
CUST05999,Jeffrey Ford,22,Male,46886.32,South Suzanneton
CUST08770,Robert Foley,63,Male,46080.33,South Sherri
CUST08212,John Clark,45,Male,54995.54,North Rebeccaton
CUST06217,Lauren Walker,56,Male,44226.59,Cohenport
CUST01511,Kevin Hall,66,Female,95649.94,New Wesley
CUST04175,Bobby Flores,19,Female,85094.06,South Paulamouth
CUST01706,Jessica Cobb,39,Male,37501.51,New Larrychester
CUST05434,Daisy Larson,37,Male,64503.99,Lake Marvin
CUST08196,Douglas Howard,42,Male,62553.61,Hoffmanland
CUST06348,Beth Ford,56,Female,52375.87,Johnsonhaven
CUST03758,Paul Guzman,62,Male,52540.07,Stephenstad
CUST05209,Alison Perez,48,Male,56181.66,Christopherborough
CUST08111,Penny Johnson,69,Male,76141.38,West Davidmouth
CUST02551,Teresa Martinez,67,Male,81796.98,Wrightfort
CUST00129,Megan Orr,58,Male,52800.15,Kennethport
CUST07419,Alyssa Morales,55,Male,59134.1,East Teresastad
CUST00834,Bonnie Santos,33,Female,49105.67,Davidsonchester
CUST03350,Nathan Burke,42,Female,30732.56,Davisstad
CUST07824,Tina Patel,49,Male,53682.3,Kyleshire
CUST08263,Robert Bailey,34,Female,,Lake James
CUST01894,Justin Jones,32,Male,46080.78,Ericville
CUST06836,Joy Reid,54,Female,70079.39,Austinburgh
CUST07630,Joseph Cook,29,Female,50491.82,Annetteshire
CUST09516,Lisa Curtis,22,Male,51917.28,Port Amanda
CUST06643,Tiffany Wilson,18,Female,48380.55,West Mark
CUST02766,Jessica Romero,56,Female,43067.28,East Maria
CUST02165,Sharon Martinez,51,Male,56978.43,New Jasonside
CUST01885,Richard Wood,35,Male,37591.04,Jenniferstad
CUST09721,Andre Hernandez PhD,64,Male,44719.02,Port Saratown
CUST06178,Robert Chapman,46,Female,46013.98,Davisfurt
CUST09223,Jason Barnes,71,Female,36518.75,South Nichole
CUST02089,Kelly Calderon,44,Male,63102.32,Wallview
CUST06239,Tyler Cole,49,Male,49214.29,Powersview
CUST05170,Eric Woods,20,Male,52388.22,Maciasmouth
CUST07552,Connie Thomas,55,Female,37848.64,Lake Joseph
CUST03259,Robert Stokes,67,Female,37160.57,
CUST05235,Robert Thompson,34,Female,40864.91,Port Jeanne
CUST00354,Patricia Le,35,Female,37305.81,Whitetown
CUST07332,Jesse Brown,51,Female,48102.12,East Kevinstad
CUST00180,Alexander Collins,60,Female,36901.48,West Dakota
CUST05071,Ryan Warren,40,Female,41329.66,Lake Elizabethmouth
CUST00648,Jennifer Miranda,67,Male,61965.8,Port Glennfurt
CUST09003,Julia Green,41,Female,55890.1,West Michael
CUST02961,Daniel Bishop,47,Female,61055.6,South Perryside
CUST06356,Christina Franklin,66,Male,59967.95,Clarkfurt
CUST02238,Morgan Flynn,39,Female,73134.64,Christineland
CUST04017,Alexander Stein,62,Female,57197.96,Hubbardfurt
CUST06909,Phillip Herman,73,Female,54323.31,East Williamport
CUST00722,Willie Henry,59,Male,27129.11,Martinezmouth
CUST09772,Kenneth Becker,74,Female,60808.91,South Christopher
CUST06680,Kimberly Kaufman,45,Female,48829.89,Timothyfurt
CUST00621,Lisa Perry,57,Male,37898.35,Danielside
CUST00401,Craig Morrison,36,Male,22542.97,Daniellehaven
CUST00866,Lori Mason,23,Female,58695.4,Ryanside
CUST02037,Michael Henry,40,Female,65639.07,New Matthew
CUST05505,Felicia Matthews,67,Female,47212.4,East Kevinville
CUST00065,Amber Kidd,25,Female,53789.16,Lake Morganmouth
CUST00100,Sandra Aguilar,64,Male,63272.68,Port Elizabeth
CUST08947,Shannon Booker,19,Male,58864.31,Spearsland
CUST05435,Jesus Shaw,61,Male,29420.76,North Johnview
CUST03163,Nicholas Fritz,62,Male,39279.3,Natalieton
CUST07949,Luke Moore,41,Male,37213.56,Yvonneville
CUST03393,Ralph Hendricks,52,Female,25462.58,Ramseyfurt
CUST06503,Pamela Arnold,25,Female,28208.36,Johnborough
CUST01430,Adam Brooks,70,Male,16448.13,South Nicolestad
CUST01297,Candace Soto,31,Female,30347.15,Jonesstad
CUST07830,Heather Davis,74,Female,54486.85,West Suestad
CUST08832,Ashley Campbell,32,Female,55210.19,Ginaport
CUST03586,Elizabeth Owens,31,Female,42191.96,Andrewchester
CUST02616,Mark Frank,29,Female,55288.31,South Christine
CUST03240,Mike Buchanan,70,Male,47837.74,Lake Angela
CUST00860,Vanessa Hatfield,45,Female,53672.59,Port Matthewfort
CUST03946,Paula Caldwell,45,Female,67195.23,North Carloston
CUST02268,Adam Drake,43,Female,61420.6,Annemouth
CUST08827,Brandy Moreno,57,Male,25349.63,South Stephen
CUST07125,Steven Oconnor,59,Male,22033.42,Josephtown
CUST07751,Susan Barnes,25,Male,29506.86,Simmonsfurt
CUST06730,Luis Lopez V,72,Male,90830.0,North Mark
CUST07076,Elizabeth Brown,39,Male,40600.97,Port Geraldview
CUST02183,Ann Phelps,32,Female,69371.14,Michaelshire
CUST09375,Kimberly Taylor,27,Female,40499.46,Port Dana
CUST01514,Carrie Petersen,55,Female,43871.15,Alexanderchester
CUST07910,James Cuevas,65,Female,47452.27,North Michael
CUST07385,Jimmy Newman,33,Female,61248.95,East Jessica
CUST06422,Susan Molina,53,Female,52900.42,Crawfordborough
CUST09650,Gregory Villarreal,39,Female,52387.43,South Jessica
CUST04542,Mary Conley,44,Female,53271.51,Baileyhaven
CUST05493,Laura Guerra,63,Female,69817.5,East Kelly
CUST08420,James Griffin,60,Male,71751.25,West Renee
CUST03200,Shawn Kim,22,M,77808.45,East Scott
CUST08974,David Wise,40,Female,72168.78,West James
CUST05726,Kathryn Rivers,27,Male,42125.77,Santiagoview
CUST08076,Alexa Ingram,72,Female,63351.7,East Kevin
CUST05609,Tracey Brooks,24,Male,45265.23,New Stevehaven
CUST06237,Kimberly Cantrell,41,Female,50011.33,Hillmouth
CUST05651,Cindy Kelley,42,Male,71714.08,South Jason
CUST01705,Robert Garza,71,Female,47327.48,Charlesville
CUST00142,Patricia Rodriguez,52,Male,63809.46,Deborahchester
CUST05371,Renee Johnson,50,Female,60521.11,South Melanie
CUST04926,Wendy Perez,20,Female,58106.62,Crystalstad
CUST06882,Curtis Rice,56,Male,43780.73,Port Thomashaven
CUST01807,Mark Benjamin,52,Male,54835.11,New Paul
CUST04985,Jennifer Ferguson,49,Female,22988.72,East Steven
CUST08220,Suzanne Hancock,38,Male,44746.87,South Kelly
CUST02148,Amber King,61,Female,28706.02,West Stephanie
CUST03266,Luke Hansen,49,Female,58656.76,Hoganland
CUST02248,Gerald Kelly,33,Male,53850.65,South Adrienne
CUST03635,Stephen Parks,39,Female,23513.56,Jeffreyborough
CUST02262,Angela Watson,58,Female,35825.64,North Ricky
CUST05444,Jane King,39,Female,,Lake Daniel
CUST08569,Gary Palmer,36,Male,44543.92,Lake Benjamin
CUST08924,John Andrews,59,Male,2690.15,Johnsonburgh
CUST03257,Christina King,31,Female,50849.43,Ricetown
CUST09411,Christopher Byrd,53,Female,68394.19,Heatherville
CUST06028,Nicholas Pace,44,Female,30130.48,Rebeccahaven
CUST00014,Dylan Miller,53,Male,49878.97,Smithshire
CUST02303,Samantha Thomas,28,Male,58694.77,Josephchester
CUST07976,Megan Mills,54,Female,56516.83,Stephaniestad
CUST07650,Michele Stewart,35,Female,40909.08,New Troymouth
CUST05108,Nancy Jackson,59,Female,63677.41,New Jillbury
CUST02263,Heather Ortega,30,Female,37927.61,Franceshaven
CUST05304,Melissa Grant,23,Female,10332.51,Susanport
CUST05169,Laurie Bailey,37,Male,42055.93,Christinaville
CUST07268,Lisa Coleman,45,Female,63229.3,Christopherfurt
CUST09576,Bradley Harmon,63,Male,74014.45,Kimberlystad
CUST00484,Jasmine Beltran,40,Male,30028.83,New David
CUST09210,Thomas Logan,27,Male,73267.06,Ewingberg
CUST05467,Alice Conley,39,Female,57176.38,East Theresa
CUST01248,Theresa Torres,70,Male,24917.55,Timothyport
CUST09320,Victoria Hobbs,74,Female,71350.18,Lake Robin
CUST03155,John Cook,25,Male,37680.86,South Sandraview
CUST01513,Morgan Cummings,47,Female,20425.69,West Davidshire
CUST06198,Lisa Prince,41,Male,68281.7,Leefort
CUST03367,Amber Kennedy,71,Male,61095.87,North Davidmouth
CUST06977,Donna Reese,27,Male,61924.08,Tonyton
CUST06798,Mitchell Garza,35,Female,70087.11,Lake Ryan
CUST09399,Jason Maddox,60,Female,58374.63,West Holly
CUST02470,Christopher Hall,54,Female,60611.43,Anthonyland
CUST01065,Melanie Griffith,53,Male,74212.72,West Danielle
CUST01055,Gregory King,64,Male,65926.3,Michaelshire
CUST04764,Ryan Fisher,42,Male,51574.03,Lake Robert
CUST07719,Stephen Kirby,26,Male,48868.57,Brentborough
CUST04229,Jerry Waters,73,Female,59228.7,Lake William
CUST05869,Kristin Hudson,72,Female,33591.51,Port Michaelborough
CUST09118,Kelli Williamson,26,Male,24603.7,West Joe
CUST09675,Michelle Brown,44,Male,47735.67,Riceville
CUST07152,Daniel Price,33,Male,29675.05,Katrinaborough
CUST03474,Kim Sanchez,26,Female,52376.72,Calebfurt
CUST08254,Shelly Jackson,58,Female,71909.02,Dawnshire
CUST00572,Reginald Knapp,33,Male,35409.3,Emilymouth
CUST05220,John Rodriguez,74,Male,81915.28,Justinfurt
CUST03820,Alicia Perez,35,Female,38344.6,Amandafort
CUST05051,Philip Bowen,44,Male,31170.95,South Jessica
CUST02497,James Ferguson,50,Male,43127.84,South Charles
CUST06352,Andrew Carter,57,Male,31039.69,North Christopher
CUST05512,Holly Rivas,32,Female,75611.99,Danielfurt
CUST06233,James Morales DVM,51,Female,29709.14,Port Taylor
CUST04044,Amanda Arroyo,74,Male,46058.58,Brownborough
CUST09874,Curtis Miller,55,Male,75967.26,Russellland
CUST04534,April Jones,51,Male,47797.83,Smithville
CUST05107,Aaron Diaz,40,Male,44657.66,Lake Anita
CUST01617,Marcus King,63,Female,36261.17,Katherinefort
CUST02619,Dr. April Jones,38,Male,68170.64,East Nicholas
CUST07957,Evan Smith,65,Female,44934.25,South Sarahside
CUST02481,Mary Kennedy,37,Female,31539.54,East Kennethburgh
CUST04818,Tammy Lopez,64,Male,28870.99,New Richardmouth
CUST07486,Robin Ortiz,21,Male,47144.43,Port Stephanie
CUST00029,Anthony Rodriguez,39,Female,48274.95,Michaelbury
CUST05128,Michael Gonzalez,52,Male,71559.36,Candiceborough
CUST06734,Richard Flynn,29,Female,64531.63,Clarkchester
CUST05959,Karla Burton,20,Male,83295.88,Stewartside
CUST00232,Christopher Parker,69,Female,38346.37,Port Angelashire
CUST08182,Angela Drake,35,Female,71486.85,Bassshire
CUST02129,Valerie Gonzalez,30,Male,68862.31,Port Shelley
CUST08324,Mark Black,42,Male,18633.79,Mollybury
CUST01748,Jennifer Yu,54,Female,42906.5,Cervantesbury
CUST06431,Todd Sherman,44,Female,51908.93,Stewartbury
CUST01886,Mark Dalton,54,Female,70668.95,Lake Lisafurt
CUST02531,Thomas Murphy,67,Male,58892.51,East Joshua
CUST02678,Michele George,42,Female,46289.24,Port Jessicaview
CUST00086,Shirley Suarez,53,Male,24280.37,Smithhaven
CUST08085,Jordan Jones,21,Male,36810.71,East Kim
CUST03948,Annette Knapp,19,Female,15469.44,New Erin
CUST03827,Penny Fernandez,22,Female,26219.1,North Kathryn
CUST03246,Hannah Williamson,51,Male,47071.79,Katherineborough
CUST07550,Jamie Martin,42,Male,89523.17,Herrerachester
CUST05018,Linda Holt,39,Male,55685.5,East Nicole
CUST04031,Jacob Allen,23,Male,33375.2,
CUST03655,Jessica Burgess,49,Male,52597.68,Beverlyfort
CUST08340,Carl Pennington,70,Female,19396.56,West Rebeccaside
CUST05155,Julian Obrien,70,Female,62697.58,Rodriguezbury
CUST09194,Joseph Benson,59,Female,38193.04,Christineborough
CUST09249,William Chambers,58,Male,48811.71,North Terry
CUST09720,Benjamin Brown,39,Male,,Brianafurt
CUST09031,Michael Huerta,46,Female,61936.57,Watkinsside
CUST03331,Tammy Anderson,42,Female,50498.31,Rebeccafort
CUST00825,Monica Ellis,71,Male,64520.31,Thomasfort
CUST02314,Gregory Harrell,28,Female,48615.45,Montesside
CUST06706,Janet Smith,65,Female,27904.22,Ericside
CUST07706,Frances Williams,74,Male,52508.33,New Jamesmouth
CUST00592,Jason Love,49,Female,64937.69,Port Caleb
CUST08224,Zachary Doyle,47,Female,52591.67,East Jasonberg
CUST06329,Matthew Smith,37,Female,56276.19,South Tammy
CUST09787,Ann Phillips,23,Male,35406.27,New Victorfurt
CUST00795,Adam Taylor,50,Male,45865.31,South Amy
CUST07507,Joshua York,69,Male,48299.0,Chaseland
CUST02392,Peter Stephenson,57,Male,92395.53,Port Davidbury
CUST02552,Howard Thompson,35,Female,39706.6,North Elizabethhaven
CUST06212,Stacy Johnson,48,Female,16809.31,Kevinborough
CUST03301,Gregory Rios,30,Male,27835.56,North William
CUST03210,Julia Brown,65,Female,83764.07,Houstonborough
CUST04309,Michael Richmond,39,Male,76693.51,
CUST07396,Christina Murray,46,Female,42215.53,Port Carolshire
CUST07244,Crystal Beltran,26,Male,44416.77,North Alicia
CUST05755,Allison Rice,64,Male,65336.0,North Gregory
CUST09408,Michael Campbell,46,Male,59408.1,Tracychester
CUST00623,Colleen Wright,60,Female,39863.15,Maxwellton
CUST08160,Duane Clark,32,Male,39348.08,East Nicholas
CUST06350,Paul Gonzales,42,Female,70998.39,Lambside
CUST09961,Christopher King,25,Male,51338.96,Port Kimberlyfort
CUST03131,Shawna Palmer,55,Male,88851.38,North Robert
CUST06309,Peggy Young,39,Female,46028.46,East Eric
CUST04869,Cindy Richardson,27,Male,65838.36,Powerschester
CUST04919,Ryan Roman,35,Female,47216.24,Lake Zacharyhaven
CUST06957,Mrs. Sarah Gordon,51,Male,58668.92,North Jeremyton
CUST09752,Tammy Fernandez,28,Male,34972.59,West Monicahaven
CUST08580,Peter Chavez,61,Female,43964.26,North Kathy
CUST07248,Sabrina Henderson DVM,51,Female,75478.04,Port Dylanchester
CUST05503,Leslie Case,44,Male,52476.31,East Michaelside
CUST02850,David Williams,20,Male,59021.96,Lake Christopherville
CUST02996,Paul Martin,71,Male,20888.74,West Ronaldborough
CUST00531,Mark Jimenez,40,Female,41523.19,Port Mary
CUST02852,Richard Day,61,Male,33989.53,Ramosbury
CUST01949,Angelica Clark,20,Female,74787.54,Susanhaven
CUST00865,Antonio Mccormick,52,Male,48604.15,Destinyberg
CUST04607,Rebecca Gibson,43,Male,26738.09,Port Jamesstad
CUST09864,Mr. Michael Williams Jr.,71,Female,40248.64,Kathyfurt
CUST02720,Carl Harris,48,Male,34951.64,Kathleenhaven
CUST07789,Brandon Townsend,66,Male,59224.1,Kellymouth
CUST08114,Tyler Allen,71,Male,48260.3,Melissahaven
CUST09066,Jessica Cruz,57,Male,59670.22,New Troyport
CUST02195,Terry Woods,37,Male,47887.99,Port Anne
CUST09502,Olivia Berry,21,Male,47182.66,
CUST07311,Tammy Scott,31,Male,48677.14,Amybury
CUST07918,Angela Collier,39,Female,43659.9,Gonzaleshaven
CUST01365,Debra Valentine,22,Male,23020.42,Christopherport
CUST06823,Tonya Jones,57,Female,55805.82,Destinymouth
CUST08493,Victor Gonzalez,34,Female,71885.6,Lake Evelynmouth
CUST09836,Jeffery Nguyen,70,Female,67129.35,Port Davidville
CUST02508,Daniel Reynolds,51,Female,64229.75,North Emilymouth
CUST02631,Kevin Huerta,28,Female,60737.51,Khantown
CUST02345,Mr. David Mercado,58,Female,54888.99,Galvanburgh
CUST05990,Thomas Wells,25,Male,53859.76,Longbury
CUST06842,Christopher Fitzgerald,33,Male,48103.56,Ashleyfort
CUST05498,Tyler Murray,65,Male,34728.22,North Diane
CUST06732,Eric Ingram,69,Female,27236.07,Nicholsport
CUST04191,Anita Chapman,40,Female,22204.6,East Tracey
CUST00917,Christine Parker,27,Female,87974.32,East Adam
CUST02046,Brent Reed,35,Male,34126.52,Tiffanyshire
CUST07428,Daniel Jones III,69,Male,46207.46,South Jasmine
CUST07523,Alexis Olsen,45,Female,58508.85,Brownburgh
CUST05617,Michaela Hernandez,72,Female,55898.01,Ruizton
CUST01007,Jennifer Nichols,68,Male,36648.68,East Valeriestad
CUST06868,Jasmine Martin,68,Male,64543.35,South Lynnborough
CUST00395,Dana Chapman,50,Female,56488.23,Ronaldshire
CUST03106,Tracy Martinez,35,Female,34670.28,Rodneyhaven
CUST00325,Patrick Moore,49,Female,42507.34,Jenniferbury
CUST08617,Olivia Wallace,60,Female,82323.77,Katrinatown
CUST09300,Jacqueline Steele,41,Female,40357.68,Gonzalezhaven
CUST05913,Jennifer Underwood,48,Male,45587.81,Brucebury
CUST03703,Adriana Johnson,25,Female,31437.97,Lake Robertborough
CUST03797,Debbie Schmidt,26,Female,50817.17,South Mary
CUST06876,Morgan Grimes,55,Female,65925.58,Robertville
CUST08032,Mary Wall,50,Female,51915.81,Sawyerbury
CUST09466,Loretta Holt,23,Female,45478.8,Morganport
CUST00575,Kelly Edwards,65,Male,33868.9,Sanchezfort
CUST07339,Matthew Dunlap,31,Male,41914.54,Jeremyborough
CUST06139,Tracy Roberts,63,Female,50597.91,East Todd
CUST07360,Jessica Smith,23,Male,44610.63,West Kristina
CUST04439,Joshua Adams,20,Male,46218.24,Davidberg
CUST01814,Corey Cortez,41,Male,63924.98,Port Dalton
CUST00269,Patrick Thornton,55,Female,59863.84,Nolanchester
CUST05292,Jamie Miller,36,Male,5108.65,Mitchellburgh
CUST01547,Kevin Alvarado,64,Female,65420.33,Smithville
CUST01023,Joseph Cooper,20,Male,52471.27,Port Courtneymouth
CUST06674,Kevin Grant,64,Female,31712.74,Lake Monicashire
CUST04271,Joshua Herman,41,Female,32743.25,Melissaville
CUST00247,Frank Cordova,19,Female,56468.5,Parksmouth
CUST09868,Ronald Myers,20,Female,47467.95,Sylviamouth
CUST02782,Samantha Johnson,50,Male,68689.02,South Carriefurt
CUST05396,Karen Perez,19,Female,65648.35,East Clayton
CUST02762,Erik Davis,67,Male,62277.36,South Jonathan
CUST02579,Andrea Lee,23,Male,65866.74,New Melissa
CUST06982,Tammy Cox,38,Male,52014.24,Baileyville
CUST05589,Adam Long,73,Female,39368.95,Port Justin
CUST06150,Hannah Marquez,57,Male,66626.26,Gutierrezside
CUST06614,Deborah Curry,27,Male,17609.5,Port Alejandro
CUST05697,Matthew Bennett,40,Male,27020.23,Jonesland
CUST08504,Megan Krueger,72,Female,41409.42,North Haroldtown
CUST07610,Lonnie Martinez,52,Female,65547.57,Chavezport
CUST09049,Michael Moore,63,Female,48983.51,Taylorborough
CUST04119,Denise Reese,62,Female,66990.04,West Sarahmouth
CUST04075,Julie Rodriguez MD,26,Male,37137.82,East Nathanberg
CUST05881,Anthony Murphy,26,Female,62858.83,Fisherfurt
CUST05866,Christopher Gutierrez,71,Female,43559.46,North Katherine
CUST01591,Nicolas James,37,Female,48701.05,Paulaland
CUST03135,Cynthia Shannon,30,Male,58333.94,Port Troyborough
CUST03065,Kimberly Moore,56,Female,86336.85,South Jacquelinechester
CUST05700,Charles Robinson,63,Female,44225.26,North Michaelhaven
CUST05853,Maurice Graham,35,Male,75243.61,Danielborough
CUST07738,Jamie Bond,45,Male,64572.06,
CUST00818,Michael Poole,66,Male,52968.69,Gutierrezport
CUST04562,Alejandra Fernandez,34,Female,30983.1,New Tabitha
CUST09346,David Lewis,30,Male,50575.54,Elizabethport
CUST01689,Robert Marquez,43,Male,79153.75,Paulville
CUST08370,Karen Adams,22,Male,42915.24,Anthonyfurt
CUST03169,Selena Hopkins,40,Male,38329.9,New Laurachester
CUST02629,Karen Chambers,55,Male,66340.39,Jacksonstad
CUST05216,Thomas Bowman MD,28,Male,46462.28,Lake Christine
CUST07299,Robin Rodriguez,35,Female,60804.86,North Emilyside
CUST00334,Dana Martinez,37,Male,47001.88,Brownburgh
CUST01236,Kimberly May,32,Female,66976.67,West Raymondborough
CUST05832,Laura Walton,74,Female,31997.0,New Brittanybury
CUST03757,Lisa Bryant,18,Female,53685.65,Delacruzmouth
CUST01223,Robert Griffin,27,Male,80578.12,Katieport
CUST01373,William Prince PhD,40,Female,42503.06,Ayersmouth
CUST03516,Laurie Miranda,18,Male,47782.4,South Julieville
CUST05219,Jeffery Thompson,39,Male,43325.53,Nicholasside
CUST04884,Michael Wilson,66,Male,52655.21,Port Kevinborough
CUST08038,Ashley Shepard,35,Male,29750.92,East Dorothy
CUST09279,Richard Clark,21,Male,70887.22,Hodgesfurt
CUST01305,Matthew Baker,23,Male,22615.12,South Scott
CUST03055,Ashley Stevens,24,Female,40991.97,Smithville
CUST08013,Alexander Wright,62,Male,33344.93,Pamelaville
CUST06549,Christopher Williams,36,Female,41961.8,Mullenside
CUST00396,Jennifer Collins,45,Female,63113.72,East Patrickfort
CUST05098,Rebecca Oneill,64,Male,,South Taylorview
CUST00039,Brittany Farmer,68,Male,58332.39,Warrenstad
CUST05240,Cristian Lambert,32,Female,51908.78,Ortegashire
CUST00994,Anthony Armstrong,34,Female,46962.78,South Richard
CUST06847,Clayton Blankenship,43,Female,41140.4,West Robert
CUST00131,Dustin Jordan,24,Male,37076.1,Scottfort
CUST07939,Jacqueline Herman,32,Female,35830.54,Lake Steven
CUST05191,George Smith,68,Female,45305.66,Fordfurt
CUST07763,Zachary Simpson,30,Female,17494.64,Port David
CUST03385,Brandi Camacho DVM,54,Male,51621.67,Kimberlyburgh
CUST09146,Mark Page,21,Male,33454.3,Johnsonstad
CUST05745,Melissa Martinez,25,Female,26894.43,Scottside
CUST07968,Anne Jones,43,Male,56632.75,Bishopmouth
CUST08323,Maria Mccarthy,48,Female,50771.06,Watsonfort
CUST04543,Melanie Drake,71,Male,52076.82,Danielfurt
CUST01528,James Miller,51,Female,53433.57,Port Jillianton
CUST02071,Patricia Hamilton,47,Male,36983.92,Lisaborough
CUST09053,Alicia Krueger,61,Male,41755.6,Kyliefurt
CUST04941,George Bradshaw,28,Male,23038.88,North Jack
CUST04424,Robert Perkins,62,Female,47328.71,Jacksonborough
CUST04000,Brianna Ryan,39,M,76375.41,Williamland
CUST04433,William Silva,66,Female,70791.62,Dunnton
CUST03726,Mark Johnson,20,Male,58264.05,South Jennifer
CUST05912,Kathy Steele,40,Male,15102.52,East Sheri
CUST01857,Erika Gonzalez,69,Male,57855.19,West Deborah
CUST04572,Lisa Fox,37,Male,26044.08,North Ericshire
CUST02163,Tammy Williams MD,55,Male,,Tuckerfort
CUST07725,Marissa Dorsey,22,Female,37249.24,Lisaland
CUST01903,Rebecca Dougherty,23,Female,36409.42,Phillipsmouth
CUST07897,Dennis Arnold,43,Female,38029.6,Port David
CUST07814,Alexandra Lyons,35,Male,40172.81,Sarahburgh
CUST04236,Nicholas Moss,18,Male,54107.02,Lake Kristinmouth
CUST03195,Eric Elliott,24,Male,56373.28,Port Steven
CUST04699,Melinda Anderson,35,Female,41485.63,Christopherland
CUST02301,Jennifer Baker,64,Female,28360.51,West Calvin
CUST00220,Courtney Mills,54,Female,49837.39,Russellmouth
CUST05644,Kathy Lewis,18,Male,55883.35,Lake Joshua
CUST01490,Eric Blackburn,73,Male,45556.79,North Dianaburgh
CUST02447,Yolanda Keith,27,Male,34008.17,North Nancyfort
CUST05167,Sharon Johnson,55,Male,47642.62,Tuckerborough
CUST03882,Mark Montoya,73,Male,40091.92,West Erinmouth
CUST09169,Charles Anderson,70,Male,39824.46,Catherineton
CUST04903,Michael Smith,28,Female,52093.93,West Debbiemouth
CUST07660,Christine Mullins,71,Male,64093.4,Lauramouth
CUST09486,Brian Hunter,64,Female,54706.19,Caitlinport
CUST07272,Stephanie Garcia,38,Female,50886.25,Kevinport
CUST06570,Matthew Morris,53,Male,53430.05,Trevinoland
CUST04397,Darin Baker,49,Female,51983.5,Georgeport
CUST04280,Sandra Craig,60,Male,66025.11,Leahbury
CUST03689,Jennifer Fields,23,Male,54482.16,Jimeneztown
CUST00184,Lindsay Martinez,49,Female,76212.45,Sandraburgh
CUST06091,Joel Roberts,22,Female,40694.44,New Melissa
CUST01587,Patrick Mcneil,19,Female,13581.32,New Amy
CUST03368,Jessica Adams,29,Female,47002.11,
CUST01612,Susan Cunningham,41,Male,45009.99,Arthurhaven
CUST05544,Robert Shepherd,51,Female,55841.64,Michaelton
CUST04845,Amy Watts,21,Female,41666.73,Lake Logan
CUST06376,Patricia Acosta,70,Female,31141.49,Lake Joseph
CUST08825,Anthony Garrett,65,Female,59118.82,Port Davidton
CUST01847,Philip Fernandez,47,Male,40524.42,South Sandra
CUST07946,Cindy Martin,62,Male,57710.75,West Ericaside
CUST08357,Robert Scott MD,23,Male,60181.57,New Cynthia
CUST03724,Edward Manning,24,Female,50401.04,New Marvin
CUST03123,Mary Moss,65,Female,59411.0,North Brian
CUST01215,Gary Ward,20,Female,30864.97,Bowersstad
CUST03478,Jacob Hart,74,Male,63772.36,Port Candicetown
CUST09172,Howard Richardson,61,Male,66027.53,Nicholashaven
CUST08368,Margaret Shaw,57,Female,52468.86,West Chelseabury
CUST07649,Brittney Brown,54,Female,38360.78,North Jill
CUST04092,James Hart,28,Female,60961.14,Richardview
CUST06531,Patrick Rocha,71,Male,57933.64,East Gabrielle
CUST01800,Deborah Graves,40,female,47581.46,Spencermouth
CUST02082,Robert Hopkins,39,Female,34211.72,North Kevinshire
CUST01832,Pamela Watkins,46,Male,53850.42,Reeveston
CUST03888,Mary Peterson,25,Male,47516.37,Port Katherinehaven
CUST04341,Robert Johnson,52,Male,43619.19,Rodneyburgh
CUST08861,Joshua Wilson,47,Male,76473.2,East Kathleen
CUST08948,Marc Glenn,25,Male,49591.34,Lake Billy
CUST02724,April Turner,59,Male,34944.69,Chenview
CUST03728,Nathan Mcgee,20,Male,95436.39,Aaronhaven
CUST01652,Maria Olson,34,Female,45785.17,Mejiahaven
CUST03134,Bridget Walter,59,Male,43080.63,Potterland
CUST08943,Cindy Bradley MD,28,Male,34018.69,East Brian
CUST01708,Timothy Andrews,73,Male,52628.59,Lake Donnaton
CUST07766,Deborah Small,26,Male,53807.37,Port Brittney
CUST05214,David Martinez,26,Male,34494.66,Yvettemouth
CUST01957,Julie Johnson,26,Male,63246.48,New Danny
CUST01396,Alejandro Martinez,25,Male,34226.99,Lake Vanessa
CUST00882,Laura Jones,71,Male,50399.76,Teresahaven
CUST07064,Rachel Rollins,59,Female,55952.58,West Caleb
CUST01270,Kevin Escobar,36,Female,58297.89,Lake Brandon
CUST02414,Rachel Gibson,71,Male,50075.03,
CUST04927,Erika Bates,47,Female,45562.36,Tanyatown
CUST00374,Charles Schultz,34,Female,61222.11,Ryanfort
CUST05680,James Franklin,58,Male,29801.22,Katelynside
CUST01280,Daniel Freeman,25,Female,63487.97,West Bonnieville
CUST04934,Rachel Sullivan,61,Female,47212.2,Kristinburgh
CUST05228,Meagan West,54,Female,35361.61,North Robertton
CUST04757,Ronald Gonzalez,19,Male,43161.12,East Nicolasland
CUST06530,Erica Wright,68,Female,40580.57,Lindaville
CUST02188,Kayla Burns,24,Female,43740.82,South Ryan
CUST08022,Mathew Olson,40,Male,24760.37,South Tonya
CUST08989,Alisha Lewis,68,Female,61889.74,Frankmouth
CUST01575,Monica Cannon,24,Female,45856.52,Staceyfurt
CUST05645,Joshua Miller,21,Male,64612.64,Lake Christopher
CUST04533,Joshua Scott,48,Male,38997.47,Jamesberg
CUST08435,William Reynolds,35,Female,40346.11,Jeremiahbury
CUST04710,Richard Bass,71,Female,67044.92,Port Jessica
CUST06838,Sonya Ramirez,32,Male,78247.07,
CUST03925,Kevin Walter,55,Female,52270.25,North Evelyn
CUST08536,Joshua Singleton,40,Male,56422.52,Mckinneyhaven
CUST07989,Joseph Miller,74,Male,76974.34,North Amy
CUST00053,Mark Perez,42,Female,39685.99,Welchchester
CUST06699,Ryan Mccarty,54,Female,24327.76,Port Kimberly
CUST03337,Erica Baker,25,Male,35688.33,Mosleychester
CUST08521,Eric Garcia,38,Male,49224.84,Hernandezfort
CUST09778,Joshua Espinoza,24,Male,38613.52,East Elizabeth
CUST06292,Karl Moore,52,Male,,New Heather
CUST09362,Kimberly Reynolds,70,Male,45241.47,New Susanview
CUST04218,Jason Clark,57,Male,48630.03,Charlesmouth
CUST08849,Jose Crawford,36,Female,67707.57,South Anthonychester
CUST02732,Carl Dean,71,Female,38461.53,Castrofort
CUST08899,William Greene,59,Male,34470.17,North Codyshire
CUST00662,James Webster,52,Male,51131.25,Sanchezport
CUST04967,Alison Zuniga,21,Male,56565.02,Johnsonhaven
CUST09925,Melinda Cox,22,Female,33421.68,Port Daniel
CUST01013,Dr. Rhonda Martinez,48,Male,43642.42,Gatesmouth
CUST06412,Andres Marshall,30,Female,43541.12,Nelsonview
CUST05517,Julie Thompson,43,Male,60215.31,North Elizabethberg
CUST07608,Christine Green,46,Female,44727.06,Brennanfort
CUST04425,Nathaniel Walter,52,Male,25833.9,Lake Maryport
CUST00839,Michele Smith,45,Female,49662.18,East Joshuaborough
CUST07844,Samuel Russell,22,Female,51067.33,Port Luisbury
CUST01998,Monica Allen,57,Male,64837.67,East Rebeccaberg
CUST06974,Tina Brown,69,Male,40451.49,West Rebeccaside
CUST08645,Tiffany Jackson,32,Male,60754.48,Gregoryfort
CUST07269,George Vaughan,37,Male,5000000.0,West Ashleytown
CUST08655,Kara Estrada,30,Male,54591.19,Matthewton
CUST05331,Eric Thomas,20,Female,33570.96,Williamview
CUST03807,Alexis Kim,65,Female,53344.7,Stevenburgh
CUST00483,Steve Paul,49,Female,38206.19,Heatherfurt
CUST09214,Stacey Dixon,55,Male,53822.61,Walterburgh
CUST07848,Dennis Thompson,35,Female,56467.9,South Michael
CUST03684,Kathleen Marshall,61,Female,31483.16,Port Grant
CUST07942,Marvin Flores,74,Female,74423.03,Tiffanystad
CUST03678,Christopher Waters,66,Male,65826.62,Port Wendy
CUST02771,Tiffany Morrow,53,Female,26873.86,New Colleen
CUST04422,Randy Phillips,21,Male,55774.62,North Joshuashire
CUST03759,Christopher Hunter MD,72,Female,32957.61,Philliptown
CUST07384,Brian Wells,43,Male,34314.74,Elizabethville
CUST03159,Brian Fuentes,32,Female,50591.9,Bushport
CUST06936,Monica Morton,20,Male,62405.26,Wilsonfort
CUST02442,Alex Cameron,27,Male,51593.99,Robinsonchester
CUST09642,Jessica Sharp,31,Male,36138.75,Oliverview
CUST08588,Jennifer Poole,44,Female,30957.13,East Ashleyville
CUST03145,Derek Jones,46,Male,66304.03,Powersview
CUST04073,Stacey Clements,71,Female,60449.67,South Brittanyland
CUST01338,Andrew Cruz,30,Female,72477.23,Annachester
CUST06870,Benjamin Chavez,59,Male,63209.14,Lake Heatherstad
CUST01461,Brandon Montgomery,41,Female,46857.38,South Johnbury
CUST04811,Darren Morris,33,Female,28270.59,East Elizabethshire
CUST02118,Rachel Taylor,68,Male,63474.97,North Jamesstad
CUST04508,Elizabeth Sanchez,25,Male,25944.84,Reillyport
CUST05246,Andrew Whitney,40,Male,41739.68,Browningberg
CUST08865,Bradley Taylor,24,Male,65366.09,Lake Helentown
CUST01829,Robert Hendrix,73,Female,75443.46,New Natashatown
CUST01873,Garrett Riley,37,Female,63879.4,South Rebekahchester
CUST09171,Erin Johnson,42,Female,24401.77,Kevinbury
CUST08781,Lynn Anderson,33,Female,49180.65,Perezmouth
CUST09380,Sandra Kim,38,Female,60280.72,Grossland
CUST08398,Thomas Spencer,50,Male,25944.69,Ramirezmouth
CUST06026,Austin Mitchell,60,Female,47027.64,Jonesland
CUST02557,Mrs. Kimberly Mooney,57,Male,,South Andrew
CUST03380,Ms. Mackenzie Barton,48,Female,39446.78,Sherryburgh
CUST04732,Laurie Fuller,45,Male,32256.62,North Christinaburgh
CUST04035,Annette Meyer,34,Female,79010.72,East Brian
CUST04261,Kristin Williams,55,Male,56811.38,
CUST01939,Jill Powers,26,Female,45873.2,South Zachary
CUST01624,Amanda Nash,31,Female,,
CUST05939,Devin Hardin,61,Male,47358.1,Johnsonfurt
CUST00359,Ronald Davis,52,Female,64293.82,Frenchland
CUST09305,Christine Cardenas,64,Female,86557.49,Kellyberg
CUST07977,Mandy Walker,71,Female,33607.24,North Shawna
CUST00231,Susan Serrano,58,Male,49916.3,Sparksshire
CUST06681,Jeffrey Leon,52,Female,58624.95,North Brian
CUST00183,Ashley Barton,30,Male,67454.81,Michaelmouth
CUST02294,Michelle Chambers,67,Male,39559.76,West Samuel
CUST02364,Joe Greene,21,Female,44263.17,Lopezport
CUST02662,Michael Wiggins,65,Male,34084.45,Beltranport
CUST08360,Brittany Macdonald,42,Female,55002.62,South Jeremiahberg
CUST07196,Victoria Carpenter,20,Female,43483.03,North Colleen
CUST00284,Stephanie Williams,20,Male,38696.07,East Billyland
CUST02780,Oscar Carroll,61,Female,57340.62,Amberport
CUST09590,Michael Campbell,29,Male,61962.0,Lake Charlesland
CUST04407,Jaclyn Long,44,Male,38561.63,Johnland
CUST01487,Justin Hurley,47,Male,63530.66,Williamchester
CUST04023,Charles Fuentes,51,Female,65442.47,Lake Steven
CUST07748,Johnathan Davidson,36,Female,38806.82,
CUST01820,Judy Gregory,54,Female,60031.15,West Amandamouth
CUST00445,Tracy Montoya,44,Female,40732.82,North Christopherfort
CUST08004,Pam Roberts,35,Female,47132.3,Jessicastad
CUST02972,Sylvia Anderson,26,Female,43125.91,Penashire
CUST00653,Amy Gordon,53,Male,54414.12,Stephanieberg
CUST08367,Tom Henderson,54,Female,33539.38,Port David
CUST04809,Kendra Sullivan,29,Male,34665.19,West Meagan
CUST09444,Anthony Harris,20,Female,53712.08,Port Jonathan
CUST04491,Carlos Hensley,26,Male,39282.96,Newmanfurt
CUST09291,Angela Nelson,64,Male,43003.56,Davidchester
CUST06354,Jamie Mclaughlin,62,Female,55700.81,Gomezland
CUST09784,Edward Gomez,40,Female,46496.33,Bradleymouth
CUST03001,Michael Jensen,58,Male,57176.73,Hoodborough
CUST04155,William Weber,31,Male,35004.81,Brendaton
CUST00385,Chad Scott,55,Female,41320.22,Amberside
CUST05472,Mary Henderson,39,Female,53782.14,East Jimmy
CUST09349,Jason Wong,62,Male,63145.0,Port Douglas
CUST02304,Michael Anderson,37,Female,55089.75,Parkton
CUST03852,Jacqueline Perry,20,Male,56293.07,North Saraburgh
CUST06898,George Hall,59,Female,70211.5,West Brianfurt
CUST00008,Gabrielle Davis,36,Male,13204.94,Robynmouth
CUST06897,Mariah Brown,49,Male,62158.55,Williamshire
CUST04258,Christopher Carson,69,Male,69574.18,East Jamiemouth
CUST04808,Glenn Ward,74,Female,34765.26,Lake Ashley
CUST03204,Justin Bernard,49,Female,34235.14,West Joanneton
CUST05934,Nicole Edwards,19,Female,41385.77,Johnland
CUST01289,Heather Parrish,32,Male,,Donaldton
CUST02237,Toni Whitaker,28,Male,44572.76,Paultown
CUST08706,Jamie Woods,65,Male,41825.21,West Kelsey
CUST03045,Tiffany Harris,26,Female,57274.23,South Amyshire
CUST01202,Kimberly Morrison,37,Male,58800.97,New Michelleberg
CUST09018,Brent Hernandez,69,Female,78692.44,New Jacob
CUST05466,Amanda Gonzalez,32,Male,42705.11,
CUST06364,Todd Hernandez Jr.,48,Female,52180.6,West Mikayla
CUST09251,Larry Rowland,67,Female,64822.53,Port Eric
CUST09450,Anna Jackson,20,Male,76964.21,Lake Edward
CUST05562,Heather Diaz,73,Female,50786.92,North Ronnieville
CUST01185,John Duncan,74,Female,53588.48,North Ninaton
CUST04832,Richard Miller,57,Female,60291.31,Tinahaven
CUST05789,Scott James,66,Male,33567.95,South Kaitlyn
CUST02873,Joseph Acosta,46,Male,38651.62,West Matthewland
CUST08715,Karen Woods,46,Female,81447.14,Donnahaven
CUST08456,Heidi Mason,68,Male,71084.38,Wyattberg
CUST02371,Heather Hess,68,Female,33490.45,Cartermouth
CUST00874,Jesse Lynch,73,Male,55090.45,Lake Mindyfort
CUST03466,Jennifer Smith,64,Female,54239.06,Port Christophermouth
CUST08209,Alison Delacruz,43,Male,71350.37,Lake Christinehaven
CUST08971,Mary Brady,56,Male,31628.36,Johnfort
CUST00521,Christopher Morris,36,Male,65669.27,Levyberg
CUST01935,James Randall,71,Male,42063.71,New Angelaview
CUST05773,Christian Rowe,46,Female,60178.26,South Christopherberg
CUST03729,Jennifer Montgomery MD,44,Male,67727.03,West Jasonview
CUST08236,Jennifer Curtis,25,Female,65197.21,Mcguiremouth
CUST00853,Donald Miller,71,Male,30723.19,Branchland
CUST06249,Jamie Scott,57,Male,65942.75,West Brendaview
CUST09579,Adam Smith,52,Female,51184.05,East Michaelshire
CUST04300,Carrie Rodriguez,66,Male,77820.24,North Spencermouth
CUST01173,Monica Anderson,37,Female,51524.0,Lake Adambury
CUST04877,Angel Hayes,21,Male,56740.33,Victorton
CUST03084,Allen White,22,Female,66856.6,Debrafort
CUST00000,Allison Hill,40,female,40516.16,New Emmaville
CUST00556,Kathryn Williams,33,Male,59092.6,Lake Haley
CUST02890,Brian Sosa,20,Female,64734.07,South Brianside
CUST09180,Nicholas Floyd,29,Male,,East Ianbury
CUST04298,Barbara Fields,35,Male,38800.41,New Emilytown
CUST07962,Kathryn Chavez,26,Female,58062.74,Mckeeland
CUST07854,Tracy Woodward,62,Female,35541.25,East Lisaport
CUST05451,Tammy Jackson,50,Male,37904.69,West Dennis
CUST02383,Krystal Jones,56,Female,25952.31,North Randy
CUST06550,Evelyn Townsend,73,Female,43653.36,Port Christinaside
CUST07722,Julie Gillespie,49,Female,36262.02,Alyssaport
CUST08673,Walter Romero,57,Female,63906.73,East Donald
CUST09476,Brooke Wilson,36,Female,52830.5,
CUST01318,Melissa Davis,56,Female,75648.63,Davidburgh
CUST02819,Jason Flores,55,Male,65114.72,Allenside
CUST05380,Stanley Benson,36,Female,32738.19,Colemantown
CUST01425,David Torres,57,Female,73822.58,South Timothyton
CUST01044,Cassandra Harrell,43,Female,78149.77,Carrollfurt
CUST07892,John Garrison,36,Female,15723.83,Myersmouth
CUST08577,James Fernandez,30,Male,49878.3,Sarahside
CUST04858,Lisa Wagner,45,Female,43119.54,West Melissa
CUST03934,Brian Shaffer,69,Male,50454.68,Brianshire
CUST08409,Ashley Vazquez,59,Male,27179.84,Georgeside
CUST04151,Taylor Williams II,68,Female,54331.52,Port Chadville
CUST06965,Scott Thomas,59,Female,61631.41,West Makaylashire
CUST07124,Casey Garcia,30,Male,51678.5,South Rogerborough
CUST05794,Mary Wilkinson,32,Female,32131.84,Jodiside
CUST09101,Elizabeth Simon,61,Male,62677.41,North April
CUST02003,Michelle Richardson,20,Female,27270.05,Josephbury
CUST00411,Lisa Hunter,70,Female,35815.53,South Jerryburgh
CUST03855,Shawn Rodriguez,64,Female,38243.04,West Patriciaville
CUST02721,Justin York,24,Male,26863.0,West Felicia
CUST09333,Faith Ritter,71,Female,49592.88,North Jennifer
CUST04640,Tony Swanson,66,Male,35171.31,New Deborah
CUST00146,Victoria Larson,44,Female,51504.24,Josehaven
CUST06227,Amanda Brown,63,Female,56909.24,Markborough
CUST02848,Elizabeth Robinson,25,Female,47440.7,Louisland
CUST03889,Amy Diaz,52,Male,73009.48,Tanyamouth
CUST06002,Amanda Bennett,67,Female,31424.52,New Carrie
CUST02905,Jennifer Leon,74,Female,44016.05,Bryanshire
CUST05420,Rebecca Perez,55,Female,15695.23,Abigailbury
CUST02247,Barbara Walker,32,Female,48842.74,Christinefort
CUST03472,Eddie Davis,28,Male,62622.47,North Andrewland
CUST01216,Paul Moreno,50,Male,54556.97,Thompsonmouth
CUST00059,John Daniel,19,Female,58865.73,South James
CUST00324,Natalie Bautista,54,Male,46430.63,East Justin
CUST02966,Candice Ramirez,23,Female,60708.38,Lake Amandafort
CUST06357,Bethany Gonzalez,54,Female,36118.95,Gabrielleport
CUST01737,Cynthia Shaw,20,Male,96972.65,New Brendastad
CUST09111,Laura Buck,43,Female,68921.4,Palmershire
CUST08528,Jordan Johns,33,Female,65514.53,Shelleyshire
CUST08596,Kristopher Allison,55,Male,67511.42,Davilaville
CUST07796,Mitchell Jones,63,Female,55269.96,Kyleland
CUST08564,Eric Hull,18,Male,,West Jeremy
CUST00205,David Martinez,56,Male,71982.88,Matthewsburgh
CUST06883,Phillip Miller,51,Male,56271.01,East Susan
CUST04025,Teresa Aguirre,72,Male,60236.16,Wallacefurt
CUST01220,Erica Moon,27,Female,50968.38,Lake Rachel
CUST05475,Ryan Kaiser,47,Female,35537.35,New Matthewhaven
CUST08518,Brianna Harris,68,Female,46374.29,Moranside
CUST01508,Desiree Spencer,19,Male,55554.51,Riveraport
CUST00464,Jose Allen,41,Female,89488.71,West Cynthia
CUST03256,Jamie Zhang,57,Male,60123.32,Port Michaelbury
CUST08479,Joshua Moody,39,Male,38354.19,Marychester
CUST06093,Kevin Stokes,38,Female,37885.99,North Shawnborough
CUST00613,David Molina,50,Female,62372.43,Port Jason
CUST05245,Sandra Lyons,64,Male,54862.7,South Wendy
CUST08686,Aaron Adams,21,Male,54538.11,Elizabethburgh
CUST05269,Jill Smith DDS,34,Female,31274.37,North Charles
CUST05138,Stephanie Harris,46,Male,48222.51,Haynesfort
CUST04784,Joseph Davis,64,Female,72290.5,Erichaven
CUST00360,Parker Cain,33,Female,66959.09,New Ryantown
CUST05328,Mrs. Dawn Hawkins,31,Female,47970.32,Josephfurt
CUST00428,Robin Santiago,50,Female,54356.02,Lopezview
CUST02742,Andrea Bowman,71,Male,63776.27,New Jakestad
CUST00790,Jennifer Taylor,45,Male,65589.7,North Toni
CUST01626,Amber Butler,57,Female,66020.05,Port Marcus
CUST03868,Karen Goodman,34,Male,28636.54,Cameronborough
CUST03441,Michele Ayala,53,Female,60526.1,New Debraside
CUST00998,Edgar Miller,51,Female,47153.03,Zimmermanberg
CUST03933,Russell Bird,73,Male,69159.84,Kellymouth
CUST05735,Jesse Pollard,31,Male,54348.08,Owenburgh
CUST05490,Kurt Martinez,53,Male,35433.9,Josephmouth
CUST08623,Michael Parsons,49,Male,66009.63,Marshallborough
CUST00711,Stephanie Elliott,42,Female,48312.98,New Ginamouth
CUST05587,Leslie Diaz,26,Female,50484.53,Nathanville
CUST00492,William Gould,59,Female,32151.87,Port Carol
CUST06188,Joseph Conway,60,Female,60042.63,South George
CUST02249,Shawn Adams,71,Male,21658.53,Arthurmouth
CUST09481,Philip Ibarra,59,Female,21651.98,North Matthew
CUST01435,Melinda Mitchell,70,Female,46753.35,Samanthastad
CUST01842,Todd Bishop,19,Female,56794.75,Lake Robertoton
CUST03962,Nicole Chung,28,Male,85081.59,Port Joannafurt
CUST02948,Paul Swanson,32,Male,46500.05,Bradshawborough
CUST01002,Dennis Marshall,30,Male,54069.58,South Ericside
CUST04434,Keith Gonzalez,50,Female,66814.85,Perrychester
CUST08539,Ronald Martin,70,Female,,Flynnfort
CUST01775,Raymond Curry,32,Female,23508.21,Doughertymouth
CUST01132,Michael Brown,61,Female,53100.77,Wilsonland
CUST09938,Steven Aguilar,18,Female,46202.64,South Charlesbury
CUST07769,Morgan Barrett,70,Male,39812.18,Lopezbury
CUST05412,Dana Carter,27,Male,61508.03,Frankview
CUST02761,Scott Meza,21,Female,52697.27,West Pedro
CUST01085,Katherine Welch,73,Male,59062.21,South Omar
CUST08692,Douglas Martin,47,Female,56787.28,Thomaston
CUST08762,Frederick Jones,52,Female,56038.88,Port Savannahstad
CUST00130,Elizabeth Kelley,45,Male,42298.11,Robinsonhaven
CUST07219,Justin Hughes,71,Male,44558.93,Lake Bethhaven
CUST00736,Charles Turner,27,Female,,Phillipsville
CUST06107,Roy Paul,35,Female,43000.37,New Teresaview
CUST06203,Vincent Schaefer,54,Female,46474.56,Josemouth
CUST09456,Ronald Martin,37,Female,63252.34,West Chad
CUST09799,Thomas Garcia MD,69,Male,45389.6,South Debbie
CUST09966,Walter White,38,Female,67149.18,Suarezview
CUST08112,James Jensen,24,Female,33832.72,Anthonystad
CUST07201,Daniel Palmer,19,Male,81067.62,Elizabethside
CUST06036,Michael Jackson,32,Female,41897.62,Kimberlyville
CUST00733,Edgar Hughes,64,Male,55661.78,Taylormouth
CUST05112,Arthur Gonzalez,69,Female,77756.28,Lake Jenna
CUST03373,Harold Wagner,51,Male,55297.46,New Katherinefort
CUST00943,Kathryn Price,20,Female,56012.04,Lake Valerie
CUST00132,Mary Marshall,26,Female,72658.86,Dyershire
CUST00134,Rebecca Jackson,29,Male,33410.31,Daniellemouth
CUST03793,Paul Nguyen,19,Female,62979.13,Port Davidport
CUST09559,Jill Brennan,45,Male,21129.45,Orrport
CUST00812,Douglas Ryan,36,Male,53544.65,Snyderstad
CUST01732,Angela May MD,57,Male,58759.64,New Samantha
CUST01727,Karen Lopez,57,Female,50922.14,Amberbury
CUST07935,Amy Higgins,30,Female,41162.9,New Patrick
CUST03570,Stephen Thompson,23,Female,37901.56,Lake Erinport
CUST08269,Christopher Bolton,20,Male,69046.12,Thompsonport
CUST09023,Joseph Smith,42,Female,50377.47,North Heather
CUST08872,Andrew Hahn,70,Male,40216.96,Saraport
CUST03692,Keith Kennedy,40,Male,48725.79,Janeland
CUST00370,Allison Hickman,73,Female,45482.5,Emilymouth
CUST09069,David Hahn,59,Female,24381.09,South Benjaminview
CUST02583,Emily Griffith,42,Female,52490.82,Delgadofort
CUST05844,Brandon Carrillo,74,Female,24561.78,East Christophermouth
CUST04827,Elizabeth Jackson,73,Female,26843.93,New Jessica
CUST04253,Barry Hernandez,55,Male,,Port Patrickburgh
CUST04955,Jason Thompson,28,Male,65215.06,Lake Jennifermouth
CUST06146,Raymond Herrera,72,Female,51059.74,West Paul
CUST03194,Annette Green,36,Male,55683.08,West Jonathanfort
CUST05300,Micheal Green,18,Female,,Nancyland
CUST05545,Steven Swanson,57,Male,42756.88,South Matthew
CUST04116,Juan Moore,63,Male,43651.64,North Angelastad
CUST08703,Corey Torres,34,Male,51366.12,South Justin
CUST05077,Theresa Martinez,18,Male,66680.48,Meganshire
CUST04503,Edwin Munoz,47,Female,41574.03,Andrewtown
CUST06289,Joel Smith,57,Male,51237.44,Keithmouth
CUST07194,Michelle Burton,20,Female,53939.76,West Jacob
CUST06055,Traci Rodriguez,41,Female,60331.04,Brooksbury
CUST06224,Tyler Patel,47,Female,74945.62,Dayport
CUST07724,Brenda Anderson,40,Male,44709.17,Elliottville
CUST01103,Jacob Santos,45,Male,81702.71,
CUST09672,Michael Lopez,49,Female,28957.9,Conleyland
CUST03624,Jesse Tucker,34,Female,89693.46,Lake Yolandamouth
CUST03537,Abigail Collins,39,Female,61475.78,Lake Christina
CUST06863,Reginald Cordova,19,Female,51229.82,Robertsonhaven
CUST07528,Jessica Walsh,42,Male,50703.59,Hernandezbury
CUST01654,Richard Gutierrez,42,Male,,Timothyburgh
CUST05126,Joshua White,21,Male,41365.42,Berryville
CUST05081,Selena Bailey,73,Male,64519.93,South Ericshire
CUST08632,Dana Baldwin,38,Female,56739.95,Port Jeffreystad
CUST06935,Aaron Reed,59,Male,67564.59,Hintonville
CUST00876,Michael Miles,67,Male,48849.24,South Anita
CUST08809,Terri Roberts,31,Female,21577.11,Kellybury
CUST05776,Hailey Ball,43,Male,61482.53,Ericfort
CUST03587,Alex Lamb,74,Male,38091.21,Marshallfurt
CUST04705,Melanie Ramos,33,Female,52744.86,Johnborough
CUST02958,Gloria Floyd,35,Male,46688.03,Pruittside
CUST01320,Diane Mcdowell,53,Female,43803.18,Robinhaven
CUST06832,Ashley Greene,53,Male,64336.28,Port Ashleyborough
CUST08726,Kenneth French,30,Female,39028.26,Sabrinaborough
CUST01192,Paul Johnson,62,Female,63269.28,Gainesside
CUST09524,Tamara Stone,47,Female,33413.07,New Melanie
CUST06286,Andrew Green,22,Female,54927.6,Kellyborough
CUST07833,Heather Williams,20,Male,39191.06,Linfurt
CUST09679,Philip Vega,41,Male,49337.06,West Richard
CUST01869,Carolyn Cordova,27,Female,26562.99,South Russellmouth
CUST06434,Sarah Padilla,63,Female,34365.49,Adamchester
CUST07083,Heather Bradford,47,Male,32740.7,Martinezshire
CUST04071,Joshua Mitchell,59,Female,27361.78,West Richard
CUST09445,Mary Wells,59,Female,,New Brandonstad
CUST03495,Katelyn Curry,59,Male,37631.08,Port Michelleshire
CUST01381,Debbie Dunn,57,Male,61171.54,North Rachelberg
CUST05271,Mary Johnson DDS,43,Male,14455.79,Kevinport
CUST02861,Ashley Reese,34,Male,65601.72,
CUST08864,Lauren James,57,Male,39787.33,North John
CUST09154,Zachary Pearson,65,Male,47944.56,South Yvonne
CUST00747,Dana Bennett,44,Male,38211.57,Jenniferstad
CUST07048,Julia Williamson,33,Female,52170.8,East Michele
CUST01682,Charles Bush,71,Female,54518.07,Samuelton
CUST07898,Jamie White,52,Female,54539.96,South Monicaborough
CUST08011,Kyle Mooney,53,Female,50841.96,Port Jessica
CUST07980,David James,34,Female,39637.12,West Robertview
CUST00734,Steven Stein,29,Male,51748.58,South Stephanie
CUST07743,Lori Krueger,29,Male,72743.97,Lake Alexander
CUST03555,Roger Mason,26,Female,36885.43,Woodton
CUST01106,Martha Smith,74,Female,44368.83,New Johntown
CUST09741,Holly Herring,50,Female,95895.59,West Larryburgh
CUST02381,Sergio Carroll,53,Male,50230.97,Merritthaven
CUST07703,Matthew Townsend,59,Male,54499.18,West Ryanland
CUST08930,Edward Duffy,74,Female,61260.13,
CUST06765,Steven Perez,65,Male,36099.56,New Laurabury
CUST03795,Edwin Gonzalez,61,Male,30622.65,New Janet
CUST02909,Kevin Fisher,23,Male,85002.07,Nicholsview
CUST08330,Mitchell Johnson,19,Male,58446.7,Nancyfort
CUST05591,Alexandria Vaughn,19,Female,54407.62,South Matthew
CUST00341,Cynthia Morris,28,Male,53592.23,Cranebury
CUST02360,Jeffrey Bishop,48,Male,42110.34,Adamfurt
CUST01762,Wyatt Townsend II,48,Female,33769.72,Port Leslieside
CUST03573,Mark Decker,49,Female,47575.79,New Bethburgh
CUST07806,Katrina Mendoza,22,Male,51581.99,Williamsfurt
CUST06204,Rachel Norton,59,Male,,North Williammouth
CUST08439,Stephanie Tucker,23,Male,60340.06,Johnchester
CUST09218,Rachel Macdonald,36,Male,26712.99,Tonifort
CUST06149,Kevin Torres,29,Male,53671.37,Robertfurt
CUST06192,Lauren Kim,64,Male,51174.39,Alexamouth
CUST09162,Gina Finley,40,Male,46414.36,Port Ashleyfurt
CUST00244,Shannon Rivera,34,Female,33081.51,Jasminehaven
CUST01531,Christina Gilbert,72,Male,49429.4,East Sophia
CUST03824,Spencer Camacho,65,Female,52113.41,West Phillip
CUST06369,Aaron Black,42,Female,64940.49,Williamsberg
CUST04347,Karen Mendez,68,Female,39535.69,Lake Kevin
CUST08669,Donald Bryan,55,Male,53479.96,New David
CUST09660,Crystal Miller,30,Male,43768.27,Riveraville
CUST00783,Dennis Huffman,45,Male,23594.85,Rachelfort
CUST05369,Laura Patton,56,Female,54311.88,Danielstad
CUST01269,Amanda Perkins,22,Male,67756.11,Caseport
CUST05011,Jesus Wheeler,59,Male,29556.16,Floresfurt
CUST07249,Robin Jones,65,Male,62217.42,North Taylorside
CUST08049,Joseph Gould,56,Male,69300.38,Crossport
CUST08232,Billy Cross,26,Female,37953.9,Catherinefurt
CUST09740,Thomas Wise,27,Male,64642.81,Robertstad
CUST05638,Krista White,64,Female,54964.42,New Patrickberg
CUST01522,Andrew Fernandez,20,Male,55353.2,Port Susanshire
CUST06297,Kevin Moss,18,Male,61936.62,Bryanborough
CUST03237,Kathy Bailey,19,Male,10948.65,Leetown
CUST09038,Amanda Gould,35,Male,59625.35,Michaelbury
CUST07283,Steven Perry,73,Male,44082.18,South Samanthastad
CUST08083,Mark Mcclain,46,Male,51920.72,Hooperstad
CUST05667,Melissa Robinson,59,Female,43478.53,Meganland
CUST02386,Cheryl Gregory,68,Male,38401.78,West Blake
CUST08601,Patrick Barnes,43,Male,41346.23,North Raymond
CUST06983,Brenda Cruz,39,Male,51549.38,Nicholsshire
CUST01788,Tammy Hill,38,Female,24437.79,East Elizabethville
CUST08390,John Fowler,18,Female,30740.51,West Dannystad
CUST06950,Lori Steele,22,Female,30214.63,South Jenny
CUST01965,Barbara Hunt,20,Male,67684.33,Robertstad
CUST07809,Joseph Ortega,35,Female,43175.73,Heatherside
CUST08619,Virginia Martinez,58,Female,32332.4,New Cynthiaport
CUST02415,Corey Garcia,64,Female,50521.24,Ivanchester
CUST02449,Rebecca Lee,27,Female,34253.4,Lake Jacobmouth
CUST00638,Maria Fisher,46,Female,47386.69,Faithstad
CUST02131,David Davis,56,Female,69891.95,East Kimberly
CUST00323,Brandy Chavez,22,Female,59660.8,Port Leslieton
CUST03467,Lisa Hernandez,44,Male,58672.43,North Robert
CUST07626,Robert Lane,39,Female,61984.35,East Sarahshire
CUST08892,Isaac Smith,38,Female,29722.47,Port Michaelfort
CUST02483,Darrell Curry,31,Male,40363.43,Wallaceland
CUST05002,Ricky Diaz,27,Female,42828.8,New Donna
CUST00503,Zachary Mitchell,22,Female,58235.48,East Nicole
CUST04365,Elaine Martin,71,Male,40252.08,East Dawn
CUST05822,Nathan Jones,36,Female,36812.77,Calebview
CUST07586,Peter Gonzalez,71,Male,56919.72,Freemanchester
CUST04069,Clifford Murphy DVM,70,Male,45701.55,Samanthamouth
CUST04675,Juan Evans,37,Male,56190.03,East Judyfort
CUST06112,Jennifer Vargas,73,Female,64399.18,Jonmouth
CUST04121,Christina Jenkins,40,Female,33714.33,Sotoberg
CUST02748,Joseph Graves PhD,26,Female,49112.31,Barbaratown
CUST06746,Robert Perkins,59,Male,80411.35,North Wendymouth
CUST08553,Kyle Walsh,19,Female,65217.61,Diazfurt
CUST03468,Rebecca Lee,32,Female,32986.6,Port Josefurt
CUST09192,William Ray,30,Female,37299.98,North Walterton
CUST03787,John Griffith,67,Male,48247.77,Obrienshire
CUST04480,Matthew Mueller,18,Male,,Gibsonhaven
CUST01149,Amber Walker,38,Male,37272.44,East Christopherville
CUST09067,Monica Torres,42,Male,53291.27,West Paulchester
CUST07675,Michelle Brown,69,Female,53175.0,
CUST02645,Angel Aguirre,19,Male,67318.3,Lake Arthur
CUST00607,David Lopez,37,Male,62728.26,Lake Christopher
CUST01690,Kim Beltran,46,Male,46710.84,Moorefurt
CUST05100,Damon Schultz,24,Female,32402.57,Port Jacobport
CUST03437,Brian Ibarra,47,Male,36623.66,North Nicoletown
CUST03072,Patrick Simpson,67,Female,67037.85,Rodriguezchester
CUST07519,Kevin Wilson,40,Female,47242.61,South Zachary
CUST01670,Shane Short,62,Male,55343.74,North Pamelastad
CUST00159,Jamie Smith,56,Female,67813.3,Kevinmouth
CUST02723,Joshua Henderson,66,Male,80705.01,Port Christopherbury
CUST03935,Jon Garza,42,Female,55731.44,Lake Davidfort
CUST07188,Casey Hardy,28,Male,67504.8,Port Lynn
CUST00116,William Herrera,61,Male,20248.58,East Michael
CUST06014,Phillip Rodriguez,55,Female,36049.35,Hallstad
CUST07288,Bethany Frazier,39,Female,70307.54,Mosston
CUST09677,Timothy Johnson,36,Female,42499.28,Joshuaview
CUST05263,James Garcia,29,Female,48347.28,South Patrick
CUST04459,Erica Porter,29,Male,51741.33,South Benjamin
CUST02813,William Hickman,56,Male,38443.46,Fraziershire
CUST06201,Jodi Miller,68,Male,64967.29,Scottshire
CUST04260,Debbie Allen,29,Male,34971.47,New Julia
CUST03274,Sarah Frederick,47,Male,31335.81,Castilloport
CUST00343,Nichole Alvarez,25,Male,65918.76,North Ginastad
CUST04162,Thomas Sellers,45,Male,80530.95,New Rebeccaport
CUST01779,Brent Garcia,43,Female,31122.83,New Aaronchester
CUST09785,Victor Davis,44,Female,67826.62,Lake Dawn
CUST03927,Brian Bright,53,Male,54791.53,Crystalshire
CUST01534,Michael Henderson,67,Female,58378.61,New Kimberlyland
CUST08450,Brandon Ferguson PhD,43,Female,35738.05,West Kevin
CUST08125,Megan Ryan,68,Male,66050.3,New Charlesside
CUST04223,Mark Maddox,71,Male,47123.42,Williamsview
CUST07274,Michael Brown,63,Female,25884.87,Lake Julia
CUST03896,Ryan Walker,57,Female,35436.76,Robertstad
CUST04617,Joann Sanders,58,Female,88243.04,Port Ryanbury
CUST06662,Brenda Perkins,32,Male,51154.63,South Elizabeth
CUST01993,Michael Webster,45,Female,28637.6,South Amber
CUST06270,Kimberly Orozco,39,Female,46251.19,East Jaime
CUST04974,Megan Miller,60,Female,56629.04,New Steven
CUST00699,Brent Hernandez,24,Male,32431.47,Melissamouth
CUST00099,Stephen Mckee,35,Female,49631.54,East Davidmouth
CUST03387,Michelle Wilson,64,Male,77426.13,New Nicholas
CUST09236,Brittney Boyd,20,Female,36863.74,Yorkshire
CUST09629,Sandra Lucas MD,68,Male,33562.93,West Lindaberg
CUST09157,Cheryl Sandoval,66,Male,40309.5,Lake Brandonville
CUST03198,Elizabeth Miller,68,Female,40180.87,New Nathantown
CUST01533,Erica Glass,49,Male,47803.26,South Lindsay
CUST07080,Timothy Wilkinson,22,Male,59885.68,Brandonville
CUST02460,Michelle Simpson,74,Male,,North Veronica
CUST02502,Victor Campbell,59,Male,23663.63,New Michaeltown
CUST08575,Elizabeth Anderson,40,Female,44862.16,South James
CUST07376,Shawn Waters,28,Male,39933.72,Aliciafurt
CUST01234,David Hughes,26,Male,60968.55,Kimberlyville
CUST06932,Joshua Reed,72,Female,68481.73,Jeffreyborough
CUST07822,Larry Crawford,26,Male,53545.2,Sweeneymouth
CUST04590,Andre Farrell,29,Male,83840.02,New Davidview
CUST08841,Brent Lewis,20,Male,15051.95,Port Jocelyn
CUST01278,Travis Hopkins,35,Male,57004.13,Morganchester
CUST01864,Vanessa Harris,33,Male,42867.46,West Davidville
CUST07863,Patrick Perez,72,Female,54994.59,West Latashaport
CUST04687,Abigail Mills MD,58,Male,67906.25,Aprilshire
CUST08293,Ryan Reynolds,53,Female,71954.16,Mikaylaton
CUST03365,Laura Kelley,59,Male,23585.53,Lake Joshua
CUST03627,Rebekah Cole,63,Male,43868.45,Blackwellbury
CUST09324,Jessica Calhoun,29,Male,46858.53,North Meredith
CUST04844,Mrs. Valerie Owens,43,Female,40250.41,New Roger
CUST01455,Stephen Boyer,41,Male,51477.05,Aliciashire
CUST04072,Ashley Wilson,60,Female,50289.95,Blackmouth
CUST03221,Ross Wallace,20,Female,72755.65,Phelpsside
CUST00347,Victor Brown,37,Male,47756.07,Dawntown
CUST02260,Jason Mack,50,Female,46589.26,Port Oliviaborough
CUST08627,Tiffany Gray,24,Male,69911.45,Salinasmouth
CUST05347,Jane Edwards,44,Male,48409.82,East Rodney
CUST04076,Cathy Farmer,41,Male,39777.32,Markmouth
CUST03607,Pamela Davis,70,Female,51876.02,West Bryanbury
CUST03748,Amy Leach,71,Female,60446.13,Smithtown
CUST05602,Maria Sanders,51,Male,45266.58,Chadton
CUST06939,Melvin Weeks,40,Male,57192.91,Laurenfurt
CUST07880,Latoya Terry,72,Male,48085.44,South Christopherstad
CUST08012,Christine Leblanc,42,Female,33137.55,Jonathanview
CUST08597,Heather Riley,72,Male,36442.15,New Mary
CUST02842,Michael Berg,61,Male,48044.55,South Lindashire
CUST02487,Melissa Clark,37,Male,,Shieldsfort
CUST00737,Arthur Hamilton MD,61,Male,52443.11,Ayalaborough
CUST00606,Brian Martin,44,Male,,Fischermouth
CUST05046,Nancy Bradford,47,Male,62364.44,New Gregory
CUST05343,Lori Valentine,29,Female,68457.16,North Amyfort
CUST01802,Katherine Graham,35,Female,28308.25,Chaseton
CUST04442,George Weber,64,Male,27984.14,Wilsonmouth
CUST09345,Carlos Reid,54,Male,67400.08,Alvarezland
CUST03270,Kyle Rivera,73,Female,21391.34,Matthewfurt
CUST02034,Thomas Reyes,74,Male,27922.11,West Elizabeth
CUST09417,Laura Johnson,18,Female,73369.28,Robinsonfort
CUST00363,Nicole Parrish,50,Female,58596.93,New Joshuashire
CUST08548,Dr. Linda Fleming MD,31,Female,55124.28,Lake Rebecca
CUST05102,Samuel Warren,57,Male,38922.71,Leehaven
CUST08341,Allison Davis,39,Male,,Lake Paul
CUST01630,Anna Evans,56,Male,50581.41,West Jillfort
CUST08007,Daniel Phillips,41,Female,42836.93,Krausetown
CUST09878,Nicholas Dawson,38,Female,65520.75,Martinezfort
CUST07960,Stacy Garner,23,Female,44313.95,North Tonyhaven
CUST02797,Deborah Fisher,31,Female,17797.69,Malloryshire
CUST03862,Steven Davis,70,Female,58690.63,Port Mark
CUST09646,Jennifer Alexander,67,Male,53429.16,Ryanstad
CUST08678,Mr. Matthew Peterson,41,Female,65729.5,West Michelle
CUST08480,Jill Rhodes,28,Female,34687.74,Lake Robertland
CUST02781,Eric Fitzpatrick,51,Female,64541.06,Lake Michael
CUST01408,Jennifer White,39,Female,32802.27,Mariastad
CUST09863,Jacob Moore,46,Female,52026.82,West Paulafurt
CUST01757,Kevin Hernandez,29,Female,39541.35,Angelabury
CUST05945,Amy Olsen,19,Male,11991.93,Martinland
CUST05657,Juan Gilbert,72,Male,67850.25,North Joe
CUST05908,Michael Taylor,23,Female,58063.19,Coleside
CUST05060,Frank Freeman,70,Male,48306.0,Thomasview
CUST08062,Olivia Martinez,21,Male,53356.64,New Christophermouth
CUST01317,Kevin Figueroa,47,Male,45860.78,North Brian
CUST00751,Michael Gonzales,54,Female,44098.66,South Jessica
CUST04451,Christopher Thompson,39,Female,65225.84,Gonzalezland
CUST01095,James Chapman,35,Female,62633.8,Millerton
CUST04938,Claire Hoffman,28,Female,59767.9,Parkerberg
CUST04316,Kimberly Flores,51,Female,31694.09,New Robert
CUST09310,Kathleen Randolph,33,Female,44049.71,Matthewsstad
CUST02056,Pamela Morgan,30,Female,45941.61,Sheltonshire
CUST09980,Ann Scott,26,Female,45620.63,Lake Shawn
CUST05937,David Perkins,29,Male,50577.6,West Brandontown
CUST00765,Laura Griffin,53,Male,38212.41,Erinmouth
CUST06669,Erica Huynh,23,Female,,Port Rosemouth
CUST09080,Russell Erickson,41,Female,42865.96,South Daniel
CUST06657,Brooke Harmon,69,Male,42389.86,Jasonburgh
CUST08951,Denise Gonzalez,53,Female,73437.1,Lake Brianatown
CUST01972,Paul Stephens,29,Female,51147.03,Nelsonton
CUST03740,Brett Rivera,49,Male,71924.48,South Nathanielstad
CUST03110,Corey Barrera,53,Female,44886.07,
CUST09693,Micheal Soto,73,Male,41138.92,North Mary
CUST06005,Brian Pena,42,Male,42758.9,East William
CUST08915,Dylan Brown,34,Female,58371.54,New Danielleside
CUST07849,Michael Taylor,64,Male,36345.89,
CUST07319,Jose Lawrence,62,Female,71314.43,South Aaronhaven
CUST04569,Virginia Mendez,25,Female,54326.21,Morrisonmouth
CUST01866,Samuel Ellis,61,Male,66686.93,Bellfort
CUST05251,Matthew Richards,58,Female,89352.59,Kellymouth
CUST07883,Tammy Estrada,73,Male,25378.38,Websterton
CUST09732,Nicole Clark,30,Male,30620.88,Philliptown
CUST07888,Cody Hart,72,Male,77504.13,Christopherstad
CUST09276,James Gregory,55,Male,47340.13,Jessicahaven
CUST09511,Thomas Hill Jr.,26,Female,44430.18,North Elizabethburgh
CUST05152,Annette Mcguire,62,Female,62171.77,North Shawn
CUST00161,Jennifer Adkins,26,Male,49671.36,Autumnburgh
CUST06748,Eric Mathis,32,Male,44141.51,South Kyle
CUST06445,Jason Stevenson,33,Female,36533.33,Garyberg
CUST08288,Anthony Parker,32,Female,82730.41,New Dianaview
CUST08530,Kenneth Esparza,18,Female,51935.83,South Carlaside
CUST02921,Sheila Johnson,51,Male,63451.96,Lloydchester
CUST00260,Katie Suarez,49,Female,53037.47,Ramosmouth
CUST00566,Paula Lane,66,Male,37569.31,Oneillton
CUST05696,Danny Butler,54,Female,48957.32,North Jamesmouth
CUST00366,Courtney Rodriguez,31,Female,59885.21,Vaughnburgh
CUST04204,Catherine Davis,26,Female,36645.26,Melindabury
CUST03493,Jeffrey Stanton,70,Male,47809.9,East Jeffreyberg
CUST05619,Omar Johnson,31,Female,,New Jasonstad
CUST07289,Debra Chapman,31,Male,28788.76,New Donberg
CUST07466,Eric Jones Jr.,60,Female,,Wellsside
CUST01450,Joel Wise,34,Male,46363.24,West Randall
CUST00929,Alison Brown,21,Male,52225.51,North Sandrahaven
CUST05500,Edward Guzman,34,F,35066.64,Jonathanhaven
CUST02623,Joanne Olsen,50,Female,41042.85,Josephside
CUST08202,Raymond Brooks III,46,Male,57152.3,Victorchester
CUST08126,David Clark,22,Female,39034.15,Kimton
CUST00845,Breanna Ayala,25,Male,52289.88,Cooperhaven
CUST03753,Craig Daniels,28,Female,74625.96,West Kelly
CUST09316,Dawn Daniel,39,Male,35213.61,East Jeffreymouth
CUST02036,Justin Dalton,48,Male,61733.75,South Barbarabury
CUST07744,Ryan Riley,64,Male,48740.89,Amymouth
CUST07661,Jerry Johnston,47,Male,74128.92,South Scott
CUST09975,Dr. Thomas Clark PhD,48,Female,43237.85,Vincentside
CUST04795,Connor Benton,58,Female,53494.79,Jamieton
CUST05995,Brittany Mitchell,38,Male,48012.23,Lake Susan
CUST07161,Rhonda Williams,72,Male,32914.54,Armstrongshire
CUST00760,Mary Kelly,34,Female,56966.19,Elizabethville
CUST09460,Cynthia Moore,51,Female,49798.7,North Debbietown
CUST05256,Amanda Bishop,23,Female,36855.64,East Chadstad
CUST09986,Ashley Glenn,71,Male,12124.9,Margaretshire
CUST05111,Rose Mclaughlin,67,Male,93942.8,East Louischester
CUST04380,Susan Hutchinson,45,Female,74991.28,Stevenstad
CUST02793,Ian Harrell,49,Female,51215.78,South Colleenberg
CUST00026,Justin Baker,38,Female,77748.37,Aprilfurt
CUST05425,Michelle Sanders,56,Male,78349.91,Yvettefurt
CUST08773,Sarah Short,41,Male,37693.68,North Katrinastad
CUST09297,David Thomas,60,Male,45969.7,Shelbyfurt
CUST08223,Tyler Green,56,Male,58946.88,Thomasfort
CUST09007,Diana Ali,45,Male,24399.13,West Jerryshire
CUST05294,Christopher Macdonald,74,Male,47432.79,Barbarastad
CUST00170,Jamie Walton,66,Male,34821.86,Simmonsborough
CUST06266,Jonathan Gallagher,49,Male,45863.57,Lake Michael
CUST00012,Lisa Hensley,41,Male,28810.45,Loweborough
CUST03850,Michael Farmer,-5,F,54936.05,Anthonystad
CUST06580,Marilyn Henry,59,Female,48299.45,Mitchellberg
CUST03309,Amy Mccullough,67,Male,26575.34,New Jenniferland
CUST04642,Wendy Martin,65,Female,,Maynardburgh
CUST01148,John Allen,39,Female,67460.65,Martinberg
CUST04391,John Garcia,36,Male,36086.97,East Robertochester
CUST06576,James Hood,57,Female,54631.58,Kaylaland
CUST01180,Michelle Walls,66,Female,56708.25,New Anthony
CUST01135,James Howard,58,Female,79110.37,South Tiffanyton
CUST05270,Carmen Jordan,20,Male,44585.57,Lake Hollystad
CUST01675,Angel Meyer,62,Male,65637.27,
CUST03510,Tanya Hill,43,Female,65826.18,Williamport
CUST09032,Joy Robinson,48,Female,58452.64,Port Tammyland
CUST00777,Cody Davidson,20,Male,65513.96,South Aaron
CUST08574,Jonathan Solomon,40,Female,,Josebury
CUST02040,Laura Alvarez,49,Male,27621.46,Port Robertfort
CUST00949,Zachary Robinson,22,Female,11606.27,Port Lynnchester
CUST03049,Bianca Chavez,52,Male,47426.73,Jessicaburgh
CUST01446,John Lee,35,Female,78594.06,Port Rebeccabury
CUST00981,Stacey Snyder,32,Male,58320.49,Johnsonview
CUST04636,Bryan Miranda,32,Male,61079.7,West Sheila
CUST08984,Terry Owens,61,Female,26070.61,Matthewfurt
CUST08979,Kenneth Williams,55,Female,55310.53,Carpenterborough
CUST04349,Andre Haynes,52,Male,43206.31,New Ernest
CUST02589,Sally Leon,48,Male,52310.36,South Jose
CUST06807,Mrs. Susan Newton MD,72,Female,44143.63,North Julie
CUST00744,Travis Harris,59,Female,43448.78,Davisfort
CUST09233,Reginald Brown,51,Female,55142.23,Kevinport
CUST08709,Sandy Austin,62,Male,53705.99,Port Amber
CUST03157,Sarah Wheeler,25,Male,45658.01,Lake Tammy
CUST00124,Helen Jones,52,Male,60773.75,East Christian
CUST08353,Justin Chapman,38,Male,59892.57,Jimton
CUST02273,Kelly Phillips,56,Female,58140.11,Tiffanyport
CUST04928,Marie Roach,23,Male,56875.18,North Toddville
CUST04874,Ryan Willis,70,Female,47046.12,Leeshire
CUST08052,Colin Vega Jr.,27,Male,44648.43,Lake Dawn
CUST07446,Chad Thornton,45,Male,49963.08,North Randy
CUST06880,Amber Meza,70,Male,44093.05,Bakermouth
CUST09783,Shawn Johnson,23,Male,26542.54,Johnsstad
CUST05073,Tyler Baker,28,Female,47573.96,Port Susan
CUST07662,Richard Jackson,44,Female,31089.1,Lake Ashleyview
CUST08278,Michael Hendrix,34,Female,33495.74,Elizabethmouth
CUST01378,William Wolfe,29,Male,27456.44,West Rachel
CUST02847,Joy Zimmerman,55,Female,57188.94,West Christinebury
CUST04177,Lisa Lopez MD,58,Male,60090.67,Williamsstad
CUST06858,Bridget Bell,60,Female,36208.64,West Theodoreside
CUST01329,Dawn Parker,21,Male,41634.85,Stephenbury
CUST05757,Jeremy Chavez,18,Female,36499.24,Romanville
CUST05296,Jessica Mckee,66,Male,29422.21,Suzannestad
CUST00858,Steven Blevins,37,Male,62150.71,
CUST01152,Jillian Wilson,72,Male,60748.9,South Troy
CUST01433,Dennis Henderson,69,Female,48463.63,Port David
CUST07568,Richard Nicholson,27,Female,32696.68,New Brandymouth
CUST02206,Vincent Savage,26,Male,64902.33,Michaelville
CUST03992,Kristin Brown,63,Male,42515.87,North Andrewfurt
CUST02041,Katie Myers,150,Male,38739.3,Robertmouth
CUST04027,Joseph Mccullough,18,Female,72869.76,Christopherfurt
CUST07569,Chris Butler,27,Male,51530.47,North Williamville
CUST04350,Janet Ryan,35,Male,57285.89,East Sophia
CUST00652,David Robinson,73,Female,45376.82,Millerchester
CUST09265,Nicholas Smith,34,Female,68839.56,Thomasside
CUST04522,Marc Mitchell,72,Male,51254.47,West Jacobfort
CUST01199,David Oliver,36,Male,51550.57,Port Stacyview
CUST01695,Lisa Durham,53,Female,28141.88,Ashleyland
CUST01418,Erika Alvarez,71,Female,68110.49,Jonathantown
CUST04100,Heather Thomas,29,Female,37277.05,South Tina
CUST06565,Gregory Johnson,30,Male,73639.33,Barnesbury
CUST02547,Stephen Robles,43,Male,45836.42,Cynthiaview
CUST06599,Brian Stokes,48,Female,61670.98,Lake Rossfurt
CUST07955,Kurt Montgomery,24,Female,76248.56,Millerstad
CUST00050,Jessica Holmes,56,Female,67804.85,Marymouth
CUST08470,Connor Summers,64,Female,43921.27,North Lisa
CUST09495,Judy Perez,71,Female,39664.37,Richardsonberg
CUST03971,Kelly Miller,20,Male,16478.1,South Shawnbury
CUST07448,Chad Escobar,37,Male,60805.72,Aaronfurt
CUST02713,Cathy Hess,28,Female,30435.01,Lake Sydneybury
CUST05330,Christopher Knox,72,Male,41957.73,Stephanieville
CUST00749,Leslie Gardner,22,Male,50965.66,South Jessica
CUST08492,Stacey Sampson,72,Male,59002.46,Ashleyview
CUST02756,Vanessa Zimmerman,33,Male,27858.69,West Wendy
CUST04826,Austin Horton,42,Male,40923.84,Bullockburgh
CUST03591,Wesley Rich,22,Female,41310.1,New Stephenstad
CUST02477,Yolanda Murillo,64,Female,51148.36,Lake Sierra
CUST02017,Ashley Schaefer,45,Female,44262.07,Floydstad
CUST01116,Jon Clark,42,Female,50703.29,Edwinland
CUST08165,Michael Gibbs,72,Male,35745.05,Lake Jefferyland
CUST04304,James Bennett,69,Male,53696.26,Dillonfort
CUST05558,Lydia Horn,55,Male,38762.34,South Josephfort
CUST00058,Brent Jordan,70,Female,51545.61,Port Mercedes
CUST07144,Christopher Salinas,69,Female,76203.87,Wilsonburgh
CUST09833,Andrew Weaver,22,Female,61951.49,Lake Stephanie
CUST02173,Tiffany Hood,61,Female,60529.13,Gillespieburgh
CUST05087,George Rogers DDS,28,Male,36624.13,Ellischester
CUST05890,Mark Mueller,25,Male,41530.77,Lake Brian
CUST09905,Angel Wright,27,Male,75024.58,Lyonschester
CUST06078,Leslie Vance,60,Male,50571.47,Jonathanstad
CUST09949,Mitchell Martin,60,Male,54566.94,Allenhaven
CUST08693,Richard Cook,57,Female,40884.47,Jessicaton
CUST05942,Rebecca Lowery,33,Male,77388.38,East Kerryberg
CUST03267,Austin Patterson,68,Female,47763.24,Brianview
CUST02711,Mr. Jeffrey Duncan,42,Female,59213.83,Timothyfort
CUST08891,April Collins,43,Female,62429.25,North Susanstad
CUST05127,Bryan Harrison,32,Female,23061.05,South Juliastad
CUST01237,Nicole Richards,41,Male,51007.9,Nicolemouth
CUST06960,Karen Novak,65,Male,55598.29,South Larrymouth
CUST05988,Christine Meza,50,Female,55156.39,Tiffanystad
CUST08959,Dennis Turner,59,Female,35442.14,Amandamouth
CUST07926,Cindy Harrington,23,Female,59221.94,Port Jacob
CUST00094,John Whitehead,74,Female,36855.99,Zacharystad
CUST00297,William Barrett,57,Female,78127.55,Nguyenmouth
CUST01567,Wesley Browning,54,Male,44432.56,North Chadshire
CUST03286,Andrew Johnson,63,Male,35574.17,Fletcherland
CUST07981,Paul Watkins,45,Male,27853.57,North Scott
CUST09625,Jennifer Armstrong,21,Male,,North Michaelland
CUST07829,Tyler Roy,63,Female,79997.21,East Deanshire
CUST01635,Ashley Blair,63,Male,50819.98,Lake Robertside
CUST04673,Shannon Cain,26,Male,38433.38,Moorefort
CUST03738,Rachel Warren,25,Female,42528.63,East Ericastad
CUST08141,Jennifer Williams,45,Male,42895.28,South Christopher
CUST09731,Jessica Cortez,56,Female,53762.93,Weaverport
CUST03402,Virginia Clark,27,Male,31025.77,Woodsmouth
CUST06725,Christine King,48,Male,45059.37,East Carlosside
CUST01491,Anne Hardy,36,Male,21304.34,South Toddtown
CUST01510,Henry Taylor,45,Male,44859.0,Ernesthaven
CUST09915,Jacob Brady,53,Female,47516.92,Maryberg
CUST08677,Brittany Taylor,34,Male,13496.91,East John
CUST05134,Rebecca Sandoval,44,Male,48624.83,Mckenziemouth
CUST07135,Debbie Carrillo,52,Female,61711.06,Taylorside
CUST03290,Kimberly Dalton,40,Male,61967.82,Port Meganchester
CUST04047,Amber Turner,66,Male,49163.11,West Lisa
CUST02269,Angela Edwards,39,Female,55796.14,Lake Robin
CUST06207,Nicholas Little,48,Female,60320.84,New Susan
CUST00666,David Harris,53,Female,56823.63,Laurenbury
CUST06661,Evan Nelson,69,Male,63952.49,Maryburgh
CUST08327,Jason Howard,25,Female,51884.33,Howardport
CUST00032,Tricia Valencia,66,Female,63039.48,Andrewstad
CUST05148,Julie Rose,70,Male,46217.84,Edwardsside
CUST03424,Amanda Walters,51,Female,56023.2,Charlesfurt
CUST05677,Benjamin Johnson,52,Male,55150.46,Carrilloberg
CUST08425,Kenneth Watts,35,Female,72754.15,Port Robert
CUST02047,Gregory Stanley,53,Female,54622.88,Lake Teresa
CUST02571,Erin Ramirez,70,Female,54567.94,New Tiffanyton
CUST02952,Kevin Christian,59,Male,59485.2,Port Bruce
CUST05454,Jasmin Hamilton,23,Female,18740.89,Johnland
CUST07913,Nicole Juarez,63,Female,44518.49,Terryton
CUST04036,Erica Rose,29,Male,47786.22,Tonyfort
CUST09876,Gary Yu,44,Female,40366.5,Brooksview
CUST00567,Lauren Jackson,47,Female,40862.34,Port Erika
CUST01518,Hannah Montoya,25,Female,46822.53,New Rachel
CUST06988,Jeffrey Smith,19,Female,48263.56,Boothtown
CUST07232,Kelly Williamson,58,Female,34914.43,Lloydport
CUST01636,Victoria Webb,21,Male,45624.32,New Amyhaven
CUST05800,Katie Walters,33,Female,43517.32,Erinview
CUST06273,Toni Galloway,35,Male,62806.4,Sandraport
CUST04148,Steven Butler,58,Female,33630.86,Courtneyburgh
CUST08045,Lisa Robinson,49,Female,63530.87,Allenborough
CUST09248,Deborah Hawkins,46,Male,74642.24,Michaeltown
CUST06390,Alexandria Cox,25,Female,39401.43,New Coreyside
CUST05424,Rachel Yang,72,Female,42560.63,Jensenside
CUST02815,Jason Torres,63,Female,27053.98,Margaretside
CUST09841,Gilbert Reynolds,44,Female,48956.9,Shorttown
CUST08647,Anna Novak,45,Female,48168.96,Shelbyport
CUST07331,Erica Turner,61,Male,56528.13,South Davidberg
CUST01048,Traci Vincent,31,Male,,Port Sarahbury
CUST08422,Angela Harrington,59,Female,32662.78,Jefferymouth
CUST09244,Jennifer Torres,51,Male,62351.79,East Eddie
CUST05142,Laura Green,21,Female,35584.44,Lake Gracemouth
CUST00582,Gregory Peck,40,Female,36414.05,East Lisaside
CUST02063,Daniel Flynn,48,Male,54645.91,Morrismouth
CUST03859,Amanda Wiggins,52,Female,78984.74,Lake Lisafort
CUST01342,Regina Mitchell,62,Male,41623.49,Josephmouth
CUST02735,Jeffery Neal,73,Male,23110.62,Schaefermouth
CUST07510,Louis Savage,28,Female,56241.22,Isabellaland
CUST01768,Karen Thomas,33,Male,52281.01,Ayerstown
CUST07159,Matthew Reynolds,18,Female,27102.63,South Carla
CUST08265,Christopher Wilson,65,Male,71614.68,East Timothyfort
CUST01130,James Jefferson,57,Female,47754.37,Melissahaven
CUST05905,Bradley Walker,45,Male,67562.83,Joneston
CUST01661,Kurt Hancock,38,Female,68387.67,Christopherburgh
CUST02396,Vanessa Coleman,52,Female,62711.72,Toddview
CUST07447,Emily Abbott,26,Female,34840.05,Natashastad
CUST04990,Joseph Beltran,60,Female,50281.97,
CUST08766,Dr. Tyler Adams DVM,70,Male,75851.59,South Paul
CUST08026,Jesse Anderson,71,Female,22197.58,East Evan
CUST09556,Daniel Mills,63,Female,56383.95,West Michaelland
CUST08804,Mary Reyes,69,Male,42597.3,Harrisshire
CUST02489,Bethany Harding,46,Male,45684.59,Alisonhaven
CUST01335,Vincent Smith,50,Male,48845.77,North Donnamouth
CUST04956,Christina Aguilar,54,Male,38778.98,Josephstad
CUST05746,Samantha Gillespie,60,Male,53547.28,Cruzberg
CUST00801,Krista Wilson,49,Male,14030.03,Bartonberg
CUST09507,Shannon Taylor,29,Female,77159.56,Port Carolyn
CUST08757,Amber Odom,20,Female,40377.43,Port Amber
CUST03109,Michael Graham,49,Male,46871.79,West Richard
CUST09523,Tina Harrington,34,Male,49906.68,West Victor
CUST07307,Rebecca Olsen,21,Female,60430.83,West Richardhaven
CUST03515,Dennis Garcia,52,Male,,South Tiffanyville
CUST06478,Lisa Potter,40,Male,50077.08,Lewisberg
CUST00495,Lawrence Harrington,71,Female,66052.43,
CUST02816,Crystal Rogers,36,Female,33122.88,Lake Timothy
CUST08531,Karen Rodriguez,53,Male,54597.86,New Ashleebury
CUST06991,Joshua Martinez,59,Female,76876.55,Watsonmouth
CUST00230,Jessica Stephens,41,Male,47839.76,Alejandroberg
CUST05277,Cynthia Cohen,35,Male,67373.07,Bryantton
CUST04755,Mary Lee,55,Female,60772.61,Larsonville
CUST04544,Danielle Briggs,46,Female,43874.06,Millertown
CUST09891,Stephanie Holmes,52,Male,29559.77,South Denise
CUST03021,Shannon Cowan,31,Male,52054.18,East Alan
CUST01064,Rebekah Greene,43,Female,39028.96,North Allen
CUST03976,Logan Massey,26,Male,50736.0,Lake Danielville
CUST00827,Claudia Jordan,33,Female,52177.97,Cassandraborough
CUST06236,Luke Bush,55,Female,71405.96,Reillyport
CUST03945,Teresa Li,21,Male,46941.52,Millerside
CUST00120,Larry Dixon,68,Male,58845.82,Lake Steven
CUST08029,Virginia Morales,18,Female,65189.92,Villaview
CUST04081,Tiffany Peterson,41,Male,66952.61,Holmesville
CUST07211,Brandon Johns,49,Male,47397.57,Valenzuelatown
CUST03613,Jackie Morgan,72,Male,58955.97,West Lisaland
CUST00005,Connie Lawrence,25,Female,24860.76,Pollardview
CUST08094,Cathy Young,63,Female,62498.27,Lake Peterhaven
CUST00472,Lori Ingram,25,Male,66002.03,West Rebeccamouth
CUST04352,Wesley Henry,39,Male,23520.35,East Vincentmouth
CUST06061,John Erickson,72,Female,33038.62,East Heidi
CUST09202,Nathan Blanchard,70,Male,64437.67,Thompsonstad
CUST01759,Kari Lloyd,41,Male,69645.63,Lisamouth
CUST01607,Susan Hogan,61,Male,59751.58,Kirbyfort
CUST00604,Mrs. Virginia Daniels,45,Male,34729.95,Lake Erin
CUST02300,Joseph Chapman,37,Male,26572.33,South Benjaminbury
CUST04472,Linda Patrick,25,Male,61149.78,Garrettfurt
CUST00723,Todd Reynolds,56,Male,52028.1,
CUST00273,Shelly Alexander,51,Male,63781.31,Williamshaven
CUST07855,Jason Waters,67,Male,,Lewisstad
CUST00057,Richard Aguirre,43,Male,31155.46,Reesebury
CUST06993,Amy Yang DDS,71,Male,47263.86,Henryfort
CUST06295,Annette Walters,40,Male,69273.9,West Hannah
CUST06721,Donna Sexton,45,Female,54531.66,West Justinfort
CUST05603,Thomas Holloway,39,Female,56151.11,South Trevor
CUST01541,Tammy Melton,20,Male,15189.48,North Ericshire
CUST09867,Christopher Harris,21,Female,46218.54,Amberview
CUST05871,Jeffrey Evans,69,Male,59446.9,Brooksside
CUST05507,Deborah Simon,69,Male,28199.83,Kellystad
CUST05001,Jared Chan,54,Female,51235.03,Marshallton
CUST01893,Manuel Diaz,26,Female,41736.03,Jimmyburgh
CUST03745,Danielle Norris,47,Male,74925.94,Vickifort
CUST04412,Tammy Jacobs,34,Male,,
CUST01263,Nicholas Humphrey,54,Female,65705.52,Lake Rachael
CUST06259,Ashley Schultz,73,Female,54694.71,New Annamouth
CUST06325,Aaron Scott,34,Female,37003.16,North Austin
CUST05129,Monica Frost,54,Male,61105.95,West Marcochester
CUST05971,Brian Thompson,24,Female,46568.06,Stacytown
CUST06927,Melissa Ruiz,39,Male,,New Barbara
CUST07020,Michael Walters,32,Female,76281.05,Kellyland
CUST00115,Diana May,18,Male,66977.82,Gonzaleztown
CUST09299,Michael Brown,72,Female,56814.1,North Oscarfort
CUST01700,Bethany Garcia,71,Female,62622.81,Whiteberg
CUST04354,Karen Stephens,41,Male,45989.42,Carolyntown
CUST09786,Anthony Adkins,63,Female,45352.37,North Matthew
CUST03665,Gilbert Reed,73,Female,15747.25,East Raymondland
CUST04555,Robert Moore,36,Male,76505.01,New Debra
CUST04279,Christina Hudson,71,Male,42848.73,Austinmouth
CUST02989,Jeffrey Kennedy,50,Male,17834.3,Chambersstad
CUST05557,Darren Morse,35,Female,55641.14,Keithmouth
CUST02596,Jonathan Swanson,21,Female,57044.77,Snyderbury
CUST09820,Kathleen Le,40,Male,38704.39,Lake Samantha
CUST05103,Kevin Carney,22,Female,59823.71,Lake Jessicashire
CUST06462,Matthew Ramirez,38,Female,33915.29,Tapiachester
CUST04930,Robert Mitchell,25,Male,56769.99,West Briana
CUST05000,Jennifer Hurley,26,Male,79613.36,Port Lauraborough
CUST08222,Suzanne Lambert,73,Female,63302.05,Port Tylermouth
CUST04788,Charles Ramos,29,Male,49820.17,Port Zacharyhaven
CUST02184,Richard Mitchell,44,Female,40900.05,Hayeschester
CUST07924,Michele Barnes,58,Female,58346.57,Davidchester
CUST08746,Charles Thornton Jr.,20,Male,30826.37,West Melissaton
CUST01852,Dominique Hamilton,49,Female,90231.42,Victoriamouth
CUST08902,Luke Carpenter,72,Female,65565.98,Lake Nancy
CUST08156,Mr. Jeffrey Nguyen,33,Male,58291.43,Christinemouth
CUST02550,Chelsey Clark,47,Male,55665.28,West Valerie
CUST08369,Jennifer Nguyen,26,Female,43326.21,South Tammy
CUST01887,Steven Cook,42,Male,37738.34,East Jonathanfort
CUST02385,Crystal Mills,68,Male,76337.03,Carlsonmouth
CUST00706,Adam Jackson,33,Male,60013.15,Brittanystad
CUST06339,Brandi Gould,55,Female,46018.39,New Whitneyville
CUST08058,Christopher Howard,69,Male,,North Wesley
CUST05898,Scott Lin,34,Male,37838.87,Thomashaven
CUST09810,Rachel Yang,54,Male,38943.97,Perezmouth
CUST08658,Kaitlin Smith,40,Female,30835.82,Herrerachester
CUST02119,Mark Edwards,28,Female,67054.04,Port Sarah
CUST04989,Samantha Garcia,18,Male,68987.12,Robertview
CUST01477,Joseph Jimenez,37,Male,55026.03,Port Julie
CUST06298,Patrick Bird,72,Male,42961.59,Kristinechester
CUST04333,Kelly Weiss,61,Male,49307.72,Mitchellside
CUST05346,Luke Alexander,22,Female,83622.3,West Patriciachester
CUST09808,Jasmine Rodriguez,71,Male,52085.09,Port Sarah
CUST03700,Rebecca Kaufman DDS,73,Male,19688.99,Parkfort
CUST07034,Frank Lawson,38,Male,70113.49,Colemanton
CUST08005,Benjamin Phillips,66,Male,33791.86,Markport
CUST05197,Cindy Estrada,53,Male,48896.05,East Michealmouth
CUST02750,Travis Price,27,F,45975.87,Port Patricia
CUST07717,Julie Lee,72,Female,44000.97,Palmertown
CUST03464,Patrick Nelson,37,Female,56598.57,Gregorybury
CUST04798,Michelle Mcneil,23,Female,57520.45,Heatherville
CUST06190,Paula Evans,33,Female,19958.9,South Kathrynland
CUST07714,Parker Brown,49,Male,53630.54,New Ericville
CUST04925,Carrie Lewis,47,Female,43622.67,Barryton
CUST08990,Nicholas Sanders,67,Male,,West Michele
CUST00294,Ryan Gonzalez,69,Female,36516.78,East James
CUST02943,Margaret Johnson,72,Female,48233.51,Nicoleville
CUST09368,Andrew Miller,27,Female,61371.15,Rickmouth
CUST00672,Felicia Krueger,40,Male,,Saundersport
CUST05784,Darrell Simmons,24,Male,34430.29,Annetteview
CUST05298,Meagan Charles,36,Female,28815.45,New Savannah
CUST08858,Thomas Rosales,29,Female,55142.12,Lake Juliaville
CUST04576,Amanda Phelps,67,Female,72283.93,Chadburgh
CUST09175,Jason Parker,54,Male,50844.45,Port Tony
CUST09026,Tracy Hogan,51,Male,75879.63,New Roy
CUST02015,Brian Kim DDS,33,Female,28655.91,South Andrew
CUST00932,Joel Jackson,57,Female,45288.2,Matthewfort
CUST01929,Vanessa Rivera,66,Male,44507.78,Johnberg
CUST02410,Brendan Walton,22,Female,66936.71,Antoniomouth
CUST02280,Jennifer Gonzalez,72,Female,79193.65,West Shelly
CUST09600,Ian Sullivan,72,M,47947.89,Contreraston
CUST08818,John Elliott,31,Male,68752.17,Mcleanburgh
CUST01243,Kimberly Choi,66,Female,30948.27,Laurenville
CUST01634,Kelly Dominguez,60,Female,76092.27,Kaiserstad
CUST01519,Sean Kane,46,Male,38902.4,East Jacqueline
CUST04152,Jerry Hamilton,28,Male,42588.96,Simshaven
CUST03536,Alexandra Ramos,47,Male,47762.35,New Susanton
CUST09528,David Smith,40,Male,70561.61,Jasonshire
CUST05255,Zachary Jones,23,Male,30356.56,Tammyberg
CUST04943,Chase Matthews,45,Female,57763.04,Rebeccafurt
CUST02039,Michael Keller,27,Female,45250.22,West Lance
CUST02395,Kenneth Johnson,50,Male,48253.66,Stephensville
CUST03409,Alyssa Orr,34,Male,42154.45,Lake Misty
CUST05025,Steven Morales,30,Male,77314.76,Maryhaven
CUST00145,Joyce Solis,39,Female,34518.94,New Rodneymouth
CUST00787,Elizabeth Mendez,18,Female,46913.72,North Elizabeth
CUST08255,Rachel Castillo,28,Male,72142.85,Dominiqueland
CUST05802,William Hodge,71,Male,42743.29,North Stevenport
CUST07512,Matthew Roberts,66,Male,39737.1,Davisshire
CUST02569,Dan Johnson,33,Female,33212.54,Port Hannahfurt
CUST00408,Anthony Romero,47,Female,23985.53,North Jacobburgh
CUST01206,Justin Anderson,18,Female,26732.88,South Mollymouth
CUST06684,Carol Torres,40,Male,15252.42,Nathanieltown
CUST04574,Debbie Schneider,67,Male,82843.43,Ericborough
CUST09609,Nicholas Martinez,29,Female,19169.43,Brownbury
CUST08300,Jason Garcia,58,Male,62063.42,Lake Mike
CUST03575,Christine Park,28,Male,45269.81,Courtneyville
CUST06947,Randy Wang,27,Male,,New Aprilbury
CUST08988,William Payne,34,Male,49651.34,South Denisehaven
CUST01906,Donna Frye,63,Male,23360.75,Lake Michaelstad
CUST01403,Laura Sweeney,68,Female,33603.17,Williamborough
CUST04610,Mark Conner,39,Male,30070.41,Camachomouth
CUST01348,Brandon Mitchell,25,Female,31846.44,Chadborough
CUST03446,Jeremy Ross,47,Female,80528.64,Chaneychester
CUST02867,Anna White,25,Female,63506.82,Cookshire
CUST09913,Michael Underwood,67,Male,67806.27,Terryhaven
CUST04984,Jesse Fleming,47,Female,67504.98,Sandraburgh
CUST03662,Dwayne Joseph,69,Male,27109.89,Lake Bethany
CUST06834,James Smith,23,Male,47137.92,Taylorborough
CUST07014,Emily Henderson,56,Female,43765.72,
CUST06900,Rebecca Dean,32,Male,35456.46,West Tarastad
CUST06559,Claudia Rice,21,Male,35964.83,Joanntown
CUST03224,Melanie Villarreal,21,Male,5000000.0,North Theresa
CUST05382,Jeanette Garcia,46,Male,35577.01,Lake Derrickview
CUST00186,Jonathan Peterson,68,Female,,West Laura
CUST00301,Heather Fields,18,Female,43284.76,East Shawnmouth
CUST01615,Randy Griffin,47,Male,34724.94,Burnsfort
CUST01570,Ellen Thornton,31,Female,58073.66,Lake Kyle
CUST00052,Crystal Robinson,21,Male,54047.86,Wardbury
CUST00676,Kristen Rowe,66,Male,78003.96,South Michael
CUST07752,Andrew Morales,72,Male,45520.8,Howellport
CUST09849,Jared Myers,70,Female,44620.6,Tuckershire
CUST01046,Nicole Barker,51,Female,26316.38,Robinchester
CUST05042,Debra White,20,Male,99763.74,South Laurie
CUST05840,Kimberly Alvarez,39,Male,45722.98,Davidhaven
CUST06230,Shawn Evans,67,Female,59280.49,Barberhaven
CUST08322,Michael Hunt,72,Male,48396.09,Alexanderhaven
CUST07013,Jennifer Cochran,21,Male,67111.18,Montgomeryborough
CUST03447,Debra Chandler,72,Female,72133.47,Port Angie
CUST06472,Thomas Wells,26,Female,90814.27,Roseton
CUST01907,Donald Terry,41,Male,75093.4,Smithburgh
CUST09336,William Mitchell,32,Male,44535.13,Sherrychester
CUST05559,Chad Williams,36,Female,39396.38,New Meaganfurt
CUST09895,Raymond Fischer,18,Male,52852.75,South Michael
CUST01898,Patrick Perez,21,Male,51795.86,South Andreatown
CUST04897,Eric Spencer,66,Male,20498.84,Lake Mary
CUST06937,Russell Green,26,Male,43817.85,Deborahside
CUST08851,Charles Moore,61,Male,56772.35,Lake Lindaside
CUST00409,Jesse Brown,46,Female,68970.72,Garzashire
CUST00235,Kathryn Snyder,69,Female,46066.66,North Donnaside
CUST06367,Danielle Carter,56,Female,68311.75,Kaylaburgh
CUST06598,Thomas Bennett,29,Female,56604.77,Vincentview
CUST03977,Juan Carroll,21,Male,66149.89,Brownstad
CUST04376,Madison Rodriguez,38,Male,34092.18,North Adam
CUST07340,Alicia Nguyen,32,Male,33221.6,Lake Lauren
CUST03944,Sarah Berry,21,Male,77033.8,Lake Timville
CUST09860,Debra Pugh,48,Female,59384.94,Lake Joseph
CUST06490,Vanessa Moore,28,Male,36261.76,Guzmanmouth
CUST07399,Ronald Smith,25,Female,56917.08,Alexanderbury
CUST05481,Elizabeth Taylor,62,Female,34687.58,Lake Brucehaven
CUST05285,Charles Chang,50,Male,39993.11,Murphystad
CUST08176,Danielle Lucas,33,Female,55171.12,West Tammyburgh
CUST01388,Charles Haley,29,Female,25228.34,Matthewtown
CUST02077,Dawn Burke,45,Female,53981.34,Brooksmouth
CUST02379,Tanner Mann,32,Female,18190.81,Ortizview
CUST00856,Elizabeth Holmes,50,Female,40868.05,Kristinville
CUST08495,Suzanne Nunez,31,Female,53178.77,Taylorton
CUST05431,Lance Robinson,44,Female,44380.95,Mitchellmouth
CUST03168,Monica Smith,18,Female,7750.87,Lake Kim
CUST05556,Kimberly Ponce,27,Female,67168.38,
CUST02351,Jessica Buck,46,Male,37221.24,West James
CUST07187,Allison Fisher,43,Female,43946.24,Jonesport
CUST08931,Felicia Vargas,21,Female,51356.4,Ramseyfurt
CUST04581,David Hernandez,41,Male,47608.23,Williammouth
CUST04059,Charles Sanchez,66,Female,65608.02,New Melinda
CUST01579,Cody Farmer,40,Female,,Dianaburgh
CUST01356,Kristine Carrillo,44,Male,45084.49,Joneshaven
CUST06783,Amy Wong,23,Female,65584.98,Katherinefurt
CUST06430,John Ortiz,67,Female,62704.41,Kellymouth
CUST08812,Michelle Johnson,66,Male,51127.27,Danielfort
CUST07923,Brenda Nicholson,42,Male,42872.04,North Carrieberg
CUST02123,John Moss,63,Female,58770.94,Beverlyside
CUST04132,Stephanie Hernandez,35,Male,10841.1,Robinsonside
CUST07395,Ashley Prince,19,Female,50634.59,Tanyaborough
CUST00046,John Pierce,68,Male,47369.25,Walkerborough
CUST06976,Stephanie Miller,51,Female,50106.48,Christinemouth
CUST05065,Mr. Joseph Bush,67,Female,64670.88,Whiteberg
CUST03546,Brittany Fitzgerald,33,Male,64992.59,
CUST03677,Willie Duncan,43,Female,43016.69,Rebeccashire
CUST01600,Louis Brown,22,M,47472.47,Goodwinbury
CUST04862,Cody Hoover,43,Male,61804.05,West Johnfort
CUST01070,Susan Powers,69,Male,54795.81,Anthonychester
CUST03374,Martha Jacobs,70,Female,35072.26,North Steven
CUST07479,Shane Alvarez,69,Female,55995.86,South Crystal
CUST01117,Erin Smith,21,Female,,East Lisa
CUST04573,Diane Brown,49,Female,70395.74,Lake Tony
CUST04677,Jennifer Barrett,36,Male,50721.27,North Ashley
CUST02322,Stacy Fitzgerald,62,Female,47804.29,Rodriguezmouth
CUST09928,Julie Davis,38,Male,48209.29,West Jason
CUST04528,Nathan Adams,19,Male,26745.71,East Rogerport
CUST07620,Katherine Holder,65,Female,42734.6,Jasminetown
CUST09072,Nicholas Tran,54,Male,47516.19,Christopherbury
CUST03874,Mary Meyer,35,Female,,Rubenland
CUST06479,Jordan Garcia,69,Male,57624.28,Port Allison
CUST07315,Isaiah Gray,23,Male,51726.44,Waltonfurt
CUST02421,Nicole Collins,19,Female,40887.64,Millerview
CUST05407,Tony Moore,44,Male,19896.59,Robertsonside
CUST03509,Justin Perez,23,Male,36236.9,East Beckystad
CUST05914,Amanda Moody,20,Male,49842.57,West Ruthview
CUST02074,Elizabeth Graham,58,Female,52769.69,East Deniseview
CUST00202,Elizabeth Perkins,72,Male,56866.43,East Richardton
CUST00525,Joseph Shaw,45,Female,55622.38,Mcgeeside
CUST01188,Kelly Johnson,28,Female,39694.29,Littleview
CUST07246,Deborah Cherry,49,Male,43370.21,Nicolebury
CUST00810,Carol Taylor,53,Female,48966.35,East Sarahton
CUST01649,Nathaniel Gilbert,58,Female,,Port Danielleburgh
CUST06209,Ashley Miller,74,Female,59913.59,North Sydneyland
CUST00962,Shannon Yu,28,Female,88546.19,Port Michellestad
CUST00829,Kenneth Knight,74,Female,53534.76,Scottton
CUST05549,Wesley Bowers,50,Male,49575.38,Colemanfurt
CUST06524,Michael Walls,23,Female,33290.03,Carolynville
CUST04319,Michael Preston,70,Female,77972.73,East Jose
CUST00293,Margaret Coleman,24,Female,43925.55,Raymondton
CUST03639,Linda Howard,27,Male,52151.53,New Alyssaton
CUST08737,Julie Chan,42,Male,38403.29,East Lisaside
CUST09859,Randy Parker,65,Female,58801.53,Jonathanberg
CUST05946,Sydney Green,67,Male,56732.25,Bowersfort
CUST03372,Nicholas Beard,74,Male,23888.14,East Thomas
CUST09266,Gregory Roberts,65,Male,81483.73,Kingland
CUST02417,Kenneth Walsh,73,Female,-479.44,New Jasonside
CUST08795,Morgan Atkinson,43,Male,49066.75,New Michelle
CUST07707,Kimberly Adams,38,Male,39188.54,Andersonhaven
CUST06608,Bailey Hughes,71,Female,37832.6,Whitemouth
CUST01090,Vincent Reyes,40,Female,81274.75,South Susan
CUST02168,Laurie Silva,42,Female,49824.38,East Jesus
CUST01264,Ian Torres,31,Female,53045.0,West Susanside
CUST09006,Pamela Scott,73,Female,13648.86,Olsonburgh
CUST07314,David Hall,31,Male,40745.31,Kinghaven
CUST08127,Todd Rojas,72,Female,36014.86,Sarahberg
CUST09534,Gregory Jackson,32,Female,44150.42,Ramirezview
CUST02627,Carol Carter,52,Female,45667.96,Port Jason
CUST04744,Stacy Orozco,71,Female,63695.32,Huntbury
CUST05576,Chad Kim,34,Male,44722.69,Greenstad
CUST08267,Amy Ray,65,Male,36792.55,Amyborough
CUST01129,James Rivers,25,Female,39412.84,Port Katherine
CUST07515,Jordan Peters,28,Male,35227.27,Marcside
CUST00515,Dr. Kelly Hammond DVM,69,Female,69934.28,
CUST03034,Jennifer Smith,22,Male,41520.69,Gordonstad
CUST06440,Laura Fowler,56,Female,43164.23,South Jamesfort
CUST02929,Ronnie Frazier,58,Female,59695.31,Mckaymouth
CUST02703,Marissa Bennett,53,Female,44583.38,North Vanessaville
CUST09632,Sandra Lopez,72,Female,22226.66,Johnsonfort
CUST09892,Marissa Choi,48,Male,52095.46,Georgetown
CUST00221,Jeremy Dalton,50,Male,45802.82,Aprilside
CUST04779,Jennifer Banks,18,Female,56742.39,Coryshire
CUST07095,Patricia Kim,69,Male,37389.29,Smithland
CUST01975,Kevin Morrow,32,Female,95917.04,Port Jeremy
CUST05101,Catherine Garcia,43,Female,43323.35,Lake Daniel
CUST01411,Brian Brown,18,Female,71810.97,Leefurt
CUST05015,Steven Johnson,25,Male,56577.64,Danielstad
CUST06709,James Mclean,57,Male,72218.28,Ericamouth
CUST05783,Sandra Casey,20,Male,61888.63,Tammyfurt
CUST04805,James Williams,72,Female,32153.62,Williamville
CUST07837,Anthony Hall,33,Female,78884.73,North Samuelport
CUST05765,Scott Thompson,51,Female,59995.14,Jeffreyfort
CUST04019,Marc White,39,Male,56913.04,Robertport
CUST06770,Timothy White,63,Male,43741.89,
CUST08016,Juan Chan,51,Male,,Port Katherineside
CUST01118,Susan Conley,27,Female,40460.6,Walshborough
CUST08008,Andrea Bryant,62,Female,24401.77,North Angela
CUST07281,Nicole Andrews,29,Female,43064.1,Port Johnmouth
CUST02208,Shelby Rodriguez,65,Male,64392.58,Justinmouth
CUST04548,Roger Peters,18,Male,51058.34,Juliefurt
CUST01520,Matthew Guzman,72,Female,52957.76,Rodriguezshire
CUST05824,Alan Mahoney,58,Male,49823.0,New Ryan
CUST06454,Aaron Barnett,49,Male,69553.43,Lake Jessebury
CUST00430,Maria Henderson,35,Male,62507.72,Herreramouth
CUST03887,Katherine Dunn,70,Male,60125.61,Steelehaven
CUST02104,Heidi Burnett,46,Female,45433.61,Lake Nicholas
CUST06208,Jonathan Walton,72,Male,69378.03,West Amy
CUST03845,Elizabeth Key,23,Male,47302.3,Port Amanda
CUST09200,Brian Mejia,55,M,44646.73,Freemanshire
CUST00288,Lisa Allen,43,Female,51625.9,Rodriguezmouth
CUST05880,Mary Hoffman,66,Male,31807.53,New Jessica
CUST09751,Natalie Ramos,43,Male,61436.53,
CUST02947,Douglas Sanders,60,Female,45840.13,Liustad
CUST09124,Erin Long,28,Male,35199.89,Riverafort
CUST05203,Todd Beasley,71,Male,63968.73,Jacksonbury
CUST06432,Beth Ellis,62,Female,78516.86,West Gregory
CUST01232,Brandon Brown,26,Female,61013.3,South Crystalton
CUST04950,Brad Lee,65,F,63827.1,East Terri
CUST03997,Victoria Lewis,43,Male,62998.66,Christopherfort
CUST02657,Jeffrey Baldwin,32,Male,50321.46,South Connorside
CUST09684,Brian Mills,20,Male,22829.79,Gomezhaven
CUST04790,Julia Maldonado,71,Male,55670.74,Timothyborough
CUST04758,Antonio Cole,39,Female,65646.58,Schneidermouth
CUST04639,Heather Hughes,36,Female,56052.21,Nelsontown
CUST00546,Johnny Khan,18,Female,34636.68,Martinezland
CUST02606,Melissa Brewer,62,Female,27900.96,Port Jorge
CUST04893,Kenneth Washington,58,Female,60615.74,South David
CUST02175,Jordan Moses,44,Female,62635.59,East Jefferyport
CUST09718,Erica Manning,60,Female,50197.96,Mendozabury
CUST01665,Eric Rodriguez,23,Female,65831.72,Mikaylaville
CUST02226,Donna Freeman,64,Female,37165.97,Port Samuel
CUST00533,Dr. Michael Evans,29,Male,33414.42,West Henrybury
CUST09812,Leslie Greer DVM,68,Female,81518.62,North Andreaport
CUST04539,Sarah Sosa,31,Male,27203.49,New Edwinbury
CUST08565,Daniel Vaughn,71,Male,29257.24,Lake Biancashire
CUST05747,Bryan Richardson,26,Female,26436.24,Wheelerborough
CUST05762,Tara Brown,30,Male,56514.68,West Marisa
CUST09237,Brandy Hogan,26,Female,70795.85,East Coreytown
CUST07467,John Stokes,36,Male,30102.36,North Sarahhaven
CUST08659,Andrew Rose,39,Male,19992.64,Bryantstad
CUST03629,Holly Floyd,51,Female,57321.16,Sarahchester
CUST01067,James Johnson,25,Female,54485.26,New Eric
CUST01488,Jacob Erickson,40,Male,69882.3,Lake Carlos
CUST04205,Chris Rogers,70,Male,,Seanhaven
CUST06360,Christopher Walker,30,Female,79863.51,East Erinberg
CUST05359,Anthony Washington,50,Female,43735.81,New Courtney
CUST09468,David Weiss,70,Male,85821.18,Tranburgh
CUST07011,Brittany Snyder,29,Female,64763.45,East Tonyaburgh
CUST06767,Christine Sanders,62,Male,76691.13,West Briana
CUST04760,Holly Sherman,53,Female,41328.15,Tiffanyport
CUST09583,Melissa Flores,45,Female,50324.17,Jessicahaven
CUST03438,Donna Montes,55,Female,76577.64,Garciaburgh
CUST06776,John Harris,44,Female,62424.0,Michaelside
CUST08218,William Mcbride,43,Male,65500.79,West Kathleen
CUST06625,Steven Bailey,29,Male,66963.04,Ryantown
CUST00068,James Brown,31,Male,50594.54,Knightfort
CUST09914,Jean Ward,29,Female,56210.19,Robertton
CUST05627,Joyce Webster,65,Male,71745.45,West Codyton
CUST07934,Jessica Owens,47,Male,,East Jonport
CUST00704,Shannon Malone,36,Female,40312.16,Tammyburgh
CUST00307,Carlos Ryan,40,Female,44097.06,Port Patrickborough
CUST03563,Tracy Wang,74,Female,39245.69,Ryanville
CUST07697,Austin Kane,46,Male,58158.06,Port Annmouth
CUST03632,Christina Hess,38,Male,34985.1,Brittanyfurt
CUST07066,Mario Maxwell,54,Female,55987.79,Hillshire
CUST02353,Donna Stanton,32,Male,51984.74,Millerborough
CUST00345,Theresa Williams,55,Female,63538.63,East Jennifer
CUST05925,Olivia Gonzalez,30,Male,54565.35,New Summer
CUST01603,Teresa Horton,47,Female,57301.29,New Markbury
CUST02267,Heidi Johnson,69,Female,39849.39,South Thomasstad
CUST02490,Robert Flowers,18,Female,31323.79,South Lisaside
CUST04526,Andrea Donaldson,55,Male,,Lake Amandaside
CUST04377,Douglas Grant,71,Male,36345.32,New Robertland
CUST05590,Lisa Booker,38,Female,46020.46,Jonesshire
CUST04559,Donna Bishop,42,Male,46096.15,Leachshire
CUST07705,Anna Whitehead,72,Female,39341.07,East Jenna
CUST09449,Melinda Allen,57,Female,34067.05,East Jessicaport
CUST05708,Robert Miller,57,Male,49632.18,North Monica
CUST01097,Nicholas Carlson,52,Male,47754.35,New Lisa
CUST01341,Jessica Harris,53,Female,43505.68,East Brianbury
CUST04470,Darryl Richardson,36,Male,53991.9,East Richardview
CUST02904,Francisco Coleman,18,Male,65725.04,Williamsberg
CUST07930,Jacob Cabrera,60,Male,67955.81,West Chelseamouth
CUST01427,John Smith,38,Female,40966.94,Lake Johnchester
CUST07699,Christine Lopez,39,Female,80685.81,Elliottland
CUST09284,Paul Figueroa,40,Female,50045.4,Johnsonhaven
CUST08063,Mr. Nicholas Munoz,57,Male,28504.32,Jessicafurt
CUST08681,Lee Boone,19,Male,26571.81,South Charlesfurt
CUST06579,Philip Huff,18,Male,56758.7,Pennyton
CUST04745,Thomas Carr,71,Female,55586.01,West Jessicatown
CUST08584,Tara Lloyd,32,Male,,Bonillafort
CUST07111,Mariah Brown,21,Female,55601.88,Leeberg
CUST09624,Amanda Novak,34,Female,25983.24,Castroburgh
CUST01578,Denise Maxwell,50,Male,52787.53,West Kellyside
CUST02504,Joseph Jackson,70,Male,48844.25,Lake Tinaland
CUST00461,Eric Williams,52,Female,42625.79,South Jamesberg
CUST02930,Kristen Gallegos,38,Female,40439.43,Kristenton
CUST07276,Mr. Alexander Davies,54,Female,19812.55,Baileyside
CUST07987,Rebecca Lambert,23,Male,51733.53,Andrewmouth
CUST05973,Justin White,27,Female,51536.98,South Vanessaport
CUST03260,Kevin Soto,39,Female,68676.84,Port Anthonyborough
CUST04088,Victor Brown,30,Male,58091.02,Margaretside
CUST03907,Chad Hurley,68,Male,61875.77,Castrobury
CUST03918,Alexandra Wilson,72,Female,34615.96,Jaredtown
CUST01586,Alexis Nelson,35,Female,69851.27,Lake Feliciaberg
CUST08138,Danielle Simmons,42,Female,55722.3,Williamsfurt
CUST06344,Kimberly Sullivan,65,Male,66346.43,Matthewfort
CUST01979,Lisa Guerra,28,Female,53333.64,
CUST02501,Katherine Lopez,29,Female,23523.76,Rebeccamouth
CUST06025,Benjamin White,29,Male,40198.27,Nixonbury
CUST08010,Jade Phillips,18,Male,59139.72,West Gregory
CUST08201,Robin Baker,23,Female,46359.42,Joneston
CUST01657,Michael Marsh,40,Male,62706.96,Terrencemouth
CUST09617,Gabrielle Page,56,Female,51647.01,Stacyview
CUST02207,Cody Burgess,55,Female,36102.88,Hallmouth
CUST00171,Darlene Miller,69,Female,48432.2,Kristinfort
CUST09960,Donald Gomez,25,Female,40790.21,South Danielle
CUST08634,Joseph Clayton,50,Male,54588.47,Abigailside
CUST05826,Frank Payne,32,Male,37801.52,Brandyfurt
CUST00680,Suzanne Wood,42,Male,37989.07,Pamelafort
CUST07400,Joshua Henderson,46,Female,40482.8,Amandamouth
CUST08350,Elizabeth Lawrence,72,Female,50240.28,Medinachester
CUST07542,Douglas Lopez,63,Female,71596.41,Greeneview
CUST08482,Mrs. Megan Kelly DDS,46,Female,40623.07,Sandersburgh
CUST03264,Susan May,38,Female,35334.67,Jordanland
CUST00358,Christian Leblanc,71,Male,,Johnsonberg
CUST04922,Marcus Johnson,63,Female,38316.26,Joshuastad
CUST08595,Sarah Martin,40,Female,62037.53,Ochoastad
CUST05782,John Steele,66,Male,72381.5,Lake Sarahberg
CUST02578,Jeremy Smith,67,Male,64536.93,Taylortown
CUST06979,Jennifer Sparks,28,Female,73714.4,Lake Emily
CUST02181,Trevor James,70,Female,75796.36,New Timothyshire
CUST04200,Jennifer Johnson,53,male,43678.29,Nancyhaven
CUST09230,Johnny Escobar,42,Female,41562.24,New Amy
CUST02075,Ronald Brown,49,Female,29880.23,Port Sherry
CUST03943,Patrick Reed,58,Male,49472.37,Makaylaview
CUST00819,Megan Burns,31,Male,35512.47,Andersonburgh
CUST03044,Lori Green,32,Female,52249.04,Roseburgh
CUST06277,Kelly Brown,40,Male,63240.61,Gregoryview
CUST04369,Patricia Williams,51,Female,,Romeroshire
CUST03057,Anna Snyder,33,Female,57296.28,Angelicatown
CUST09435,Stephanie Hansen,35,Female,55531.79,West Ashleyborough
CUST01385,Christopher Anderson,64,Male,52551.41,Lake John
CUST08975,Kayla Taylor,24,Female,43467.55,Thomasland
CUST07234,Diana Williams,51,Female,38896.0,South Michaelmouth
CUST03143,Jeffrey Maldonado DDS,19,Female,47589.7,Brucemouth
CUST00507,Emma Reed,62,Female,43892.4,Johnview
CUST03981,Deborah Wood,41,Male,49051.62,East Lindabury
CUST09152,Eric Colon,46,Female,49732.1,Trevorborough
CUST06497,Holly Bell,50,Female,33191.81,Stephenborough
CUST00155,Michelle Brown,22,Female,43628.1,Kristenborough
CUST00554,Robert Morgan,29,Female,47680.14,Cherylstad
CUST05772,Craig Dean,70,Female,28732.11,Jamesborough
CUST03691,Ms. Monique Dougherty MD,69,Female,36664.17,Johnsonland
CUST04114,Elizabeth Wall,42,Male,72020.86,East Johnfurt
CUST06089,Bernard Hicks,45,Male,60800.51,Shortborough
CUST02643,Cole Andersen,25,Male,68369.73,Ronaldport
CUST04483,Robert Gonzalez,54,Female,31852.01,Lake Michael
CUST09247,Bryce Thompson,21,Male,54228.2,Jennifershire
CUST00635,Zachary Michael,34,Female,62811.24,North Joanne
CUST04252,Mitchell Anderson,66,Male,56070.65,Maryland
CUST05732,Linda Morris,59,Male,29425.74,
CUST07078,Kara Blake,33,Female,76905.42,Dawsonside
CUST09314,Michelle Thomas,53,Male,56767.93,Cameronberg
CUST00941,Virginia Casey,71,Male,55747.46,Lake Johnstad
CUST06814,Sharon Blake,34,Female,60070.99,Sherihaven
CUST09879,Bradley Thomas,56,Female,70721.85,South Darrenview
CUST07388,Donna Dunn,63,Male,76736.43,Port Jaredburgh
CUST07501,Terri Pennington,74,Male,40097.64,West Jessica
CUST03439,Matthew Wilson,70,Female,14410.02,Lake Ricardo
CUST04843,Kathryn White,61,Male,20694.22,Brittanystad
CUST03776,Elizabeth Thomas,42,Female,44375.04,Victoriamouth
CUST04166,Christian Solis,44,Male,42671.21,Morganchester
CUST01429,Jeffrey Carter,26,Male,62647.33,Matthewsberg
CUST04395,Victoria Knight,61,Male,54163.42,Turnerton
CUST01631,James Jones,26,Female,39709.23,Port Jesse
CUST09109,Anita Price,54,Female,49785.78,Mosshaven
CUST01178,Jason Graves,23,Female,28257.8,Jacksonmouth
CUST05613,Angel Lewis,21,Female,47639.27,Phamberg
CUST00885,Kenneth Sharp,49,Female,63695.95,Parkerview
CUST01306,Grace Chavez,20,Female,37880.6,South Larryville
CUST02886,Allison Simmons,33,Female,34903.5,Shermanfort
CUST01608,Becky Wilson,52,Female,60434.8,New Derrickside
CUST06841,Samantha Washington,57,Male,53571.62,South Johnchester
CUST08132,Gary Smith,37,Female,28784.34,Lindseyhaven
CUST00821,Mark Beard,48,Male,46731.55,West Katieberg
CUST07226,Hector Griffin,39,Male,29185.97,Christinaton
CUST01440,Joseph Lopez,42,Male,,Castroshire
CUST03378,David Mitchell,33,Male,46593.8,New Michael
CUST05430,Joseph Ward,37,Male,70161.22,Alejandrofurt
CUST09382,Crystal Walker,18,Female,55448.07,Lake Andrew
CUST02436,William Cox,53,Female,10258.45,Tracystad
CUST06363,Christopher Paul,31,Male,44602.81,Amymouth
CUST05257,Rhonda Evans,37,Female,62858.42,West Manuelton
CUST03002,William Mcmillan,23,Female,47725.13,New Sharistad
CUST00371,Debra White,25,Male,51420.09,Lake Paul
CUST05536,Jonathan Glover,69,Male,88653.8,Johnsonton
CUST05016,Andrew Jacobs,65,Male,58865.87,Lake Shawn
CUST04829,Christopher Sanchez,62,Female,57044.7,West Johnport
CUST09097,Russell Reynolds,57,Female,47914.58,Georgeville
CUST03812,Sarah Miller,50,Male,41334.87,Wilcoxburgh
CUST04052,Stephanie Joseph,65,Female,40945.79,Clintonchester
CUST03208,Pedro Long,64,Female,68486.7,Lake Tara
CUST01414,Christopher Pena,38,Male,19984.78,Port Breanna
CUST03904,Shannon Ramirez,74,Male,24860.4,Lake Luketown
CUST09226,Michael Smith,35,Female,73037.32,Port Kathy
CUST09274,Sean Huerta,43,Male,,New Dorothymouth
CUST04510,Mr. John Khan,31,Male,54124.14,Port Davidborough
CUST02471,Heather Miller,66,Female,43593.86,North Mckenziemouth
CUST00469,Jeanette Harrison,62,Male,33800.65,Lake James
CUST05779,Mark Townsend,30,Male,30553.88,North Heather
CUST09012,Larry Stone,65,Female,58515.53,Jessicaburgh
CUST06165,Cynthia Newman,55,Male,39040.46,Robertberg
CUST06158,Natalie Oconnor,43,Female,35429.93,South Shawnview
CUST09929,Nicole Conner,62,Male,61776.49,Ryanstad
CUST04195,Mr. Phillip Edwards,45,Male,63062.58,West William
CUST01204,Michael Lopez,29,Male,61166.05,South Benjaminberg
CUST04021,Linda Berry,19,Female,61483.49,Nancyport
CUST08842,Ricky Campbell,72,Male,63852.21,North Kaylastad
CUST00296,Laura Haney,50,Female,48543.46,South Kathrynview
CUST09477,Megan Melton,73,Male,57456.91,
CUST08213,Amy Chapman,20,Female,82619.96,North Timothybury
CUST03892,Elizabeth Marks,31,Female,41217.4,Christinehaven
CUST06987,Jennifer Williams,34,Male,65418.86,Lake Jennifer
CUST05237,Joseph Rice,41,Female,54939.85,New Jenniferberg
CUST05849,Katelyn Gray,69,Female,52555.44,Christinafort
CUST03696,Shaun Thompson,36,Female,33097.87,Port Robert
CUST02287,Mrs. Amy Watson,26,Male,55826.34,Lake Justin
CUST05669,Bethany Liu,33,Male,28454.36,South Kennethmouth
CUST01141,Vanessa Santiago,73,Female,41342.56,Courtneyshire
CUST09250,Ryan Conner,62,Male,45622.26,North Loriland
CUST08057,Lance Brown,41,Male,29954.65,Monicaberg
CUST03671,Edgar Stewart,45,Female,51153.96,
CUST01219,Lisa Haley,73,Female,70147.71,Jackietown
CUST06184,Joseph Spencer,69,Male,39924.68,Ryanville
CUST03130,Colleen Cox,46,Male,60891.24,South Kimborough
CUST06558,Jason Taylor,69,Female,47719.69,Crystalland
CUST09363,Timothy Flowers,21,Female,81613.9,Robertmouth
CUST03831,Henry Taylor,32,Male,38409.03,Jonesbury
CUST08663,Edward Valentine Jr.,27,Male,48013.26,South Williamstad
CUST00506,Brandon Fleming,23,Male,57813.0,North Wanda
CUST02696,Laura Gregory,46,Male,68075.47,Jessicaside
CUST08752,Melissa Thompson,61,Male,36785.0,West Virginiahaven
CUST00553,Barbara Hester,20,Male,33990.02,Lake Austin
CUST00954,Kristy Hart,65,Male,43578.06,Maryfort
CUST04902,Becky Garcia,58,Female,68880.76,Reedtown
CUST03245,Beverly Nguyen,49,Female,49719.74,Lake Nicoleburgh
CUST02011,Jill Spencer,50,Male,29346.54,Thomasberg
CUST03452,Nathan Lang,69,Female,33627.91,Hudsonfort
CUST09641,Devon Moore,32,Male,34481.12,Jessicaton
CUST09197,Stacy Hart,31,Female,63262.99,Sherryview
CUST01437,Catherine Roberts,58,Male,27891.42,West Michaelmouth
CUST05780,Michael Lee,22,Male,53026.86,Callahanstad
CUST00451,Courtney Hayes,50,Male,49052.83,East Suzannebury
CUST08436,Johnathan Rogers,59,Female,69387.99,Simonfurt
CUST07878,Alejandra Ellis,68,Female,5000000.0,New Brian
CUST00965,Travis Conner,55,Male,51171.73,Port Kevin
CUST09933,Katie Massey,43,Female,19271.47,Port Steven
CUST00346,Sharon Boyd,57,Male,27978.95,South Briannafurt
CUST03113,Ashley Valentine,66,Male,46622.02,Marissashire
CUST07391,Elizabeth Ruiz,70,Male,34645.66,New Sydneymouth
CUST05816,Anthony Mueller,71,Male,68455.82,Andrewstad
CUST05796,Peggy Mendoza,70,Female,42118.65,South Lorifurt
CUST09647,James Rhodes,49,Male,66425.37,Ericport
CUST06351,Vanessa Davila,49,Male,40225.04,Lisaview
CUST06362,Miguel Smith,43,Male,48913.48,New Samanthaside
CUST05310,David Baker,29,Male,39838.05,Shelleyton
CUST04575,Anne Obrien,31,Male,51262.6,Reginaldland
CUST00773,Samuel Wong,27,Female,67615.34,Meyerborough
CUST00123,Michelle Harmon,52,Male,70421.49,Adamport
CUST00080,Kelly Donovan,46,Male,42618.22,East Carolbury
CUST00587,Jeremy Scott,51,Male,47977.07,Charlesview
CUST01165,Levi Lopez,48,Male,31838.3,Latoyaland
CUST03230,Michael Rodriguez,67,Male,68541.38,North Leah
CUST07402,Nicholas Berry,68,Male,46725.44,Hicksstad
CUST07734,Megan Aguilar,64,Male,47748.4,New Shawn
CUST00990,Carmen Preston,27,Female,58457.51,Martinezstad
CUST07433,Brittany Hoffman,60,Female,71372.37,Lake Dariusland
CUST09347,Michael Stokes,36,Male,74910.51,West Justin
CUST06065,Kevin Smith,20,Female,68804.28,Smithmouth
CUST05640,Molly Jackson,36,Female,34048.34,South Seanville
CUST09086,Elizabeth Carney,74,Female,,Paulstad
CUST05537,Erin Carter,64,Male,49038.32,Caseyport
CUST01742,Dr. Julie Miller,68,Male,61646.42,Katherinefort
CUST05534,Adrian Krueger,64,Female,59080.23,Lake Monicaland
CUST04800,Donna Carter,49,M,71774.69,New Craigfurt
CUST00143,Christopher Rubio,61,Male,68417.66,West Rebeccashire
CUST01560,William Mason,49,Male,46748.15,
CUST09947,James Jenkins,33,Male,,Jamesbury
CUST04616,Joseph Williams,25,Female,61550.78,Campbellstad
CUST05984,Jamie Romero,37,Female,59965.96,Jasonshire
CUST01018,Jimmy Marks,21,Female,41079.18,Chapmanview
CUST02413,Lisa Morgan,58,Male,38245.65,Taylorhaven
CUST09768,Jeremy Stevens,23,Female,38782.72,Bellchester
CUST00852,Victor Edwards,44,Female,62674.35,West Pedro
CUST02808,Wendy Wright,71,Male,27487.87,West Ryanstad
CUST00727,Nancy Stewart,52,Male,31210.61,North Andrew
CUST03458,Daniel Quinn,71,Male,54783.58,North David
CUST04698,Zachary Mcgee,30,Male,42937.62,New Danielshire
CUST03281,Cynthia Jones,35,Male,52938.43,Port Nicholasmouth
CUST06148,Michael Spencer,32,Female,42204.8,Bakerberg
CUST00331,Colton Martinez,65,Male,57787.5,South Sarah
CUST02549,Brian Murphy,27,Male,90521.2,East Joseph
CUST09674,Michelle Summers,26,Female,29136.73,Lake Deborahbury
CUST03121,Courtney Baker,51,Female,61668.67,Myersshire
CUST00493,Mark Cox,23,Male,61541.52,Lake Paul
CUST00287,Carolyn Miller,36,Female,67067.93,Matthewborough
CUST03284,Linda Salazar,38,Male,55191.28,Jamesport
CUST06964,Sharon Miller,31,Male,42232.55,East Johnburgh
CUST04777,Beth Brown,43,Male,60012.25,Lake Justin
CUST00404,Joann Glass,66,Female,31175.61,Meganburgh
CUST07682,Ashley Robertson,24,Female,37529.36,New Emily
CUST06727,Jeffrey Jones,73,Male,53578.57,Tuckershire
CUST08664,Jonathan Taylor,42,Female,60022.33,North Nicole
CUST02169,Kelly Duncan,41,Male,37523.36,Ramosshire
CUST02727,Kelly Andersen,53,Male,35903.75,Lake Micheleport
CUST00915,Brittney Martin,70,Male,54543.31,Ferrellmouth
CUST04165,Ashley Jones,23,Male,48514.34,West Maurice
CUST09501,Vanessa Maddox,62,Female,49925.99,Lake Joanton
CUST02053,Victoria Gray,56,Female,28106.44,South Emily
CUST09958,Christopher Hodges,42,Female,42380.83,Port Bonnie
CUST01854,Patrick Buckley,52,Female,69127.91,Lake Todd
CUST05273,Brandon Brown,53,Female,68904.5,South Josephstad
CUST03137,Derek Mcintosh,58,Male,59713.38,Arthurtown
CUST08145,Timothy Odom,20,Male,58407.87,Port Christine
CUST03959,Margaret Edwards,47,Female,35321.47,East Christopher
CUST02894,Meghan Hernandez,40,Male,55092.11,Jeffersonmouth
CUST02399,Robert Watkins,53,Male,54463.08,New Robertburgh
CUST04783,Angela Ryan,33,Female,44784.56,Alexandertown
CUST08405,Scott Velazquez,33,Female,48326.6,Rodriguezville
CUST01888,Jeffery Nelson,65,Female,81439.07,North Michelle
CUST03998,Joshua Leonard,69,Male,30411.4,Port Valerie
CUST03297,Paul Beasley,42,Female,56731.05,Robertton
CUST06046,Rodney Avila,28,Male,48302.72,Meganhaven
CUST03488,Emily Pearson,62,Male,45970.18,South David
CUST03872,Ashley Perez,30,Female,62232.14,West Cynthia
CUST08273,Terri Davis,69,Male,59545.93,Farrellview
CUST02461,James Morse,71,Female,37790.3,Davidfurt
CUST00992,Michael Bowen,34,Female,55109.33,Kyleville
CUST00538,Emma Owens,51,Male,54494.39,Lake Christopher
CUST05058,Matthew Stone,46,Female,56381.59,Andrewborough
CUST00770,Jesse Clark,71,Female,53473.5,Hollyborough
CUST01355,Laura Benson,19,Male,25274.54,East Joseph
CUST01057,Brian Hunt,39,Male,71159.86,Davidsonbury
CUST05499,Michael Lambert,55,Male,37675.14,Hubbardburgh
CUST04776,Brandon Perkins,53,Female,70852.89,Hudsonborough
CUST04430,Dawn Levy,62,Male,37619.26,Lake Melanieborough
CUST02499,Steven Davis,68,Female,,New Patriciatown
CUST04468,James Henry,64,Female,82066.77,Port Michael
CUST02437,Alvin Wilson,62,Female,55088.31,Jimmyland
CUST09535,James Martinez,45,Male,34779.33,Roberttown
CUST01412,Kimberly Johnson,63,Female,70959.96,Yeseniachester
CUST02914,Sharon Fuentes,49,Male,58433.23,West Benjaminfort
CUST02199,Jeffery Davis,47,Male,59824.88,East Jeffreyview
CUST09350,Jesus Sawyer,35,F,79325.12,East Wendyfort
CUST07996,Kathryn Perry,57,Female,61943.07,Karenfort
CUST03714,Jason Morgan,32,Male,47537.42,Annaview
CUST02541,Michelle Prince,39,Female,52734.75,Newtonbury
CUST09619,Kristin Roberson,19,Male,,Lake Glennmouth
CUST04373,Patrick Potts,64,Female,28309.58,Ashleyton
CUST03496,Jennifer Phillips,52,Female,30424.63,West Theresa
CUST00236,Andrew Reynolds,29,Male,54886.04,Port Don
CUST01912,Crystal Meza,24,Male,46761.04,Riosmouth
CUST00759,Margaret Miller,69,Female,63333.98,Jessicafurt
CUST00160,Paul Castaneda,44,Female,67380.74,Peckview
CUST02180,Erica Brown,46,Female,55872.04,Thomaschester
CUST06772,Maria Parsons,64,Male,46290.79,South Daniel
CUST00368,Renee Bruce,65,Female,48123.34,Marshallfort
CUST05186,Joshua Guerrero,47,Male,42159.62,Lake Marissa
CUST08509,Gary Montgomery,52,Female,62739.61,Craigview
CUST05577,Riley Knight,26,Male,56392.5,Sandrashire
CUST09902,Bethany Morris,19,Female,34388.87,East Lisa
CUST07583,Angela Rivera,34,Female,61557.55,Port Rebeccaton
CUST01780,Daniel Campbell,64,Female,55579.29,New Danielle
CUST03201,Jeremy Edwards,22,Male,74028.8,West Jennifer
CUST01871,Zachary Vargas PhD,42,Male,,Lake Stephen
CUST00429,Nancy Jennings,20,Male,30358.06,East Barbara
CUST03561,Julie Wilson,35,Female,66813.21,Port Sallyside
CUST02259,Chad Allison,19,Male,65813.42,Garciabury
CUST03965,Kimberly Sanders,38,Male,68216.58,New Meredith
CUST02849,Kristen Jackson,67,Female,64191.25,West Jason
CUST08944,Thomas Nelson,74,Male,49250.81,North Jerry
CUST08107,Julie Flores,54,Male,56969.38,New Lindashire
CUST00088,Lisa Archer,48,Male,35943.81,Kirkstad
CUST02858,Samantha Robinson,61,Female,41161.72,North Janice
CUST04579,Jennifer Roman,69,Male,59769.1,Williamstown
CUST04078,Charles Harper,66,Male,35935.3,Lake Andrewmouth
CUST06175,Ashley Coleman,39,Male,56600.54,Whitefurt
CUST04785,Joshua Clayton,34,Female,63378.78,Ericafurt
CUST00539,David Davis,49,Male,32960.98,West John
CUST05183,Olivia Randolph,30,Male,40659.13,New Audreymouth
CUST06272,Alison Faulkner,48,Female,51764.07,New Debbie
CUST05799,Brittany Farley,43,Female,49515.74,Millerport
CUST06306,John Hernandez,73,Female,55084.35,New Matthew
CUST09987,Benjamin Walker,33,Male,23473.87,Lawsonchester
CUST04310,Michael Patrick,21,Male,38410.4,Masseyville
CUST00465,Jeffrey Mendez,30,Male,50899.99,Morganland
CUST02081,Christopher Taylor,46,Female,34038.59,Morrisborough
CUST02160,Rebecca Brown,22,Female,60288.58,Karenmouth
CUST00924,Danielle Murray,63,Male,41801.77,Harriston
CUST06664,Jessica Lowery,42,Female,36543.36,New Donnatown
CUST02241,Curtis Obrien,58,Female,25848.78,Martinmouth
CUST07044,Brandi Cunningham,29,Female,48112.68,Youngland
CUST08461,Margaret Wallace,41,Female,59646.42,Careybury
CUST00863,Tiffany Townsend,30,Male,44170.56,West Charles
CUST05031,Suzanne Wagner,73,Female,37540.54,Jeffersonville
CUST07904,Lauren Nguyen,30,Female,58847.42,East Alyssamouth
CUST04122,Sean Anderson,66,Male,54179.94,Port Yolandatown
CUST02204,Elizabeth Matthews,37,Female,20647.4,Lake Kimberlyton
CUST03847,Trevor Hill,37,Female,53262.05,New Albert
CUST01707,Cynthia Bates,22,Female,53488.79,North Patrickchester
CUST00223,Theresa Clark,59,Male,47029.79,Chelseaburgh
CUST09257,Amy Wilcox,69,Male,70273.28,Michelleville
CUST00689,Maria Brown,39,Male,33078.68,Monicaburgh
CUST02686,Wendy Kelley,39,Male,48762.29,North Charlesview
CUST06159,Richard Murray,47,Male,28066.36,Port Julianhaven
CUST08714,Alexandra Jones,66,Female,31171.52,Westshire
CUST07120,Dana Smith,21,Female,,Matthewberg
CUST09383,Hannah Berg,45,Female,46197.67,South Jamesport
CUST07813,Jeffrey Robertson,45,Male,61706.62,Melissahaven
CUST04141,Theresa Knight,29,Male,50118.61,Lake Zachary
CUST05091,Carl Rubio,52,Female,30412.56,East Nicholas
CUST06402,Andrea Baker,22,Male,56293.43,East Victor
CUST02099,Heidi Baldwin,73,Male,44200.76,Montesland
CUST09852,Charles Baird,40,Male,55134.01,East Joshuachester
CUST08967,Frank Munoz,38,Male,33150.97,Hillmouth
CUST00899,Christie Mccullough,52,Female,43204.25,West Mariaview
CUST09608,Angel Griffith,48,Female,55060.75,Mooreview
CUST08794,Blake Mitchell,43,Male,,Yolandamouth
CUST04924,Jason Snow,48,Female,54606.6,Lake Steventon
CUST00182,Angela Vaughn,53,Female,45033.8,Angelaport
CUST06895,Richard Case,40,Male,32367.7,Victorbury
CUST07220,Crystal Hill,59,Female,39848.13,Micheleland
CUST09570,Tonya Hess,24,Male,37514.4,Christopherchester
CUST00936,Amanda Harvey,48,Female,46499.13,Franklinview
CUST06324,Robert Brandt,30,Female,35770.81,East Jennifer
CUST02429,Ms. Erin Lane,52,Male,33173.03,North Jerry
CUST04583,Brian Cole,39,Female,56566.08,Melaniestad
CUST06301,Charles Roberts,59,Female,47768.2,West Thomasmouth
CUST07222,Lisa Gibson,54,Male,38687.16,Moniquefurt
CUST03506,Emily Lopez,27,Female,33543.26,Wardland
CUST03571,Michael Baker,32,Male,44513.54,Port Tracey
CUST05202,Thomas Lewis,38,Male,71981.0,New Melissatown
CUST07099,Kimberly Curtis,56,Male,85541.53,West Jamie
CUST02485,Miranda Murray,26,Male,37790.95,Millermouth
CUST00034,Debra Davidson,59,Female,43987.56,New Jessicahaven
CUST08272,Peter Thompson,52,Male,27886.36,East William
CUST04008,Tiffany Hughes,68,Male,,South Tinamouth
CUST04615,Tanner King,67,Female,33558.25,West Henryview
CUST02700,Miss Leslie Booker,25,female,,Taylormouth
CUST08702,Karen Macias,62,Male,54556.28,Port Jefffort
CUST04329,Kimberly Stone DDS,38,Male,41373.35,Teresaville
CUST09604,Bradley Holmes,42,Female,83435.99,West Jeremyland
CUST09654,Daniel Bruce,20,Female,45082.49,Allenborough
CUST07378,Mary Morgan,64,Female,89230.9,Lake Joseville
CUST05297,Nicholas Myers,57,Female,59105.78,Mooreshire
CUST09522,Christine Hammond,35,Female,71628.1,Amyborough
CUST05069,Brian Daniel,37,Male,51438.86,Port Morgan
CUST08546,Nicole Brewer,21,Female,44129.58,Port Anthonyland
CUST04038,Christina Flores,43,Male,52460.14,Jonesland
CUST09271,Kara Wong,59,Male,55545.1,Markville
CUST03875,Sophia Wolf,68,Male,74395.25,Port Donna
CUST00357,Jeffery Ortega,19,Female,50862.24,Rodriguezburgh
CUST05604,Joshua Love,28,Male,58549.41,South Ashleybury
CUST02062,Austin Solis,57,Female,36732.08,West Christopher
CUST07212,Brittney Bradley,27,Female,38419.97,Lake Christopherside
CUST00844,Ashley Edwards,43,Male,39565.26,Fullerborough
CUST03813,Lisa Kaiser,38,Female,40108.62,Ramirezton
CUST02875,Ronald Hines,64,Female,33649.54,New Sherrychester
CUST02189,Karen Hart,20,Female,78735.02,New Scott
CUST01316,Robert Clarke,69,Female,47819.9,South Markland
CUST00199,Nathan Freeman,37,Female,54516.63,North Miguelside
CUST04435,Jeffrey Holden,49,Female,59715.33,Levystad
CUST08073,David Summers,74,Female,79370.56,Craighaven
CUST06171,Arthur White,25,Female,47873.8,Christineton
CUST09428,Michael Perkins,55,Female,57158.59,South Sabrinaview
CUST00016,Holly Wood,41,Male,31848.77,Websterton
CUST04669,Brandon Baker,21,Male,58364.81,Trujilloville
CUST04846,Michael Brown,43,Female,40112.13,North Timothy
CUST02253,Brian Bishop,50,Male,50240.1,West Paulbury
CUST06169,Karen Alvarez,43,Male,57193.73,South Sarah
CUST04663,James Hernandez,54,Male,47802.75,Bruceview
CUST08342,Nicholas Lee,52,Male,55446.81,Carterbury
CUST07367,David Sullivan,44,Female,43901.6,Port Diana
CUST02525,Whitney Jones,69,Male,43896.15,East Jeremy
CUST00322,Johnathan Davis,29,Male,32198.8,Jenniferside
CUST05322,Daniel Gallegos,39,Male,38100.29,New Nathan
CUST05528,Stacey Rodriguez,62,Male,58972.3,Port Brandon
CUST02080,Jessica Lucas,54,Female,46414.77,Lloydmouth
CUST01673,April Randolph,24,Female,70445.5,Leeport
CUST00989,Karen Johnson,21,Female,36906.79,Scottland
CUST09571,Michael Thompson,53,Male,43676.59,Lake Joseph
CUST08225,Noah Briggs,25,Female,48140.06,North Brian
CUST08411,Mark Vega,73,Female,22485.72,North Gregorystad
CUST02535,Albert Garcia,25,Male,42299.67,North Stacey
CUST05483,Lawrence Glover,24,Female,51318.5,New Davidville
CUST02296,Kevin Carson,25,Female,34395.88,Lake Jeffreyfurt
CUST03296,David Chapman,60,Female,56559.33,North Brooke
CUST03180,Rebecca Roberts,41,Female,72066.73,West Katiehaven
CUST02341,Ronald Martinez,39,Male,42189.61,Port Jeffreymouth
CUST08696,Samantha Aguilar,38,Male,67512.97,Nicholaschester
CUST07783,Kim Williams,27,Male,35935.09,South Jenniferhaven
CUST08594,Wanda Hughes,33,Female,66292.02,Lake Jennifer
CUST06250,Michael Gutierrez,61,Female,54628.39,Hallborough
CUST06506,Jeffrey Vaughn,18,Male,50832.56,Wrightborough
CUST05525,Mr. Gregory Hart,59,Female,42707.04,Miamouth
CUST08097,Edward Stanton,70,Female,63900.9,Bassmouth
CUST07541,Erica Walter,33,Female,29123.59,Lake Nancyport
CUST00633,Robert Reese,52,Male,,South Jeremymouth
CUST01175,Janice Petty,28,Female,76064.49,Mariahmouth
CUST07371,Jeanette Moore,18,Male,24971.63,Erikamouth
CUST09388,Gary Morgan,47,Female,52799.6,Garrisonfurt
CUST00732,Kyle Nguyen,35,Male,31190.92,East Megan
CUST05616,Antonio Lopez,18,Female,52019.27,
CUST05097,Shawn Ware,24,Male,55236.04,Mooreborough
CUST03329,Kenneth Carroll,61,Male,45618.69,Faithside
CUST05335,Perry Washington,36,Female,37354.29,Lake Traci
CUST08558,Donald Smith,29,Female,54131.47,West Samuelport
CUST05462,Jordan Williams,43,Male,76872.95,Maryburgh
CUST08917,Sherri Gray,20,Male,29527.26,
CUST09970,James Garrett,38,Female,53088.51,Mitchellview
CUST05829,Christopher Smith,70,Male,40020.46,Garciaborough
CUST05241,Christina Powell,49,Female,58305.14,East Carl
CUST05333,Corey Roberts,33,Female,60640.21,East Emilymouth
CUST05691,Angela Hunt,74,Male,51587.54,Paulhaven
CUST07366,Lori Thompson,22,Female,43915.78,West Rodneyland
CUST09464,Deborah Shaw,65,Male,89556.7,
CUST06806,Lawrence Martin,61,Male,48273.16,Espinozafort
CUST05504,Christopher Thomas,71,Male,85648.12,Michaelland   
CUST09941,Justin Noble,20,Female,44835.97,Michaelburgh
CUST00596,Victor Morris,62,Female,47655.71,Scottborough
CUST02007,Mrs. Ashley Taylor,57,Male,21669.14,Lake Isabella
CUST08557,Krista Hicks,54,Male,74690.58,Micheleland
CUST06596,Teresa Carter,33,Female,44999.06,Davisburgh
CUST08123,Jeff Thompson,31,Male,56662.56,Santanafurt
CUST09307,Sarah Smith,32,Male,49288.67,Port Jessica
CUST05366,Deborah Smith,19,Female,36788.76,Jarvismouth
CUST02312,Steven Small,59,Male,75087.41,North Tyler
CUST06183,Rachel Norris,37,Male,60911.13,Lake Jamesborough
CUST00022,Ethan Adams,61,Female,,East Patrickberg
CUST02822,Ashlee Lopez,56,Male,67331.95,Wellsberg
CUST05777,Heather Barry,34,Female,51967.35,Riveramouth
CUST02626,Mark Weber,66,Male,27744.75,New David
CUST08383,Randall Osborne,55,Female,28844.46,Katherinechester
CUST09452,Curtis Mejia,62,Female,47461.12,Aaronborough
CUST03520,Virginia Davis,23,Male,40191.14,Kennedystad
CUST08359,Sandra Rivera,56,Female,61070.27,New Nicolehaven
CUST02586,Richard Miller,26,Male,30181.27,Hectorville
CUST02403,Patricia Harvey,59,Male,65264.67,West Michelle
CUST08965,Annette Weaver,38,Male,75596.88,New Aliciaberg
CUST06650,Daryl Olson,42,Male,61223.29,Ramosshire
CUST04714,Ana Gibson,53,Male,54609.94,Ruizbury
CUST00501,Brian Fitzgerald,61,Female,51932.03,East Keith
CUST06539,Wanda Ingram,66,Male,33265.92,West Cynthia
CUST06003,David Robertson,65,Male,70343.77,Salazarbury
CUST06617,Paul Chaney,41,Male,38021.74,Fernandezborough
CUST06906,Danielle Mcconnell,37,Male,32654.24,East Travis
CUST01946,Willie Lara,35,Male,49340.39,West Virginiaside
CUST05883,Virginia Caldwell,48,Female,25510.16,South Lisaton
CUST04493,Christopher Rodriguez,53,Female,45830.36,Parsonsland
CUST07832,Kelly Williams,65,Male,47069.84,South Charles
CUST00187,Samantha Garcia,39,Male,43422.36,Lyonschester
CUST07228,Sara Barrett,37,Male,52619.07,South Brendafurt
CUST07718,Kimberly Elliott,66,Male,60365.31,North Tracy
CUST08386,Susan Williams,35,Female,62327.72,Jorgeborough
CUST01052,Lindsay Smith,26,Female,20649.4,Danaland
CUST03035,James Montoya,36,Male,54668.07,South James
CUST07483,Jennifer White,24,Male,35784.06,North Kimberly
CUST00841,Alexandra Dominguez,25,Male,60360.2,West Tina
CUST05706,Lisa Singh,34,Male,56724.8,Harrismouth
CUST06333,Rodney Salinas,35,Female,10276.89,Lake Brandytown
CUST06484,Alison Livingston,26,Male,29276.26,East Nathan
CUST08430,Mary Alvarez,51,Female,46213.98,Port Douglas
CUST08472,Mary Williams,36,Female,32426.99,Phelpsshire
CUST02258,Annette Holland,50,Male,53448.92,West Christopher
CUST09519,Erika Weaver,74,Female,40266.68,West Brianside
CUST05867,Elijah Archer,31,Female,50496.89,Rebeccahaven
CUST08363,Michelle Santana,37,Female,57550.29,New Kevin
CUST01000,Matthew Davis MD,70,Male,56619.58,West Maria
CUST06024,Michelle Graham,37,Female,32037.23,Drakeside
CUST06648,Gloria Odom,20,Male,48891.34,Meganside
CUST08756,Mr. David Villanueva,73,Female,70587.55,Powellton
CUST09934,Jamie Gould,25,Male,54997.47,Stevenport
CUST04024,Andrew Medina,44,Female,43433.99,West Gerald
CUST04909,Jennifer Weber,44,Female,51030.55,South Catherine
CUST00326,Brett Burns,72,Female,54233.85,Harrisbury
CUST03542,Samantha Roy,45,Male,20105.09,New Jonathan
CUST01557,David Moreno,49,Male,74385.63,Fergusonton
CUST08429,Olivia Holmes,47,Male,77289.28,South Paulbury
CUST04748,Donald Jackson,61,Female,40409.74,North Lori
CUST05742,Amy Knight,32,Male,54586.95,North Kathleenfort
CUST01240,Preston Kim,52,Female,20620.02,Whiteborough
CUST04456,Janice Gilbert,59,Female,39488.97,Ballton
CUST09039,Laura Martin,64,Male,44038.97,South Rickey
CUST01294,Robert Cortez,64,Female,63065.53,West Philip
CUST09513,Andre Goodwin,68,Female,64697.7,New Jeremy
CUST02427,Terry Glover,45,Male,49855.71,Travishaven
CUST09686,Ashley Herring,74,Male,66445.12,Christopherchester
CUST06741,Matthew Krause,18,Male,60538.69,Guerrerochester
CUST03968,Mike Patel,65,Male,43638.9,Patrickview
CUST00935,Cody Ramirez,45,Female,,West Charlesborough
CUST09044,Jeremy Moran,52,Male,60165.24,East Anthonymouth
CUST08586,Margaret Kennedy,62,Male,51095.69,South Donaldmouth
CUST04498,Tonya Harding,26,Female,49917.01,Perezborough
CUST09866,Mitchell Hernandez,56,Male,43436.21,Brianbury
CUST05888,John Williams,42,Female,29063.97,Jamesfort
CUST09990,Kathryn Moore,62,Female,74170.4,Mckenzieville
CUST04727,Lori Madden,45,Male,48894.85,Port Robert
CUST04098,Lisa Reed,61,Female,61356.38,Juantown
CUST07415,Jocelyn Chambers,21,Female,37953.61,Justintown
CUST08231,Jo Hickman,24,Female,38280.77,Drewton
CUST07872,Darlene Sanchez,71,Female,39218.47,Franklinstad
CUST08389,Andrew Blake,50,Female,46593.44,West Crystal
CUST09847,Susan White,59,Female,51413.53,West William
CUST02840,Angel Knight,19,Female,45175.89,Lake Willieberg
CUST09588,Amber Davis,42,Female,43253.39,Johnsonchester
CUST03422,Timothy Bauer,73,Male,50116.45,Lake Ryanshire
CUST09666,Jennifer Glass,41,Female,53426.71,Port Karen
CUST00449,Phillip Nelson,34,Male,47516.44,Lopezmouth
CUST01683,David Jones,60,Male,36590.14,East Andrew
CUST05929,Crystal Robinson,25,Female,20202.79,West Kevin
CUST02266,Jimmy Phelps,30,Female,,Colemanchester
CUST08157,Angela Luna,41,Female,3701.01,New Jason
CUST01162,Dorothy Boyd,72,Male,58939.77,Christophermouth
CUST06474,Leah Owens,27,Male,23492.27,Carrollborough
CUST07779,Terry Brown,66,Male,26349.78,Rogershaven
CUST03146,Darrell Oliver,50,Male,58536.29,North Wendytown
CUST04358,Richard Bond,38,Male,44559.32,Matthewburgh
CUST05179,Nichole Davis,53,Female,59748.78,Tiffanyview
CUST07700,Joshua Chapman,19,male,43557.89,New Tonya
CUST03939,Kyle Garza,52,Female,12576.55,Lake Raymondview
CUST01470,Denise Guerra,38,Female,43038.16,North Robert
CUST09633,Kaitlyn Collier PhD,51,Female,39527.43,Lake Michelefort
CUST00455,Marie Moody,65,Male,74406.75,Sanchezport
CUST05601,Victor Hudson,35,Male,23677.15,Mooreshire
CUST05785,Valerie Harrison,66,Male,25174.27,Christianport
CUST08744,Amy Morse,49,Female,22370.43,Marystad
CUST09181,Erika Kim,22,Female,49034.52,East Alexberg
CUST04859,Erin Price,39,Male,40739.44,North Alexis
CUST02922,Bob Jones,31,Female,62752.15,Freemanland
CUST01399,Heather Nunez,45,Female,49262.26,Brianshire
CUST00226,Kirk Carter,32,Female,25219.25,Ochoaborough
CUST07163,Pamela Cook,21,Female,39159.79,Sarahburgh
CUST07291,Jay Walker,53,Female,49283.85,Jacksonbury
CUST07988,Erica White,28,Female,63792.59,Sandrastad
CUST07866,Jeffrey Myers V,52,Male,69052.28,East Benjaminborough
CUST06787,Benjamin Hines,40,Female,29470.25,Lake Ashley
CUST08276,Wendy Horne,48,Female,39147.59,Brendaville
CUST06744,Carrie Myers,59,Female,67629.69,South Alexisstad
CUST05767,Theresa Wilson,65,Male,35623.52,West Stephanie
CUST05187,Shawn Shepherd,54,Male,48756.15,Ritaland
CUST05993,Bradley Pacheco,39,Male,47432.13,Tammymouth
CUST02622,Christina White,42,Female,68262.67,North Sara
CUST04537,Katherine Miller,25,Male,64605.1,South Amber
CUST05684,Andrea Hughes,40,Male,57709.28,Lake Anthony
CUST00292,Jeremy Reed,49,Female,52924.52,South Ronald
CUST03540,John Williams,52,Male,36131.13,Pruittview
CUST01359,Austin Schultz,68,Male,51085.08,Wintersborough
CUST03683,Joseph Myers,25,Female,21025.03,Lawrenceberg
CUST08290,Stephanie Jensen,44,Male,49145.19,East Carlos
CUST08582,Antonio Hughes,43,Female,38223.49,Kristinton
CUST00112,Julia Torres,24,Female,55123.46,North Juliaburgh
CUST02317,Lisa Gill,29,Female,58273.09,New Cody
CUST04366,Gary Rodriguez,36,Female,54313.7,Ramirezstad
CUST06920,John Clark,36,Female,41636.27,South Frederick
CUST06786,James Lopez,66,Female,85623.76,South Kevin
CUST09132,David Joseph,32,Female,51594.61,Jenkinshaven
CUST03508,John Moore,53,Female,38915.52,West Petertown
CUST00486,Monica Miller,68,Female,66520.52,North Mariatown
CUST03340,Claudia Brown,22,Male,37131.92,North Robert
CUST01585,Corey Johnson,46,Male,55627.51,Annetteshire
CUST06245,Cynthia Tucker,54,Male,67784.52,Whiteborough
CUST05721,Stephanie Salinas,60,Male,61919.87,South Matthewhaven
CUST07641,Monica Smith,62,Male,19664.41,
CUST09104,Kyle Haas,30,Male,52696.88,Bryanthaven
CUST09872,Amy Mejia,28,Female,25967.61,Faithton
CUST09473,Luke Sampson,34,Male,62716.58,Markshire
CUST04982,Elizabeth Williams,59,Female,45702.71,Lake Michaelshire
CUST07871,Lisa Robinson,31,Female,35024.73,North Justinside
CUST07245,Lori Howard,27,Male,55484.91,Cruzmouth
CUST00664,Renee Melendez,52,Female,54902.8,Sandovalview
CUST02492,Richard Medina,52,Male,63309.14,West Michelleville
CUST08735,Scott Smith,69,Male,53662.1,Martineztown
CUST00903,Matthew Sweeney,72,Male,28174.7,North Richardport
CUST00333,Linda Smith,20,Female,54844.62,Smithview
CUST00082,Michael Evans,43,Female,46456.45,East Jacobmouth
CUST09198,Michael Hernandez,28,Female,50735.56,West Edward
CUST03578,Rebecca Davis,32,Female,49943.2,East Jacobside
CUST06401,Brenda Schmidt,46,Male,45346.77,Lake Megan
CUST09765,Gary Collins,24,Female,55985.98,Jenniferton
CUST03006,Joseph Smith,51,Male,83962.9,Millerport
CUST05004,Catherine Soto,54,Male,42292.15,Alexmouth
CUST01093,Michael Sims,64,Male,45773.59,Butlerville
CUST02214,Calvin Smith,19,Female,58961.79,Joelstad
CUST07698,Sharon Cook,41,Female,44746.88,North Amy
CUST00991,Brian Harris,73,Female,64010.99,Arroyomouth
CUST01983,Eric Cox,55,Male,48071.5,Melissaborough
CUST08072,Jennifer Duncan,52,Female,57799.07,Kellybury
CUST04408,Robert Stark,28,Male,73150.82,East Victoria
CUST04993,Ronald Baxter,37,Male,56186.92,Richardsborough
CUST05681,Caitlin Curry,71,Male,58628.63,Davidport
CUST07137,Ryan Harris,38,Female,45343.44,South Rodneystad
CUST07952,Richard Wilson,57,Female,48523.28,South Amanda
CUST09424,Jamie Smith,63,Male,40041.93,Robertfurt
CUST07456,Richard Miller,48,Female,57464.72,New Maxwell
CUST00543,Kathleen Robertson,57,Female,67841.51,Ashleyshire
CUST00907,Kelly Haynes,22,Male,73476.19,Cruzview
CUST00103,Christine Wright,43,Female,56238.56,Vasquezhaven
CUST06045,Jerry Ferguson,71,Female,51438.09,New Sarah
CUST09581,Michelle Jones,22,Male,40938.39,Meganberg
CUST06846,Tina Ellis,62,Female,39714.98,Lake Ebony
CUST07563,Christopher Sullivan,39,Male,27512.68,West Katherineshire
CUST06041,Joseph Young,69,Male,38277.31,Allisonside
CUST00828,Derrick Clayton,40,Male,44452.51,Danielfurt
CUST03426,Megan Baker,35,Male,42812.77,North Patrick
CUST04913,Ann Boyd,38,Male,76007.86,South Carlosburgh
CUST08925,Craig Harris,30,Female,57483.83,Wilkinsonshire
CUST08852,Lynn Brown,63,Male,42200.46,Port Tracyfurt
CUST03565,Nathaniel Wright,21,Male,44067.13,Mitchellview
CUST04907,David Aguirre,67,Female,51149.32,Kimview
CUST04580,William Parker,70,Female,38723.49,Doughertychester
CUST04753,Nicole Hawkins,30,Male,44845.15,Josephmouth
CUST04933,Jessica Johnson,60,Male,37009.42,
CUST06682,Richard Smith,39,Male,63513.12,East Alishastad
CUST01558,James Moore,41,Male,87066.5,West Jason
CUST04103,Joe Page,70,Female,54372.62,Lake Shannonview
CUST02564,Martin Hall,21,Female,41777.62,Sergioberg
CUST06064,Jenny Soto,52,Female,54520.7,North Alex
CUST01721,Mrs. Bethany Phillips,26,Male,53217.45,Melanietown
CUST03910,Amy Jenkins,36,Male,50043.12,East Julie
CUST00549,Pamela Diaz,22,Female,46780.07,New Kimberlyview
CUST09497,Russell Bates,34,Male,,New Ronald
CUST08532,Patricia Bennett,27,Female,51250.54,Jonesview
CUST01792,Tyler Baker,32,Male,59668.33,Tannerburgh
CUST03650,Matthew Andrade,55,Female,43886.28,New Joanna
CUST00176,Michael Elliott,40,Male,58599.0,Turnerberg
CUST07793,William Juarez,42,Male,45442.78,West Amber
CUST04861,Sharon Snow,34,Female,76522.82,Marissaburgh
CUST05198,Bethany Neal,56,Female,27709.78,Jamesbury
CUST01352,Jason Rodriguez,21,Male,44546.18,Adkinstown
CUST08563,Stephen Nguyen,37,Female,15501.86,Hickmanland
CUST06951,Jeremy Fernandez,64,Male,48693.78,South Megan
CUST07651,Jennifer Ross,48,Female,85731.38,Gregorybury
CUST02418,Jason Hardy,56,Male,41721.32,Port Peterburgh
CUST03339,Vincent Castillo,61,Female,38369.15,Cohenview
CUST08929,Alexander Weeks,39,Male,,North Debra
CUST05211,Grace Green,27,Female,37622.5,North Kristaland
CUST08684,Nathaniel Gomez,41,Female,40363.72,Kingstad
CUST05414,Sean Peters,42,Female,62507.62,Port Courtney
CUST09019,Deborah Price,59,Male,37614.85,North Miranda
CUST00438,Rhonda Martin,41,Male,41949.21,Joshuashire
CUST07885,Javier Rogers,36,Female,33639.25,Erinfort
CUST03408,Daniel Roberson,37,Male,48875.13,Port Gregoryberg
CUST04538,Steven Jensen,40,Male,33686.48,North Aaronberg
CUST04940,Pamela Aguirre,67,Female,44124.72,New Julie
CUST09203,Carrie Brown,50,Female,61947.03,Cooperbury
CUST06985,Mr. Jerry Robinson,24,Male,,South Richard
CUST08241,Nathan Miles,20,Male,43400.52,Lake Misty
CUST08877,Abigail Miller,22,Male,58916.55,East Brandy
CUST04440,Tammy Mcdaniel,22,Male,63337.71,Wellsberg
CUST05555,Whitney Macdonald DVM,72,Female,49938.98,Lake Bradley
CUST05239,Allen Martinez,57,Male,51723.38,Port Patricktown
CUST08074,Kristen Flores,69,Female,35581.12,West Sharon
CUST04371,Crystal Wallace,71,Male,66542.61,West Johnton
CUST00117,Ashley Waller,25,Male,33873.47,Gomeztown
CUST08268,Stephen Leon,49,Male,59049.82,Lindatown
CUST09095,Rebekah Ferguson,20,Male,65926.08,Anthonychester
CUST03197,Christina Taylor,45,Male,61469.56,Melissamouth
CUST09921,Kevin Camacho,65,Female,18116.29,Annettemouth
CUST08129,Jeffrey Stokes,42,Male,47044.1,East Marcoton
CUST05141,Robert Roberts,59,Female,83368.11,South Kristineport
CUST05713,Anthony Schmidt,61,Female,47646.66,Port Alexis
CUST04855,Daniel Sullivan,28,Male,29740.49,East Danielstad
CUST01569,Joshua Mcbride,38,Female,61660.78,Jonathanmouth
CUST03967,Sherri Sullivan,22,Male,26982.18,East David
CUST07403,William Werner,50,Female,59996.96,Lake Christopherchester
CUST01303,Carolyn Greer,68,Female,33473.94,Leonardfort
CUST08784,Megan Salas,56,Male,42288.3,South James
CUST03928,Linda Cox,57,Male,55134.03,Richardtown
CUST06926,William Leblanc,52,Male,13882.05,Port Jillianside
CUST04963,Justin Davis,71,Female,33724.38,North Mary
CUST07776,David Roach,58,Female,53977.65,Randyland
CUST08889,Brady Padilla,23,Male,40753.14,New Michelle
CUST08194,Ryan Barrera,51,Female,45486.33,Rileyport
CUST06128,Charles Strickland,21,Female,77937.95,Tonybury
CUST00772,Eric Patrick,44,Female,41882.34,
CUST01932,Keith Meadows,23,Female,54244.03,Lake Ericaville
CUST04004,Monica Oconnor,55,Male,50011.57,Angelatown
CUST02380,Craig Nicholson,51,Male,,Lake Markfurt
CUST00410,Angela Lin,63,Female,35405.85,West Julie
CUST00505,Jodi Roach,21,Male,63711.3,Bassbury
CUST00093,Christina Walters,40,Male,22568.56,Port Alex
CUST05147,Anthony Wright,40,Male,83145.2,Onealside
CUST05524,Rebecca Brooks,58,Female,54130.4,Chaneybury
CUST05236,Allison Cunningham,58,Male,45227.47,Port Jademouth
CUST03989,Victoria Marshall,29,Male,30291.09,East Joseph
CUST03878,Janice Williams,44,Male,58021.18,Leonardchester
CUST01150,Jennifer Young,23,Female,44247.58,South Tannerstad
CUST09538,Jeffrey Stephens,39,Male,60740.69,Brandifort
CUST05833,Travis Powell,57,Female,,New Amandaberg
CUST02537,Phillip Byrd,49,Male,22641.87,South Arthurmouth
CUST08419,John Hunt,54,Male,61343.79,Port Mary
CUST01629,Jesse Riley,42,Female,47977.73,Stacyville
CUST09807,Christopher Cole,55,Female,55189.81,Williamsbury
CUST08850,Brett Obrien,51,Male,66126.66,Warrenfort
CUST02517,Louis Patrick,60,Female,44873.26,Lake Patriciamouth
CUST03203,Jason Jenkins,71,Female,30815.05,Hernandezfort
CUST01680,Adrian Dean,63,Female,43383.91,Port Amber
CUST05200,Donald Coleman,73,M,65725.22,Florestown
CUST04879,Melissa Mathews,48,Male,35908.71,North Carlfort
CUST03680,Jennifer Greene,42,Male,52550.93,Lucashaven
CUST02667,Brian Miller,61,Female,51466.03,Maryshire
CUST00701,James Watson,31,Male,26761.65,South Alyssa
CUST07593,Joshua Russell,26,Male,26292.19,East Johnshire
CUST02096,Katherine Brooks,18,Female,60159.79,Jenniferstad
CUST01120,Misty Garcia,58,Male,46834.28,North Gary
CUST00926,Vickie Anderson,68,Male,67662.81,West Johnborough
CUST00639,Janet Kane DVM,43,Male,26677.03,Katelynmouth
CUST09900,Briana Curry,20,female,44428.49,West Matthewtown
CUST02394,Aaron Lee,32,Male,46958.41,West Joshuabury
CUST01127,Jeffrey Howell,51,Female,51065.14,Lake Adamville
CUST00610,Samantha Robertson,67,Male,52539.03,Hendersonmouth
CUST02232,Michael Smith,42,Female,58414.2,New Ricardo
CUST02652,Bethany Robles,29,Female,28456.69,New Johnborough
CUST09494,Michael Howard,70,Female,39553.24,Lake Aaronstad
CUST05484,Kimberly Grant,66,Male,68731.67,Howardville
CUST09681,Douglas Ross,21,Female,52102.88,New Erinmouth
CUST08534,Melissa Jones,34,Male,44191.41,Lake Danchester
CUST07138,Susan Bolton,48,Female,45391.96,North Janiceburgh
CUST03867,Holly Austin,29,Female,39614.08,Brianchester
CUST01231,Brittany Stevens,54,Male,50156.16,Port Larry
CUST03987,Robert Munoz,64,Female,35645.43,Edwardsborough
CUST07873,Jessica Harper,62,Female,41269.66,North Billy
CUST03219,Aaron Munoz,32,Female,33933.97,West Carrieshire
CUST09117,Beverly Romero,57,Male,30311.97,Johnfort
CUST02352,Aaron Marshall,71,Female,69358.77,West Michael
CUST06433,Jennifer Hatfield,40,Female,42011.09,Smithfurt
CUST02518,David Yoder,67,Female,51080.96,Port Kelly
CUST05184,Marcus Blair,40,Female,54358.01,New Matthew
CUST06214,Laura Singleton,47,Male,66740.85,Megantown
CUST02934,Manuel Robinson,26,Male,55727.29,North Gregoryburgh
CUST02980,Brandon Owens,35,Female,51040.05,New Justinfort
CUST06702,Benjamin Mclaughlin,55,Male,50090.65,Alvarezview
CUST09446,Marcus Baker,38,Male,87248.79,New Martinborough
CUST06380,Karen Scott,20,Female,44728.63,Shannonmouth
CUST00977,Margaret Tanner,74,Male,58661.61,Allisonborough
CUST00764,Jorge Stone,21,Male,44223.56,North Thomas
CUST08392,Joshua Mcgee,21,Female,48954.18,Lake Shannonview
CUST01976,Joseph Watson,57,Female,44060.14,Ferrellview
CUST00798,Bradley Johnson DDS,23,Female,35215.23,Millerburgh
CUST02464,Stephen Duncan,74,Male,38623.88,Brianside
CUST00624,Shelley Miller,61,Male,51742.52,Lake Cynthia
CUST03433,Kari Sandoval,39,Female,62475.65,Austinland
CUST01041,Michele Hill,22,Female,52955.58,Troymouth
CUST04584,Benjamin Townsend,47,Female,50930.94,Port Barbara
CUST01058,Sarah Brooks,64,Male,56969.49,Sanderston
CUST09794,Adam Smith,66,Male,36570.0,Nguyenchester
CUST01915,Sarah Wallace,25,Female,50761.37,
CUST02028,Janet Shelton,44,Male,59531.9,Aliciachester
CUST06415,Judy Johnson,67,Male,40001.39,New Kelly
CUST02245,Ronald Kline,63,Male,40992.01,Kathyside
CUST07609,Matthew Shaw,33,Male,64764.92,West Daniel
CUST05172,Christina Smith,39,Female,48688.54,Padillashire
CUST07922,Gary Gilbert,38,Female,56228.15,South Tristan
CUST05958,Jonathon Stevenson,55,Male,60958.67,Michaelton
CUST01884,Raymond Sawyer,21,Male,63091.85,Steeleville
CUST03905,Tiffany Phillips,36,Male,49953.87,New Veronicaborough
CUST05243,Jeffrey Long,23,Female,62481.27,Lake Christophertown
CUST09270,Julie Conway,63,Male,51454.63,Port Emma
CUST07015,Edward Shields,71,Male,44413.82,Olsenton
CUST08803,Kyle Kaiser,20,Male,27948.11,Dawsonport
CUST04173,Brandon Bean,47,Female,51221.92,Gregorytown
CUST00243,Brandon Bailey MD,73,Male,40565.3,New Robert
CUST05215,Susan Sullivan,34,Male,34277.88,East Timothy
CUST07502,Marvin Vargas,30,Male,51817.42,East Mark
CUST01441,Derrick Espinoza,43,Male,43980.83,Tinashire
CUST01512,Anna Ross,67,Female,50583.82,North Rebecca
CUST06336,Brandon Leblanc,26,Female,43147.06,Simpsonshire
CUST09107,Julie Mata,29,Female,29814.09,Lake Jacquelinebury
CUST05539,Kevin Berry,74,Male,42698.61,New Erik
CUST01463,Matthew Miles,66,Female,38727.01,Willistown
CUST06981,David Warner,38,Female,40449.59,New Pamela
CUST01042,Kathy Reid,58,Male,53396.87,Port Veronicastad
CUST03079,Lisa Patterson,39,Female,63418.37,Paulberg
CUST05957,Peter Campbell,20,Male,69036.92,Jacksonland
CUST03771,Christopher Miranda,22,Female,27441.35,New Nicholemouth
CUST07623,Emily Potter,21,Female,51267.74,East Karenview
CUST00114,Garrett Lin,41,Female,50425.08,East Catherinefurt
CUST05548,Clifford Mcdonald,20,Male,54588.5,Mooreview
CUST02306,John Francis,21,Female,45791.86,New Rebecca
CUST09094,David Scott,46,Male,18917.38,Anthonyland
CUST06933,James Bonilla,28,Female,53420.21,Gonzalezview
CUST08895,Judy Lewis,74,Female,29651.37,Henryburgh
CUST01457,Christopher Hill,24,Male,33604.17,Spearston
CUST03101,Matthew Jones,43,Female,63068.39,East Zacharymouth
CUST07749,Terry Murphy,20,Male,60071.94,Floresland
CUST07043,Lindsey Mendoza,64,Male,56604.2,Rodriguezland
CUST06216,Charles Hensley,37,Female,39225.28,Ryanville
CUST00988,Anna Wheeler,46,Male,,Grahammouth
CUST00098,Jessica Smith,62,Female,73442.84,Lopezton
CUST06803,Jennifer Johnson,31,Female,45517.93,Port Bryanborough
CUST01974,Michael Barker,26,Female,62317.09,Jamesberg
CUST03083,Maria Sanford,39,Male,18909.97,Perezton
CUST07410,Shannon Chapman,37,Male,39295.86,Oneillstad
CUST01300,Kristy Smith,57,Female,7876.29,Terryborough
CUST04492,Laura Ramirez,18,Male,70856.84,Lake Annachester
CUST04768,Kiara Santana,34,Female,33077.4,East Brian
CUST02910,Melissa Goodman,39,Male,68294.96,South Michael
CUST05803,Michelle Ortega,45,Female,50425.09,Lisamouth
CUST03739,Dale Beck,54,Female,55985.42,Hunterton
CUST05843,Melissa Parker,64,Male,38179.85,South Stacyborough
CUST05763,Holly Banks,71,Male,42035.86,North Matthew
CUST09242,Mitchell Daniels,74,Male,44667.54,East Jamesside
CUST02776,Jenny Gray,22,Female,53490.94,Montoyatown
CUST05632,Michael Khan,45,Female,23735.62,Gilbertfort
CUST05381,James Gallagher,71,Male,49341.58,East Jenniferstad
CUST01724,Sharon Young,70,Male,28437.29,Andrewbury
CUST03108,Adam Garcia,62,Male,33304.0,Birdton
CUST08054,Bryan Monroe,74,Female,53406.66,Johnburgh
CUST02759,Desiree Patterson,44,Male,49417.65,Lake Mariahside
CUST03202,Michelle Mcdonald,47,Female,28301.04,East Ronald
CUST07053,Kenneth King,69,Male,54215.53,Gonzalezhaven
CUST04343,Andrea King,64,Male,64298.52,Lopezberg
CUST00799,Donald Medina,61,Male,37245.96,New Breannaview
CUST05461,Marie Davidson,36,Female,43056.25,Rojasstad
CUST02135,Cheryl Atkins,46,Male,47803.39,South Katherine
CUST03519,Kara Jackson,53,Female,69392.32,South Lisa
CUST06862,Andrew Powell,62,Male,49649.42,Barneston
CUST01438,Lisa Nelson,52,Female,49563.32,Lake Markchester
CUST05862,Mark Santos,46,Female,47995.01,Ronniemouth
CUST09075,Carolyn Smith,40,Female,51844.15,East Edwin
CUST08876,Lindsey Wright,24,Female,42439.24,Lopezbury
CUST06232,Michael Buchanan,61,Female,43231.11,South Mariaport
CUST03894,Sean Wagner,66,Male,49219.64,Lake Jorge
CUST03238,Jeanette Brown,71,Female,44198.34,Rachelfort
CUST05068,Jesse Murphy,62,Male,69859.31,South Christineshire
CUST01382,John Austin,35,Male,56881.3,Webershire
CUST04652,Andrew Chavez,44,Female,51380.79,Nicolefort
CUST09639,Rebecca Mccarthy,51,Male,58054.06,North Amberburgh
CUST04224,Kevin Young,53,Female,65796.2,Port Brittanymouth
CUST04068,Ashley Barrera,38,Female,38822.41,New Scottview
CUST02970,Caleb Carroll,69,Male,30050.22,Juliebury
CUST06030,Ann Huffman,27,Female,58710.01,Lake Todd
CUST01568,Joshua Clark,71,Female,42661.11,North Shannonhaven
CUST00312,Shannon Ramsey,24,Female,53863.36,Tanyachester
CUST07167,Joseph Stevens,67,Male,45861.89,Maytown
CUST05486,Melanie Davidson,53,Female,41247.49,West Dennis
CUST06762,Michael Santos,34,Female,59931.3,East Ann
CUST07517,William Hansen,71,Male,59869.55,Bradyhaven
CUST01005,Joshua Arellano,65,Female,41095.62,Port Davidton
CUST01741,Nicholas Terrell,61,Female,37165.86,West Tammie
CUST06916,Hannah Perez MD,21,Male,59924.39,South Michaelfurt
CUST04293,Jacob Brewer,54,Female,19622.19,Phillipsfurt
CUST07572,John Munoz Jr.,65,Male,43226.59,Jenniferburgh
CUST03995,Theresa Luna,58,Female,82433.74,Kristyland
CUST03305,Heather Herman,38,Female,47221.76,Baileyfurt
CUST03551,Sarah Stewart,42,Male,54794.14,Marcusborough
CUST00548,Jessica Khan,56,Female,67766.52,Rhondastad
CUST04711,Kelly Harris,73,Male,46915.54,North Ethanport
CUST00627,Laura Hernandez,29,Female,57083.2,Port Traceymouth
CUST08923,Travis Hubbard,21,Female,55750.5,Bettymouth
CUST09715,Elizabeth Armstrong,19,Female,62545.71,Mcknightton
CUST02172,Melanie Long,32,Female,55612.29,Port Michelle
CUST03051,Elizabeth Nichols,26,Male,54170.41,Morristown
CUST01638,Lee Stewart,46,Male,33549.15,West Ryan
CUST05930,John Jones,57,Female,59637.06,Richardland
CUST06545,Cindy Tucker,56,Female,49304.31,Williamsmouth
CUST07693,William Holmes,35,Male,36010.46,Davidtown
CUST03189,Patricia Moore,63,Male,56289.21,Melodytown
CUST06689,Robert Peck,42,Male,57123.54,Watsonberg
CUST04276,Larry Curtis,43,Male,41130.21,Port Jennifer
CUST06647,Margaret Knight,47,Male,31618.7,West Russellview
CUST09370,Sharon Stevens,59,Female,75848.61,Dillonstad
CUST06359,Debra Blackburn,36,Female,58378.0,Scottland
CUST00078,Steve Sanchez,21,Male,12779.76,Cookfort
CUST04664,Jason Jones,50,Female,49060.95,West Hollyhaven
CUST07601,Kellie Mitchell,60,Female,33470.6,Ericview
CUST00071,Whitney Peters,67,Male,45099.0,Millerview
CUST05670,Mitchell Williams,50,Female,60921.13,Vanessamouth
CUST05145,Roger Valencia,74,Female,37166.37,New Russellborough
CUST09984,Sarah Lee,150,Male,33362.27,Lake Joseph
CUST08807,Michelle Moore,28,Male,51365.66,Tracifort
CUST04463,Ernest Sullivan,52,Female,53984.14,North Lisahaven
CUST00208,Dr. William Warren,74,Male,58805.88,
CUST07860,Kimberly Carson,67,Male,82686.38,Barbarabury
CUST08869,Justin King,23,Female,37934.45,Randyside
CUST04168,Robert Berg,19,Female,51278.1,Meyerstown
CUST09161,Tanner Ortiz,30,Female,61785.13,North Staceyfort
CUST07520,Daniel Guerrero,62,Male,67130.54,Shaneborough
CUST03733,Alexis Arroyo,55,Female,50546.89,Frankville
CUST02178,Morgan Bernard,42,Male,60522.08,West Tamaraville
CUST09725,Mary Murray,52,Male,85812.44,Stephenberg
CUST06774,Jessica Robinson,32,Female,74951.78,West Robin
CUST08285,Anita Wright,31,Female,72904.87,Martinezberg
CUST02546,Corey Caldwell,72,Female,,North Joshua
CUST05045,David Lynn,70,Female,48878.81,Hollowayfort
CUST07731,Sarah Holt,32,Male,52616.92,Karenstad
CUST03050,Heather Allen,38,Male,58948.01,Georgeview
CUST05564,Linda Fernandez,20,Female,63430.93,New Carrie
CUST02072,Lori Boyd,24,Male,62188.89,West Dannyville
CUST03352,Cynthia Nguyen,38,Female,37011.37,Cherylmouth
CUST03975,Adam Sanchez,26,Female,76156.77,New Donnafort
CUST09400,Tiffany Ward,36,Male,,West Duaneland
CUST00762,Jennifer Goodwin,42,Female,54187.46,North Tammiestad
CUST01625,Sara Evans,26,Male,75508.15,Teresaport
CUST01704,Valerie Reyes,41,Male,74701.88,East Patty
CUST06467,Shelia Cruz,34,Male,52389.23,Knightfurt
CUST03223,Dr. Sarah Payne,53,Male,53584.98,Jessicaborough
CUST03486,Jennifer Smith,47,Female,80960.38,Jeremyborough
CUST05989,Emily Hall,45,Female,87688.68,West Charlesburgh
CUST08287,Tiffany Flores,32,Female,50387.84,Lake Karaview
CUST07134,Christian Snow,48,Female,44209.66,Webbview
CUST08449,Matthew Simon,38,Female,64699.86,North Michaelmouth
CUST02076,Jason Colon,51,Male,49446.56,Jessechester
CUST03668,Andrew Phelps,32,Male,42561.38,Malonemouth
CUST07464,David Cooper,55,Male,57556.16,East Debraport
CUST03877,Taylor Johnson,23,Male,47902.94,Joanchester
CUST05859,Julie Johnson,37,Male,49103.01,Richardfort
CUST06903,Tammy Werner,26,Female,29996.67,Stevenville
CUST06928,Richard Franklin,18,Male,60159.38,Lake Andrefort
CUST01397,Tracey Gonzalez,59,Female,28284.37,South Heidi
CUST03273,Tracy Jones,49,Female,44347.0,Lake Donald
CUST08333,Christina Davis,31,Female,28274.66,New Emily
CUST07488,Ariel Taylor,29,Male,40726.45,Underwoodmouth
CUST09547,Jonathon Scott,62,Male,49934.67,New Wayneport
CUST05560,Jeremy Wallace,53,Male,67887.07,Lake Deborahport
CUST08768,Megan Shah,24,Female,43677.76,Stevenport
CUST02679,William Martinez,53,Female,87158.66,Wendyton
CUST04447,Samantha Harris,67,Male,32717.9,Garciachester
CUST07788,Michelle Schultz,73,Male,60072.57,South Daniellehaven
CUST05242,Tamara Gonzales,56,Male,46838.38,Murrayhaven
CUST01391,Elizabeth Hart,65,Female,91846.96,Smithmouth
CUST00135,Jose Schultz,51,Female,29351.0,
CUST06378,Morgan Evans,20,Male,,Port Robert
CUST09487,Donna Morris,19,Female,39889.69,Sarahstad
CUST09894,William Cooper,56,Female,55854.96,Lake Kristie
CUST04488,Scott Miranda,57,Female,45815.93,North Christopher
CUST08514,Ashley Davis,46,Male,66055.3,Danielborough
CUST00528,Kristy Bryan,54,Female,63798.05,Hollybury
CUST04284,Daniel White,67,Female,80590.95,South Michael
CUST05287,Tammy Duncan,51,Female,62660.98,Lake Brianchester
CUST01905,Judith Miller,73,Female,40535.67,Davidmouth
CUST08573,Scott Lyons Jr.,50,Male,27152.11,South Annettefort
CUST01618,Scott Stephens,40,Male,54347.37,South Mario
CUST02185,Martha Martinez,63,Female,73479.03,Smithside
CUST00092,Denise Jacobs,31,Female,49827.01,Scottview
CUST06970,Jesse Sutton,58,Female,38675.44,West Keith
CUST08860,Benjamin Powell,71,Male,47228.29,Port Jeffreychester
CUST00956,Eric Henry Jr.,40,Male,70949.51,North Lisatown
CUST07673,Gary Myers,32,Female,53465.73,Port Margaret
CUST07213,Kelly Hughes,59,Female,58237.7,North Margarettown
CUST00693,Jonathan Brooks,53,Female,59860.8,New Joseph
CUST06283,Cheryl Petersen,45,Female,24744.58,East Christophertown
CUST04233,Mr. Don Flores,21,Male,86568.29,New Kellyland
CUST02024,John Ramirez,42,Male,50130.56,Bryantstad
CUST02572,Paige Meyer,65,Male,28931.38,Shawborough
CUST04159,Sarah Mueller,26,Male,46456.57,
CUST09748,Tony Johnson,20,Male,22858.69,Willisview
CUST06543,Robert Fischer,57,Female,64876.25,Royland
CUST06511,Aaron Pennington,28,Male,24088.63,Davisshire
CUST08284,Brandon Miller,71,Male,41186.19,Joeltown
CUST07075,Roger Bowman,19,Female,69182.23,West Christineshire
CUST08888,Emily Rush,46,Female,44997.35,South Elizabethfort
CUST09397,Kent Cole,57,Female,67944.85,Thomasshire
CUST05459,Robert Roberts,21,Female,38488.85,South Todd
CUST03421,Emily Middleton,21,Male,59278.65,South Charlesfurt
CUST05997,Colleen Hernandez,52,Female,42328.51,Gonzalestown
CUST06084,Yolanda Brown,41,Male,47046.02,Elliottborough
CUST08985,Lori Gutierrez,27,Female,42020.75,Marieburgh
CUST02872,Terry Waller,30,Male,37942.75,North Mariatown
CUST09123,Beth Garcia,22,Male,43914.63,Rileybury
CUST08336,Tammy Ramos,47,Male,69437.2,Smithview
CUST05650,Joseph Stokes,40,Female,41627.42,Donaldview
CUST02475,Gary Turner,73,Female,72926.35,South Laurenbury
CUST06300,Blake Crawford,48,female,23866.48,Lake Jonathan
CUST04991,Joshua Navarro,56,Female,41461.65,Ramseystad
CUST03361,Hailey Lewis,26,Female,49333.47,New Markport
CUST00137,Courtney Gonzalez,65,Male,37166.4,South Dustin
CUST07823,Joshua Lopez,57,Male,45066.93,New Jenniferfurt
CUST05464,Chloe Parker,27,Male,69979.15,Lake Jameshaven
CUST02925,Elizabeth Jenkins,40,Male,74637.78,West Jamieshire
CUST00973,Tracy Walker,44,Female,49468.75,
CUST03848,Erica Taylor,18,Male,71162.4,Port Emilyburgh
CUST04713,Randy Kennedy,50,Female,69834.16,Bethstad
CUST03078,Paul Cabrera,45,Female,30637.1,North Mary
CUST09051,Erika Moore,25,Male,63109.13,Powellhaven
CUST08137,Tammy Bridges,19,Male,27848.98,Johnsonborough
CUST05797,Paul Anderson,60,Female,52654.88,East Heatherton
CUST00474,Robin Thompson,33,Male,52353.26,Jessicaside
CUST06793,Michael Church,43,Male,50599.26,Lake Paulmouth
CUST07541,Erica Walter,33,Female,29123.59,Lake Nancyport
CUST05502,Kristen Ramirez,67,Female,37663.92,
CUST08823,Rebecca Nicholson,38,Female,48110.82,Hoganburgh
CUST07149,Samantha Alvarez,34,Male,38897.11,North Betty
CUST00552,Diana Hays,72,Male,75643.41,Matthewborough
CUST08374,Richard Rivera,26,Male,72128.04,North Williamhaven
CUST05394,Nicholas Calhoun,27,Female,15536.8,Lake Jerryfort
CUST09191,Crystal Taylor,51,Female,75442.65,Crystalland
CUST01257,Manuel Mccullough,57,Male,43905.09,West Jason
CUST01565,Tyler Salazar,21,Male,45895.37,Paulmouth
CUST04546,William Esparza,70,Male,48219.37,Josephton
CUST09366,Brooke Schwartz,22,Female,31367.72,Wallerview
CUST07633,Johnathan Harper,35,Female,25869.89,New Brittanyhaven
CUST06827,Travis Guerrero,60,Female,27702.97,West Eric
CUST03103,Paul Ross,62,Male,31367.42,East Christina
CUST05653,Stephanie Lara,69,Female,17787.33,Sotoport
CUST07057,Kelly Preston,32,Male,23456.09,West Harry
CUST09634,Alisha Williams,23,Female,38092.77,Reyesmouth
CUST00670,Chelsea Gill,49,Male,44286.05,Melissaville
CUST03821,David Walker,28,Male,51743.11,Smithfort
CUST02405,Antonio Johnson,31,Male,51774.76,West Daniel
CUST08523,James Taylor,33,Female,47417.09,North Tanya
CUST09275,Dawn Wolf,66,Female,31542.92,Melissatown
CUST00010,Monica Herrera,28,Male,49377.85,Owensville
CUST03616,Daniel Graham,41,Male,60960.06,Currymouth
CUST01840,Patricia Schwartz,59,Female,42459.11,Port Seanchester
CUST04847,Cynthia Hendricks,57,Female,59179.45,New Kevin
CUST04792,Maurice Johnson,59,Male,54804.02,Ruizland
CUST08361,Matthew Bates,22,Female,49364.12,Martinezfurt
CUST01596,Jennifer Moss,40,Male,68922.73,New Coryborough
CUST08542,Angela Johnson,32,Female,44732.62,Jasonview
CUST03033,Jennifer Allen,68,Female,44869.52,Farleyborough
CUST03921,Patrick Gibson,64,Male,23938.93,Schmidtburgh
CUST02092,Erin Silva,39,Male,44603.22,Kaylastad
CUST06945,Kimberly Thompson,26,Male,20341.8,Richardsonbury
CUST05323,Nicole Hardy,68,Male,56654.92,Curtisberg
CUST07791,Rita Taylor,67,Female,37490.28,South Bernardmouth
CUST04759,Amanda Swanson,34,Female,54168.76,North Regina
CUST09369,Michael Olsen,49,Male,75232.41,Lake Wendyfort
CUST04765,Christopher Jones,20,Male,59969.68,Carterport
CUST01835,Timothy Williams,30,Male,50950.42,Arianafort
CUST00217,Mark Brown,25,Male,83847.84,Stevenside
CUST08802,Robert Gomez,37,Female,68877.75,New Patty
CUST00291,Stephanie Byrd,37,Male,44184.36,Campbellland
CUST01588,Andrea Ho,18,Male,48494.76,Sheltonmouth
CUST09992,Sean Warren,54,Female,58013.49,North Madison
CUST02965,Brandon Edwards,31,Male,50646.81,Marychester
CUST07864,Heather Payne,28,Male,53722.69,Michaelshire
CUST07870,Raymond Santos,63,Female,75705.05,East Stephanieville
CUST06600,Donald Wallace,41,F,38719.95,Barnesville
CUST01697,Sonya Chavez,56,Female,40107.03,Melissabury
CUST03834,Jamie Griffin,50,Male,51189.35,North Sheena
CUST01611,Jamie James,61,Male,58300.47,Floresmouth
CUST08819,Jamie Robertson,41,Female,24858.45,Frenchhaven
CUST07333,Marissa Smith,22,Female,77788.25,Holtville
CUST06218,Ann Calderon,70,Male,55047.16,West Nicolebury
CUST09758,Megan Ramirez,69,Female,38117.73,North Thomas
CUST05836,John Webb,65,Female,53505.72,Garnerville
CUST09920,Angela Weeks,23,Female,54923.25,Port Williamland
CUST05707,Brittany Allen,72,Female,33373.37,Andrewmouth
CUST00121,Kenneth Scott,34,Female,34325.43,North David
CUST07920,Gabriella Jones,43,Male,40557.32,Skinnerport
CUST07881,Thomas Burns,39,Female,63249.66,Jimenezberg
CUST06174,Dr. Jose Garcia,60,Male,42473.36,Port Ann
CUST08238,Alexis Watson,71,Male,52895.57,Millerfort
CUST00043,Anthony Humphrey,74,Female,43461.48,East Richardfurt
CUST08000,Alexander Cox,52,M,67326.08,East Christophermouth
CUST09491,Alexis Snyder,22,Male,30814.75,Joebury
CUST07508,Eric Howell,71,Male,61069.59,Lake Davidland
CUST09982,Kristi Choi,47,Female,47207.62,Lake Wesley
CUST02265,Robert Gutierrez,50,Female,49942.63,South Scottborough
CUST09335,Alyssa Hernandez,37,Female,39205.66,Port Scottton
CUST00361,Laurie Hoffman,58,Female,48439.66,North Veronicabury
CUST08434,Michelle Fowler,73,Male,62404.83,
CUST03732,Mr. Joseph Thompson,57,Female,53701.88,Micheletown
CUST01544,Joshua Harris,25,Male,41990.83,North James
CUST07389,Jessica Barnett,20,Male,42134.97,Port Robertmouth
CUST06323,Yvonne Rodriguez,56,Male,67577.57,Robertton
CUST04588,Christine Kennedy,25,Female,58232.83,Leeborough
CUST07373,Jennifer Evans,61,Male,63916.89,Lake Jennifer
CUST03351,Billy Wallace,27,Female,36256.11,Thompsonberg
CUST06969,Kirk Powell,72,Male,54220.25,New Edwardfort
CUST07494,Kelly Howard,68,Male,40688.76,South Carlos
CUST01138,Jason Williams,69,Female,70036.72,Port Jonathanton
CUST08507,Thomas Richards,61,Female,60588.89,
CUST00158,Melissa Gates,31,Female,67616.75,South Samuel
CUST03640,Parker Wright,51,Female,58592.24,Pennyhaven
CUST04477,Scott Ramirez,47,Female,,Port Joseph
CUST03931,Diana Ramsey,26,Female,49778.04,Bowmantown
CUST00518,Penny Bowman,67,Female,71107.4,Meganton
CUST09412,Erik Pittman,61,Male,62759.88,Ramseyport
CUST01193,Ashley Parrish,61,Female,66514.33,Craneland
CUST06619,Adam Espinoza,20,Female,35177.56,North Jenniferbury
CUST08845,Eric Giles,19,Female,,New Dominiquetown
CUST07267,Katelyn Yang,54,Male,60865.35,Lauramouth
CUST00215,Anthony Everett,56,Female,37176.87,Lake Lisa
CUST04716,Sara Stuart,40,Male,26382.81,Royberg
CUST00319,Connie Brown,19,Male,45913.09,Jocelynshire
CUST06276,Eric Clark,73,Male,64105.72,Ramirezfort
CUST04904,Katie Kaiser,73,Male,34662.51,North Pamelafort
CUST07545,Michael Parker,46,Male,53797.75,South Patricia
CUST04399,Alyssa Powers,72,Male,22955.3,South Lukebury
CUST06907,Jason Garcia,23,Female,45293.29,Joshuafurt
CUST06151,Jared Madden,71,Female,33091.58,Lake Dominiquemouth
CUST08820,Jaime Oneill,51,Male,58748.89,East Gregory
CUST07118,Melissa Hanson,54,Female,47725.23,South William
CUST00085,Daniel Baker,27,Female,55795.02,East Tyrone
CUST02177,Tiffany Nguyen,63,Male,24242.02,Sanchezmouth
CUST07129,Dawn Jordan,24,Female,57093.14,Lake David
CUST09573,Becky Shepherd,55,Female,34002.27,Williammouth
CUST05825,Nathan Vargas,62,Male,40309.54,Zacharyborough
CUST03375,Jason Hudson,74,Female,51975.78,Port Luis
CUST04762,Sandra Moore,27,Female,57063.54,North Roberthaven
CUST01379,Michael Smith,43,Female,25560.0,New Markview
CUST01947,Robert Waller,34,Male,36879.33,Lake Jenniferton
CUST06004,Kristen Davis,23,Female,57511.46,Port Laura
CUST07304,Clayton Jennings,62,Male,44319.53,Navarrotown
CUST08552,Bruce Rivera,36,Female,53992.32,North Arthur
CUST09267,Michael Conrad,44,Male,41089.23,South Brian
CUST08590,Dr. Zachary Peterson DDS,22,Female,78886.02,Masonfurt
CUST04262,Courtney Williams,18,Male,37192.31,Hallport
CUST01424,Regina Ramos,68,Male,45724.68,North Laurenport
CUST05320,Nicole Wallace DDS,19,Female,33509.15,Combsfurt
CUST06102,Dawn Meyer,42,Male,61845.1,New Shariville
CUST08451,Daniel Ortega,31,Female,32306.57,Millstown
CUST05599,James Bradley,32,Male,55035.38,West Larrychester
CUST01475,Patty Allen,58,Male,32750.51,Laurentown
CUST03192,John Gomez,69,Female,44804.7,Port Charlesfurt
CUST06265,Melissa Smith,30,Male,51961.37,Collinston
CUST00780,Christine Goodwin,67,Male,30154.23,Hubershire
CUST08394,Juan Bradley,35,Male,56501.58,New Maureen
CUST09105,Michael Glover,54,Female,50606.94,Clarkville
CUST00107,Sierra Johnson,46,Male,20529.53,Wendyshire
CUST04834,Mrs. Heather Christensen,46,Male,57525.38,New Kathrynview
CUST09313,Kari Conner,47,Male,11596.75,South Amyport
CUST06316,Ann Goodwin,57,Female,37287.74,Marcfurt
CUST02033,Tiffany Johnson,62,Female,53158.5,Stevenshire
CUST07916,Mary Myers,72,Male,53394.84,Markport
CUST02486,Emily Lopez,54,Female,65053.68,East David
CUST09005,Cody Lopez,35,Female,80845.06,Lake Sarah
CUST03711,Marie Patterson,72,Female,45454.76,Robertland
CUST03558,Paul Massey,73,Male,39810.72,New Daniel
CUST03614,Lisa Walton,50,Male,36398.27,South Lauraburgh
CUST06130,John Stewart,32,Male,48789.24,Lake Jamesberg
CUST00003,Daniel Wagner,32,Female,10319.09,Lake Glenn
CUST06962,Michael Davis,42,Male,55714.05,Danielletown
CUST00035,Jeffrey Chavez,45,Male,73768.78,Edwardsbury
CUST02868,Scott Lopez,39,Female,50951.63,Houseton
CUST06122,Stephen Martinez,71,Male,49171.73,Huffstad
CUST04947,Kayla Burke,33,Male,40199.12,Williamschester
CUST02630,Antonio Walton,43,Male,45644.61,Kylemouth
CUST03574,Ruben Cruz,73,Male,64273.84,Wilsonberg
CUST06523,Earl Marquez,73,Male,65961.31,East Robert
CUST01643,Alexander Garrett,28,Female,50419.32,East Kevin
CUST02479,Elijah Short,23,Female,38041.13,Mendozaville
CUST07584,Nicholas Massey,21,Female,74579.44,Hopkinsside
CUST06124,Bonnie Larson,39,Male,53038.39,Dawnmouth
CUST02305,Sharon Wilson,33,Female,59056.13,Lake Austinstad
CUST05342,Rachel Franco DDS,66,Male,24361.11,East Victoriashire
CUST08639,Charles Pham,68,Male,18480.27,North Juliemouth
CUST01087,Philip Jackson,24,Male,67875.74,West Seth
CUST03858,Richard Rivera,38,Male,54262.8,Hendersonchester
CUST01602,Nathan Wilson,55,Female,45338.12,Sarahside
CUST07961,Gregory Brown,44,Male,49523.47,Bassshire
CUST08286,Martin Cox,67,Male,64341.34,
CUST07637,Elizabeth Melton,18,Male,60323.26,West Stephaniemouth
CUST06541,Jeremy Johnson,68,Female,44052.89,North Kristenton
CUST02933,Vanessa Martinez,74,Male,81428.99,Haileyfurt
CUST08859,Scott Khan,69,Female,11789.11,Santiagostad
CUST09227,Ronald Baker,33,Male,13673.96,North Carrie
CUST03247,Andrew Christian,28,Female,,Andersontown
CUST09999,David Hayes,33,Male,50349.0,North Paulport
CUST02031,Christina Bates,22,Female,43557.41,Weaverhaven
CUST01580,Debra Bradley,38,Female,50150.63,Crystalville
CUST07074,Elizabeth Mccoy,53,Male,48807.61,South Christopher
CUST06763,Janice Roberts,55,Male,64587.47,New Carlos
CUST01003,Derrick Brown,60,Male,63493.95,Williamport
CUST02205,Michael Hanson,53,Male,46379.93,
CUST01212,Daniel White,53,Male,66520.01,North Christina
CUST01442,Crystal Hernandez,28,Male,,South Sarah
CUST02171,Stacy Johnson,35,Male,44968.1,Rayberg
CUST02913,Amy Bailey,56,Male,47781.75,West Johnmouth
CUST09615,Christy Dennis,55,Male,,Scotttown
CUST07890,John Baker,45,Male,46328.29,Johnsonport
CUST07381,Stacy Adkins,28,Female,40566.75,Brownborough
CUST00364,Tracy Burke,21,Male,56398.23,Port Angelamouth
CUST02561,Mark Henson,25,Male,59658.05,Jenniferstad
CUST02660,Steven Martinez,32,Male,51789.67,North Thomas
CUST07397,Alexander Drake,37,Male,53552.06,New Sarah
CUST07566,Andrew Lewis,66,Female,43603.82,East Gregory
CUST01088,Katherine Gallagher,20,Female,40812.48,South John
CUST05547,Justin Bishop,67,Male,36826.57,Port Sarah
CUST08767,Christian Woodard,71,Female,44460.18,Justinborough
CUST07101,Timothy Perez,36,Male,42294.07,
CUST07106,Elizabeth Serrano,32,Male,,Davischester
CUST09592,Cynthia Gates,60,Female,76441.85,Nortonborough
CUST04196,Mrs. Laurie Williams MD,38,Female,33584.22,Shelleyside
CUST02438,Cory Willis,40,Male,60750.88,Cobbstad
CUST04635,Traci Wilson,35,Female,51972.28,Jorgeberg
CUST07481,Denise Combs,64,Female,75435.49,Emilyport
CUST01735,Joanna Kelly,56,Female,31890.28,New Susan
CUST03893,Jeffrey Joyce,37,Male,58813.42,Andrewside
CUST02671,Antonio Nichols,40,Female,54340.2,Lake Jessica
CUST01310,John Mendez,59,Female,44771.78,West Teresa
CUST06404,Mandy Lee,42,Male,43958.64,West Rachaelbury
CUST08235,Diana Murray,46,Female,12067.64,Juanland
CUST08940,Veronica Lewis,23,Female,59389.38,New Lindsey
CUST07001,Katherine Phillips,43,Female,58794.54,South Victor
CUST06654,Brian Bullock,39,Male,,Mccallland
CUST06563,Michael Thompson,60,Female,63364.14,Walkershire
CUST09621,Stacy Chen,32,Male,65870.6,Rodriguezmouth
CUST09213,Amanda Brown,32,Male,59606.6,Danielberg
CUST09815,Kimberly Nolan,32,Male,39746.51,Julieborough
CUST07726,Richard Brown,59,Female,32156.78,North William
CUST05193,Carl Larsen,74,Female,64035.28,Troyton
CUST00997,Christina Johnson,22,Female,61250.09,New Joseph
CUST05205,Jenny Cox,25,Female,15498.74,West Jessicaview
CUST02869,Nicholas Holland Jr.,61,Male,79311.77,Lake Lawrence
CUST01554,Ariana Stewart,25,Female,63389.91,Josephchester
CUST03969,Thomas Garcia,37,Male,57129.6,Thomaston
CUST05787,Cody Lawson,70,Male,55425.77,North Luisside
CUST00754,Dana Hopkins,25,Male,48912.91,New Tammie
CUST02805,Dylan Tucker,35,Male,39452.78,Robertview
CUST09620,Judy Brown,27,Male,39292.37,
CUST09813,John Davis,48,Male,67767.89,Devinfort
CUST09373,James Kim,56,Male,72906.0,Michaelland
CUST09562,Sara Mccoy,66,Female,56417.0,Port Kimberly
CUST09771,George Mercer,37,Female,41407.09,Lake Carriemouth
CUST09703,Rebecca Chan,23,Female,59033.67,Micheleshire
CUST01354,Tina Walter,62,Male,55299.17,North Raymond
CUST02855,Bradley Thornton,23,Male,63028.91,Hillborough
CUST04969,Jesse Davis,68,Male,35168.78,Erikaborough
CUST01825,Anthony Parker,40,Male,22211.64,New Tanyashire
CUST04146,Michael Rush,19,Male,37741.59,Jenniferton
CUST04464,Earl Hall,73,Female,45117.41,East Marymouth
CUST00679,William Harrison,40,Female,50582.86,Nelsonberg
CUST01113,Brian Gonzalez,34,Female,,Lewishaven
CUST03403,Laura Gilbert,55,Female,39453.88,
CUST02350,William Casey,52,Female,65594.16,Port Georgeville
CUST05695,Melinda Jacobs,64,Male,54393.76,Port Tiffanyside
CUST01525,Kurt Wagner,27,Male,60857.83,Stephenchester
CUST05173,John Clark,64,Male,47154.42,East Matthew
CUST08485,Daniel Owen,59,Female,19488.3,East Karen
CUST03985,Betty Pollard,62,Male,82120.18,Lake Makayla
CUST02963,Robert Thomas PhD,59,Male,69752.08,North Katherine
CUST00540,James Gilbert,71,Male,54887.91,Cortezstad
CUST03615,Maria Taylor,34,Male,40835.14,Jacobbury
CUST04661,Scott Brown,60,Female,57052.07,Roachbury
CUST02524,Johnny Riddle,62,Male,53909.03,Thomashaven
CUST03796,David Armstrong,61,Female,58727.52,Rachelborough
CUST09119,Michael Mccall,49,Male,43479.86,Angelafurt
CUST02796,Cristian Mendoza,26,Female,39981.13,
CUST09241,Matthew David Jr.,52,Male,24889.47,Sharonside
CUST06934,Robert Grant,30,Female,34420.4,New Crystal
CUST02530,Jennifer Smith,25,Male,40847.51,Coreymouth
CUST08560,Isabel Hall,39,Male,52067.85,
CUST05118,Joseph Miller,36,Female,50443.72,Lake Cynthia
CUST02877,Charles Burton,72,Female,75321.43,Burkeborough
CUST04620,Jonathan Cisneros,61,Male,38581.03,Lake Joseph
CUST07958,Abigail Parsons MD,37,Female,60875.24,New Adrianafurt
CUST09781,Carol Morgan,62,Male,67895.59,East Andrewton
CUST06849,Danielle Bennett,49,Female,42678.38,East Charlesland
CUST00090,Matthew Mcmillan,32,Female,35701.79,South Barrymouth
CUST03088,Gary Marshall,38,Male,25334.38,Pennyville
CUST08857,Justin Williams,35,Male,67722.2,Cassandraside
CUST02140,Luke Solomon,64,Female,71354.62,South Ryanstad
CUST00048,Joshua Blair,38,Female,66154.48,Aaronfurt
CUST00888,Chris Velazquez,28,Female,59145.93,Lake Jessicahaven
CUST05309,Diane Bishop,36,Male,48498.77,Davidchester
CUST08921,William Morse,29,Male,67175.48,Lake Victoriamouth
CUST04057,Victoria Benitez,30,Female,45187.19,South Allison
CUST05716,Ruben Charles,39,Female,48930.76,New Alan
CUST08099,Brooke Ramirez,52,Male,43578.41,New Christopherville
CUST09734,Jillian Mack,74,Male,38904.47,Sharonbury
CUST00513,Robert Arnold,72,Male,34464.13,Bowmanchester
CUST06152,Jacob Miller,37,Male,20622.18,North Brandonstad
CUST07474,Sylvia Clark,45,Female,43765.68,Lake Williamhaven
CUST09664,Laura Lucero,27,Female,43679.13,Markhaven
CUST03623,Francis Andrews,66,Male,69977.13,South David
CUST05053,Wayne Jackson,31,Male,65494.7,Lake Thomashaven
CUST05063,Kayla Ray,21,Female,28625.18,Derekfort
CUST00683,Jennifer Hernandez,47,Female,59828.17,Lake Emilyborough
CUST04020,Gregory Wiggins,61,Female,35167.11,West Thomasbury
CUST08822,Hector Williams,43,Male,49364.04,Gonzalezshire
CUST02384,Austin Green,59,Female,82091.36,Port Daniel
CUST00617,Jonathan Jacobson,29,Male,41412.73,West Michaelshire
CUST03610,Jessica Long,74,Male,44482.89,New Kimberly
CUST04010,Brendan Kelly,72,Male,,South Daniel
CUST03122,Bradley Hansen,69,Male,32895.92,Kyleport
CUST02336,Charles Scott,61,Male,54709.34,South Jose
CUST01235,Jessica Smith,28,Male,28736.1,Hayleyberg
CUST07811,Rachel Martin,60,Female,76951.33,East Desiree
CUST08856,Cathy Miller,39,Female,74483.11,Williamfurt
CUST05532,Keith Gonzalez,70,Male,64608.28,West Marcia
CUST01851,Michael Williams,35,Male,52446.69,Port Robert
CUST00237,David Davis,56,Male,25063.42,East Elizabeth
CUST01115,Michael Phillips,37,Male,42695.08,East Bethany
CUST00479,Kaylee Hays,32,Male,48619.63,New Brandi
CUST07943,Michael Wilson,56,Male,50312.87,South Nicole
CUST06110,Suzanne Williams,71,Female,58319.22,
CUST05751,Taylor Salinas,36,Male,55702.53,Joannaborough
CUST02758,William Lindsey,43,Male,74532.36,Jonathanport
CUST07259,Cristina Thompson MD,19,Female,54198.87,Garciastad
CUST02270,Mrs. Amy Malone,56,Female,48659.38,Kellytown
CUST02272,Mark Reeves,55,Male,59001.53,Mcculloughberg
CUST02563,Lee Richards,63,Female,56836.88,New Carlos
CUST05743,Randy Perez,45,Male,63441.67,Roseview
CUST03401,Charles Cervantes,38,Male,63525.68,Port Rebeccaport
CUST02831,Tammy Jones,26,Female,72401.42,Michelleland
CUST09035,Jacob Peters,50,Female,48747.07,Port David
CUST08821,John Garcia,61,Female,31466.45,South Sandra
CUST08354,Tina Ortiz,56,Male,52515.55,Jasonview
CUST01060,Arthur Mcneil,47,Male,40597.65,Parkerton
CUST05329,Gary Greer,73,Male,16961.35,South Nicholas
CUST09850,Kyle Reed,55,Female,57281.87,Masonmouth
CUST05786,Anthony Cherry,56,Male,47451.84,East Cory
CUST01859,Brent Rojas,66,Male,45020.92,Martinezmouth
CUST09997,Mrs. Kerri Weeks,57,Male,26545.46,Port Megan
CUST04346,Daniel Patterson,53,Male,55006.21,New Jessica
CUST03280,Tammy Alvarado,64,Male,48031.47,Fieldschester
CUST07359,Elizabeth Brock,46,Male,35376.84,Lake Caroline
CUST05938,Rose Jackson,27,Female,70623.29,West Dalton
CUST04387,Richard Rodriguez,29,Female,53471.46,Leahview
CUST05021,Lori Holland,74,Male,55856.45,Krystalfort
CUST00708,Joseph Williams,22,Female,37870.32,New April
CUST06805,Jessica Smith,24,Female,33256.95,Lisabury
CUST07192,Amanda Hess,28,Female,13551.33,North Taylorland
CUST04194,Joanne Harmon,55,Male,65487.89,Jessicastad
CUST03864,Kimberly Taylor,69,Female,40160.5,New Josephmouth
CUST07884,Abigail Hart,71,Female,52773.88,Mayofurt
CUST05769,Becky Sellers,30,Female,51489.83,North Robinview
CUST09996,Miss Laura Davis,58,Female,55589.19,East Garyland
CUST04648,Patricia Adkins,40,Male,51485.82,Markfurt
CUST05379,Victor Yates,40,Female,49758.8,Port Alexandraburgh
CUST03456,Joseph Heath,28,Male,48340.13,Port Aliciafort
CUST08508,Kimberly Shaffer,51,Male,48862.01,Henrytown
CUST07668,Dr. Diana Espinoza,72,Male,54540.26,Harringtonhaven
CUST03244,Tammy Rowe,49,Male,23204.2,Stewartland
CUST03383,Natalie Martinez,73,Female,67589.36,Melissamouth
CUST05064,Ashley Olson,18,Female,85301.68,Port Dennis
CUST04219,David Wiggins,28,Female,43443.88,Higginsland
CUST01672,Julia Reeves,70,Male,76690.84,New Edward
CUST04458,Katherine Clarke,33,Female,51507.32,Katiebury
CUST08945,Nathan Hickman Jr.,29,Male,63008.35,Thomasside
CUST03781,Pamela Smith,52,Male,42366.2,South Daniellechester
CUST06400,Tracy Hernandez,48,M,57758.63,North Scott
CUST03075,James Silva,52,Female,31539.74,Fernandezville
CUST03111,Steven Mayo,34,Male,44944.03,New Robinborough
CUST06328,Stephanie White,57,Male,21844.02,West Kellymouth
CUST03371,Paul Wilson,31,Female,33593.27,Tonibury
CUST09575,Jessica Murphy,26,Female,22264.04,Caitlinshire
CUST01777,Michael White,58,Male,64662.91,Port Kellyfort
CUST06001,Miranda Beck,63,Male,35167.59,Nelsonmouth
CUST07787,Lisa Hall,25,Male,40570.55,Leeburgh
CUST09219,Amy Lee,71,Male,69013.06,East Ryanville
CUST05663,Troy Ward,53,Male,24274.51,North Helen
CUST08310,Charles Rice,18,Male,43966.3,Harrisville
CUST04045,Kevin Mccullough,46,Female,67848.83,New Amandastad
CUST08098,Debra Caldwell,28,Male,51502.51,East Aaron
CUST04158,Melissa Rogers,71,Female,,Reedside
CUST03214,Nancy Brown,25,Female,43205.08,New Robin
CUST00402,Mary Thompson,21,Female,31907.73,New Lauren
CUST00937,Edward Jenkins,25,Female,54390.65,Shawnhaven
CUST03890,Traci Martinez,36,Male,65496.59,Melaniebury
CUST07017,Craig Marsh,43,Male,53809.87,Port Heathertown
CUST05701,Chad Poole,69,Female,44361.39,Lake Oscarberg
CUST08570,Michelle Knight,35,Male,,Reneehaven
CUST06280,Philip Cole,48,Female,56290.84,Wandaborough
CUST03061,Terry Stokes,56,Female,16101.62,East Jonathan
CUST09356,Elizabeth Dean,36,Female,44762.37,North Robin
CUST01226,Kimberly Smith,30,Male,41024.08,Jenniferfurt
CUST00252,Tanya Kim,49,Female,34588.15,Pearsonview
CUST08023,Gary Walker,36,Male,56092.25,Jasonview
CUST08308,Mark Jackson,66,Female,27115.57,Port Sarahbury
CUST07928,Elizabeth Cooper,68,Female,32809.41,New Susanstad
CUST02747,Elizabeth Nicholson,43,Male,42826.42,Robertmouth
CUST04883,Jeffrey Gibbs,18,Male,26366.28,East Kathryn
CUST03299,Nathan Hess,45,Male,57373.99,Nelsonchester
CUST08402,Gregory Green,72,Female,59246.75,Deckerbury
CUST05734,Catherine Castaneda,28,Female,28042.94,Port William
CUST04013,Miss Gina Walton,45,Female,,Mcculloughbury
CUST02600,Janice Cunningham,51,Female,32600.89,South Susanland
CUST05105,Jerry Walsh,31,Male,58451.72,South Markton
CUST02108,Cynthia Clark,69,Female,47832.11,Cookport
CUST00654,Robert Dennis,42,Male,52436.59,Martinezport
CUST09855,Brandy Casey,70,Male,22076.86,Nelsonview
CUST05386,Anthony Hodges,41,Male,49347.07,Nicoleside
CUST03311,Chad Daugherty,32,Female,77876.11,Allenborough
CUST09058,Brandy Allen MD,66,Female,17064.23,Stephenfurt
CUST09500,Emily Oneal,57,Female,44528.33,West Adamborough
CUST01346,Penny Gomez MD,32,Female,45076.1,Terrymouth
CUST07741,Diane Taylor,52,Male,23688.82,Ericashire
CUST02363,David Bird,54,Male,65255.87,South Charles
CUST06720,Brett Bailey,71,Female,58195.33,West Victoria
CUST04935,Kimberly Thomas,50,Male,40312.39,Melissaville
CUST08474,Richard Nelson,74,Male,55042.76,West Robert
CUST02338,Lucas Nguyen,23,Female,25528.23,New Rebecca
CUST05966,Scott Roy,38,Female,40046.66,South Noahfort
CUST08416,Jordan Baxter,71,Male,43229.54,South Allenbury
CUST00351,Kimberly Nguyen,52,Male,50421.35,Port Miguel
CUST04062,Shawn Doyle,25,Male,68599.04,South Donald
CUST01254,Julia Dunn MD,52,Female,42796.4,West Donna
CUST03895,Todd Lutz,42,Female,20891.61,Emilymouth
CUST02093,Paul Young,34,Female,74120.46,Hendersonbury
CUST00277,Marie Christian,65,Male,50494.17,Coxtown
CUST08100,Nicole Smith,54,female,30765.33,Williamsonview
CUST00707,Mr. Richard Knight PhD,70,Male,,Lake Jamiemouth
CUST05050,Michael Moon,56,Male,58207.39,New John
CUST02378,Johnny Cox,19,Female,49856.21,Port Maria
CUST02542,Eric Williams,64,Female,42252.01,Port Francesfort
CUST08068,Vicki Fry,21,Male,31829.79,Port Royview
CUST09927,Joanne Dean,43,Female,34903.16,South Robert
CUST05814,Erica Smith,61,Female,54948.99,Andrewfurt
CUST06547,Jeremy Nicholson,34,Female,49778.39,Riceside
CUST00490,Heather Williams,66,Male,61768.2,Powellport
CUST03076,Emily Bauer,24,Female,58975.73,Lake Jessica
CUST03308,Debra Wolfe,44,Male,40908.34,Lake Jimmy
CUST02388,Jordan Pace,29,Female,62856.08,East James
CUST03471,Dennis Douglas,31,Male,56629.24,North Baileybury
CUST00504,Katherine Martinez,56,Female,49156.04,Ralphfurt
CUST00820,Debra Perry,32,Male,39892.68,Mosesville
CUST04918,Tiffany Zamora,39,Female,52008.08,Kempbury
CUST06890,Claudia Wilson,73,Male,44662.46,Woodside
CUST05222,Justin Hammond,21,Male,48194.26,Port Rachel
CUST07638,Stephanie Lopez,43,Male,53374.55,Lozanoton
CUST07655,Austin Taylor,59,Male,60605.75,South Kimberly
CUST01016,Suzanne Jones,33,Female,61314.1,South Joseph
CUST06157,Charles Gonzales,73,Male,,Shawnville
CUST09312,Samantha Holmes,61,Male,14204.31,Steventon
CUST07850,Laura Cox,35,Female,51009.23,Nealhaven
CUST00930,Jill Anderson,18,Male,78634.91,Elizabethfurt
CUST01549,Lisa Brown,20,Male,54890.49,Trujilloborough
CUST05336,Nicole Barton,68,Male,41739.73,Jeffreybury
CUST01061,Shannon Green,60,Female,73867.42,New Meghan
CUST09434,Jacob Wu,38,Male,30556.51,West Raymondtown
CUST05156,Stacey Stone,58,Male,42670.57,Brandonmouth
CUST09763,Jasmine Carson,28,Female,41351.13,Perezmouth
CUST08962,Maria Ward,65,Female,48156.46,West Jonathan
CUST08771,David Owen,53,Female,23764.21,Kelleyview
CUST00436,Ralph Anderson,57,Male,49655.62,Dustinfort
CUST03949,Monica Atkinson,58,Female,49576.82,Lake Ralphview
CUST04977,John Payne,19,Female,68250.46,Frankfurt
CUST07561,Jason Weaver,59,Male,63449.0,Charlesfurt
CUST06135,Mr. Joshua Cohen,67,Male,37056.95,West Emma
CUST03920,Matthew Evans,36,Female,58915.24,Kathleenside
CUST02094,Charles Thompson,27,Female,41617.88,East Ericborough
CUST06398,Jonathon Knapp,29,Female,67387.31,Port Mariamouth
CUST04814,Lori Brown,53,Male,72584.65,Dustinview
CUST01503,Dawn Nixon,18,Female,59944.1,Davidmouth
CUST03404,Dustin Wilson,63,Female,84722.32,Lewisfort
CUST08404,James Gilbert,23,Male,66647.22,Katelynbury
CUST09262,Anna House,56,Female,30005.77,Port Nathanshire
CUST07255,Jordan Nixon,53,Male,35045.72,Lake Gerald
CUST09195,Jennifer Bennett,62,Male,18447.63,Dianafort
CUST01967,Francisco Johns,46,Female,42055.59,Myersfort
CUST07107,Candice Sanders,74,Female,81685.5,New Elizabeth
CUST03826,Alexander Guzman,34,Female,32929.47,Kerrifurt
CUST05376,Lee Perez,32,Female,42501.46,South Carol
CUST04241,John Browning,46,Female,76387.49,Hendersonmouth
CUST00921,David Kelly,38,Female,37902.32,Gloverview
CUST03413,Kelly Guerra,46,Female,62314.59,Nelsonport
CUST06197,Jeremy Silva,40,Male,51479.58,Sergiotown
CUST05920,Elizabeth Skinner MD,70,Male,68546.31,Brownshire
CUST06659,Corey Thornton,32,Female,50754.64,West Thomas
CUST00036,Sherri Baker,33,Male,58581.28,Marvintown
CUST06605,Mrs. Melissa Robinson,51,Female,51700.48,Port Michael
CUST07560,Charles Anderson,42,Female,51476.22,West Jonathon
CUST04305,Jeffrey Owens,34,Female,53183.41,East James
CUST04658,Zachary Swanson MD,40,Male,29029.48,Brownstad
CUST01344,Christopher Johnson,69,Male,32220.22,Ashleyland
CUST08253,Diane Smith,40,Male,43825.71,West Meganhaven
CUST01765,Audrey Jackson,40,Male,50071.96,South Jonview
CUST05089,Tracey Hogan,68,Male,68760.28,New Nicholaschester
CUST08541,Jeffrey Evans,61,Female,71331.3,Cookhaven
CUST06548,Kathy Nguyen,23,Female,58865.72,Monicahaven
CUST07993,James Morgan,28,Male,36405.38,West Denise
CUST00862,Holly Vega,46,Female,40841.57,Lake Stephanietown
CUST06488,Tony Rodriguez,61,Male,66996.73,Hinesfort
CUST01492,Chelsey Fox,49,Male,61716.19,Lake Peter
CUST09077,Albert Bishop,33,Female,45074.14,Johnsonfort
CUST04724,Steven King,53,Female,41135.02,Tonyaport
CUST00037,Cassandra Gaines,32,Male,76103.17,South Linda
CUST09100,Tyler Murphy,28,male,53512.58,Jeffreyburgh
CUST08455,Katelyn Harper,59,Female,51817.67,Roweville
CUST04720,Brianna Adams,26,Female,43081.56,Port Randy
CUST04109,Daniel Lee,43,Female,40048.81,Nguyenport
CUST01489,Deborah Williams,68,Male,44362.92,Jamesland
CUST01281,Jacob Williams,56,Female,78660.77,East Lucasberg
CUST09956,Adam Evans,55,Female,58423.5,Lake Ashleychester
CUST08277,David Cruz,48,Male,51901.09,
CUST04257,Kelly May,65,Male,50305.54,East Tyler
CUST05955,Christopher George,74,Female,45053.95,Velasquezchester
CUST00836,Danielle Watson,55,Female,50771.65,Webershire
CUST08817,Jennifer Snow,30,Male,59205.66,South Christina
CUST03932,David Romero,50,Male,63873.7,East Seth
CUST03937,Kristina Monroe,28,Female,16465.22,West Richardshire
CUST09897,Jocelyn Campbell,60,Female,37737.45,Pachecoview
CUST04625,Erin Gardner,74,Male,52785.75,North Kathryn
CUST07408,Jared Stark,61,Male,60978.72,West Jerry
CUST01926,Joshua Martin,74,Male,42905.26,West Robert
CUST05470,Jessica Jones,38,Female,22142.05,Reedfort
CUST02644,Robin Smith,65,Female,66558.93,West Nicolebury
CUST01806,Heather Maldonado,56,Male,53689.81,Baileymouth
CUST02105,Sean Mathews,29,Female,56582.58,Chelseaborough
CUST03618,James Nicholson,45,Female,32431.54,Wrightton
CUST06959,Andrew Cortez,73,Female,51332.12,Wigginschester
CUST04886,Corey Mooney,69,Female,50687.18,Mercerfort
CUST05975,Christopher Shelton,70,Male,55500.33,Joanland
CUST07280,Vernon Walters,51,Female,53192.72,Dawnburgh
CUST07284,Bryce Francis,23,Female,38184.33,North Whitneyview
CUST01014,William Graham,28,Female,57293.32,North Adamview
CUST08838,Laurie Pierce,37,Female,54275.35,West Markfort
CUST08976,David Williams,26,Female,70799.04,North Melanieville
CUST00745,Vincent Novak,26,Male,50022.4,Ashleyview
CUST04819,Derek Williams,68,Female,50159.75,Lake Robert
CUST00832,Scott Alexander,27,Male,41832.55,
CUST05712,Valerie Lopez,23,Male,47786.37,East Stephenbury
CUST01826,Joy Jackson,61,Male,57657.16,East Melissaside
CUST07912,Victor Ball,62,Male,57536.68,Port Jonathan
CUST09709,Laura Patel,34,Male,60529.11,East Briana
CUST07173,Shelly Horton,45,Male,42522.85,New Markstad
CUST08103,Mary Whitney,53,Male,56793.7,New Jennifermouth
CUST04418,Kylie Bailey,45,Female,68220.5,Yvonneport
CUST09353,Katherine Boone,53,Male,61991.25,Dylantown
CUST00794,Jerry Brown,73,Female,48982.15,Catherinetown
CUST02789,Courtney Foster,32,Male,47624.15,Langmouth
CUST08346,Alan Murphy,66,Female,34680.99,North Amytown
CUST05717,Jennifer Brooks,71,Male,55523.15,South Michelle
CUST03476,Joshua Rodriguez,33,Female,75326.6,North Jasonmouth
CUST00193,Angelica Keith,70,Female,63057.98,Katieland
CUST02615,Shawn Luna,18,Female,53798.94,Annamouth
CUST05260,Maria Gonzalez,20,Male,45672.44,New Matthew
CUST03500,Christine Mendez,22,male,48147.84,East Laurabury
CUST06267,Louis Gibson,53,Female,45127.24,Nicoleburgh
CUST06946,Allison Clark,40,Female,60154.12,Julieville
CUST06615,Allison Sharp,36,Female,54960.02,Jamesberg
CUST03706,Mike Martinez,58,Male,48935.57,South Michaelfort
CUST01327,Nicole Gutierrez,72,Male,43656.91,Benjaminmouth
CUST09539,Michelle Warner,44,Female,30551.03,Saraville
CUST00335,Andrea Hubbard,41,Female,32260.33,Janeburgh
CUST04448,Tiffany Davis,49,Female,37619.49,Alexview
CUST07571,Christine Montgomery,24,Female,61361.07,Lake Jeremy
CUST05513,Alicia Navarro,21,Male,87743.82,Melissaton
CUST09327,Gary Scott,73,Male,31157.35,South Randystad
CUST07891,Megan Hall,50,Female,51484.38,Lake Adrian
CUST01822,Amanda Thomas,57,Male,56159.82,Fitzpatrickville
CUST00224,Matthew Moore,61,Male,38657.89,Paulmouth
CUST06349,Dr. Kathryn Adams DDS,21,Female,82107.54,Ortizchester
CUST07950,Danielle Bradley,68,Male,47605.33,Elizabethport
CUST04203,Mary Thompson,72,Female,46685.4,Richardview
CUST01754,Jonathan York,72,Female,45833.09,Jotown
CUST04289,Angela Rodriguez,59,Female,65072.02,Richardhaven
CUST06843,Matthew Barrett,45,Male,43427.98,South Deborahmouth
CUST05327,Stephanie Peterson,24,Female,81361.52,New Alexander
CUST09054,Amanda Wilson,70,Male,45014.81,Markberg
CUST08121,Rachel Torres,40,Female,35696.43,Port Tabithaside
CUST04670,Stephen White,64,Female,60188.11,West Seanmouth
CUST02349,Christina Faulkner,68,Female,,Samuelview
CUST08576,Melissa Smith,43,Female,67904.89,Port Micheleville
CUST09177,Rebecca Rodriguez,50,Male,51744.52,Port Robinbury
CUST05962,Joseph Church,47,Male,63130.34,South William
CUST03059,Alex Jones DVM,21,Female,66595.04,Rebekahmouth
CUST09441,Anne Jones,50,Female,70297.23,South Robert
CUST03406,Thomas Zhang,74,Female,24248.04,Smithtown
CUST07407,Mackenzie Price DDS,44,Male,55439.61,Howemouth
CUST04906,Taylor Espinoza,50,Female,59872.02,North Ericfort
CUST01691,Julie Anderson,38,Female,87792.78,New Kayla
CUST01082,Brenda Gonzalez,62,Male,56137.85,New Markshire
CUST00616,Bryan Parker,54,Female,65563.81,West Williambury
CUST06879,Eric Wright,22,Male,43270.72,Port Heidiborough
CUST07435,Joshua Johnson,25,Female,61032.65,North David
CUST03460,Ashley Sanders,50,Female,62432.05,Paulborough
CUST00642,Joshua Rice,51,Male,21800.64,Bryanthaven
CUST05151,Chase Burnett,40,Male,46663.78,Lake Michael
CUST06229,Michelle Williams,51,Female,42411.85,Port Stuartfurt
CUST03068,Sean Wilson,69,Male,33217.71,Lake Andrew
CUST04475,Michael Williams,57,Female,57713.09,New Danielle
CUST03756,Paula Lee,33,Female,20071.3,Port Hannah
CUST05217,Elizabeth Brown,49,Male,35792.64,Christiefort
CUST01259,Kevin Cunningham,46,Female,84503.31,West Johntown
CUST04782,Anthony Garrison,45,Male,79622.35,Lake Randyfurt
CUST03295,Cory Kim,39,Male,27222.66,Ramoschester
CUST03242,Thomas Brewer,48,Male,57893.2,Mitchellfurt
CUST03884,Kimberly Wilson,55,Male,70790.7,Margaretmouth
CUST06590,Deborah Gregory,21,Female,42886.89,Sanchezmouth
CUST09955,Richard George,43,Female,40374.09,Stephentown
CUST02001,Steven Medina,46,Female,60208.61,New Kenneth
CUST02763,Nicholas Duffy,41,Female,38070.24,Sarahside
CUST01229,Michele Cherry,37,Female,68041.67,Sullivanberg
CUST04837,Michael Carter,51,Female,48332.74,West Stephanie
CUST00756,Karen Morales DDS,62,Female,70530.97,Hughesmouth
CUST01295,Mr. Daniel Martin,72,Male,45947.3,Walkerfort
CUST03606,Mary Guerra,67,Male,34632.11,Robertmouth
CUST03919,Brian Fuller,74,Male,46923.65,Christopherside
CUST04767,Miguel Reeves,55,Female,50487.27,Patriciafort
CUST09885,Rebecca Gonzalez,53,Male,77308.76,Andrewport
CUST09037,Kimberly Ward,19,Female,32008.47,South Jeffreyburgh
CUST05506,Robert Keith,52,Female,32599.5,South Kathy
CUST07452,Elizabeth Taylor,56,Female,34539.7,New Wesley
CUST05422,Crystal Abbott,43,Male,65990.94,North Courtneymouth
CUST00581,Daniel Bush,54,Female,53369.01,Emilytown
CUST03330,Carla James,64,Male,83301.69,West Coreybury
CUST09390,Patty Walker,66,Male,43092.47,Mcgeefort
CUST01739,Laura Bush,54,Male,65788.9,Kelleyville
CUST09518,Katherine Thomas,59,Female,41658.16,Juliafurt
CUST06978,Laura Daniel,52,Female,31786.28,West Zacharyville
CUST07438,Deanna Woodard,59,Female,52828.38,Perkinsmouth
CUST09520,Melissa Pierce,36,Female,57385.06,Campbellmouth
CUST00904,Ashley Moreno,23,Female,56737.02,Scottfurt
CUST04136,Bridget Wallace,45,Female,56972.88,Michaelland
CUST06505,Robert Fleming,29,Female,62763.71,Port Veronicamouth
CUST02372,Heather Thompson,49,Female,48349.16,New Cynthiaport
CUST09057,Alexandria Barnes,69,Male,32878.96,North Jeffreytown
CUST07045,Donna Williams,54,Female,59259.31,Nolanview
CUST00861,Bonnie Valencia,65,Female,69128.09,South Denise
CUST09628,Nathan Harris,48,Male,23846.7,North Kaylamouth
CUST02107,Dawn Davis,52,Male,34433.71,Port Ashleyburgh
CUST08215,Nancy Hogan,55,Female,55601.28,Evansmouth
CUST09419,Peter Thomas,44,Female,43196.48,Lake Samantha
CUST03744,Patrick Norris,21,Female,32279.99,Port Matthewton
CUST01473,Aaron Little,34,Male,57815.83,Oliverport
CUST01710,Casey Blanchard,53,Male,49535.82,West Roberttown
CUST05399,Madison Richardson,45,Female,34730.95,East Tracyfort
CUST03012,Alexis Cervantes,32,Male,74907.99,Ericaborough
CUST07202,Austin Snyder,66,Female,33244.36,Brownville
CUST01954,Breanna Lopez,73,Male,56694.42,East Susanland
CUST06527,Desiree Jimenez,55,Male,52936.31,Youngfort
CUST06228,Samantha Salinas,28,Male,58033.31,Mathewsfurt
CUST04482,Teresa Jacobson,42,Female,62007.68,West Susan
CUST06312,Alexandra Marshall,65,Female,39269.07,Fuentesberg
CUST04691,Jared Garza,35,Female,53634.22,New Wesley
CUST02791,Ashley Gonzales,45,Female,44472.42,Obrienstad
CUST08727,Madison Boyd,32,Male,69449.75,Staffordland
CUST05795,Michael Baker,46,Male,33446.25,Michelleberg
CUST09529,David Scott,34,Male,36872.27,New Lauren
CUST05443,Nicholas George,51,Female,40229.89,West Tracyport
CUST01187,Donna Boone,32,Male,83427.67,South Leroyland
CUST00910,Keith Graham,55,Male,52984.92,Melissaberg
CUST04363,Martha Williams,54,Female,33834.59,Austinchester
CUST06455,Darin Byrd,67,Male,46666.3,South Christina
CUST01729,Zachary Santiago,18,Male,9706.83,South Kathrynview
CUST05341,Devin Black,50,Male,34519.14,Pearsonmouth
CUST07355,James Dudley,37,Female,56671.26,Christopherborough
CUST07594,Nathan Brown,52,Female,39107.76,Kimberlyton
CUST04988,Sherry Shannon,47,Female,54204.22,Joshuafurt
CUST03445,Deborah Stewart,53,Male,45013.25,East Ryan
CUST07046,Tammy Morris,47,Female,35228.34,West Rickeystad
CUST07834,Catherine Nelson,43,Male,62540.01,South Garyberg
CUST06342,Ashley Friedman,74,Female,21816.88,Lake Christopher
CUST04960,Christopher Klein,40,Female,53990.74,New Ashleyfort
CUST04552,Gary Miller,70,Male,39110.42,South Daniel
CUST01552,Alicia Dillon,45,Male,55718.24,New John
CUST05267,Tracy Santiago,72,Male,59538.96,East Sydney
CUST03095,Kathleen Mooney,73,Male,59057.91,Moralesburgh
CUST07375,Samuel Wolfe,49,Female,40907.96,Shawnport
CUST08918,Lauren Stone,48,Male,,West Jeffrey
CUST00766,Raymond Chapman,23,Female,51821.05,Genehaven
CUST00536,Morgan Valencia,18,Female,1739.32,Bethland
CUST07170,Terry Mills,34,Female,47411.02,South Amberberg
CUST07841,Amanda Hill,47,Male,56324.66,Paultown
CUST07094,Rebecca Clark,69,Female,68085.6,Rossshire
CUST01913,Jennifer Cooper,69,Female,38720.85,Carlsonfurt
CUST08056,Andrew Abbott,35,Female,51748.33,Castanedashire
CUST02870,Christopher Long,53,Male,74981.8,West Johnside
CUST03025,Kevin Johnson,23,Male,53393.07,Smithberg
CUST08067,Spencer Jones,43,Male,41986.99,Lake Sarahview
CUST07318,Dean Harrington,34,Male,77621.58,South Katherineside
CUST05980,Taylor Smith,40,Female,59609.41,Masontown
CUST03861,Kelly Moore,70,Female,41196.55,Port John
CUST01609,Jack Mills,69,Male,36214.82,Port Arthur
CUST06382,Valerie Robertson,71,Male,56579.54,West Matthew
CUST07812,Carolyn Moore,31,Female,42685.55,Bonnieberg
CUST05319,David Mendoza,40,Female,84112.93,Port Kimberlyfurt
CUST09406,Jessica Reese,73,Male,40358.02,South Danny
CUST04598,Stephen Allen,28,Male,49997.48,Blacktown
CUST06714,Devon Davis,61,Male,50017.39,Port Denise
CUST00803,Rodney Williams,64,Female,48494.09,Lisahaven
CUST05931,Meagan Patterson,74,Female,36329.7,Jenniferville
CUST00439,Jason Rhodes,67,Female,44832.94,North Samantha
CUST03915,Desiree Stafford,24,Male,48873.72,Watsonstad
CUST04461,Michael Burke,58,Male,,Port Charles
CUST02142,Casey Morris,37,Male,60902.79,East Heather
CUST01051,Alexa Buck,44,Female,44114.54,Doylehaven
CUST01336,Charles Frost,71,Female,72056.01,Port Eric
CUST09561,Richard Brown,56,Male,58813.91,South Matthew
CUST06092,Tony Cooper,68,Female,,Blakehaven
CUST04773,Ethan Obrien,46,Female,50275.96,Port Laurenfort
CUST00127,Jason Powell,59,Male,58778.6,West Allisonville
CUST08519,Maria Garcia,18,Female,50554.2,South Kevin
CUST02625,Deanna Barrera,49,Female,55622.96,Littlemouth
CUST06223,David Silva,59,Female,50662.86,South Danielstad
CUST05509,Edward Tucker,42,Female,80043.4,West Douglasside
CUST00779,Kevin Price,30,Female,69679.14,Jamesview
CUST02566,Stephanie Parker,18,Male,49374.93,Shahburgh
CUST05709,Melanie Baker,38,Male,34051.95,Calebside
CUST01017,James Nguyen,25,Female,58725.48,Jasonburgh
CUST04133,Joseph Montgomery,54,Female,47404.81,West Brandy
CUST06716,Christine Dillon,56,Male,58447.69,East Elizabeth
CUST04372,Susan Garcia,62,Male,43463.83,Matthewfort
CUST06910,Patricia Atkinson,20,Female,56495.29,New Shelleyburgh
CUST09212,John Moore,74,Male,20605.31,Stephensport
CUST07185,James Cox,61,Male,80173.99,New Sarah
CUST03147,Jenna Garcia,27,Female,34271.13,New Nathaniel
CUST07666,Thomas Macdonald,38,Female,23141.48,Sparksbury
CUST05039,Evelyn Bryant,46,Male,30478.39,Lake Robert
CUST08753,Michael Cook,50,Male,22035.46,East Eric
CUST02407,Thomas Ramos,19,Female,,Nixonville
CUST09702,Kevin Craig,44,Female,31246.55,Port Shawn
CUST03363,Zachary Miller,53,Female,34534.44,New Donna
CUST03382,Dennis Spencer,23,Male,31735.65,Andrewchester
CUST05928,William Lewis,33,Female,48793.67,North Stephanie
CUST05823,Tamara Peterson,19,Male,39298.24,Lake Karenview
CUST07971,David Brooks,62,Male,87801.91,New Loriport
CUST05813,Tiffany Barton,68,Female,44540.89,Keyburgh
CUST03343,Desiree Booth,21,Female,52630.55,West Yolanda
CUST04117,Joseph White,40,Female,43887.87,Lake Mistyhaven
CUST07576,Johnathan Palmer,69,Male,66225.19,Port Josephhaven
CUST01483,Kelly Miles,24,Male,51880.39,Maryland
CUST02876,Amanda Wright,74,Male,54034.13,Port Tamarafort
CUST08320,Brianna Bailey,24,Male,5271.02,West Benjamin
CUST03053,Mary Hill,63,Male,55564.59,Carlsonburgh
CUST05972,Theresa Goodman,39,Female,55060.04,East Catherinefort
CUST04104,Crystal Morales,62,Female,64155.71,Hudsonview
CUST04467,Robert Price,47,Male,50933.33,West Jenniferview
CUST02419,David Robles,42,Male,66065.5,West Bobbybury
CUST01684,Gina Wallace,18,Male,73481.16,Port Michael
CUST03774,Rachel Chan,50,Female,17631.36,Jasonland
CUST00692,Crystal Mann,66,Male,47810.37,Lake Karen   
CUST00198,Adam Vaughan,61,Male,21619.44,Debbietown
CUST00081,Mike Allen,35,Male,51803.91,Nielsenborough
CUST00398,Ashley Hicks,50,Female,49985.83,East Mike
CUST00817,Beth Cline,58,Male,45345.97,Thompsonbury
CUST00403,Kathleen Webster,52,Female,77401.0,Brooksbury
CUST08916,Trevor Ross,34,Male,,Wilsonmouth
CUST05494,Adrian Levine,59,Female,47095.78,Kimberlyton
CUST07804,Dr. Heather Johnson PhD,23,Female,68736.74,Jonathanbury
CUST08195,Daniel Martinez,53,Male,41765.66,New Mary
CUST03334,James Gilbert,25,Female,44786.9,North Cindychester
CUST00383,Mr. Andrew Foster,47,Male,31632.1,Burgesshaven
CUST04404,Donna Mejia,41,Male,55973.94,Jamesville
CUST07423,Maxwell Whitaker,30,Female,57860.51,Lake Benjamin
CUST01786,Stephanie Dominguez,40,Male,31736.8,Davidchester
CUST07090,Sarah George,71,Female,34284.24,
CUST06802,Douglas Hampton,31,Male,60604.0,Robertbury
CUST04156,Alicia James,35,Female,48597.84,New Mistychester
CUST03241,Phillip Turner,49,Male,47948.76,Lake Monica
CUST08840,Joseph Mendoza,63,Male,40723.14,East Edward
CUST01620,Karen Ortiz,34,Male,60061.95,Barbarachester
CUST05218,Michael Bolton,27,Male,42262.68,Timothyport
CUST00550,Kelly Lee,39,F,73313.93,Jodiview
CUST08769,Benjamin Wheeler,63,Female,48666.81,North Jesse
CUST07956,Jacqueline Gonzalez,67,Female,69108.29,Michaelville
CUST09092,Cassandra Williams,30,Male,40646.52,North Karimouth
CUST01158,Jesse Castro,48,Male,33001.74,New Randy
CUST02821,Christy Kennedy,49,Male,66925.13,Port Tinaburgh
CUST06658,Debra Baxter,55,Female,53373.17,West Allenfurt
CUST09401,Marcia Lin,53,Female,51790.05,West Angelside
CUST00996,Edward Stanley,41,Female,,Port Kelsey
CUST02920,Mary Jones,69,Male,59173.57,New Colleenfort
CUST01676,Emily Lane,34,Male,41820.7,Claytonhaven
CUST05953,Brittany Byrd,66,Female,27130.99,North Jeffrey
CUST03369,Eileen Sanchez,34,Male,41505.17,Lake Tammyville
CUST05390,Teresa Wallace,74,Female,38832.37,Lake Amber
CUST09589,Justin Bautista,45,Male,38314.54,East Jamie
CUST08047,Christine Farrell,65,Male,35925.06,Danielleborough
CUST08463,Yolanda Wallace,55,Female,49991.75,South John
CUST01539,James Todd,74,Male,45616.48,South Derekberg
CUST03117,Nicole Barron,72,Male,46513.8,Port Ronnie
CUST05954,Gina Brennan,55,Female,38428.29,Graceview
CUST05022,Jesse Gardner,46,Male,55662.81,Millerfurt
CUST01637,Taylor Andersen,43,Male,44047.41,North Michele
CUST08084,Tracy Frost,30,Male,28315.79,Millerview
CUST04153,Paul Wolf,30,Male,68615.3,Matthewhaven
CUST02689,Michael Lee,31,Female,45264.37,Port Jonathanview
CUST01584,Samuel Henry,53,Male,,Bryanburgh
CUST07982,John Olson,58,Female,37904.23,Lake Brianview
CUST06303,Jason Rodriguez,72,Male,31187.92,Lake Reneeton
CUST03730,Christopher Farrell,67,Female,80487.57,Lake Ericside
CUST06679,Nancy Moreno,38,Male,45512.27,Danielburgh
CUST02865,Nicole Moore,47,Female,41487.83,Alexistown
CUST01945,Anita Luna,67,Female,44306.76,East Justin
CUST05902,Tammy Lynch,61,Male,64788.89,Haynesfort
CUST08533,Jacqueline Webb,60,Female,59051.44,Bethfort
CUST03020,Douglas Oliver,48,Male,44580.08,Lake Katherine
CUST03648,Mrs. Tammy Curry,64,Male,52253.57,Anneland
CUST05597,Luis Mcclain,60,Female,52806.28,New Jenniferfurt
CUST03961,Heather Shaffer,52,Male,29868.94,Port Stephanieport
CUST07966,Elizabeth Jones,48,Male,45954.8,West Danielleland
CUST01819,Bruce Roman,20,Female,59616.55,Kathrynville
CUST05675,Joyce Kelly,68,Female,72822.87,Garyhaven
CUST00545,Cindy Gomez,70,Male,59599.74,Graychester
CUST08163,Tammy Nguyen,72,Female,56990.77,Traceyborough
CUST05673,Michael Summers,26,Male,67738.71,Lake Lisa
CUST06132,Lee Rivera,29,Female,56445.71,Mortontown
CUST09688,Lori Phillips,57,Male,92021.16,Port Aaronside
CUST08092,Sherry Franco,20,Male,60904.62,New Brandon
CUST02143,Melissa Reeves,39,Female,48670.28,Nicoleside
CUST04118,Michael Cruz,47,Female,49913.29,North Hollytown
CUST00970,Nicholas Rush,35,Male,27783.23,Benjaminberg
CUST08505,Carol Baker,36,Female,26182.51,Lake Samanthachester
CUST09420,Henry Dunn,38,Male,42259.03,Clarkstad
CUST08410,Samantha Bailey,41,Male,62936.35,Robinsonbury
CUST09338,Hannah Wilson,45,Male,62960.41,South Jennifer
CUST02505,Jennifer Moore,67,Male,63311.68,Powellland
CUST06032,Vanessa Ramirez,62,Male,42537.1,South David
CUST05139,Elizabeth Butler,41,Female,71208.45,South Catherinestad
CUST05567,Stacy Garcia,18,Female,51674.32,Adamstad
CUST07459,Donna Wright,28,Female,50081.23,Garciaview
CUST03462,Danielle Nelson,23,Male,,North Tracy
CUST02332,Jennifer Williams,70,Female,47133.55,Maryview
CUST07394,Scott Nunez,34,Male,68726.71,North Jennifer
CUST01992,Bryan King,30,Female,53211.04,Barkerberg
CUST00196,Daniel Salinas,45,Male,49010.68,Port Casey
CUST07114,Mrs. Miranda Johnston,22,Female,48240.11,Humphreyberg
CUST09555,Brenda Crawford,65,Female,36508.79,Dudleyhaven
CUST08654,Rebecca Thompson,24,Male,41263.15,Jamesland
CUST09240,Aaron Gonzalez,60,Male,51526.0,Nicoleshire
CUST07781,Andrea Ramos,61,Male,89929.57,Jamesfort
CUST02544,Jade Allen,18,Female,,Shawnfurt
CUST03952,Jimmy Ritter,58,Female,43802.07,Timothytown
CUST02010,Kyle Collins,62,Female,22159.35,Hendersonfort
CUST09059,Kendra Smith,28,Female,41390.3,Burnettberg
CUST00870,Kimberly Myers,64,Female,48892.54,North Victorfurt
CUST06612,Christopher Roy,37,Male,31762.65,Amandahaven
CUST01971,Pamela White,51,Female,44577.28,Robertsville
CUST07035,Michael Stevens,25,Female,35991.23,Lake Michelleland
CUST05303,Cassandra Mitchell,33,Female,36234.89,Hodgesburgh
CUST08250,Jesse Yang,55,F,49274.64,West Paigehaven
CUST07895,Laura Hill,66,Female,49514.51,Jasonbury
CUST02424,Kevin Gregory,34,Male,37849.53,North Matthewfurt
CUST07071,Robert Smith,37,Male,58026.17,Hurleyberg
CUST07845,Bryan Castro,42,Female,54531.09,Carmenfurt
CUST02201,Brad Gordon,24,Female,45313.07,Port Mercedesland
CUST08550,James Gardner,24,Female,66288.89,Davidtown
CUST09254,Jose Ramsey,59,Female,37061.14,Christianburgh
CUST01743,Ann Kennedy,47,Male,21444.23,Lake Derek
CUST00562,Robert Richardson,31,Male,39607.87,Calvinbury
CUST07325,Kimberly Hanna,32,Male,65054.87,Port Denisefort
CUST08992,Vanessa Walker,41,Female,,South Jenniferport
CUST06818,Aaron Ayers,53,Female,62424.9,Smithchester
CUST01927,Thomas Sullivan,43,Female,,South Joshuafurt
CUST01889,Kimberly Norton,18,Female,20767.49,Port Kelli
CUST06739,Amanda Watts,54,Male,55789.61,Lake Christina
CUST07782,Aaron Shepard,18,Female,27195.9,Gamblehaven
CUST07345,William Morales,52,Female,56834.72,Lake Brian
CUST09499,Sarah Garner,53,Female,27156.39,Katrinafort
CUST03069,Garrett Robinson,53,Male,47200.54,Hardytown
CUST02704,Rebecca Barrett,47,Male,81219.76,Lake Patricia
CUST00867,Michael Miller,35,Female,,Christinamouth
CUST07505,John Hooper,71,Male,68488.16,Lake David
CUST03016,Kelly Hubbard,49,Female,55237.81,Victoriaport
CUST09648,Kyle Moore,20,Female,59379.29,North Johnview
CUST05340,Juan Davis,25,Male,60154.11,East Andrea
CUST05491,Brandi Ibarra,26,Female,61676.93,Lake Alexander
CUST04163,Melvin Flores,20,Female,70448.9,Port Diane
CUST04688,Paula Lopez,52,Male,54097.26,Steveberg
CUST02738,Samantha Jacobs,64,Male,66524.08,Martinezberg
CUST03172,Cheryl Blevins,30,Female,32317.36,Kellyburgh
CUST03523,Jorge Gonzales,63,Female,82309.35,Victoriachester
CUST00298,Keith Jennings,56,Female,37914.65,South Stephen
CUST02276,Douglas Rose,67,Male,50547.3,Allisonberg
CUST01153,Matthew Garcia MD,65,Male,45697.12,North Karaland
CUST07616,Seth Olsen,56,Female,45221.56,East Emily
CUST00778,Allen Mendez,62,Female,56883.47,Shermanland
CUST04176,Karen Gonzalez,34,Male,29703.19,West Heather
CUST00657,Connie Turner,53,Female,29150.77,Harrisonville
CUST07233,Nancy Black,33,Male,28307.04,Port Ruthbury
CUST01846,Joseph Davis,51,Male,46766.37,Karaport
CUST02739,Christian Riddle,30,Female,43425.73,Parkerchester
CUST05423,Alexandra Hodge,60,Female,39673.74,New Stephanie
CUST04577,Melissa Patrick,45,Male,41496.33,Port Lisafort
CUST06711,Sheila Myers,47,Female,69163.04,Christophershire
CUST01573,Emily Grant,65,Female,33536.16,New Cassandraville
CUST07169,Jose Coleman,48,Female,45860.91,South Danielstad
CUST08021,Michelle Gould,36,Male,40453.76,Whitneyburgh
CUST06137,Brent Holloway,34,Male,50167.4,Port Cynthiaton
CUST05967,Mr. Robert Cantu,63,Male,75660.02,Lake Michellefort
CUST06393,Danielle Perkins,31,Male,37409.65,Port Katie
CUST02482,Paige Hernandez,67,Male,54840.29,West Nicole
CUST06618,Sarah Smith,22,Male,76068.31,Port Miranda
CUST01746,Greg Osborne,29,Male,64174.84,West Brandon
CUST09387,Matthew Wang,38,Female,37025.54,Adamstad
CUST06172,Eric Murphy,61,Female,,Lake Jeremy
CUST04650,Susan Snyder,46,Female,51948.3,Lake Brandon
CUST03735,Richard Mccormick,45,Female,61364.13,Charleshaven
CUST04736,Peter Patel,18,Female,32531.2,New Timothy
CUST08230,Stephen Shaw,39,Male,62643.89,Lake Julieberg
CUST06628,Susan Trujillo,61,Female,72348.59,Cherylberg
CUST02555,Jackie Jones,25,Female,56377.88,Roblesmouth
CUST02692,Michelle Ellis,70,Male,56546.78,North Pamelaton
CUST02090,Tara King,34,Male,50766.9,Hernandezland
CUST01529,Patricia Anderson,50,Female,38779.81,Lake Michaelstad
CUST03225,Jessica Fields,31,Male,40644.61,Andrewsbury
CUST08153,Victor Lewis,39,Male,72398.52,Angelachester
CUST00471,Richard Cooper,18,Female,54615.89,New Matthew
CUST00750,Krista Benton,46,Male,62993.55,
CUST09541,Eric Lowery,62,Male,38525.82,Marcoport
CUST06553,Angel Butler,19,Male,56664.48,North Deborahview
CUST02503,Matthew Jones,37,Male,53238.56,West Adrian
CUST07927,Kiara Hawkins,40,Male,24296.28,North Roger
CUST06077,Franklin Harris,27,Female,37194.8,Port Douglas
CUST01133,Caitlin Perry,36,Male,55820.89,Justinfort
CUST01955,Julian Williams,64,Female,37706.47,West Rebecca
CUST02632,Joseph Smith,52,Female,62712.87,West Robinstad
CUST07557,Lisa Long,69,Female,72842.33,Loriborough
CUST07816,Robert Jackson,45,Male,46302.11,Jordanmouth
CUST02853,Rodney Nichols,20,Male,34801.46,Port Jefferyton
CUST08233,Jeffery Davis,62,Female,57449.3,North Brian
CUST06837,Wendy Fisher,65,Female,66334.3,Schultzberg
CUST03829,Daniel Turner,28,Female,80860.78,Whitechester
CUST05882,Larry Woods,45,Female,74687.34,Robertburgh
CUST03114,Gary Salazar,28,Female,,South Dustin
CUST01571,Brandy Forbes,48,Female,75551.01,Campbellfurt
CUST05688,Ryan Skinner,33,Female,32066.29,East Derek
CUST01362,Danielle Davis,43,Female,41068.57,Millerfurt
CUST04937,Haley Mccoy,65,Female,48333.15,Ryanberg
CUST02770,Nicole Sanchez,36,Male,50858.23,Martinfort
CUST04120,Brittney Morales,64,Male,62097.8,New Teresa
CUST08991,John Brown,55,Female,56586.61,Wilsonborough
CUST08911,Dana Jennings,63,Female,45356.4,Jeffreyland
CUST09896,Daniel Cook,42,Male,31765.89,South Taylorchester
CUST07522,Cynthia Le,67,Male,84880.73,Joshuaport
CUST09188,Cameron Russell,22,Male,61917.03,Erikchester
CUST01247,Aaron Carlson,31,Male,16084.51,Kellyshire
CUST09527,James Hart DDS,52,Female,97116.64,Kimfurt
CUST08642,Scott Bean,33,Male,66356.73,Wolfetown
CUST09158,April Romero,44,Female,45439.45,Lake Tamaraton
CUST06919,Linda Jones,58,Male,41117.6,North Courtney
CUST06456,Kathryn Shields,46,Female,39112.48,Port Cody
CUST01319,John Hall,44,Female,60011.69,South Lance
CUST02061,Ryan Davis,34,Female,21267.16,Carlsonfurt
CUST08433,Eric Salazar,24,Female,40236.87,Josephfort
CUST07495,Linda Johnson,70,Female,66340.53,North Susanhaven
CUST08682,Mr. Luis Bell,49,Male,61620.86,Richardstad
CUST01687,Kyle Watkins,53,Male,76508.59,Clarkfurt
CUST09144,Danielle Riley,23,Male,45570.62,Karenhaven
CUST06019,Mr. John Decker MD,50,Female,37718.53,Brianfurt
CUST04048,Victor Williams,52,Male,77313.18,South John
CUST04686,Sharon Hicks,45,Male,51410.1,South Meganland
CUST07840,Amy Hunter,56,Female,59084.49,Bakerville
CUST06275,Patricia Cannon,41,Female,,East Mark
CUST00682,Dean Donovan,58,Male,49746.94,South Devin
CUST00625,Michael Miller,46,Male,,West Nancymouth
CUST08836,Glenn Lawrence,65,Female,63505.85,Robinside
CUST06670,Leslie Fitzgerald,66,Male,50957.16,Susanfurt
CUST08031,Louis Tyler,36,Male,55106.92,East April
CUST07264,John Scott,46,Female,86917.21,Charlenechester
CUST06394,Sharon Reynolds,49,Female,78533.52,New Lindatown
CUST08787,Jeffrey Jones,33,Female,35349.09,North Thomas
CUST02025,Ashley King,70,Female,20777.39,Craigton
CUST04383,Dennis Jones,73,Female,41530.3,Boothton
CUST00162,Lindsey Walker,32,Male,48185.6,Justinville
CUST00289,Briana Murray,20,Female,48728.72,Port Eric
CUST09710,Justin Howard,58,Male,49418.18,North Aliciahaven
CUST01467,Chad Roach,43,Female,29202.97,Port Alexandriastad
CUST02145,Anthony Cook,44,Male,37829.43,Leeberg
CUST08544,Jasmine Buck,63,Male,40197.18,East Ashleymouth
CUST01258,Jerry Jensen,39,Male,58568.32,Brooksshire
CUST01530,Justin Freeman,40,Female,23189.11,
CUST06056,Cheryl Beck,67,Male,51092.87,Stephaniemouth
CUST03673,Guy Reynolds,44,Male,74341.19,New Christopher
CUST08522,Diana Crawford,70,Male,35809.07,Ericafort
CUST03545,Amanda Johnson,27,Male,31618.33,Marcushaven
CUST00880,Patricia Johnson,73,Female,40761.79,Patriciafort
CUST05456,Megan Grant,53,Male,69714.22,North John
CUST07867,Christian Valencia,56,Female,54792.2,Smithmouth
CUST04320,Jennifer Ali,40,Male,56313.27,East Justin
CUST03160,Wanda Conley,34,Male,83722.5,Jeremyberg
CUST06140,Colleen Martin,31,Male,61802.84,Lake Sarah
CUST05057,Michael Wood,69,Male,59688.71,New Amandaton
CUST03953,Riley Clark,73,Female,,Bensonbury
CUST08897,Thomas Nelson,55,Female,59541.07,Bradshawtown
CUST02397,David Martin,43,Male,62054.66,Port Lonnieland
CUST02369,Mariah Jones,67,Female,,South David
CUST00305,Kevin Oconnor,42,Female,57738.42,Kruegerland
CUST04337,Aaron Leon,68,Female,76860.63,Lake Steventon
CUST02117,Anthony May,49,Female,34434.04,Maryhaven
CUST05649,Willie Morgan,59,Male,47714.24,Aaronburgh
CUST07369,Tyler Watson,25,Female,73265.09,Shawnshire
CUST09255,Shane Garcia,33,Male,67568.06,South Michael
CUST03091,Donald Franklin,32,Female,52012.76,New Christinafort
CUST03644,Sandy Oconnor,56,Female,82587.58,South Cameron
CUST01084,Eugene Baldwin,31,Male,46271.16,Martinfort
CUST00113,Crystal Johnson,26,Male,46548.97,Port Rhonda
CUST07656,Brittany Underwood,50,Male,63178.81,East Cesar
CUST02974,Michael Hunter,38,Male,36932.9,Michealborough
CUST00916,Jason Herrera,54,Male,63349.41,Kerryview
CUST04621,Margaret Torres,74,Male,47272.25,South Kevin
CUST00018,Lisa Jackson,39,Male,23919.64,West Vincent
CUST05354,Blake Vega,45,Male,56911.74,West Rhonda
CUST01495,Heather Ellis,66,Male,28734.96,Lake Johnchester
CUST06457,Misty Rice,63,Male,61256.37,Smithchester
CUST04348,John Johnson,34,Female,37683.77,North Joshua
CUST09764,Amy Boyd,62,Male,46250.89,Beltranland
CUST07343,Andrew Edwards,70,Female,51779.31,Dennisburgh
CUST05447,Keith Garcia,32,Female,44257.62,Nguyenport
CUST03636,George Phillips,65,Male,64296.55,North Kennethstad
CUST07905,Max Leblanc,40,Female,39959.51,Rachelland
CUST07647,Theresa Mercer,39,Male,31626.86,Osborneburgh
CUST08124,Debra Lee,43,Male,59780.02,North Denise
CUST00497,James Bradley,54,Male,37767.49,New Diamondville
CUST03800,Scott Stein,51,Male,60566.51,Adamsside
CUST01401,Mark Thomas,26,Female,36519.02,Garyton
CUST07300,John Anderson,55,Male,38583.52,East James
CUST09848,Megan Burton,64,Male,36496.69,West Tiffanyhaven
CUST02346,Victor Leonard,20,Male,27216.3,Rachelfort
CUST06235,Laura Clark,67,Female,61187.83,Port Brooketon
CUST03617,Matthew Simmons,51,Male,42284.29,Jessicaborough
CUST08750,Destiny Nash,36,Female,38257.43,New Leslieburgh
CUST02744,Courtney Smith,39,Male,41277.47,West Barbara
CUST09414,John Johnson,48,Female,45827.75,Lynnview
CUST03419,Jonathon Hill,72,Male,63060.16,New Ariel
CUST01942,Heather Hernandez,66,Male,68149.57,Zacharyshire
CUST07085,Jason Jones,36,Male,63387.14,Wardville
CUST09358,Gabriel Whitaker,61,Male,50369.27,North Sarah
CUST00382,Douglas Gregory,63,Male,62092.55,Kellychester
CUST07679,Dillon Brown,71,Male,45277.14,Sheltonton
CUST01331,Mary Adkins,19,Female,53173.43,Jessicaberg
CUST01079,Terry Jones,31,Male,45176.49,Lake Tammyport
CUST08188,Nicole Lewis,34,Female,53772.36,Lake Justinfort
CUST08878,Timothy French,28,Male,,New Nathaniel
CUST05344,Lisa Ryan,70,Male,78783.75,Karenmouth
CUST00643,Courtney Smith,68,Male,58849.18,Lake Jennifer
CUST02757,Lee Mann,66,Female,46788.12,Lake Christopherstad
CUST05718,Jacqueline Owens,50,Male,80447.2,Port Phillip
CUST06555,Daniel Mendoza,72,Male,66526.34,East Whitneyburgh
CUST01880,Tiffany Anderson,31,Female,47402.06,Robertport
CUST04651,Jasmine Day,50,Male,61430.45,Samuelmouth
CUST09433,Lynn Ramos,73,Male,61242.5,Hayleyberg
CUST04612,Lisa Hall,34,Female,56462.53,Timothyfurt
CUST02981,Stephanie Marshall,31,Male,39739.19,Andrewburgh
CUST03250,Dr. Morgan Young,34,Female,50100.86,Destinyview
CUST05009,Matthew Giles,38,Female,29163.74,West Amandastad
CUST09548,Peggy Singleton,18,Male,72044.75,Bradleyville
CUST00500,Jennifer Banks,70,Female,42404.54,Pooleside
CUST06509,Frank Fitzgerald,59,Female,43554.59,Brianport
CUST02636,Dr. Teresa Ortega MD,27,Male,43042.36,Port Williamside
CUST07721,Sarah Clements,39,Male,55034.83,Perryside
CUST05137,Michaela Sanchez,51,Male,22562.29,Harrisonberg
CUST07792,Mark Meyer,29,Male,56718.51,Andreahaven
CUST07002,Robert Jarvis,33,Female,68237.92,Cabreramouth
CUST08934,Michael Peterson,36,Male,18938.86,East Jessica
CUST01304,Rebecca Hoover,23,Male,45916.55,Kellerside
CUST04860,Jonathan Russell,58,Female,47421.2,East Cameronchester
CUST06495,Stephanie Smith,32,Female,40724.9,Daltonview
CUST03209,Aaron Aguirre,49,Female,58909.11,New Brianna
CUST06954,Michelle Clark,47,Female,44013.87,East Shelby
CUST01369,Brittney Rodriguez,57,Male,57830.76,East Thomasside
CUST01347,Kelly Mclaughlin,46,Female,69317.93,
CUST08079,Melissa Torres,32,Male,33852.82,Lake Stephanie
CUST08922,John Molina,56,Female,42022.03,Lake Jeffreystad
CUST09060,Mckenzie Vega,19,Female,49446.03,West Whitney
CUST08734,Rebecca Miller,43,Female,,Lake John
CUST04589,Christopher Lee,35,Female,56927.69,Nicholasfurt
CUST02573,Maria Roberts,22,Male,38083.68,Port Davidville
CUST04302,Denise Johnson,30,Male,57853.4,Kimberlyhaven
CUST05578,Amy Moore,23,Male,33113.51,Lake Kaylaport
CUST07645,Dalton Santos,25,Male,67652.7,North Amyland
CUST04436,Karen Hughes,25,Male,49517.29,West Darrenhaven
CUST07181,Kevin Sandoval,19,Male,44182.25,Christinatown
CUST02389,Terri Williams,20,Female,43408.62,Lauraville
CUST02568,James Phillips,48,Female,62460.2,New Michaelview
CUST08898,Travis Hernandez,25,Female,21343.25,Port Zachary
CUST03763,Katherine Flores,30,Male,42912.55,Port Crystal
CUST07770,James Williams,74,Female,17430.54,West Amberfurt
CUST08621,Jennifer Rasmussen,31,Female,57307.1,New Aliciatown
CUST00367,Holly Farmer,38,Female,47804.38,West Sarahhaven
CUST02448,Ana Thomas,46,Male,46362.81,Costashire
CUST09842,Melinda Little,47,Female,82035.84,North Michele
CUST07532,David Avila,50,Male,64366.57,Michaelshire
CUST08697,Carlos Burke,35,Female,57217.03,Port Randallview
CUST07127,Dr. Travis Morris DDS,59,Female,,South Heatherburgh   
CUST00204,Erin Warner,42,Female,49605.53,New Ryan
CUST05485,Madison Wilson,26,Male,34113.51,Meyersside
CUST02823,Heidi Torres,62,Female,45425.3,South Barbaraland
CUST01146,Mason Moore,50,Male,68999.05,East Felicia
CUST08511,Dennis Soto,18,Female,62181.46,Lake Connie
CUST04288,Rebecca Estrada,47,Female,26253.16,West Michael
CUST01594,Kelly Hayes,19,Female,64736.1,Pierceside
CUST09809,Stephanie Jarvis,70,Female,75227.29,Guzmanstad
CUST02357,Amber Stevenson,66,Female,53558.64,Charlestown
CUST05460,Cynthia Tran,18,Male,,Lake Kimberly
CUST08824,Eric Howe,45,Male,61346.27,Jamesshire
CUST07774,Jennifer Pearson,55,Male,66663.12,South Ethanland
CUST03338,Joel Gonzales,18,Female,42989.88,Davisfort
CUST02990,Sean Cisneros,53,Male,49495.04,Lake Michaelborough
CUST08871,Joel Murray,44,Female,,Alexismouth
CUST09385,Mr. Jeffery Lee,56,Female,64201.6,West Jonathan
CUST07778,Sandra Gonzalez,41,Female,33939.53,Garciaburgh
CUST01416,Mark Anderson,63,Male,53384.99,West Morgan
CUST07893,Chelsea Salinas,45,Female,25335.63,East Michael
CUST02463,Scott Foster,45,Male,61759.47,North Nicholas
CUST05950,Richard Burke,40,Male,60334.95,North Jeanette
CUST02507,Troy Glenn,60,Female,46323.45,Lake Natalie
CUST01164,Mitchell Griffith,68,Male,39346.67,Soniatown
CUST09626,Lisa Wade,24,Male,49162.68,East Sandyhaven
CUST04850,Jennifer Walker,22,Male,46616.6,North Patricia
CUST01681,Christine Bell,19,Male,44526.07,Paulborough
CUST03207,Joshua Cunningham,55,Male,27887.59,Simpsonmouth
CUST01221,Janice Fernandez,22,Female,68094.91,Port Cherylshire
CUST03718,Edward Wallace,35,Male,37760.09,East Katherine
CUST06889,Shelby Simon,23,Male,63084.44,Davidfort
CUST01019,Lisa Mills,57,Male,77668.32,East Hannah
CUST04453,Kevin Greene,20,Female,74778.53,West Jessica
CUST08745,David Morales,70,Female,47332.81,West Lisa
CUST04637,Julie Martinez,68,Female,23993.19,Gillport
CUST08729,Lisa Mercer,32,Female,56138.88,West Latashahaven
CUST05876,Nicole Sanchez,44,Male,54189.11,West Christopher
CUST02513,Kelly Kent,56,Female,30822.71,Stephaniechester
CUST04836,Daryl Lowe,46,Female,71346.9,Danielsfurt
CUST03487,Nicole Norton,71,Female,44003.44,Anthonyfurt
CUST00645,Kim Morrow,24,Female,38915.36,Lake Benjaminberg
CUST00434,Ashley Wise,71,Female,67316.07,Josephville
CUST09339,Veronica Ortiz,33,Male,41202.93,New Sharonchester
CUST05758,Jennifer Nguyen,46,Male,41861.22,North Joann
CUST04541,Erin Ortega,72,Male,48934.45,New Ginatown
CUST06211,Denise Hendricks,32,Male,28360.42,Catherineville
CUST01253,Sarah Randolph,29,Female,42095.28,South Joshuafort
CUST01783,Margaret Erickson,33,Female,45575.75,Port Michael
CUST02772,Kelsey Lynch,27,Male,87941.5,South Paul
CUST05144,Molly White,51,Male,35219.88,Port Brian
CUST07646,Anna Chavez,41,Female,46584.95,North Matthewburgh
CUST03899,Rebecca Cox,43,Male,63572.71,Robinsonmouth
CUST02874,Lindsey Gray,48,Female,53189.62,Julieland
CUST02202,Matthew White,34,Female,78477.9,Riverafort
CUST03149,Richard Bailey,57,Female,60767.78,Cooperside
CUST05978,April Ryan,21,Female,48338.0,North Jason
CUST09521,Donald Stewart,29,Female,34161.87,Rochafurt
CUST01776,Leah Lee,43,Female,45868.8,East Phillip
CUST04405,Andre Jones,40,Female,32488.83,New Calvinchester
CUST04905,Amy Roberts,71,Female,42575.98,Crystalview
CUST05875,Jennifer Reilly,49,Male,53001.46,
CUST07602,Jennifer Buck,44,Female,56884.05,Port Shawn
CUST01950,Sean Hatfield,49,Male,58439.3,Patrickshire
CUST02538,Hunter Robinson,55,Female,70416.31,Daleborough
CUST01755,Casey Campbell,66,Male,68380.93,East Tricia
CUST08115,James Aguilar,73,Female,60852.38,Lake Steve
CUST00558,Larry Robertson,54,Male,25885.89,New Robertport
CUST08599,Brian Webb,31,Male,27713.46,Kristenburgh
CUST05740,Teresa Velasquez,36,Female,73646.79,North Andrew
CUST01285,Sandy Baker,68,Male,67659.49,Mccormickhaven
CUST09973,Ms. Lori Watson,25,Female,48256.1,Andrewport
CUST02293,Hayley Mitchell,58,Female,56427.85,Lake Patrickport
CUST06108,Gregory Joyce,44,Female,63729.81,New Morganside
CUST04968,Deborah Waller,61,Male,35846.79,Gomezland
CUST04126,Scott Brown,35,Female,47052.9,Grayfurt
CUST00485,Jonathan Glass MD,39,Female,,South Marc
CUST02811,Willie Garza,66,Female,33203.55,New Lisa
CUST09065,Connie Henderson,30,Male,53200.25,North Tony
CUST01063,Ralph Yoder,34,Male,57362.35,East Brittany
CUST05136,Cynthia Jackson,53,Male,54155.58,South Karenbury
CUST08966,Troy Aguilar,39,Female,,South Codytown
CUST07252,Heather Duffy,19,Male,83406.69,Williamsborough
CUST01506,Eric Walker,64,Female,58158.07,West Richardmouth
CUST06779,Karen Ross,48,Male,9932.03,
CUST02603,Michael Horton DDS,58,Female,66742.53,East Dianaton
CUST04944,Sarah Nelson,61,Female,63876.86,South Fernandomouth
CUST08301,Janet Davidson,51,Male,27834.33,West Ryanburgh
CUST07815,Mason Miller,74,Male,65410.34,Lake Alan
CUST04551,Heidi Newton,47,Male,75018.68,Norrismouth
CUST02211,Tracy Guzman,71,Male,41411.5,Garciaberg
CUST05620,Steven Fisher,55,Male,31574.33,Jamesland
CUST01589,Dr. Katherine Nguyen,64,Female,51600.7,Phelpston
CUST09656,Timothy Farley,46,Female,52435.99,Rickychester
CUST08685,Michael Montes,26,Female,71581.74,West Jenniferchester
CUST01817,Joann Forbes,62,Male,59730.55,South Lukemouth
CUST03660,Vanessa Flores,21,Male,41658.38,Pachecoside
CUST01380,Kevin Nguyen,30,Female,56801.33,West Kelsey
CUST05405,Matthew Morgan,58,Female,59324.18,Julianport
CUST06519,Rhonda Cervantes,38,Male,73325.88,Hallbury
CUST07671,Cindy Williams,60,Female,85161.02,Port Tylerborough
CUST02038,Mike Freeman,59,Female,43060.54,Lake Danielle
CUST03199,Lori Gardner,60,Female,44360.1,Cantufurt
CUST04728,Tyler Murphy,23,Male,13343.88,Juarezshire
CUST01299,Christopher Mullen,57,Male,54126.56,Stephenmouth
CUST08181,Jessica Lane,25,Female,73422.82,East James
CUST05725,Jenna Velazquez,31,Male,55855.73,New Jeffrey
CUST06425,William Christian,32,Female,72773.18,Garyhaven
CUST09125,Richard Sweeney,27,Male,46459.47,North Markstad
CUST09000,Richard Ferguson,38,female,36016.35,Newtonstad
CUST03007,Ronnie Martinez,25,Female,50827.48,East Thomasport
CUST07354,Darren Thompson,30,Male,48494.98,Nicholsfurt
CUST04198,Valerie Ford,60,Male,45001.84,Adamshaven
CUST04743,Jennifer Esparza,66,Male,54314.42,Hansenton
CUST02218,Cheryl Turner,30,Male,,Lake Jane
CUST04039,Craig Raymond,44,Male,30304.11,Daniellestad
CUST01480,Russell Anderson,45,Female,31263.09,Lake Sean
CUST01863,Chad Cortez,74,Male,43712.22,Nicholaston
CUST06562,Thomas Mills,66,Female,52488.25,Dwaynemouth
CUST07321,Adrian Morris,31,Female,53304.84,Matthewview
CUST07323,Cory Hale,63,Female,75518.47,East Daleside
CUST08248,Eric Parker,44,Male,83506.44,Colinfort
CUST07861,Shane Gonzalez,64,Male,39473.36,North Kimfurt
CUST02286,Raymond Barber,23,Male,44978.17,Costaland
CUST03621,Bradley Parks,56,Male,57071.78,West Michele
CUST06101,Ryan White,55,Female,30622.66,Brandonfurt
CUST08788,Christian Edwards,37,Female,33670.48,Denisemouth
CUST07640,Shannon Donovan,43,Male,55752.35,Rileyshire
CUST06811,Scott Smith,64,Female,29015.27,East Joseph
CUST08704,Grace Torres,35,Male,56559.28,Jamesbury
CUST08326,Rick Decker,31,Female,43421.72,Lake Marychester
CUST02971,Scott Morales,31,Female,56377.77,West Terryberg
CUST08589,Felicia Fischer,74,Male,54388.0,Craigberg
CUST04251,Laura Ware,66,Male,42773.51,Lake Herbertstad
CUST01038,Samuel Suarez,38,Male,48883.79,Shawnaland
CUST03166,Patricia Vincent,49,Male,50224.34,Robinfort
CUST03263,Andrea Lopez,37,Male,54969.94,West Joshuastad
CUST00925,Brenda Smith,18,Female,59332.07,East Lauren
CUST07439,Elizabeth Green,43,Female,52100.25,South Thomasmouth
CUST03470,Allison Hill,64,Male,21318.17,South Christopher
CUST09325,Lisa Lawrence,72,Female,61474.78,Jamesmouth
CUST03235,Julie Sharp,44,Female,66960.1,Davidberg
CUST07931,Jacob Trevino,60,Male,56046.72,Lake Keithtown
CUST09877,Donna Hernandez,50,Female,49088.1,New Heatherstad
CUST08722,Meghan Hernandez,64,Male,40478.7,West Kylie
CUST07084,Jennifer Moses,62,Male,,East Monica
CUST08957,Alexander Terry,53,Female,46825.3,Stacybury
CUST07827,Travis Hughes,50,Female,54926.06,Adamport
CUST03525,Justin Bennett,74,Male,43581.99,Muellerburgh
CUST09142,Sandra Holder,53,Female,33231.06,West Austin
CUST09303,Erica Walker MD,33,Male,17734.7,Chavezmouth
CUST00272,Jonathan Lawrence,69,Male,53107.4,New Cody
CUST09068,Scott King,21,Male,60135.61,Curtismouth
CUST00813,Michael Roberts,37,Male,,Nguyenside
CUST03816,Marie Jones,51,Male,40940.99,Patricktown
CUST03041,Tanner Holmes,67,Male,29282.45,New Heatherfurt
CUST02285,Robert Vargas,20,Male,40853.47,North Matthewstad
CUST01366,Susan Porter,37,Male,54021.97,South Denise
CUST04392,Mark Weaver,43,Male,43054.32,Fisherhaven
CUST00200,Melissa Brewer,47,Female,33396.51,New Christian
CUST04471,Karen Jackson DVM,67,Female,57555.95,South John
CUST08777,Lisa Baxter,42,Male,74182.97,Dixonchester
CUST06830,Julie Hill,52,Female,56455.84,Ricestad
CUST08839,Ryan Morales,37,Female,43809.83,Fergusonmouth
CUST07504,Mark Boyle,71,Female,58905.37,Lake Sandra
CUST02227,Mr. Logan Gregory,48,Male,60055.51,Jenkinsshire
CUST06766,Derek Coleman,31,Female,44989.01,Myersview
CUST00630,Rhonda Chavez,19,Female,67478.2,Margaretborough
CUST03963,Brian Perkins,63,Female,68431.91,Jasonton
CUST02589,Sally Leon,48,Male,52310.36,South Jose
CUST07130,Anthony Mills,21,Female,15697.28,Maryside
CUST06302,Steve Brewer,74,Female,27046.17,Snowtown
CUST09931,Patrick Daniels MD,55,Male,77133.89,Walshborough
CUST06278,Joshua Ramos DDS,39,Female,50592.49,Ellisfurt
CUST02533,Dana Dodson,18,Male,27305.77,Port Karenport
CUST02100,Alisha Rasmussen,35,male,60100.25,Lake Victorhaven
CUST03432,James Silva,36,Male,54440.46,West Courtney
CUST07427,Tina Hancock,45,Male,57479.33,Lake Amy
CUST08406,Jennifer Graves,51,Female,46742.77,Phillipton
CUST09802,Vernon Williams,67,Female,59575.94,Goldenhaven
CUST02377,Elizabeth Robbins,53,Female,33486.46,Burnsfort
CUST09780,Emily Smith,34,Female,46757.61,West Angela
CUST07112,Valerie Roberts,67,Female,57386.41,Smithhaven
CUST07465,Frank Todd,51,Female,45373.2,South Ashleybury
CUST08027,John Stone,68,Female,53006.38,Melindabury
CUST02784,Luis Murphy,38,Male,34646.02,Harrellmouth
CUST02802,Christopher Porter,52,Male,77312.28,Lake Nicolasshire
CUST05761,Melody Ochoa,68,Male,49466.77,Angelachester
CUST09607,Megan Boyd,74,Female,49223.15,Myersville
CUST04821,Justin Moreno,49,Male,59570.66,Zacharyton
CUST02070,Timothy Patel,36,Female,41254.82,Hendersonberg
CUST05610,Aaron Henry,60,Female,51387.52,Robertmouth
CUST03914,Ruben Jones,62,Female,50251.49,New Kevin
CUST02521,Cynthia Harrell,55,Female,59848.57,Susanland
CUST05402,Sherry Cox,35,Female,69634.19,East Emilyburgh
CUST07432,Steven Martin,39,Male,70329.77,Lopezstad
CUST05115,Brandon Sanchez,25,Female,50942.23,Hallborough
CUST04593,Casey Murphy,31,Male,50822.06,Vanessaburgh
CUST04460,Sara Obrien,19,Male,62513.29,New Jillshire
CUST03964,Melody Castro,67,Female,74901.79,Johnsonport
CUST09689,Heather Turner,65,Male,61410.73,Mayport
CUST06611,Jason Foster,43,Female,62859.56,West Monica
CUST04700,Tyler Andrews,54,Female,42870.76,South Mackenziechester
CUST00066,Tracy House,64,Female,52757.79,South Kerryhaven
CUST08643,Marcia Griffin,58,Male,43657.04,South Marilynland
CUST09967,James Young,25,Female,75951.89,New Julialand
CUST08317,Mary Durham,51,Male,43927.16,North Dennisshire
CUST03502,Timothy Ho,54,Male,29623.32,New Craig
CUST08033,Dustin Mendez,51,Female,63619.63,Eatonmouth
CUST01797,Benjamin Duncan,65,Male,,Jacobside
CUST02764,Anthony Paul,36,Female,45515.7,Michaelmouth
CUST07352,Bernard Chang,49,Female,61946.79,Jacobton
CUST03179,Jessica Gibson,68,Female,53173.52,Elliottshire
CUST06601,Sydney Smith,72,Female,66189.55,Stephenville
CUST06676,Gerald Moran,21,Female,65643.89,South Andrewshire
CUST07728,Michelle Ramirez,49,Female,83045.1,Johnhaven
CUST01194,Sharon Newton,22,Male,61449.32,Port Laura
CUST05600,Isaiah Jones,45,male,69901.44,Kristyville
CUST04778,Kim Vincent,55,Male,,Patriciamouth
CUST06365,April Clark,71,Female,32041.52,Jamesburgh
CUST03298,Laura Ritter,39,Male,58112.04,Nunezside
CUST00972,Amanda Guzman,32,Male,42284.35,Andersonbury
CUST07275,Ruth Harris,31,Female,50644.11,Duaneville
CUST01692,Tamara Mcdonald,28,Female,59234.75,East Jacqueline
CUST06616,Kimberly Turner,20,Male,33054.59,New Carrie
CUST01182,Gregory Chambers,73,Male,42750.62,North Karenland
CUST04028,Mr. Zachary Mora DVM,25,Male,48255.35,East Jessicabury
CUST02339,Anthony Price,35,Male,68442.81,Rodgersport
CUST02618,Jennifer Parker,32,Female,37624.37,Cabreraside
CUST07374,Richard Wood,40,Female,44621.98,Cynthiaport
CUST01978,Daniel Lopez,22,Female,58192.02,South Corey
CUST07256,Christine Johnson,41,Female,53625.75,Samanthaside
CUST02311,Dr. Charles Lawrence,58,Female,54440.75,New Bethanymouth
CUST04516,Timothy Melton,36,Female,49657.07,South Trevor
CUST03880,Robert Martin,44,Male,65212.99,Port Carolynhaven
CUST08332,Erin Myers,54,Male,43883.05,Daychester
CUST07409,Brian Taylor,29,Female,47987.74,West Josephstad
CUST05586,Juan Galvan,54,Male,53253.26,New Michelemouth
CUST02510,Laurie Shaw,67,Female,47751.65,Lake Stephanieland
CUST01501,Nicholas Franklin,36,Female,23545.67,Cynthiaborough
CUST05007,William Giles,59,Male,75300.9,Randyview
CUST08297,Shannon Harper,20,Male,60430.79,South Brooke
CUST02937,Martin Wilcox,20,Female,50548.78,Port Anitaton
CUST09690,Brianna Richardson,71,Male,46126.71,West Johnmouth
CUST05038,Nicole Price,42,Female,,Lutztown
CUST03222,Bryan Sullivan,66,Female,32929.59,Rosariostad
CUST01725,Jennifer Flores,26,Male,54257.41,West Danielletown
CUST05010,Kenneth Murphy,41,Female,46480.47,North Brendaton
CUST09340,Brandy Anderson,54,Male,47363.63,South Heather
CUST02319,Sean Nguyen,29,Male,,Sarafurt
CUST05468,Clarence Wood,68,Male,73279.87,Mcintyreton
CUST07309,Arthur Bowen,57,Male,29325.42,Port Shawna
CUST04006,Christopher Banks,74,Male,43299.63,East Kelseyhaven
CUST04614,Matthew Williams,41,Male,26959.39,East Wendy
CUST09551,Lynn Edwards,49,Female,31744.6,Rodriguezberg
CUST04145,Maureen Nixon,56,Female,44830.57,New Robert
CUST09508,Colleen Murray,21,Male,64803.51,Goodmanhaven
CUST05181,Bryan Griffith,58,Female,37602.34,Wayneberg
CUST05196,Patrick Rios,71,Female,57666.66,Fieldsmouth
CUST02064,Elizabeth Brock,51,Female,50894.98,West Michelleton
CUST05596,Tina Mooney,67,Female,70301.13,Jamesburgh
CUST08006,James Snyder,69,Female,48880.97,East Davidmouth
CUST08831,Justin Rodriguez DDS,40,Female,35037.79,Lake Katrina
CUST01604,Jason Hayes,26,Female,65577.61,Port Michelle
CUST05146,Cody Thompson,66,Female,37305.84,New Katelynville
CUST09883,Andre Berger,19,Male,71637.69,Melissaburgh
CUST00025,Judy Baker,19,Male,51629.28,Stokesview
CUST02125,Christina Perry,46,Male,22417.03,West Michaelhaven
CUST06392,Frank Harding,23,Male,61800.68,Martinezview
CUST01409,Nicholas Stanley,28,Male,14566.53,South Erikamouth
CUST03566,Maria Valenzuela,67,Female,28400.77,Copelandfort
CUST03017,Christopher Patterson,49,Female,54709.03,Haynesville
CUST08464,Dawn Werner,25,Female,52607.48,North Krystalmouth
CUST03659,Carlos Adams,43,Female,35083.68,Banksburgh
CUST03063,Lisa Johnson,34,Male,9478.09,South Brian
CUST06384,Ruben Benton,33,Male,61813.43,West Anthony
CUST00905,Johnathan Brown,45,Female,63706.52,Knappmouth
CUST04406,Steven Thomas,32,Male,36986.79,Lake Renee
CUST03125,Adam Robinson,57,Female,35584.91,Andersonfort
CUST05047,Sandra Walker,52,Male,43802.64,Lake Rickey
CUST08699,Matthew Farley,46,Female,,South Ethanmouth
CUST01086,Mark Smith,68,Female,65292.37,East Lindsay
CUST09090,Emma Jennings,47,Female,56943.8,Rossland
CUST07785,Diana Rogers,33,Female,85961.84,New Andreahaven
CUST07453,Mr. Raymond Lawson,68,Male,52671.68,New Edward
CUST05970,Nancy Merritt,53,Female,51315.1,Matthewmouth
CUST03444,Rachel Brown,62,Female,60534.97,Port Daniel
CUST09371,Nicole Jackson,58,Female,21731.03,Robinchester
CUST07585,Richard Wilson,60,Male,53619.45,North Danielle
CUST04353,Andrew Freeman,74,Male,34637.81,Lake Frank
CUST08956,Stanley Martinez,25,Female,39747.31,East Rosemouth
CUST01515,Laura Velez,68,Female,34137.16,Autumnbury
CUST08498,Kayla Mccann,32,Male,50524.95,Stevensview
CUST03993,Sean Hernandez,64,Male,37931.88,Baileyview
CUST02110,Pamela Sullivan,24,Female,67076.25,Brycemouth
CUST04356,Jordan Curry,54,Female,57732.19,Samanthaton
CUST03754,John Hudson,63,Male,71723.69,Nicholasmouth
CUST09580,Timothy Small,35,Female,59657.78,Michaelmouth
CUST00502,Mr. Justin Green III,61,Female,29950.86,Sarahtown
CUST07207,Tina Jennings,37,Male,48955.06,Emilymouth
CUST03553,Kelli Shepard,23,Female,68439.16,Fisherburgh
CUST01651,Michael Hendricks,51,Female,93164.56,Davisville
CUST06963,Samantha Soto,27,Female,,Port Bryantown
CUST03376,Beth Medina,37,Male,48151.01,East Joshua
CUST08444,Scott Miranda,66,Male,63895.31,Michellebury
CUST09759,Tiffany Martin,51,Female,38980.86,North Suzanne
CUST08431,Jeffrey Gray,21,Male,39479.96,Banksmouth
CUST06469,Jeremy Clayton,36,Male,63864.89,Reyesstad
CUST09413,Diana Moore,27,Female,34194.74,Port Anthonyhaven
CUST01233,Kristin Andrews,34,Male,63940.23,South Rogerbury
CUST09087,Gerald Berg,65,Female,52159.27,Ellenmouth
CUST01211,Heather Bowers,28,Female,40966.92,West Michelle
CUST06540,Joel Thomas,38,Female,72780.72,Hickshaven
CUST09587,Michelle Mcdaniel,37,Male,50313.94,Ericabury
CUST02112,Kaitlin Gutierrez,28,Female,45785.77,North Bryan
CUST08101,Jessica Bell,59,Female,32154.28,Lake Amyberg
CUST07498,Richard Bush,70,Male,,Wilsonhaven
CUST00854,Lindsay Lawson,34,Female,50853.37,Port John
CUST00415,Antonio Garcia,54,Female,32269.44,New Debra
CUST06507,Samuel Rocha,60,Male,59755.69,Lake Matthewtown
CUST01337,Austin Walker,55,Female,48726.92,Chapmanburgh
CUST04856,Darius Khan,32,Male,48900.1,Taylorstad
CUST02488,Justin Brooks,43,Female,69035.67,Frankville
CUST04428,David Washington III,25,Female,64901.07,Robertsview
CUST09235,Jordan Morse,54,Female,67792.74,Greenview
CUST09817,Crystal Frazier,65,Male,,Heatherborough
CUST06707,Vincent Huynh,19,Male,43899.72,South Scottfort
CUST05195,Mikayla Franco,64,Male,72665.96,Lake Elizabeth
CUST09021,Tracy Foster,59,Female,71354.52,Thompsonborough
CUST01122,John Garcia,35,Female,50304.09,Webbton
CUST09887,Kimberly Norris,64,Male,37377.54,Amandaport
CUST04455,Micheal Ramos,27,Female,31626.68,Saraside
CUST01855,Richard Washington,56,Female,57653.63,North Marymouth
CUST00268,Cynthia Rowe,34,Female,57495.17,Lake Anna
CUST01361,Kelli Smith,53,Female,79064.07,Curtisland
CUST01540,Ashley Brown,72,Male,59231.55,Port Rebeccaborough
CUST04890,Patrick Garcia,74,Male,36602.51,Priscillaville
CUST01664,Jesse Sampson,48,Female,36151.85,West John
CUST03320,Jeffrey Williams,50,Female,60343.85,Lake Lisa
CUST06080,Lori Smith,37,Male,,East Cody
CUST05647,Julie Padilla,44,Male,44913.27,Danaton
CUST09697,Cindy Lang MD,30,Female,70321.16,South Robert
CUST08728,Leroy Walker,44,Female,23938.88,North Matthew
CUST07151,Dr. George Hernandez,33,Female,43263.05,North Deborahshire
CUST04531,Troy Lee,73,Female,48428.35,Port Laura
CUST08797,Kathryn Garcia,24,Male,61341.51,Dayhaven
CUST04414,John Peterson,70,Female,50207.38,Burtonbury
CUST07983,Alexander Anderson,19,Male,37985.56,Clarkland
CUST07154,Daniel Molina,56,Female,49137.09,East Brandonburgh
CUST07116,Kimberly Kane,40,Female,47201.74,West Eric
CUST06200,Joshua Fowler,52,Male,45029.36,Lake Tonychester
CUST01407,Heidi Matthews,58,Male,32739.32,New Elizabethshire
CUST07723,Audrey Koch,22,Male,31606.1,Lake Caitlinfurt
CUST05666,Daniel Williams,66,Female,12116.06,Lake Ericchester
CUST06182,Gloria Lynch,34,Male,42687.97,North Dominique
CUST00380,Karla Ramos,72,Female,35659.63,Robleshaven
CUST01249,Stephanie Cooper,73,Male,46554.52,Port Lisa
CUST09402,Matthew Hall,67,Female,33635.23,Port Jerrychester
CUST02058,Ryan Cobb PhD,44,Female,34344.88,North Bradley
CUST07357,Ronnie Jenkins,22,Male,41573.04,South Kendra
CUST01140,Patricia Ray,51,Female,33149.91,Port Mollyborough
CUST03600,Aaron Hernandez,42,female,38233.35,New Nicholas
CUST06281,Anna Love,72,Female,55886.39,South Tracy
CUST07051,Nathan Dillon,24,Female,51690.59,West Dianafurt
CUST06160,Eric Shaffer,30,Female,38322.94,West Elizabethville
CUST06652,Denise Flores,66,Male,40382.71,New Daniel
CUST00717,Brenda Hinton,33,Female,66112.47,Bakershire
CUST05968,Heather Matthews,30,Male,62423.76,North Davidmouth
CUST09430,Lisa Wood,42,Male,29523.4,North Rodney
CUST03118,Jennifer Griffin,70,Male,60379.19,Melissaton
CUST00256,Susan Murray MD,19,Female,37966.18,Rodriguezchester
CUST07786,Lindsay White,63,Female,34254.68,Mitchellport
CUST05949,Erica Green,43,Female,69162.49,South Patricia
CUST08774,Stacey Berger,71,Female,45142.73,Hartland
CUST08283,Ernest Kennedy,67,Male,57034.28,New Davidhaven
CUST08275,Steven Cannon,65,Female,54685.83,Marybury
CUST05903,Debbie Ward,46,Male,63461.14,North Kellyland
CUST04112,Jennifer Schneider,22,Male,57362.35,Port Robert
CUST01094,Michael Cooper,62,Female,34043.64,West Craigport
CUST07573,Catherine Perkins,67,Male,50429.94,Port Jordanstad
CUST03119,Joseph Lane,43,Female,52230.84,Joneston
CUST01374,William Moon IV,64,Male,76496.83,Allenchester
CUST01770,Michael Nixon,25,Male,19517.89,Ricehaven
CUST07027,Robert Benson,29,Female,51566.02,Brookston
CUST09163,Ralph Luna,33,Male,55828.98,Starkchester
CUST00658,Travis Hobbs,27,Female,35481.92,North Waynemouth
CUST08055,Louis Rose,69,Male,49326.5,Jimenezborough
CUST04478,Crystal Collins,24,Female,58684.02,
CUST05338,Lydia Payne,69,Female,,South Brittanybury
CUST07238,Darrell Wong,19,Male,35390.53,South Clairestad
CUST09862,Jennifer Santos,26,Female,43497.72,Port Richard
CUST01731,Katelyn Kim,60,Female,45899.34,Jonathanland
CUST02138,Diane Byrd MD,49,Male,36070.82,New Josephstad
CUST08173,Yvonne Patterson,36,Female,59477.42,South James
CUST08294,Elizabeth Travis,72,Male,62026.1,East Alec
CUST08053,Robert Vazquez,47,Female,47934.56,Kellymouth
CUST08806,Joseph Smith,43,Male,49161.82,Richardsonchester
CUST05648,Justin Williams,73,Female,38923.74,Heatherstad
CUST00913,Emily Nelson,40,Female,35548.41,West Ashleyside
CUST07836,Stacy Bailey,23,Female,10800.97,Port Elizabethfort
CUST02532,Kari Jones,38,Female,75865.42,Myersberg
CUST06187,Michael Fernandez,63,Female,53740.6,West Kristopher
CUST04518,Carol Gay,33,Female,39306.05,Port Sonia
CUST08785,Stephanie Moran,45,Male,52044.24,Port Brianachester
CUST02086,Jack Sandoval,53,Male,71446.55,Millershire
CUST01136,Michael Roberson,54,Male,48193.33,Smithfort
CUST01999,Annette Lane,62,Male,57136.24,North Michellefort
CUST00588,Dale Ryan,69,Female,48959.54,New Christopherton
CUST06953,Wesley Reyes,40,Female,65897.0,Brandonshire
CUST08184,Shannon Hernandez,33,Male,53279.26,Ericksonstad
CUST05094,Sonya Williams,68,Female,57108.82,South Elizabeth
CUST07513,Rebecca Roberts,24,Male,44625.73,Oliviaborough
CUST04256,Paul Vasquez,51,Female,47888.87,New Lorraine
CUST01169,Patricia Hayes,41,Female,41743.79,Frankport
CUST03150,Kyle Gross,38,Female,25349.86,Leblancshire
CUST05377,Michael Leonard,40,Female,51351.02,Port Nicholasshire
CUST02144,Nancy Scott,28,Male,55821.11,Angelatown
CUST08117,Gregory Hall,56,Female,,Vegabury
CUST05305,James Rodriguez,57,Female,36592.02,Amyport
CUST01339,Miss Kelly Dawson,48,Female,48197.05,Natalieborough
CUST06893,Kevin Fernandez,21,Male,49864.09,North Paigeland
CUST07636,Sharon Jones,24,Male,53144.73,Lake Benjaminburgh
CUST06370,Paula Kidd,30,Male,32076.4,Port Claudiahaven
CUST06594,Angela Bradshaw,26,Female,40357.09,Jessicaton
CUST02898,Angela Smith,71,Female,76601.71,Katiefurt
CUST07629,Carl Bradley,61,Male,60872.36,
CUST02863,Kristen Montoya,51,Male,49344.7,South Eric
CUST07199,Virginia Johns,66,Female,2945.83,Lukeside
CUST06792,Caitlin Wilson,22,Female,39927.62,Antonioport
CUST09493,Ronald Crawford,35,Male,66380.3,Port Scottville
CUST01785,Stephanie Knight,34,Female,70492.0,Timothymouth
CUST09743,Michelle Barnes,57,Male,41841.0,Wendyville
CUST09804,Anthony Braun,22,Female,64643.02,
CUST01527,Bradley Duncan,63,Male,46508.43,Coopermouth
CUST06125,John Ortega,36,Female,61540.37,Riveraside
CUST07807,Beth Schmidt,60,Male,43032.31,Anneborough
CUST08942,Ronald Young,68,Female,43353.0,North Erica
CUST02398,Mark Davis,25,Male,35646.86,Lake Nicholaschester
CUST08185,Michelle Stevens,69,Male,50104.94,North Guyberg
CUST05793,Catherine Davis,20,Male,62904.16,East Jerry
CUST05965,Thomas Daugherty,45,Male,40767.81,Port Heather
CUST01989,Rachel Jones,150,Female,64413.53,Watsonborough
CUST00713,Laurie Goodwin,38,Female,38270.27,Rhondastad
CUST06515,Melissa Harvey,34,Male,30582.54,Millerfurt
CUST00397,Gary Jackson,64,Male,52590.45,New Christopherchester
CUST08581,Judith Glenn,44,Male,,South Anthony
CUST03236,William Howard,57,Female,46399.46,Jeremyton
CUST00188,Madison Poole,45,Female,71981.37,Hicksside
CUST00320,Susan Turner,18,Female,37266.46,East Jenniferport
CUST07658,Kathy Adams,54,Male,52184.1,Lake Paulbury
CUST06856,Tricia Russo,41,Female,54290.49,West Rogerland
CUST06784,Pamela Hubbard,22,Female,,North Douglas
CUST00122,April Frost,25,Female,64843.23,Jasonside
CUST06153,George Williams,47,Female,66192.77,Samanthaborough
CUST08996,Andrea Abbott,25,Female,59153.26,East Jessica
CUST06069,Joe Gordon,27,Female,17832.15,West Danielstad
CUST02279,Melissa Barron,59,Female,45971.74,North Alicia
CUST01375,Kenneth Brown,43,Male,60938.02,Kathymouth
CUST00373,Sergio Knight,20,Male,62257.68,Ronaldfurt
CUST04667,Michael Kane,28,Female,26504.4,Port Jonathan
CUST04822,Mario Green,28,Female,29837.52,North Calebborough
CUST00271,Veronica Simpson,22,Male,74658.45,Port Joshuaborough
CUST05741,Eugene Parker,71,Male,70617.03,West Daisyfurt
CUST07857,Heidi Torres,29,Female,58434.83,East Carlshire
CUST01669,Kelly Rowe,29,Male,33592.05,
CUST07351,Matthew Austin,40,Female,50677.94,Philipton
CUST06220,Julie Curry,29,Male,37742.02,Adrianland
CUST02271,Margaret Orr,19,Female,43467.47,Sherrymouth
CUST02690,Jennifer Anderson,21,Male,74215.14,Howardhaven
CUST05690,Janet Graves,47,Female,50204.75,Jenniferborough
CUST01966,Sarah Martin,45,Female,66720.31,Baldwinville
CUST03590,George Gregory,35,Male,56786.56,West Alexanderfort
CUST09453,Mathew Bauer,55,Female,55847.47,East Lauraville
CUST00460,Kelsey Rodriguez,43,Male,49392.98,North Scottstad
CUST03090,Lance Rose,55,Female,35006.44,Wallerberg
CUST07322,Jon Graham,24,Male,27020.58,East Stacystad
CUST06424,Christopher Thomas,18,Male,47464.38,Christopherport
CUST04595,Lacey Graves,35,Male,52734.24,North Timothy
CUST08764,Allen Erickson,69,Male,48714.09,South Linda
CUST05996,Thomas Friedman,49,Male,83378.16,Thompsonview
CUST00609,Casey Chase,29,Female,42405.9,Espinozamouth
CUST00741,Manuel Brock,63,Male,59236.9,Stacieberg
CUST09377,Charles Ford,55,Female,35727.29,Brownfurt
CUST02387,Melissa Patel MD,71,Male,71896.08,New Erin
CUST09398,Judith Johnson,55,Female,65414.8,Lake Samuelfort
CUST02252,Jim Skinner,37,Female,29239.59,North Kimberly
CUST06925,Jennifer Anderson,23,Female,46544.51,Shieldsville
CUST06141,Stephanie Brown,67,Female,78652.08,Port Jeffreybury
CUST05023,Robert Durham,20,Male,54268.37,Erinburgh
CUST08158,Alejandro Davis,58,Male,53408.28,Lake Peter
CUST08247,Shawn Patel,18,Female,31302.48,East Brandon
CUST05036,Rebecca Wood,18,Female,66749.21,Robertbury
CUST04867,William Wilson,43,Female,67041.31,Salazarhaven
CUST02087,Tony Ramsey,67,Male,46104.25,South Meganfurt
CUST00522,Hannah Everett,34,Female,57552.21,Laurenberg
CUST03336,Lisa Martinez,33,Male,26206.41,Port Kellyland
CUST06448,Oscar Kelly,71,Female,59184.95,South Tom
CUST04311,Amanda Hart DVM,22,Female,42925.98,South Katherine
CUST01849,Cory Hogan,30,Male,39391.88,Johnstonberg
CUST09514,Joseph Henry,41,Male,44489.36,Evanmouth
CUST07539,Sarah Phillips,34,Male,62047.3,Schwartzfurt
CUST08730,Robert Martin,45,Male,51893.94,Lake Timothychester
CUST08403,Alan Sanchez,53,Male,59946.33,Robertsborough
CUST01261,David Walker,28,Male,55877.45,Miguelland
CUST03448,Robert Parker,66,Male,90902.4,Port Sherri
CUST05208,Tracey Reynolds,72,Female,47235.47,North Briana
CUST03595,Stacie Sanford,54,Male,42035.33,Johnmouth
CUST04101,Carrie Coffey,25,Male,68998.76,West Paulhaven
CUST00897,Elizabeth Dean,51,Female,65136.24,Sandrastad
CUST02316,Rachael Alvarez,71,Male,73386.67,Noahville
CUST02127,Courtney Vaughan,34,Female,31350.98,Lynchville
CUST03313,Robert Thomas,40,Female,53406.73,Lake Diane
CUST06905,Sherry Miller,27,Female,51882.82,Lake Jenny
CUST09036,Caitlyn Clark,38,Female,89350.78,Brendaport
CUST01916,Carlos Clarke,37,Female,65385.91,Bryanland
CUST08366,Grace Nichols,58,Male,52905.29,East Alicia
CUST08468,Kelly Robinson DVM,66,Female,65832.53,North Carlmouth
CUST06546,Darren Smith,45,Female,34934.81,South Annburgh
CUST06168,Thomas Jones,71,Female,45273.74,Jimmyfurt
CUST00694,Mary Jensen,29,Female,50971.39,West Kimberly
CUST06263,Jon Green,66,Male,48505.44,Carterland
CUST02310,William Turner,20,Male,57716.81,Rodriguezmouth
CUST06971,Bridget Edwards DDS,42,Male,29933.76,Pageport
CUST00185,Dr. Hannah Patterson,24,Female,19882.4,South Victoriaborough
CUST05896,Omar Kelly,49,Female,54198.33,Sandersport
CUST00738,Mr. David Wright,34,Female,44500.13,West Brian
CUST03982,Taylor Flores,49,Male,27712.54,Fullermouth
CUST01870,Angelica Vincent,47,Male,58919.17,South Morganport
CUST02162,Michael Graham,18,Female,56931.14,North Aaronside
CUST01694,David Walker,28,Female,,Kristafort
CUST06554,Adam Delgado,55,Male,63229.14,Halltown
CUST02161,David Johnson,20,Male,41009.8,Lake Alexanderhaven
CUST00725,Rebecca Marquez,48,Male,18262.69,Rebeccaport
CUST00435,Sophia Johnson,20,Female,56556.39,Port Jennifertown
CUST04115,Loretta Williams,44,Male,57343.39,Robertchester
CUST05678,Kyle Perry,56,Female,47875.97,Port Taylor
CUST06371,Bryan Yates,49,Female,53872.14,New Bradleyview
CUST07775,Sherry Horton,51,Female,48476.13,New Emilyview
CUST07695,Janice Kelly,66,Male,21608.3,Lynchside
CUST01255,Brett Swanson,52,Female,47044.55,Gregoryhaven
CUST03983,Tyler Taylor,18,Female,25195.06,Kaylaland
CUST04604,Matthew Doyle,48,Female,65817.74,West Debraport
CUST06458,Robert Herrera,47,Female,44911.75,Martinezshire
CUST01782,Mary Houston,27,Male,58161.2,
CUST03310,Lisa Ramirez,48,Male,51693.7,Jonathanmouth
CUST07305,Stanley Cain,33,Female,17807.91,Davisstad
CUST07193,Jessica Holloway,62,Male,53860.56,Lake Dawnton
CUST08499,Travis Caldwell,63,Male,47995.29,Rodriguezland
CUST09114,Christina Fletcher,29,Female,31932.38,
CUST07326,Daniel Miller,61,Male,46226.86,New Rachelview
CUST05643,Krystal Hamilton,22,Male,18133.33,Stewartton
CUST04113,Charles Rodriguez,25,Male,57385.39,
CUST04325,Glenn Chen,49,Female,51424.53,West Eileen
CUST09811,Marie Rangel,47,Male,35557.98,Ryanport
CUST04817,Marcus Fields,53,Male,22924.1,East John
CUST01860,Jaime Walker,46,Male,56424.21,Lake Richard
CUST09418,Nathan Wagner,24,Female,54701.75,Port Vincentland
CUST02773,Traci Craig,50,Male,58743.48,Emilyside
CUST09959,Jennifer Levy,28,Female,42432.97,South Sandra
CUST04511,Jason Williams,30,Female,56055.16,Joneston
CUST05686,Bryan Tucker,29,Female,55778.87,South Robert
CUST03559,Donald Bell,60,Female,46949.14,New James
CUST04359,Jason Smith,25,Male,44043.71,New Vanessa
CUST08585,Mark Wilkinson,53,Male,53366.03,New Kenneth
CUST00846,Brandi Haney,67,Female,38307.51,Brooksshire
CUST06395,Anthony Brown,52,Male,41428.8,North Cathy
CUST06022,Barbara Graham,65,Male,35195.98,New Christopher
CUST09591,Joan Crane,19,Female,24613.6,Tammystad
CUST04476,Timothy Chavez,24,Female,39070.19,Lake Natalie
CUST04003,William Austin,68,Male,34507.8,New Katieton
CUST02240,Paul Estrada,41,Male,61012.48,South Scottborough
CUST09159,Kevin Hernandez,56,Male,61625.21,New Tracy
CUST02726,Jill Ray,73,Male,62650.3,Goodmanmouth
CUST08758,Brian White,60,Male,37660.12,New Natalie
CUST01026,Lee Steele,44,Male,63165.52,
CUST04995,Michael Flores,67,Female,31775.91,Ellenland
CUST04631,Timothy Collins,51,Male,39257.86,Port Erica
CUST02999,Michael Price,20,Male,43325.1,Hoffmanshire
CUST07123,Spencer Butler,51,Male,47002.54,Jonathanport
CUST04643,Joseph Norris,73,Male,48084.12,Lake Nicholas
CUST08651,Karen Gillespie,19,Female,27469.53,West Kevintown
CUST00211,Denise Mccann,69,Male,44667.28,Nicoleberg
CUST05033,Kenneth Snyder,44,Female,75353.53,Port Paul
CUST03482,Luis Wells,20,Male,66161.85,Simpsonfort
CUST02221,Kaitlyn Heath,38,Male,31114.96,Gordonside
CUST01311,Richard Gordon,69,Female,64946.68,Harmonberg
CUST00192,Debra Christian,74,Female,36293.98,West Reneefort
CUST01928,Mr. Jimmy Flores Jr.,58,Female,53534.86,West Edgarchester
CUST01137,Bianca Knapp,23,Female,50661.09,New Tammy
CUST08030,Ronald Cook,59,Male,62504.44,Bowmantown
CUST05521,Catherine Barker,34,Male,54165.42,South Michelle
CUST08421,Sandra Guerra,56,Female,69716.18,Ramirezborough
CUST06713,Kenneth Perez,45,Female,37311.29,West Paul
CUST06902,Laura Davila,49,Female,79545.27,New Timothyfort
CUST01241,Matthew Wells,47,Male,58674.47,West Stephen
CUST00597,Susan Davis,21,Female,51706.16,Kevinville
CUST00154,Brenda Hall,18,Female,69384.38,Larsonstad
CUST05550,Jessica Warren,28,Male,77823.59,East Robert
CUST01205,Jose Bennett,64,Female,40661.8,South Robertmouth
CUST05455,Thomas Romero,58,Female,50178.09,Hebertport
CUST03066,Tammy Lee,69,Male,65899.9,Brianshire
CUST05573,Jacqueline Hall,68,Female,18843.07,South Jose
CUST08266,Erin Mcdowell,22,Female,55995.19,North Donaldborough
CUST09651,Cheryl Cook,39,Female,31389.43,Port Lynn
CUST09422,Mrs. Megan Potts MD,33,Female,60587.64,Harveymouth
CUST05026,Craig Hammond,62,Female,60471.44,South Ryan
CUST02688,Jeanne Rose,51,Male,49504.25,South Crystaltown
CUST00233,Laura Roberts,66,Female,32992.23,Adamsshire
CUST06164,Bradley Cobb,66,Female,60006.91,North Mikaylachester
CUST08274,Joseph Blevins,31,Female,45312.2,South Corybury
CUST03841,David Rodriguez,73,Female,47289.5,Port Jonathan
CUST06173,Tammy Daniel,57,Female,68589.35,Sandraberg
CUST04978,Jamie Lee,51,Male,69254.16,North Toddfurt
CUST05729,Susan Armstrong,53,Female,27863.15,South Tylerberg
CUST03661,Albert Nguyen,63,Male,36866.12,New Charlesstad
CUST01054,Maria Coleman,74,Female,58471.01,Christopherview
CUST00290,David Smith,36,Female,52145.86,Johnberg
CUST00914,Dale Chan,54,Male,60755.32,Morenoshire
CUST07420,Latoya Nelson,44,Female,69409.01,
CUST05189,Brian Mitchell,65,Male,,Erikland
CUST01111,Breanna Rivas,61,Male,57632.38,North Kimberlyburgh
CUST04210,Andrea Morris,49,Male,72744.93,Port James
CUST01572,Brianna Fitzpatrick,72,Male,61699.0,Port Audrey
CUST04561,Bradley Miller,48,Female,29406.32,Krausestad
CUST07919,Richard Young,38,Female,44451.19,Taylorstad
CUST03780,Heather Trujillo,22,Female,48335.13,Andersonbury
CUST04263,David Hernandez,48,Female,37615.97,Jaredview
CUST07784,Vickie Hall,60,Female,51695.93,
CUST06464,James Collins,38,Male,37028.25,Theresaberg
CUST06409,Teresa Fuller,56,Male,45592.98,Jerrybury
CUST06848,Jennifer Velasquez,45,Male,59113.2,New Mathew
CUST00920,Russell Murphy,34,Female,65526.9,Bowersbury
CUST09747,Stephanie Dawson,52,Male,52445.31,North Bryanbury
CUST00598,Kimberly Sharp,33,Male,,South Michaelton
CUST03762,Jeremiah Rowland,47,Female,70025.43,East Monica
CUST06039,Shane Smith,66,Female,56178.38,South Johnstad
CUST00257,Kathleen Moran,70,Female,25902.92,Jamesview
CUST08447,Mr. Tommy Mcdonald,60,Male,53368.49,Thomasshire
CUST04823,Cassandra Fry,25,Male,,Lake Andrew
CUST07131,Richard Perry,36,Male,30024.94,West Jessica
CUST06641,Richard Potter,72,Male,53068.48,Jasminemouth
CUST07042,Colton Roth,46,Female,31997.69,West Austinport
CUST06274,Nina Combs,55,Female,55249.84,Nancyside
CUST00768,Jason Nixon,36,Male,54270.6,Henryview
CUST06244,Amanda Anderson,20,Female,47960.72,Lake Virginia
CUST06691,Juan Lopez,66,Female,42352.99,Floresshire
CUST08302,Anna Brown,41,Male,59717.88,North Jessicaton
CUST09871,Jodi Rodriguez,69,Male,42943.44,Leeview
CUST09888,Peter Davis,35,Female,75416.46,Cortezland
CUST08904,Danielle Rodriguez,72,Male,,Lake Juliachester
CUST07828,Mr. Kenneth Ashley,21,Female,41206.38,West Bryan
CUST07948,Anthony Gordon,35,Male,47326.69,Lake Travis
CUST01479,Ashley Mills,39,Female,70310.14,West Katie
CUST09211,Ashley Horn,60,Female,53529.09,Elizabethstad
CUST07688,Timothy Johnson,50,Male,45328.7,Fletcherburgh
CUST05056,Scott Ayers,62,Male,29354.65,Lake Waltershire
CUST02707,Bradley Burns,66,Female,47085.42,Carolynport
CUST03641,Brandon Acosta,33,Male,47291.9,Port Stephanieberg
CUST03778,Jeffery Long,51,Male,45655.65,South Jacobfurt
CUST00270,Jasmin Alvarado,41,Female,51739.67,East Melissa
CUST00063,Donald Wright,24,Male,45819.8,North Andrewfort
CUST09286,Natasha Lester,66,Male,39399.87,Sethview
CUST05391,Alexis Pham,25,Female,49957.87,Zamorahaven
CUST06687,Christopher White,67,Female,62442.49,North Sierra
CUST08970,Bobby Mullen,47,Male,52565.69,New Julieberg
CUST07328,Mr. Mark Landry,58,Male,67660.27,Doyleshire
CUST06313,Amanda Davis,35,Female,43333.33,
CUST08228,Latoya Fitzgerald,65,Female,62198.89,Hammondburgh
CUST04339,Travis Allen,45,Female,54514.95,Brownfort
CUST04178,Sharon Brown,29,Male,42838.21,Norrisburgh
CUST03332,Robert Tapia,54,Female,44167.86,Port Jacquelineland
CUST02993,Michael Savage,18,Female,19785.48,East Andrewtown
CUST09052,Erin Rivera,47,Female,33982.59,Jessicaborough
CUST08171,Carlos Brown,24,Female,52387.41,Stewartfurt
CUST06099,Charles Ellis,59,Male,48288.84,New Justin
CUST01850,Tracy Wells,30,Female,68817.35,Dannyfort
CUST09553,Adam Riddle,39,Female,21708.62,Lake Elaine
CUST06651,James Raymond,37,Male,69164.11,Michelleville
CUST05133,Sierra Moses,41,Female,44496.02,Millerville
CUST09426,Andrea Flores,69,Female,44195.7,Brockshire
CUST06728,Gerald Hunt,64,Male,59538.67,Schmittchester
CUST06655,Stefanie Simmons,38,Male,70021.2,Nancytown
CUST06321,Rodney Stewart,32,Male,78649.8,Jacobburgh
CUST06420,Jonathan Jordan,34,Female,55188.14,East Charlesfurt
CUST02595,Christopher Lopez,63,Female,,Michaelside
CUST01862,Timothy Gibson,61,Female,57670.31,West Bryanburgh
CUST00632,Robert Cummings,67,Male,36244.75,Lake Annaview
CUST08408,Sarah Evans,67,Female,47037.75,
CUST09245,Sergio Massey,58,Male,43473.59,Craigbury
CUST07868,Kaitlyn Warren,70,Male,63784.47,East Marychester
CUST08372,Bobby Howard,74,Male,36459.06,West Michael
CUST02949,Michele Davis,39,Male,71963.04,Chaseton
CUST07627,Sandra Smith,28,Female,56730.75,Lauratown
CUST06821,Shawn Harris,65,Female,32080.61,Jonmouth
CUST04734,James Weber,71,Female,76255.05,Brendanfort
CUST00044,Angelica Tucker,20,Male,59667.83,Theresahaven
CUST05594,Melissa Wolf,57,Male,61445.16,Leeland
CUST04624,David Hays,28,Male,63942.88,Juliefort
CUST09351,Scott Marsh,31,Female,40569.98,Lisaton
CUST08167,Nicole Baker,66,Female,25667.52,Amandaside
CUST06319,Jordan Wilkerson,59,Male,48089.45,Lake Davidstad
CUST06542,Ronald Marshall,19,Female,57954.12,Port Donaldbury
CUST03973,Johnny Whitaker,50,Female,26026.85,North Jonathan
CUST08524,Benjamin Stanley,61,Male,50460.2,Lake Rachel
CUST03104,Emily Salazar,38,Male,56473.99,Port Amanda
CUST06888,Natalie Stanley,47,Male,29372.5,Bradleymouth
CUST03307,Eileen Valdez,69,Male,41485.27,South Valerie
CUST09613,Kenneth Cox,67,Male,67770.4,Millershire
CUST04781,Shawn Lindsey,72,Female,42961.24,Lake Aaronhaven
CUST04514,Matthew Hamilton,51,Male,24916.28,Port Crystalville
CUST01413,Phillip Miller,54,Female,54861.01,Katrinaberg
CUST00144,Amber Wright,57,Female,46100.55,East Brianhaven
CUST01574,Bailey Stewart,35,Male,47449.44,North Autumn
CUST02313,Robert Burns,31,Male,70689.8,New Walterville
CUST07967,Brianna Mccormick,38,Female,45364.49,South Colleenfort
CUST09178,Juan Wright,45,Female,48331.4,Adrianashire
CUST04110,Shane Hopkins,56,Male,,East Heatherbury
CUST07262,Rebecca Johnson,31,Female,45453.56,Mcdonaldtown
CUST08720,Philip Robbins,73,Male,55041.52,Robinside
CUST04487,Timothy Sanchez,30,Male,73066.03,Cruzfurt
CUST04949,William Hughes,52,Male,,West Arthur
CUST08993,Colton Green,68,Female,51372.97,Gainesshire
CUST06043,Jason Patrick,38,Male,75685.89,Guerrerohaven
CUST06747,Joseph Green,38,Male,54723.9,Heatherburgh
CUST08579,David Cruz,32,Male,41869.3,North Brittany
CUST07617,Carla Patterson,65,Female,44807.54,North Annbury
CUST07548,Douglas Frye,63,Male,31885.55,North Susan
CUST00835,Timothy Hill,25,Male,48931.94,Stefaniehaven
CUST07659,David Oconnell,29,Male,52341.66,South Steven
CUST07947,Jeffery Jennings,61,Female,22722.41,Robinsontown
CUST08382,Louis Kelly,46,Female,84224.16,Port Michelle
CUST03693,Jacob Paul,42,Male,44965.34,New Paige
CUST07012,Ethan Russell Jr.,30,Female,70846.26,Matthewfort
CUST01159,Kara Sandoval,41,Male,65081.46,Karenchester
CUST08466,Danielle Carter,71,Male,33619.58,Lake Angelicaville
CUST00147,Stephanie Salazar,52,Female,82401.14,Hughesmouth
CUST08486,Nicole Salazar,51,Female,54375.38,East Valerie
CUST02587,Jennifer Jackson,70,Female,55396.37,Jennifertown
CUST09907,Victor Moore,26,Male,45287.04,Jimmyview
CUST08041,Jennifer Sanchez,62,Female,48192.46,Davidsonside
CUST06820,Brittney Mccoy,49,Female,59531.28,Deckerburgh
CUST03182,Chris Levy,41,Male,46474.76,Bellville
CUST02000,Daniel Lee,49,M,63120.85,Lake Teresachester
CUST03898,Brittany Heath,31,Male,63358.23,Rodriguezstad
CUST09166,Jimmy Edwards,57,Male,27105.58,South Lukeside
CUST04199,Jodi Thomas,35,Female,41109.52,Warrenfurt
CUST08169,Kimberly Jackson,55,Male,44854.2,Lake Dwayneview
CUST00041,Fred Smith,72,Female,37269.56,Sarashire
CUST05482,Latoya Howell,21,Male,47015.68,Kathyshire
CUST00377,Paula Bradley,29,Male,53650.26,New Lisaberg
CUST09470,Brandon Dominguez,66,Female,63932.26,South Alexis
CUST02194,Mark Warren IV,20,Male,56555.41,Brownchester
CUST03709,James Short,38,Female,38907.98,Huynhbury
CUST02004,Jessica Rosario,73,Male,63241.38,Elizabethview
CUST03503,Sarah Taylor,37,Female,27924.96,Morgantown
CUST08397,Amanda Smith,49,Male,69814.69,New Aaronburgh
CUST09260,Michael Wong,59,Female,38796.96,Heidiview
CUST03185,Douglas Watkins,37,Male,46730.08,Holthaven
CUST07687,Joanne Baker,54,Female,9947.47,South April
CUST03792,Thomas Rodriguez,28,Female,48758.77,Kimberlyshire
CUST02718,Catherine George,56,Female,41277.92,Samanthaview
CUST02672,Veronica Flores,60,Female,65183.39,Thomastown
CUST02459,Frank Brooks,18,Female,47654.82,Brownshire
CUST01982,Robert Mclean,32,Male,37820.98,Wilsontown
CUST00740,Eric Rush,24,Male,51482.29,Johnhaven
CUST01032,William Ramos,38,Male,43190.83,Martinezburgh
CUST05520,Joseph Dougherty,45,Female,35715.36,North Tonyatown
CUST07286,Nicole Herman MD,62,Male,43683.46,Piercechester
CUST03046,Jeffrey Fuller,40,Female,62369.63,Smithfurt
CUST09917,Ryan Joseph,38,Female,49609.92,Longhaven
CUST04079,Timothy Wang,58,Male,67785.02,Feliciahaven
CUST02254,Theresa Colon,27,Female,52918.67,Harringtonburgh
CUST02915,Charles Castaneda,50,Female,59144.63,Smithmouth
